customer_id,signup_date,region,senior_citizen,has_partner,tenure_months,contract,payment_method,internet_service,tech_support,streaming,monthly_charges,total_charges,support_tickets,churned
C00001,2023-01-26,North,0,0,17,One year,Bank transfer,DSL,0,0,52.96,880.42,0,0
C00002,2023-12-15,South,0,1,6,Month-to-month,Bank transfer,Fiber optic,1,0,92.9,,1,1
C00003,2023-11-02,West,1,1,8,Two year,Electronic check,Fiber optic,0,0,84.57,696.84,2,1
C00004,2018-07-28,North,0,0,72,One year,Electronic check,DSL,0,0,56.87,4242.54,0,0
C00005,2023-12-15,North,0,1,6,Month-to-month,Electronic check,DSL,0,0,57.42,359.98,0,0
C00006,2020-03-08,South,0,0,52,Two year,Electronic check,Fiber optic,0,0,97.32,4992.56,1,0
C00007,2022-12-19,East,0,0,18,One year,Mailed check,Fiber optic,0,0,87.63,1593.1,2,1
C00008,2018-08-01,West,0,0,72,One year,Credit card,Fiber optic,0,0,80.26,5815.89,0,0
C00009,2022-05-23,East,0,0,25,Month-to-month,Electronic check,Fiber optic,0,1,102.49,2511.93,3,1
C00010,2022-11-16,South,1,0,19,Month-to-month,Electronic check,Fiber optic,1,1,109.84,2096.58,1,0
C00011,2020-12-19,West,0,1,42,Month-to-month,Bank transfer,DSL,0,0,54.81,2413.49,0,0
C00012,2019-10-19,North,0,0,57,Two year,Mailed check,Fiber optic,0,0,81.03,4819.91,1,0
C00013,2019-07-04,West,0,1,60,One year,Electronic check,DSL,0,1,66.35,3988.67,0,0
C00014,2022-11-09,South,0,0,19,Two year,Electronic check,Fiber optic,0,0,90.15,1669.14,1,0
C00015,2022-11-29,South,0,0,19,Month-to-month,Credit card,DSL,0,1,69.46,1363.96,0,0
C00016,2021-03-20,West,0,1,39,Month-to-month,Electronic check,DSL,1,1,82.9,3348.48,0,0
C00017,2021-08-29,East,0,0,34,One year,Bank transfer,Fiber optic,0,0,90.68,3102.53,2,0
C00018,2022-06-09,South,1,1,25,Month-to-month,Credit card,Fiber optic,0,0,86.29,2150.33,5,1
C00019,2021-06-24,South,0,1,36,Two year,Electronic check,Fiber optic,0,0,72.87,2539.88,1,0
C00020,2023-07-22,South,0,1,11,One year,Bank transfer,Fiber optic,0,0,81.86,885.14,1,0
C00021,2022-02-09,West,0,1,29,One year,Electronic check,No,0,0,15.0,413.88,2,0
C00022,2019-11-16,North,0,0,56,Month-to-month,Electronic check,No,0,0,26.13,1454.28,0,0
C00023,2022-01-27,North,0,0,29,Two year,Electronic check,No,0,0,22.52,628.79,1,0
C00024,2018-07-16,South,0,1,72,Two year,Credit card,Fiber optic,0,1,96.6,6967.32,3,0
C00025,2021-03-05,South,0,0,40,One year,Electronic check,Fiber optic,0,1,95.37,3718.74,3,1
C00026,2019-05-11,West,0,0,62,Month-to-month,Electronic check,Fiber optic,0,1,101.79,6555.03,1,1
C00027,2022-06-20,North,0,0,24,Month-to-month,Credit card,Fiber optic,0,1,93.86,2167.77,1,1
C00028,2023-06-14,West,0,0,12,Month-to-month,Electronic check,DSL,0,1,62.29,742.97,0,0
C00029,2018-07-17,West,0,1,72,Month-to-month,Credit card,Fiber optic,1,1,101.95,7075.3,2,0
C00030,2024-01-13,South,0,1,5,One year,Bank transfer,DSL,0,1,67.88,341.77,0,0
C00031,2023-03-13,West,0,0,15,One year,Bank transfer,DSL,0,0,52.19,768.39,0,0
C00032,2018-07-27,West,0,0,72,Two year,Bank transfer,No,0,0,24.44,1690.09,0,0
C00033,2023-07-25,West,0,0,11,Month-to-month,Bank transfer,DSL,0,1,67.38,748.63,0,0
C00034,2022-12-23,South,0,1,18,Month-to-month,Electronic check,Fiber optic,1,1,101.81,1839.57,4,1
C00035,2023-08-28,South,1,0,10,Month-to-month,Credit card,Fiber optic,0,1,96.41,936.17,3,1
C00036,2020-12-20,West,0,1,42,Month-to-month,Credit card,DSL,1,0,61.45,2701.37,0,0
C00037,2022-06-25,South,0,0,24,Month-to-month,Credit card,No,0,0,19.83,489.64,0,0
C00038,2024-03-02,North,0,1,4,Month-to-month,Bank transfer,DSL,0,0,59.68,241.52,0,1
C00039,2023-07-03,East,0,0,12,Month-to-month,Mailed check,No,0,0,19.69,246.76,2,0
C00040,2022-04-11,South,0,0,27,One year,Mailed check,Fiber optic,1,0,92.63,2562.75,2,0
C00041,2022-07-04,West,0,1,24,Month-to-month,Electronic check,DSL,0,0,57.07,1367.32,0,0
C00042,2020-09-12,West,0,0,46,Two year,Mailed check,DSL,1,1,75.58,3637.71,0,0
C00043,2022-12-04,North,0,0,19,One year,Bank transfer,DSL,0,1,69.42,,0,1
C00044,2022-09-17,West,0,1,21,Month-to-month,Bank transfer,DSL,0,0,56.58,1144.99,1,0
C00045,2018-08-23,West,0,1,71,Two year,Electronic check,DSL,1,0,61.05,4160.54,0,0
C00046,2021-06-17,West,1,0,36,Two year,Mailed check,No,0,0,15.01,518.33,1,0
C00047,2024-01-30,South,0,1,5,Month-to-month,Bank transfer,DSL,0,1,65.78,324.15,0,0
C00048,2023-11-28,East,0,1,7,Month-to-month,Mailed check,No,0,0,21.9,145.76,1,0
C00049,2018-07-13,West,0,0,72,One year,Credit card,DSL,0,0,62.18,4503.3,0,0
C00050,2022-09-01,West,0,0,22,Month-to-month,Bank transfer,No,0,0,15.72,343.64,2,1
C00051,2021-06-21,South,0,0,36,Month-to-month,Electronic check,DSL,1,0,61.2,2173.22,0,0
C00052,2023-07-11,East,1,0,11,Month-to-month,Electronic check,Fiber optic,1,1,111.12,1213.71,2,1
C00053,2022-04-02,South,0,0,27,One year,Bank transfer,Fiber optic,0,1,97.97,2625.2,1,0
C00054,2023-06-17,South,0,0,12,One year,Mailed check,DSL,0,1,66.47,836.58,1,0
C00055,2022-06-28,East,1,1,24,One year,Credit card,Fiber optic,1,1,109.88,,2,1
C00056,2020-10-10,South,1,1,45,One year,Electronic check,DSL,0,0,60.15,2820.99,1,0
C00057,2023-07-05,North,0,0,12,Month-to-month,Electronic check,Fiber optic,1,1,111.33,1383.22,2,1
C00058,2018-07-12,East,0,0,72,One year,Mailed check,Fiber optic,1,1,104.37,7460.35,2,0
C00059,2019-02-18,South,1,1,65,Month-to-month,Bank transfer,Fiber optic,0,1,98.94,6136.74,2,0
C00060,2023-10-29,East,0,0,8,Month-to-month,Credit card,DSL,1,0,69.71,577.1,0,1
C00061,2022-06-08,South,1,0,25,One year,Credit card,DSL,1,1,76.03,1846.06,0,0
C00062,2021-01-26,West,0,0,41,Month-to-month,Mailed check,DSL,1,1,78.68,3083.45,1,0
C00063,2023-07-25,West,0,1,11,One year,Credit card,DSL,0,0,52.84,602.81,0,0
C00064,2020-03-20,South,0,1,52,One year,Electronic check,DSL,0,1,63.37,3347.42,0,0
C00065,2021-06-30,East,0,0,36,One year,Bank transfer,No,0,0,21.85,761.28,0,0
C00066,2022-12-21,North,0,1,18,One year,Credit card,Fiber optic,0,1,100.88,1777.52,1,1
C00067,2020-01-29,West,0,1,53,One year,Mailed check,Fiber optic,0,0,88.25,4792.17,3,0
C00068,2023-02-22,North,0,1,16,Month-to-month,Credit card,DSL,1,0,59.85,,1,0
C00069,2023-08-30,West,1,0,10,Month-to-month,Electronic check,DSL,1,1,82.45,842.86,0,0
C00070,2020-06-08,West,0,1,49,Month-to-month,Electronic check,Fiber optic,1,0,97.53,4759.11,1,0
C00071,2024-04-10,North,0,0,2,Month-to-month,Mailed check,DSL,0,1,71.72,148.28,0,1
C00072,2023-02-20,North,0,1,16,Month-to-month,Credit card,DSL,1,1,73.5,1192.82,0,0
C00073,2019-04-20,East,0,1,63,Two year,Electronic check,Fiber optic,1,0,98.6,6511.25,3,0
C00074,2024-05-02,West,0,1,1,Month-to-month,Credit card,Fiber optic,0,0,87.79,90.92,0,1
C00075,2023-07-10,East,0,0,11,Month-to-month,Electronic check,No,0,0,15.18,164.37,2,0
C00076,2021-09-28,North,0,0,33,Month-to-month,Bank transfer,DSL,0,0,57.01,1877.86,1,1
C00077,2023-03-14,East,0,1,15,Month-to-month,Bank transfer,Fiber optic,0,1,93.13,1458.34,2,1
C00078,2018-07-28,South,1,0,72,One year,Electronic check,DSL,1,1,77.32,5373.38,0,0
C00079,2022-08-18,West,0,1,22,One year,Bank transfer,DSL,0,1,76.53,1669.71,3,1
C00080,2019-12-19,West,0,0,55,One year,Bank transfer,Fiber optic,0,0,86.42,4789.37,1,0
C00081,2022-08-16,West,0,1,22,One year,Mailed check,DSL,0,0,54.8,1187.66,0,0
C00082,2019-11-17,South,0,0,56,Month-to-month,Electronic check,Fiber optic,0,0,79.32,,1,1
C00083,2023-03-22,South,0,0,15,Two year,Electronic check,Fiber optic,0,0,86.42,1258.24,0,0
C00084,2024-02-10,West,0,0,4,Month-to-month,Credit card,DSL,1,0,64.66,256.91,0,1
C00085,2023-03-08,North,0,1,16,Month-to-month,Bank transfer,No,0,0,15.0,248.93,1,0
C00086,2023-05-02,North,0,0,14,Month-to-month,Credit card,Fiber optic,0,1,92.9,1309.97,3,1
C00087,2022-10-03,North,0,0,21,One year,Bank transfer,Fiber optic,1,0,98.83,2033.61,3,0
C00088,2022-06-05,East,1,0,25,Month-to-month,Credit card,Fiber optic,0,1,102.43,2475.74,0,1
C00089,2024-03-09,North,0,1,3,Month-to-month,Electronic check,No,0,0,20.56,62.41,0,1
C00090,2023-06-07,East,1,1,12,Month-to-month,Mailed check,DSL,1,1,81.31,944.56,1,1
C00091,2022-07-29,North,0,1,23,Month-to-month,Bank transfer,Fiber optic,0,1,97.4,2144.04,3,1
C00092,2022-01-20,West,0,0,29,One year,Electronic check,Fiber optic,0,0,82.24,2273.59,0,0
C00093,2023-09-28,South,1,1,9,Month-to-month,Electronic check,DSL,1,0,74.07,679.81,1,0
C00094,2022-01-31,North,0,0,29,Month-to-month,Bank transfer,DSL,0,0,49.62,1494.58,1,0
C00095,2022-02-07,East,0,1,29,Month-to-month,Credit card,No,0,0,21.96,,0,0
C00096,2021-12-26,South,0,1,30,One year,Bank transfer,Fiber optic,1,0,92.67,2718.7,0,0
C00097,2022-09-01,South,1,1,22,Month-to-month,Electronic check,Fiber optic,0,1,96.44,2058.95,2,1
C00098,2023-06-23,East,0,0,12,Month-to-month,Credit card,Fiber optic,0,0,91.63,1074.97,1,1
C00099,2023-01-17,West,1,0,17,Month-to-month,Electronic check,No,0,0,20.45,340.88,0,0
C00100,2020-12-30,West,0,0,42,Two year,Electronic check,No,0,0,18.98,805.44,0,0
C00101,2020-09-06,South,0,0,46,Two year,Credit card,Fiber optic,1,0,93.09,4463.48,2,0
C00102,2018-12-01,West,0,0,67,One year,Credit card,DSL,0,1,69.52,4529.33,1,0
C00103,2023-08-09,North,0,1,10,Month-to-month,Credit card,DSL,0,0,51.48,507.56,0,0
C00104,2022-03-20,West,1,0,27,Two year,Credit card,Fiber optic,1,0,95.65,2606.97,1,1
C00105,2018-07-31,West,1,1,72,One year,Bank transfer,No,0,0,19.73,1412.48,2,0
C00106,2020-02-07,East,0,0,53,One year,Electronic check,Fiber optic,1,1,104.14,5307.82,0,0
C00107,2020-10-20,East,0,1,44,Month-to-month,Electronic check,DSL,1,1,71.54,3039.66,0,0
C00108,2024-02-27,East,1,0,4,Month-to-month,Credit card,DSL,1,0,65.41,263.69,0,1
C00109,2022-01-26,North,0,0,29,Month-to-month,Credit card,Fiber optic,1,0,93.78,2749.14,3,1
C00110,2020-02-21,West,0,1,53,Two year,Mailed check,No,0,0,21.16,1131.41,0,0
C00111,2024-05-10,East,1,0,1,Month-to-month,Mailed check,DSL,0,0,46.6,48.07,1,0
C00112,2023-05-23,West,0,1,13,Month-to-month,Electronic check,Fiber optic,1,0,93.43,1177.23,3,1
C00113,2021-07-09,North,0,1,36,Month-to-month,Electronic check,Fiber optic,1,1,110.68,3964.92,0,0
C00114,2023-12-02,West,0,0,7,One year,Credit card,No,0,0,15.0,104.64,1,0
C00115,2023-01-04,South,0,0,18,Month-to-month,Electronic check,DSL,0,1,74.77,1307.53,0,0
C00116,2018-07-03,West,0,0,72,Two year,Mailed check,No,0,0,21.72,1596.61,0,0
C00117,2023-08-10,West,0,1,10,One year,Credit card,Fiber optic,0,1,96.7,948.85,0,0
C00118,2020-11-03,West,0,1,44,One year,Bank transfer,Fiber optic,1,1,107.7,4795.21,0,0
C00119,2023-10-06,West,0,1,8,Month-to-month,Mailed check,DSL,1,0,61.85,490.9,0,1
C00120,2021-06-12,North,0,0,37,One year,Electronic check,Fiber optic,0,0,90.94,3277.3,1,0
C00121,2020-01-21,South,1,0,54,One year,Electronic check,Fiber optic,0,1,97.98,5135.84,2,1
C00122,2022-12-01,South,0,1,19,One year,Electronic check,DSL,0,1,67.53,1282.03,2,0
C00123,2018-07-19,East,0,1,72,Month-to-month,Electronic check,Fiber optic,0,1,101.27,7102.23,2,0
C00124,2022-03-07,West,0,1,28,Month-to-month,Electronic check,Fiber optic,1,1,108.81,3099.72,4,1
C00125,2024-03-04,East,0,1,3,Month-to-month,Electronic check,Fiber optic,1,0,92.54,280.87,2,1
C00126,2021-08-30,East,0,1,34,Month-to-month,Electronic check,DSL,0,1,67.13,2348.6,0,0
C00127,2022-12-01,West,0,1,19,Month-to-month,Electronic check,Fiber optic,1,0,97.53,1785.1,2,1
C00128,2022-09-26,North,0,1,21,Month-to-month,Credit card,DSL,0,0,55.49,1209.83,0,1
C00129,2023-05-08,East,0,1,13,Month-to-month,Electronic check,No,0,0,15.0,195.45,0,1
C00130,2023-08-17,East,0,1,10,One year,Mailed check,No,0,0,25.86,262.51,0,0
C00131,2021-09-11,North,0,0,34,Month-to-month,Credit card,DSL,1,0,65.9,2347.95,0,0
C00132,2019-06-15,East,0,0,61,Two year,Electronic check,DSL,0,0,53.67,3280.13,0,0
C00133,2019-05-01,West,0,1,62,One year,Mailed check,DSL,0,1,69.86,4495.87,1,0
C00134,2023-01-17,West,0,1,17,Month-to-month,Credit card,Fiber optic,0,0,83.28,1390.96,3,0
C00135,2022-10-21,West,0,0,20,One year,Bank transfer,No,0,0,15.0,309.9,1,0
C00136,2024-04-20,West,0,1,2,Month-to-month,Electronic check,Fiber optic,0,1,97.23,202.93,1,1
C00137,2018-07-05,South,0,1,72,Two year,Bank transfer,DSL,1,0,67.93,4738.09,1,0
C00138,2023-09-25,North,1,1,9,Month-to-month,Bank transfer,DSL,1,0,64.16,577.35,0,1
C00139,2020-08-15,West,0,1,47,One year,Mailed check,DSL,0,1,66.32,3240.22,0,0
C00140,2022-08-09,South,0,0,23,Month-to-month,Electronic check,No,0,0,19.5,442.06,0,0
C00141,2022-04-20,East,0,0,26,Month-to-month,Electronic check,Fiber optic,0,1,96.83,2566.93,2,1
C00142,2022-05-19,North,0,1,25,Month-to-month,Credit card,Fiber optic,0,0,85.83,2060.28,3,0
C00143,2019-09-24,West,0,1,58,Two year,Electronic check,DSL,0,0,58.43,3321.44,0,0
C00144,2022-07-26,West,0,0,23,One year,Electronic check,No,0,0,23.18,541.64,0,0
C00145,2022-11-01,West,0,0,20,Month-to-month,Mailed check,DSL,0,1,75.37,1498.63,0,0
C00146,2021-12-08,North,0,0,31,Month-to-month,Credit card,No,0,0,27.21,856.88,0,0
C00147,2022-07-15,West,0,0,23,Month-to-month,Electronic check,No,0,0,16.79,388.2,0,0
C00148,2022-11-25,East,0,1,19,Month-to-month,Electronic check,Fiber optic,0,0,84.32,1670.87,1,0
C00149,2021-01-27,North,0,1,41,Month-to-month,Mailed check,No,0,0,23.12,911.91,0,1
C00150,2023-07-27,East,0,1,11,Month-to-month,Bank transfer,DSL,0,1,60.07,668.93,0,0
C00151,2018-07-12,South,1,0,72,Two year,Mailed check,Fiber optic,1,0,96.49,6916.75,2,0
C00152,2021-03-12,East,0,1,40,Two year,Credit card,DSL,0,0,51.8,2160.42,1,0
C00153,2023-01-25,North,1,0,17,Month-to-month,Electronic check,Fiber optic,0,1,97.02,1708.14,1,0
C00154,2019-11-05,East,0,0,56,One year,Mailed check,DSL,0,0,55.28,3038.92,0,0
C00155,2024-04-26,East,0,0,2,Month-to-month,Mailed check,DSL,0,1,60.15,124.32,0,0
C00156,2018-07-19,East,0,0,72,One year,Mailed check,DSL,1,1,86.9,6303.91,0,0
C00157,2022-10-24,West,0,1,20,Month-to-month,Mailed check,DSL,0,0,53.06,1038.98,0,0
C00158,2019-08-14,East,0,1,59,One year,Credit card,Fiber optic,1,0,100.98,5714.43,4,0
C00159,2023-04-30,East,0,0,14,One year,Electronic check,Fiber optic,0,0,78.69,1064.95,0,0
C00160,2021-12-29,North,1,0,30,One year,Bank transfer,DSL,0,0,52.6,1598.35,1,1
C00161,2023-03-01,West,0,0,16,Month-to-month,Electronic check,No,0,0,23.35,373.52,0,0
C00162,2019-05-09,South,0,0,62,Two year,Bank transfer,No,0,0,19.19,1146.21,0,0
C00163,2018-07-24,East,1,0,72,Month-to-month,Mailed check,DSL,0,0,58.36,4367.28,3,0
C00164,2023-04-14,East,0,1,14,Month-to-month,Mailed check,Fiber optic,0,1,99.69,1406.58,2,1
C00165,2020-10-10,West,0,1,45,One year,Electronic check,Fiber optic,0,0,81.84,3854.24,1,0
C00166,2021-10-31,South,0,0,32,Month-to-month,Credit card,Fiber optic,0,0,90.05,2816.85,1,1
C00167,2018-07-17,South,0,0,72,Two year,Credit card,DSL,0,0,57.45,4005.63,1,0
C00168,2018-09-14,West,0,0,70,Two year,Credit card,Fiber optic,0,0,79.36,5761.93,0,0
C00169,2023-06-02,East,0,1,13,Month-to-month,Credit card,DSL,0,1,67.56,900.32,0,1
C00170,2022-04-23,South,0,0,26,Two year,Electronic check,DSL,1,1,79.75,2013.77,1,0
C00171,2022-11-23,South,0,1,19,Month-to-month,Mailed check,Fiber optic,0,0,84.74,1586.12,1,0
C00172,2023-07-01,West,0,1,12,Month-to-month,Electronic check,Fiber optic,0,1,97.33,1146.73,1,1
C00173,2024-04-12,West,0,1,2,Month-to-month,Credit card,No,0,0,22.08,45.07,0,1
C00174,2018-08-08,North,0,0,71,Two year,Electronic check,DSL,0,0,48.6,3352.38,0,0
C00175,2023-11-19,South,0,1,7,Month-to-month,Electronic check,DSL,1,1,76.33,511.71,0,0
C00176,2023-03-08,West,0,1,16,Month-to-month,Bank transfer,DSL,0,1,65.64,1083.66,2,1
C00177,2021-12-23,North,0,1,30,Month-to-month,Electronic check,DSL,0,0,58.16,1659.57,1,0
C00178,2018-07-25,North,0,1,72,Two year,Bank transfer,DSL,0,1,64.88,4721.9,0,0
C00179,2018-07-14,North,0,0,72,Two year,Electronic check,Fiber optic,1,1,114.92,8115.83,0,0
C00180,2021-06-17,East,0,0,36,One year,Bank transfer,Fiber optic,1,1,104.78,3743.12,1,0
C00181,2018-07-23,South,0,0,72,Two year,Credit card,Fiber optic,1,0,90.62,6242.36,3,0
C00182,2021-05-29,south,0,1,37,Two year,Bank transfer,DSL,1,0,70.04,2504.81,0,1
C00183,2022-12-13,North,0,0,18,Month-to-month,Electronic check,DSL,0,1,69.5,1251.16,1,0
C00184,2023-09-22,East,0,1,9,Month-to-month,Electronic check,Fiber optic,0,0,86.65,770.75,2,1
C00185,2020-09-07,West,0,0,46,One year,Electronic check,DSL,1,1,76.13,3484.65,0,0
C00186,2020-09-27,North,0,0,45,One year,Electronic check,No,0,0,18.69,799.44,2,0
C00187,2023-08-06,East,0,1,10,Month-to-month,Bank transfer,DSL,0,1,68.93,718.81,0,0
C00188,2022-03-02,West,0,0,28,Month-to-month,Mailed check,Fiber optic,0,0,82.82,2323.57,0,1
C00189,2023-04-22,East,0,1,14,One year,Electronic check,No,0,0,27.21,378.47,2,1
C00190,2022-11-28,East,0,0,19,Month-to-month,Electronic check,Fiber optic,0,0,86.05,1695.08,0,1
C00191,2023-06-30,North,1,0,12,Two year,Credit card,Fiber optic,1,1,106.01,1216.48,0,0
C00192,2022-12-16,West,1,0,18,Month-to-month,Electronic check,Fiber optic,0,0,83.44,1493.91,1,1
C00193,2020-11-18,West,0,0,44,Month-to-month,Electronic check,DSL,1,1,72.22,3201.91,1,1
C00194,2019-07-13,East,0,1,60,Two year,Mailed check,Fiber optic,0,0,87.92,5157.8,1,0
C00195,2023-08-14,West,0,0,10,Month-to-month,Electronic check,No,0,0,16.93,165.23,0,0
C00196,2022-02-27,East,0,0,28,Month-to-month,Credit card,No,0,0,19.48,526.98,0,0
C00197,2022-01-09,East,0,0,30,One year,Electronic check,Fiber optic,1,0,105.19,3220.71,2,0
C00198,2020-06-18,West,0,1,49,Two year,Bank transfer,DSL,0,0,47.79,2381.17,1,0
C00199,2020-03-13,North,0,1,52,Month-to-month,Bank transfer,Fiber optic,0,0,84.6,4359.29,5,1
C00200,2020-06-27,North,0,0,48,Month-to-month,Credit card,Fiber optic,0,1,91.53,4217.75,1,0
C00201,2022-09-01,North,0,1,22,One year,Bank transfer,DSL,0,1,64.85,1381.82,0,0
C00202,2023-08-25,East,0,1,10,Two year,Bank transfer,DSL,1,0,64.43,638.08,0,0
C00203,2021-02-20,North,0,1,40,Month-to-month,Mailed check,DSL,0,0,49.79,1941.45,0,0
C00204,2022-12-22,South,1,0,18,Month-to-month,Mailed check,Fiber optic,0,0,86.64,,2,1
C00205,2023-12-06,South,0,0,6,Month-to-month,Bank transfer,DSL,1,0,70.87,407.33,1,1
C00206,2023-10-22,East,0,0,8,Month-to-month,Bank transfer,DSL,0,0,56.33,445.71,1,0
C00207,2022-08-25,East,0,0,22,Month-to-month,Mailed check,DSL,0,1,70.36,1607.92,0,1
C00208,2023-06-18,North,0,1,12,One year,Electronic check,No,0,0,26.5,312.85,0,0
C00209,2023-05-14,East,0,1,13,Month-to-month,Electronic check,DSL,1,0,67.43,899.51,0,0
C00210,2023-01-22,South,0,1,17,Month-to-month,Mailed check,DSL,0,1,57.58,959.33,0,0
C00211,2023-04-25,North,0,0,14,One year,Electronic check,Fiber optic,0,1,97.72,1388.02,3,1
C00212,2019-10-27,East,0,0,56,One year,Mailed check,DSL,0,0,44.99,2534.06,1,0
C00213,2023-05-28,South,0,1,13,Month-to-month,Electronic check,No,0,0,17.11,222.92,1,0
C00214,2021-01-19,South,0,1,41,Two year,Bank transfer,No,0,0,15.0,593.33,0,0
C00215,2022-01-22,West,0,0,29,One year,Bank transfer,Fiber optic,1,0,96.09,2661.55,1,0
C00216,2020-04-17,North,0,0,51,One year,Bank transfer,Fiber optic,0,0,81.41,3999.62,3,0
C00217,2021-02-26,West,0,0,40,Month-to-month,Bank transfer,DSL,0,0,56.2,2305.25,0,0
C00218,2021-12-17,South,0,1,30,Month-to-month,Electronic check,DSL,0,0,58.12,1830.42,1,0
C00219,2018-07-29,West,0,1,72,Two year,Electronic check,DSL,1,0,61.17,4298.38,0,0
C00220,2024-05-18,West,0,0,1,Month-to-month,Bank transfer,DSL,0,0,56.01,54.69,0,0
C00221,2022-04-16,West,0,1,26,Month-to-month,Credit card,DSL,0,1,56.52,1452.51,0,1
C00222,2021-04-03,North,1,0,39,Month-to-month,Bank transfer,Fiber optic,0,1,91.03,3500.64,2,0
C00223,2020-05-06,West,0,1,50,One year,Bank transfer,DSL,1,0,70.07,3551.76,0,0
C00224,2019-11-02,South,0,0,56,Two year,Bank transfer,DSL,1,0,61.47,3424.23,0,0
C00225,2023-02-04,West,0,0,17,Month-to-month,Bank transfer,Fiber optic,0,1,94.9,1633.47,0,1
C00226,2018-07-17,West,0,0,72,Two year,Bank transfer,Fiber optic,0,1,93.73,6476.83,2,0
C00227,2023-12-02,East,0,1,7,Month-to-month,Bank transfer,DSL,0,1,60.07,430.66,0,0
C00228,2021-02-25,West,0,0,40,One year,Electronic check,DSL,0,1,62.86,2582.51,0,1
C00229,2022-08-25,East,0,1,22,One year,Electronic check,DSL,0,1,66.98,1539.87,0,0
C00230,2023-05-25,North,0,0,13,Month-to-month,Mailed check,DSL,1,0,63.46,837.75,0,0
C00231,2024-03-20,West,0,1,3,Month-to-month,Mailed check,Fiber optic,0,0,89.29,269.9,1,1
C00232,2023-04-16,East,1,0,14,Month-to-month,Bank transfer,No,0,0,17.53,247.41,1,0
C00233,2020-11-24,North,0,1,43,Two year,Electronic check,Fiber optic,0,0,84.95,3503.72,1,0
C00234,2022-02-27,North,0,1,28,One year,Electronic check,Fiber optic,1,1,104.82,2884.93,2,0
C00235,2021-05-22,East,0,0,37,Two year,Credit card,Fiber optic,0,0,88.74,3411.59,3,0
C00236,2019-05-25,West,0,0,62,Two year,Electronic check,Fiber optic,0,0,79.27,5103.55,2,1
C00237,2022-11-14,East,1,1,19,Month-to-month,Credit card,DSL,0,0,56.91,1130.44,0,1
C00238,2023-04-20,South,0,1,14,One year,Electronic check,DSL,0,1,68.62,,0,0
C00239,2023-08-30,South,0,1,10,Month-to-month,Mailed check,Fiber optic,0,0,81.71,794.49,1,1
C00240,2023-10-14,South,0,1,8,Month-to-month,Mailed check,Fiber optic,0,0,84.6,699.19,4,1
C00241,2021-12-23,South,0,0,30,Two year,Electronic check,DSL,0,1,68.55,2072.71,0,0
C00242,2022-12-01,South,0,0,19,One year,Electronic check,DSL,0,0,52.23,952.29,0,1
C00243,2023-12-04,North,0,0,6,Month-to-month,Electronic check,DSL,1,1,74.15,425.27,0,1
C00244,2023-03-19,East,0,0,15,Month-to-month,Electronic check,DSL,0,0,50.08,760.48,0,0
C00245,2023-10-30,North,0,0,8,One year,Electronic check,Fiber optic,0,0,93.09,756.54,0,0
C00246,2021-06-17,North,0,0,36,Two year,Credit card,Fiber optic,0,1,95.13,3359.22,1,0
C00247,2023-07-12,South,0,1,11,One year,Electronic check,Fiber optic,1,1,102.1,1172.08,1,1
C00248,2022-10-25,West,0,0,20,Month-to-month,Mailed check,DSL,1,0,57.93,1121.13,0,0
C00249,2024-03-06,East,0,1,3,Month-to-month,Electronic check,DSL,1,0,61.79,178.97,0,0
C00250,2022-09-30,South,0,1,21,Month-to-month,Credit card,No,0,0,21.07,436.69,0,0
C00251,2022-06-05,East,0,0,25,One year,Credit card,Fiber optic,0,1,95.98,2399.11,3,1
C00252,2021-08-10,East,0,0,35,Two year,Credit card,DSL,0,0,56.4,1967.28,1,0
C00253,2024-02-10,South,0,1,4,Month-to-month,Credit card,DSL,1,0,67.86,276.64,0,1
C00254,2023-04-02,West,0,1,15,Month-to-month,Electronic check,Fiber optic,1,1,106.4,1547.94,2,1
C00255,2021-04-11,East,0,1,39,Month-to-month,Bank transfer,Fiber optic,0,1,96.49,3770.29,3,0
C00256,2022-10-03,North,0,0,21,One year,Electronic check,No,0,0,26.26,551.59,1,0
C00257,2021-04-29,West,0,1,38,Two year,Credit card,Fiber optic,1,0,97.95,3872.85,3,0
C00258,2023-02-26,North,0,0,16,Month-to-month,Mailed check,Fiber optic,0,1,98.54,1624.76,2,0
C00259,2022-04-30,North,0,0,26,Month-to-month,Mailed check,Fiber optic,0,0,83.63,2256.9,0,0
C00260,2022-10-09,South,1,1,21,One year,Credit card,DSL,0,0,57.7,1257.18,0,0
C00261,2021-10-01,South,0,0,33,Month-to-month,Credit card,Fiber optic,1,1,108.41,,2,1
C00262,2020-03-09,West,0,0,52,Two year,Credit card,Fiber optic,1,1,108.26,5631.99,0,0
C00263,2023-12-30,East,0,0,6,Month-to-month,Electronic check,DSL,0,1,69.87,,1,1
C00264,2021-12-17,North,0,0,30,Month-to-month,Electronic check,No,0,0,21.3,659.78,1,0
C00265,2021-07-18,South,1,1,35,Two year,Electronic check,DSL,0,1,60.92,2220.79,0,0
C00266,2023-12-20,West,0,0,6,Month-to-month,Mailed check,DSL,0,0,55.22,316.16,0,0
C00267,2024-01-02,East,0,0,6,Month-to-month,Mailed check,DSL,1,1,72.54,431.76,0,1
C00268,2022-07-26,East,0,0,23,Month-to-month,Electronic check,No,0,0,22.53,498.28,1,0
C00269,2023-09-02,East,0,1,10,Month-to-month,Credit card,No,0,0,15.0,144.34,0,0
C00270,2021-10-27,East,0,0,32,Month-to-month,Electronic check,Fiber optic,1,1,106.88,3440.2,0,1
C00271,2022-06-05,North,0,1,25,Month-to-month,Bank transfer,No,0,0,20.23,530.32,0,0
C00272,2021-07-17,East,0,1,35,Month-to-month,Credit card,No,0,0,15.41,553.16,1,0
C00273,2023-07-21,East,0,1,11,Month-to-month,Bank transfer,No,0,0,19.68,217.29,0,0
C00274,2019-07-19,North,0,1,60,One year,Mailed check,No,0,0,23.07,1430.73,0,0
C00275,2019-10-06,East,0,0,57,One year,Electronic check,DSL,1,0,62.77,3624.85,1,0
C00276,2020-09-21,North,0,1,45,Month-to-month,Electronic check,Fiber optic,0,0,86.16,3716.44,1,0
C00277,2024-03-26,North,0,0,3,Month-to-month,Bank transfer,Fiber optic,0,0,87.03,264.4,3,1
C00278,2024-03-10,West,0,0,3,Month-to-month,Mailed check,Fiber optic,1,0,90.73,260.69,2,1
C00279,2020-09-22,South,1,1,45,Two year,Electronic check,DSL,1,0,65.17,2895.36,1,0
C00280,2019-11-11,South,0,0,56,Two year,Credit card,Fiber optic,0,0,84.16,4650.45,0,0
C00281,2021-09-17,East,0,1,33,Month-to-month,Bank transfer,No,0,0,19.94,690.01,0,0
C00282,2024-03-07,East,0,1,3,Month-to-month,Credit card,DSL,0,1,60.58,174.97,0,0
C00283,2023-06-21,East,0,0,12,Month-to-month,Mailed check,No,0,0,15.0,186.25,2,0
C00284,2024-05-03,West,0,1,1,Month-to-month,Credit card,DSL,0,0,59.88,,0,0
C00285,2022-11-03,East,0,1,20,One year,Electronic check,DSL,1,0,68.03,1357.94,0,0
C00286,2023-02-08,North,0,0,16,Month-to-month,Electronic check,DSL,0,0,55.88,928.67,0,0
C00287,2023-04-28,North,0,1,14,Month-to-month,Credit card,Fiber optic,0,1,100.61,1397.32,2,0
C00288,2023-05-24,South,0,1,13,Month-to-month,Credit card,Fiber optic,1,0,89.7,1186.69,1,0
C00289,2022-06-03,South,0,0,25,Month-to-month,Mailed check,DSL,0,0,54.09,1404.16,0,0
C00290,2024-01-05,South,1,0,5,Month-to-month,Electronic check,Fiber optic,0,0,83.72,405.99,0,1
C00291,2018-07-24,North,0,0,72,Two year,Electronic check,DSL,0,1,63.92,4524.17,1,0
C00292,2023-05-16,North,1,0,13,Month-to-month,Bank transfer,Fiber optic,0,1,92.47,1215.05,5,1
C00293,2022-07-26,North,0,1,23,Two year,Credit card,No,0,0,25.26,573.61,0,0
C00294,2022-09-07,West,1,1,22,Month-to-month,Mailed check,Fiber optic,0,1,94.48,2066.55,1,1
C00295,2021-12-21,South,0,1,30,Two year,Electronic check,Fiber optic,1,0,96.8,2966.34,3,1
C00296,2018-07-31,West,0,1,72,Two year,Bank transfer,Fiber optic,0,1,98.33,7340.2,1,0
C00297,2023-03-03,South,0,0,16,Two year,Bank transfer,No,0,0,24.18,382.12,1,0
C00298,2018-10-19,South,0,0,69,Two year,Mailed check,DSL,1,0,67.94,4578.23,0,0
C00299,2023-07-23,South,1,1,11,One year,Bank transfer,DSL,0,0,53.77,,1,0
C00300,2021-08-26,West,0,1,34,One year,Credit card,DSL,0,0,49.94,1714.43,0,0
C00301,2021-11-12,East,0,1,32,One year,Electronic check,Fiber optic,1,0,98.57,3230.87,3,0
C00302,2023-08-09,North,0,0,10,Month-to-month,Bank transfer,Fiber optic,0,1,101.89,1063.74,1,1
C00303,2022-06-10,South,0,1,25,Month-to-month,Bank transfer,Fiber optic,0,1,106.85,2598.96,3,0
C00304,2023-05-06,West,0,0,14,Month-to-month,Bank transfer,DSL,0,0,58.91,846.05,0,1
C00305,2018-07-10,North,0,1,72,Two year,Credit card,DSL,0,1,64.44,4533.83,1,0
C00306,2023-01-29,West,0,1,17,Month-to-month,Bank transfer,Fiber optic,0,1,94.96,1573.28,2,1
C00307,2023-11-26,West,0,0,7,Month-to-month,Mailed check,No,0,0,15.0,107.31,0,0
C00308,2023-05-15,North,0,0,13,One year,Electronic check,DSL,0,0,51.75,658.39,0,0
C00309,2023-04-19,East,0,1,14,Month-to-month,Bank transfer,DSL,0,1,61.92,824.64,0,0
C00310,2024-04-21,East,0,0,2,Month-to-month,Electronic check,DSL,0,0,57.35,113.8,0,1
C00311,2022-06-02,West,0,0,25,Month-to-month,Electronic check,Fiber optic,0,1,100.83,2485.92,4,1
C00312,2023-09-16,West,0,0,9,Month-to-month,Mailed check,DSL,1,1,86.03,737.42,0,1
C00313,2022-02-16,North,0,0,28,Month-to-month,Bank transfer,DSL,0,1,79.35,2188.35,0,0
C00314,2022-04-01,South,0,0,27,Month-to-month,Credit card,Fiber optic,0,1,98.0,2609.29,2,1
C00315,2023-06-24,West,0,0,12,Month-to-month,Bank transfer,DSL,1,1,74.67,898.89,0,0
C00316,2023-03-02,South,0,0,16,Month-to-month,Credit card,DSL,1,0,63.44,1014.26,0,0
C00317,2022-10-24,North,0,1,20,Month-to-month,Mailed check,DSL,0,1,64.23,,0,1
C00318,2021-08-14,East,0,1,35,One year,Mailed check,No,0,0,29.37,1048.19,0,0
C00319,2024-05-07,North,0,0,1,Month-to-month,Credit card,Fiber optic,0,1,85.92,89.47,2,1
C00320,2022-06-25,North,0,0,24,Two year,Mailed check,DSL,0,1,73.48,1815.48,2,0
C00321,2019-01-20,West,0,1,66,Two year,Credit card,DSL,0,0,51.27,3268.31,2,0
C00322,2023-11-28,North,0,0,7,Month-to-month,Mailed check,Fiber optic,0,1,95.44,671.6,1,1
C00323,2022-02-04,West,0,1,29,Month-to-month,Electronic check,No,0,0,15.0,421.46,0,0
C00324,2024-02-29,North,0,0,4,Month-to-month,Bank transfer,DSL,0,0,59.22,234.49,0,0
C00325,2020-10-21,North,0,1,44,Two year,Electronic check,DSL,0,1,70.17,3203.86,1,0
C00326,2022-06-02,East,0,0,25,One year,Electronic check,DSL,1,0,60.63,1457.69,0,0
C00327,2023-05-10,North,0,0,13,Two year,Electronic check,Fiber optic,1,0,99.43,1349.58,0,0
C00328,2023-12-06,South,0,1,6,Month-to-month,Electronic check,No,0,0,23.66,139.65,0,1
C00329,2023-10-04,South,0,1,9,One year,Mailed check,Fiber optic,1,1,104.88,955.16,3,0
C00330,2023-06-20,East,0,1,12,Month-to-month,Credit card,DSL,0,1,58.79,705.04,1,0
C00331,2020-04-29,South,0,0,50,One year,Mailed check,Fiber optic,0,0,84.12,4228.49,0,0
C00332,2023-11-26,North,1,0,7,Month-to-month,Credit card,Fiber optic,0,0,89.17,632.12,1,0
C00333,2022-10-10,North,0,1,20,One year,Bank transfer,DSL,0,1,63.34,1214.71,2,1
C00334,2022-01-24,North,1,0,29,Two year,Electronic check,DSL,0,0,59.33,1668.99,1,0
C00335,2022-12-15,North,0,0,18,Month-to-month,Electronic check,DSL,0,1,63.56,1173.04,0,1
C00336,2020-03-30,East,0,1,51,One year,Credit card,Fiber optic,1,0,94.64,4947.4,1,0
C00337,2023-05-03,South,1,0,14,Month-to-month,Bank transfer,Fiber optic,0,1,94.05,1323.97,4,1
C00338,2019-01-03,North,0,1,66,One year,Credit card,Fiber optic,0,0,85.63,5903.61,4,1
C00339,2022-08-07,south,0,1,23,Month-to-month,Electronic check,No,0,0,23.28,511.02,0,0
C00340,2019-11-25,East,0,0,55,Two year,Bank transfer,DSL,1,0,71.52,4091.87,1,0
C00341,2022-05-24,South,1,1,25,Month-to-month,Credit card,DSL,0,0,55.83,1386.44,0,0
C00342,2019-03-11,South,0,0,64,Two year,Credit card,DSL,0,0,48.77,3249.99,0,0
C00343,2020-09-21,East,0,0,45,Two year,Electronic check,No,0,0,22.53,1010.42,0,0
C00344,2021-08-03,East,0,0,35,One year,Credit card,Fiber optic,0,0,83.81,3012.61,3,1
C00345,2019-10-11,East,0,0,57,One year,Mailed check,DSL,0,1,65.72,3927.34,0,0
C00346,2021-03-28,south,0,0,39,One year,Credit card,DSL,0,0,55.42,2242.24,0,0
C00347,2023-04-01,South,0,0,15,Two year,Bank transfer,Fiber optic,0,1,99.24,1427.47,0,0
C00348,2021-06-13,West,1,0,37,Month-to-month,Bank transfer,Fiber optic,0,1,95.35,3628.43,2,0
C00349,2023-03-09,West,1,0,15,One year,Mailed check,Fiber optic,0,1,99.32,1484.31,3,1
C00350,2022-05-20,North,0,0,25,Month-to-month,Credit card,DSL,0,0,56.62,1385.65,2,0
C00351,2022-08-23,West,0,1,22,One year,Electronic check,No,0,0,22.33,501.68,0,0
C00352,2022-10-31,West,0,1,20,Month-to-month,Mailed check,Fiber optic,0,0,88.52,1758.71,0,0
C00353,2023-08-12,West,0,1,10,One year,Bank transfer,Fiber optic,0,0,76.17,768.4,2,1
C00354,2022-01-23,South,0,1,29,One year,Bank transfer,Fiber optic,1,1,105.43,3143.8,4,1
C00355,2023-10-22,East,0,1,8,Month-to-month,Mailed check,No,0,0,19.39,160.12,1,0
C00356,2023-07-23,North,0,1,11,Month-to-month,Bank transfer,No,0,0,19.0,,0,0
C00357,2019-06-29,North,0,1,60,One year,Mailed check,Fiber optic,0,0,81.54,4863.26,2,0
C00358,2022-12-31,East,0,0,18,One year,Bank transfer,Fiber optic,0,0,82.39,1470.14,0,0
C00359,2023-12-01,North,1,0,7,Month-to-month,Bank transfer,DSL,1,1,79.08,563.34,1,0
C00360,2021-08-22,North,0,1,34,One year,Bank transfer,Fiber optic,1,0,96.84,3439.96,1,0
C00361,2018-07-26,South,0,0,72,Two year,Credit card,Fiber optic,0,0,85.13,5987.14,0,0
C00362,2023-03-12,South,0,0,15,Month-to-month,Bank transfer,DSL,1,0,60.98,895.11,0,0
C00363,2023-04-20,North,1,0,14,Month-to-month,Electronic check,DSL,0,0,58.44,830.26,0,0
C00364,2024-03-15,West,0,1,3,Month-to-month,Bank transfer,No,0,0,23.15,69.09,2,0
C00365,2021-04-10,East,0,1,39,One year,Electronic check,No,0,0,24.45,910.37,2,0
C00366,2023-04-12,West,0,1,14,Month-to-month,Electronic check,No,0,0,16.87,226.08,1,0
C00367,2020-08-27,West,0,0,46,One year,Credit card,Fiber optic,0,0,99.51,4625.31,2,1
C00368,2022-10-14,East,0,0,20,One year,Mailed check,Fiber optic,0,1,97.88,1933.68,1,0
C00369,2024-01-16,South,0,0,5,Month-to-month,Mailed check,No,0,0,16.97,85.9,0,1
C00370,2018-07-25,West,0,0,72,Two year,Credit card,DSL,0,0,64.52,,0,0
C00371,2021-03-01,East,0,0,40,One year,Electronic check,DSL,1,0,67.99,2676.5,0,0
C00372,2020-10-01,South,0,0,45,Month-to-month,Electronic check,No,0,0,20.81,944.1,0,0
C00373,2023-07-01,South,0,0,12,Month-to-month,Electronic check,DSL,0,0,56.29,670.25,3,1
C00374,2023-03-09,North,0,0,15,Month-to-month,Electronic check,Fiber optic,0,1,102.13,1596.71,2,1
C00375,2023-04-25,West,1,1,14,Month-to-month,Bank transfer,Fiber optic,0,1,98.01,1435.95,3,1
C00376,2024-01-29,West,1,0,5,Month-to-month,Credit card,Fiber optic,0,1,90.1,458.41,2,1
C00377,2021-11-21,East,1,1,31,Two year,Bank transfer,DSL,1,0,64.93,1988.98,1,0
C00378,2023-01-18,North,0,1,17,Month-to-month,Electronic check,Fiber optic,0,0,88.6,1573.85,2,1
C00379,2023-03-07,West,1,0,16,Month-to-month,Mailed check,DSL,0,0,54.81,862.53,0,0
C00380,2024-02-20,North,0,1,4,One year,Electronic check,No,0,0,16.06,64.43,2,0
C00381,2018-07-29,North,0,1,72,One year,Bank transfer,DSL,0,1,66.85,5025.15,1,0
C00382,2022-01-31,North,0,0,29,Two year,Bank transfer,Fiber optic,0,1,100.46,2944.93,1,0
C00383,2023-07-05,South,0,1,12,One year,Electronic check,Fiber optic,1,0,100.1,1189.31,1,0
C00384,2021-03-17,South,1,1,40,Month-to-month,Credit card,DSL,1,1,72.56,2766.6,2,0
C00385,2023-08-11,West,0,1,10,Month-to-month,Bank transfer,DSL,0,0,50.29,517.5,2,1
C00386,2018-07-24,South,0,0,72,Two year,Electronic check,Fiber optic,0,1,96.76,6678.7,4,0
C00387,2023-09-12,West,0,1,9,One year,Bank transfer,DSL,0,1,64.23,554.38,1,0
C00388,2019-05-03,South,0,1,62,Two year,Bank transfer,DSL,1,0,62.69,3780.79,0,0
C00389,2024-02-11,East,0,0,4,Month-to-month,Electronic check,Fiber optic,1,1,105.93,429.25,0,1
C00390,2021-06-15,East,0,1,37,Two year,Electronic check,No,0,0,23.06,886.78,1,0
C00391,2022-02-17,West,1,0,28,One year,Bank transfer,Fiber optic,0,1,93.62,2492.47,4,1
C00392,2022-09-30,West,0,1,21,Month-to-month,Credit card,DSL,0,0,50.34,1075.96,1,1
C00393,2023-04-17,West,0,0,14,One year,Bank transfer,No,0,0,17.04,239.07,1,0
C00394,2021-11-14,West,0,0,31,One year,Bank transfer,Fiber optic,0,0,78.95,2477.09,4,0
C00395,2022-12-07,North,0,1,19,Month-to-month,Bank transfer,Fiber optic,0,0,85.21,1649.76,1,1
C00396,2022-10-05,North,0,1,21,Month-to-month,Mailed check,Fiber optic,0,1,97.44,2078.78,2,1
C00397,2022-03-18,South,0,1,27,Two year,Electronic check,DSL,0,1,71.04,1981.48,0,0
C00398,2022-11-16,North,1,1,19,Month-to-month,Mailed check,DSL,1,1,72.77,1328.57,0,1
C00399,2023-05-09,South,0,1,13,Month-to-month,Credit card,Fiber optic,0,0,85.49,1080.63,3,1
C00400,2023-07-07,East,0,0,11,Month-to-month,Credit card,DSL,1,1,78.34,891.43,0,1
C00401,2020-09-17,South,0,1,46,Month-to-month,Credit card,Fiber optic,0,1,90.81,3998.13,4,1
C00402,2022-01-16,North,0,1,29,Two year,Electronic check,DSL,0,0,55.88,1698.39,0,0
C00403,2022-10-04,West,0,1,21,One year,Mailed check,DSL,0,0,56.03,1171.3,1,1
C00404,2022-03-18,South,0,0,27,Month-to-month,Bank transfer,DSL,0,1,66.49,1768.92,0,0
C00405,2021-03-30,West,0,1,39,Two year,Electronic check,Fiber optic,0,1,91.87,3562.74,1,0
C00406,2021-05-18,East,1,0,37,Two year,Electronic check,Fiber optic,1,0,94.7,3428.64,0,0
C00407,2022-06-12,East,0,0,24,Month-to-month,Credit card,DSL,0,1,59.18,1466.58,0,0
C00408,2018-07-24,West,0,1,72,Two year,Bank transfer,DSL,0,0,56.3,4100.66,1,0
C00409,2023-04-22,South,0,1,14,Month-to-month,Bank transfer,DSL,0,1,69.97,958.82,1,1
C00410,2018-12-31,North,0,1,66,Two year,Electronic check,Fiber optic,1,0,94.12,6385.79,3,1
C00411,2023-08-12,West,0,0,10,One year,Mailed check,DSL,0,0,60.12,613.74,1,0
C00412,2022-11-22,East,0,1,19,One year,Electronic check,Fiber optic,0,0,82.21,1575.6,3,1
C00413,2023-04-16,South,0,1,14,Month-to-month,Electronic check,DSL,0,0,52.09,725.14,1,0
C00414,2020-09-16,East,0,0,46,Two year,Mailed check,DSL,0,0,53.89,2565.12,1,0
C00415,2023-04-16,South,0,0,14,Month-to-month,Electronic check,Fiber optic,0,0,94.05,1278.18,4,1
C00416,2024-04-06,West,0,1,2,Month-to-month,Credit card,Fiber optic,0,0,83.86,174.54,2,1
C00417,2023-08-22,East,0,0,10,Month-to-month,Mailed check,DSL,0,0,63.57,,0,1
C00418,2020-06-18,South,0,1,49,One year,Electronic check,No,0,0,19.85,1015.92,1,0
C00419,2023-03-06,East,0,1,16,Month-to-month,Electronic check,DSL,0,0,51.77,864.39,0,0
C00420,2019-09-20,West,0,1,58,Two year,Bank transfer,DSL,1,0,72.81,4047.13,1,0
C00421,2022-11-21,South,0,0,19,One year,Electronic check,DSL,1,0,65.74,1228.39,0,0
C00422,2019-06-27,West,0,1,61,Month-to-month,Electronic check,Fiber optic,0,0,83.82,5192.41,2,1
C00423,2022-10-10,North,0,0,20,Month-to-month,Mailed check,Fiber optic,0,0,88.44,1703.17,3,1
C00424,2023-02-25,North,0,0,16,Month-to-month,Electronic check,DSL,0,0,59.99,964.35,2,0
C00425,2022-01-28,West,0,0,29,One year,Bank transfer,No,0,0,17.67,504.3,0,0
C00426,2018-07-20,East,0,1,72,Two year,Mailed check,Fiber optic,1,0,98.61,7454.51,2,0
C00427,2023-10-14,North,0,1,8,Month-to-month,Electronic check,No,0,0,19.09,148.14,2,0
C00428,2018-11-22,East,0,0,68,Two year,Credit card,Fiber optic,1,1,103.08,6736.52,0,0
C00429,2024-02-06,South,0,1,4,Month-to-month,Mailed check,No,0,0,17.17,68.37,1,0
C00430,2021-08-21,South,0,0,34,Two year,Bank transfer,Fiber optic,0,1,92.31,3058.16,0,0
C00431,2018-07-10,South,0,1,72,Two year,Electronic check,DSL,0,0,55.35,4108.31,0,0
C00432,2023-03-12,South,0,0,15,One year,Bank transfer,Fiber optic,1,0,95.36,1361.37,0,0
C00433,2021-12-21,West,1,0,30,One year,Electronic check,Fiber optic,1,1,111.57,3398.07,0,0
C00434,2022-10-01,South,0,0,21,Two year,Mailed check,Fiber optic,1,0,98.47,2048.75,4,0
C00435,2022-03-23,South,0,0,27,Month-to-month,Electronic check,Fiber optic,0,0,83.38,2348.42,1,1
C00436,2021-07-31,West,0,1,35,Month-to-month,Credit card,DSL,1,0,64.23,2341.04,0,0
C00437,2022-10-19,East,1,1,20,Month-to-month,Electronic check,No,0,0,17.4,358.46,0,0
C00438,2021-06-18,North,0,1,36,Month-to-month,Credit card,DSL,0,0,55.44,1981.79,0,0
C00439,2023-02-04,East,0,0,17,One year,Credit card,No,0,0,19.12,322.65,1,0
C00440,2022-03-08,East,0,1,28,One year,Mailed check,DSL,0,0,55.2,1471.61,1,0
C00441,2018-10-02,East,0,1,69,Two year,Electronic check,DSL,0,0,60.85,4378.2,0,0
C00442,2024-01-26,North,1,1,5,Month-to-month,Mailed check,Fiber optic,1,0,101.06,529.41,2,1
C00443,2023-07-22,South,1,1,11,One year,Credit card,Fiber optic,1,1,104.5,1116.26,2,1
C00444,2023-11-22,East,0,0,7,Month-to-month,Bank transfer,Fiber optic,1,1,110.11,768.68,3,1
C00445,2024-01-08,East,0,0,5,Month-to-month,Bank transfer,No,0,0,22.61,113.94,0,0
C00446,2021-07-09,East,0,1,36,One year,Electronic check,DSL,0,1,64.8,2342.08,1,0
C00447,2021-06-12,West,0,1,37,Two year,Credit card,No,0,0,25.65,947.12,1,0
C00448,2021-12-12,East,0,0,31,One year,Electronic check,DSL,0,0,49.09,1537.97,0,0
C00449,2024-03-23,South,0,0,3,Month-to-month,Electronic check,Fiber optic,0,0,89.3,275.65,0,1
C00450,2023-04-11,East,0,0,14,One year,Electronic check,Fiber optic,1,0,94.53,1312.06,2,1
C00451,2022-04-17,South,0,0,26,Month-to-month,Mailed check,DSL,0,1,62.71,1561.09,4,0
C00452,2021-12-12,South,0,0,31,Two year,Credit card,Fiber optic,1,1,106.26,3220.18,2,0
C00453,2022-04-13,East,1,0,26,One year,Credit card,Fiber optic,0,0,92.51,2313.73,2,1
C00454,2020-06-11,South,0,0,49,Month-to-month,Electronic check,DSL,0,0,65.04,3220.1,2,0
C00455,2022-09-05,East,0,0,22,Month-to-month,Mailed check,No,0,0,16.89,371.92,3,1
C00456,2021-08-13,East,0,0,35,Month-to-month,Credit card,Fiber optic,0,1,96.84,3270.71,1,0
C00457,2020-11-10,West,0,0,44,Two year,Mailed check,DSL,1,0,64.26,2782.14,0,0
C00458,2023-07-26,North,0,1,11,Month-to-month,Electronic check,Fiber optic,1,1,106.92,1224.69,3,1
C00459,2022-02-22,South,0,1,28,One year,Mailed check,DSL,1,1,83.5,2424.88,0,0
C00460,2019-08-23,West,0,0,59,One year,Bank transfer,DSL,1,0,63.44,3775.43,0,0
C00461,2023-03-23,South,0,0,15,One year,Credit card,Fiber optic,1,1,103.87,1482.81,2,1
C00462,2023-04-04,East,0,1,15,Month-to-month,Bank transfer,DSL,0,1,65.22,1006.57,0,0
C00463,2018-07-14,East,0,1,72,Two year,Electronic check,DSL,1,1,76.25,,1,0
C00464,2022-12-19,West,0,1,18,Month-to-month,Bank transfer,Fiber optic,0,0,88.08,1651.3,3,1
C00465,2022-03-23,North,0,1,27,One year,Electronic check,DSL,1,1,77.5,2109.75,0,0
C00466,2021-11-30,South,0,0,31,One year,Credit card,Fiber optic,1,1,109.66,3315.97,1,1
C00467,2023-08-23,South,0,0,10,One year,Mailed check,Fiber optic,1,1,111.23,1067.29,1,0
C00468,2018-11-21,East,0,0,68,Two year,Electronic check,DSL,1,0,63.87,4446.04,1,0
C00469,2020-03-26,West,0,1,51,Month-to-month,Mailed check,Fiber optic,1,1,106.72,5243.03,3,1
C00470,2024-05-03,North,1,1,1,Month-to-month,Electronic check,DSL,1,0,66.96,66.73,1,1
C00471,2022-06-08,North,0,1,25,Month-to-month,Electronic check,Fiber optic,1,0,92.53,2202.55,0,1
C00472,2023-03-09,West,0,1,15,Month-to-month,Bank transfer,DSL,0,0,55.18,861.92,0,0
C00473,2020-06-05,East,0,0,49,Month-to-month,Bank transfer,No,0,0,24.23,1219.62,0,0
C00474,2020-08-02,East,0,1,47,Month-to-month,Credit card,DSL,1,0,65.49,2972.77,0,0
C00475,2018-07-12,North,0,0,72,Month-to-month,Mailed check,Fiber optic,0,1,102.1,7453.11,0,0
C00476,2022-05-06,East,0,0,26,Month-to-month,Electronic check,DSL,0,1,63.36,1643.66,0,0
C00477,2022-07-13,South,0,1,23,Month-to-month,Mailed check,DSL,0,0,56.35,1242.49,3,1
C00478,2022-01-15,East,0,1,29,One year,Mailed check,Fiber optic,0,1,99.31,2870.16,2,0
C00479,2023-02-24,North,0,1,16,One year,Electronic check,Fiber optic,0,1,98.27,1551.99,1,1
C00480,2022-07-31,South,1,1,23,Month-to-month,Credit card,No,0,0,18.85,421.87,1,1
C00481,2023-09-08,east,0,0,9,Month-to-month,Credit card,DSL,1,1,71.16,668.37,0,1
C00482,2023-03-24,East,0,0,15,Month-to-month,Electronic check,DSL,0,1,71.47,1042.79,1,1
C00483,2021-05-09,West,0,0,38,One year,Credit card,DSL,0,1,61.36,2370.21,1,0
C00484,2023-02-14,West,0,0,16,Month-to-month,Bank transfer,DSL,0,0,49.66,832.17,1,1
C00485,2024-05-31,North,0,0,1,Month-to-month,Electronic check,No,0,0,22.33,21.26,1,1
C00486,2021-08-23,North,0,0,34,Month-to-month,Bank transfer,No,0,0,18.52,606.99,0,0
C00487,2023-01-18,South,1,1,17,Month-to-month,Electronic check,No,0,0,20.57,356.75,1,0
C00488,2023-10-21,West,0,1,8,Month-to-month,Electronic check,DSL,0,0,49.87,400.92,0,0
C00489,2021-01-01,South,0,1,42,One year,Credit card,Fiber optic,0,0,86.17,3733.02,0,0
C00490,2022-09-23,West,0,1,21,One year,Bank transfer,Fiber optic,0,0,88.34,1851.23,2,1
C00491,2019-10-18,North,1,0,57,One year,Electronic check,DSL,0,1,60.76,3607.32,0,0
C00492,2023-10-05,West,0,1,8,One year,Mailed check,Fiber optic,0,1,98.01,761.5,1,0
C00493,2021-08-30,North,0,0,34,One year,Credit card,DSL,1,0,68.61,2329.64,1,0
C00494,2023-06-22,West,0,1,12,Month-to-month,Mailed check,DSL,0,0,49.66,617.31,1,0
C00495,2020-03-05,West,1,0,52,One year,Credit card,No,0,0,20.58,1031.18,0,0
C00496,2021-06-25,South,1,1,36,Month-to-month,Credit card,DSL,0,0,55.21,2003.12,2,0
C00497,2021-06-02,South,0,1,37,Month-to-month,Mailed check,No,0,0,21.43,785.56,0,0
C00498,2022-10-03,East,0,0,21,One year,Bank transfer,DSL,1,1,75.91,1608.34,0,1
C00499,2019-09-13,East,0,1,58,Month-to-month,Bank transfer,DSL,1,1,71.17,,1,0
C00500,2023-07-18,North,0,0,11,Month-to-month,Credit card,DSL,1,0,63.41,703.01,0,0
C00501,2023-05-30,North,1,0,13,One year,Mailed check,DSL,0,1,64.78,849.37,0,0
C00502,2021-10-09,West,0,1,33,Two year,Electronic check,Fiber optic,0,1,96.73,3219.88,1,0
C00503,2020-06-17,West,0,1,49,Two year,Electronic check,DSL,0,0,59.82,2836.89,1,0
C00504,2023-10-24,North,0,1,8,Month-to-month,Bank transfer,Fiber optic,0,1,91.05,720.39,3,1
C00505,2023-03-15,West,0,1,15,Month-to-month,Credit card,No,0,0,23.84,355.96,1,0
C00506,2021-07-03,West,0,0,36,One year,Bank transfer,DSL,0,1,74.07,2708.37,0,0
C00507,2023-12-24,West,0,0,6,Month-to-month,Bank transfer,DSL,0,0,61.83,387.64,0,1
C00508,2018-07-12,North,0,1,72,Two year,Electronic check,Fiber optic,0,1,104.16,7186.06,1,0
C00509,2018-07-09,east,1,0,72,Month-to-month,Electronic check,Fiber optic,0,1,97.77,7355.1,1,0
C00510,2023-11-01,North,1,0,8,Month-to-month,Credit card,Fiber optic,0,0,85.29,706.79,2,1
C00511,2023-06-08,North,0,1,12,Month-to-month,Bank transfer,DSL,1,0,57.77,685.53,1,1
C00512,2021-08-12,North,0,1,35,Two year,Credit card,Fiber optic,0,1,96.13,3384.61,4,0
C00513,2022-12-17,South,0,0,18,Month-to-month,Electronic check,Fiber optic,0,1,101.53,1784.29,1,1
C00514,2021-09-13,East,1,0,34,Month-to-month,Mailed check,DSL,1,1,71.32,2423.82,0,0
C00515,2023-01-28,north,1,1,17,Month-to-month,Credit card,DSL,0,1,63.56,1114.69,0,0
C00516,2024-03-21,North,0,0,3,Month-to-month,Electronic check,No,0,0,20.44,58.3,0,1
C00517,2023-10-29,South,0,1,8,Month-to-month,Electronic check,DSL,0,0,48.38,402.19,0,0
C00518,2018-07-26,North,0,0,72,One year,Bank transfer,DSL,1,0,72.29,5221.14,0,0
C00519,2023-08-25,West,0,0,10,Month-to-month,Bank transfer,DSL,1,1,79.33,802.32,0,0
C00520,2020-08-27,North,0,1,46,Two year,Credit card,Fiber optic,0,0,86.37,3963.53,3,0
C00521,2018-07-18,South,0,0,72,Two year,Credit card,Fiber optic,0,0,88.24,6190.35,0,0
C00522,2023-04-13,South,0,1,14,Month-to-month,Bank transfer,DSL,0,1,65.64,907.73,0,1
C00523,2023-12-09,North,0,0,6,Month-to-month,Electronic check,Fiber optic,1,1,108.12,648.87,1,0
C00524,2022-04-05,West,0,0,27,One year,Mailed check,Fiber optic,1,0,91.09,2441.49,2,0
C00525,2024-03-19,North,0,1,3,Month-to-month,Credit card,DSL,1,0,55.73,168.61,1,1
C00526,2022-10-21,South,0,1,20,Month-to-month,Mailed check,No,0,0,19.87,378.78,2,0
C00527,2023-05-29,East,0,1,13,Two year,Credit card,DSL,0,0,61.33,814.31,2,0
C00528,2022-04-28,South,0,0,26,Two year,Bank transfer,DSL,1,0,71.7,1873.04,0,0
C00529,2021-06-08,South,0,0,37,One year,Electronic check,No,0,0,19.25,741.63,0,0
C00530,2021-03-12,North,0,1,40,Month-to-month,Mailed check,Fiber optic,0,0,83.89,3353.59,1,0
C00531,2023-08-03,South,0,0,11,One year,Bank transfer,DSL,0,1,60.78,637.62,0,0
C00532,2023-08-16,North,0,0,10,One year,Electronic check,No,0,0,24.25,250.07,0,0
C00533,2018-07-18,South,0,1,72,Month-to-month,Mailed check,Fiber optic,0,0,86.69,6517.31,2,0
C00534,2023-12-11,South,0,1,6,One year,Bank transfer,DSL,0,0,54.24,,0,0
C00535,2022-09-07,South,0,0,22,Month-to-month,Electronic check,No,0,0,15.0,326.12,0,1
C00536,2023-12-08,North,1,1,6,Month-to-month,Mailed check,Fiber optic,1,0,87.79,529.31,0,0
C00537,2022-04-14,West,0,0,26,Month-to-month,Bank transfer,DSL,0,0,55.52,1496.71,1,0
C00538,2023-02-27,North,0,0,16,Month-to-month,Credit card,Fiber optic,1,1,100.83,1546.17,1,1
C00539,2019-12-25,North,0,1,54,Month-to-month,Mailed check,DSL,0,1,69.15,3568.23,1,0
C00540,2021-06-12,North,0,1,37,Two year,Credit card,DSL,0,1,69.35,2651.55,1,0
C00541,2018-07-17,West,1,1,72,Two year,Credit card,No,0,0,15.0,1044.15,2,0
C00542,2018-11-02,South,0,0,68,One year,Mailed check,Fiber optic,0,0,85.19,5911.18,0,0
C00543,2021-03-06,South,0,1,40,Two year,Electronic check,Fiber optic,0,1,93.24,3884.12,1,0
C00544,2023-01-10,West,0,0,17,Two year,Credit card,Fiber optic,0,0,88.77,1469.98,0,0
C00545,2018-07-26,North,0,0,72,Month-to-month,Electronic check,Fiber optic,1,1,120.16,9028.77,3,1
C00546,2022-03-05,North,1,0,28,Month-to-month,Credit card,DSL,0,0,54.52,1573.8,0,0
C00547,2023-12-14,North,1,1,6,Month-to-month,Bank transfer,No,0,0,25.91,158.33,0,0
C00548,2024-01-31,East,0,1,5,Month-to-month,Mailed check,Fiber optic,1,0,99.11,497.21,1,0
C00549,2020-09-12,West,0,0,46,One year,Bank transfer,Fiber optic,0,1,96.69,4324.42,1,1
C00550,2023-09-13,East,0,1,9,Month-to-month,Mailed check,Fiber optic,0,0,87.13,790.64,3,1
C00551,2023-04-04,West,0,1,15,Month-to-month,Credit card,DSL,0,1,61.94,886.91,1,0
C00552,2022-10-29,West,0,0,20,Month-to-month,Electronic check,DSL,1,0,65.55,1299.34,0,0
C00553,2021-01-31,South,0,0,41,Month-to-month,Credit card,DSL,1,1,75.8,3151.97,0,0
C00554,2021-08-23,North,1,0,34,Two year,Electronic check,DSL,0,1,72.44,2558.58,3,0
C00555,2023-07-21,North,1,1,11,Month-to-month,Bank transfer,Fiber optic,0,0,82.49,879.71,1,1
C00556,2023-08-03,West,0,0,11,Month-to-month,Credit card,No,0,0,15.78,165.63,2,0
C00557,2022-01-25,East,1,1,29,Month-to-month,Mailed check,DSL,1,0,60.94,1679.53,1,0
C00558,2023-09-21,West,0,1,9,Month-to-month,Electronic check,DSL,0,0,58.42,542.37,1,0
C00559,2022-01-01,East,0,1,30,One year,Credit card,Fiber optic,0,1,96.26,2847.89,0,0
C00560,2024-03-23,West,0,0,3,Month-to-month,Credit card,DSL,1,0,58.26,168.07,0,1
C00561,2022-09-15,West,0,1,21,Month-to-month,Electronic check,No,0,0,24.06,520.63,1,1
C00562,2022-11-19,West,1,0,19,Month-to-month,Mailed check,DSL,0,0,48.96,893.01,0,0
C00563,2023-03-07,West,0,0,16,Two year,Credit card,DSL,1,1,74.81,1203.84,0,0
C00564,2019-11-03,North,0,0,56,One year,Electronic check,DSL,1,0,64.16,3645.86,0,0
C00565,2022-04-04,East,0,1,27,One year,Bank transfer,No,0,0,15.62,438.68,1,0
C00566,2022-07-13,West,0,0,23,One year,Mailed check,DSL,0,1,60.21,1375.59,0,0
C00567,2023-05-24,South,0,0,13,One year,Electronic check,Fiber optic,1,0,98.25,1300.12,0,0
C00568,2024-05-21,West,0,1,1,Month-to-month,Credit card,DSL,0,1,69.61,66.23,0,1
C00569,2024-05-28,South,0,1,1,Month-to-month,Electronic check,DSL,0,0,55.22,55.33,1,1
C00570,2024-01-29,North,0,0,5,Month-to-month,Credit card,No,0,0,21.46,106.69,3,1
C00571,2023-12-11,East,0,0,6,Month-to-month,Bank transfer,DSL,0,1,60.2,353.87,2,0
C00572,2018-08-03,North,0,0,71,Two year,Mailed check,DSL,0,1,69.09,5111.27,3,0
C00573,2022-12-27,South,0,1,18,Month-to-month,Mailed check,Fiber optic,0,0,86.65,1584.53,0,0
C00574,2023-04-20,West,0,1,14,One year,Mailed check,No,0,0,21.77,306.77,1,0
C00575,2019-03-31,North,0,1,63,Two year,Credit card,DSL,0,0,56.76,3443.98,1,0
C00576,2022-04-14,North,0,0,26,Month-to-month,Bank transfer,DSL,0,0,58.98,1561.19,2,1
C00577,2023-09-14,West,0,0,9,Two year,Credit card,No,0,0,19.54,175.11,0,0
C00578,2023-05-13,West,0,0,13,One year,Mailed check,Fiber optic,1,0,95.25,1263.07,3,1
C00579,2019-06-12,South,0,0,61,Two year,Electronic check,No,0,0,15.0,936.63,0,0
C00580,2022-02-27,South,0,1,28,Month-to-month,Electronic check,Fiber optic,0,1,99.74,2883.07,5,1
C00581,2024-04-18,West,0,0,2,Month-to-month,Credit card,Fiber optic,1,0,92.33,183.65,1,1
C00582,2021-01-15,East,0,1,42,Month-to-month,Mailed check,DSL,0,1,64.61,2815.88,1,1
C00583,2022-01-24,West,0,1,29,Month-to-month,Mailed check,DSL,0,0,53.36,1526.61,0,1
C00584,2023-10-26,North,0,1,8,Month-to-month,Mailed check,Fiber optic,0,1,92.71,753.79,3,1
C00585,2018-07-11,East,0,1,72,Two year,Mailed check,Fiber optic,0,1,96.57,6854.53,1,0
C00586,2024-01-12,East,0,1,5,One year,Bank transfer,No,0,0,23.3,121.07,0,0
C00587,2023-07-27,North,0,0,11,Month-to-month,Bank transfer,Fiber optic,1,1,102.55,1119.48,0,0
C00588,2024-02-09,East,0,0,4,Month-to-month,Credit card,DSL,0,0,54.93,213.35,1,1
C00589,2023-04-02,North,0,0,15,Month-to-month,Electronic check,Fiber optic,0,0,87.67,1378.67,3,1
C00590,2023-09-27,West,0,1,9,Month-to-month,Bank transfer,Fiber optic,1,0,85.08,750.48,4,1
C00591,2018-07-12,East,0,0,72,Two year,Electronic check,Fiber optic,0,0,92.42,6926.27,0,1
C00592,2024-05-12,North,0,1,1,Month-to-month,Credit card,Fiber optic,0,1,95.15,98.38,1,1
C00593,2021-10-18,East,0,1,32,Month-to-month,Bank transfer,Fiber optic,0,1,93.26,2995.54,1,1
C00594,2022-02-08,North,0,1,29,One year,Mailed check,DSL,0,0,55.33,1570.02,0,0
C00595,2022-05-21,West,0,1,25,Month-to-month,Credit card,Fiber optic,0,1,94.3,2255.99,1,0
C00596,2020-11-12,North,1,0,44,Month-to-month,Mailed check,Fiber optic,0,1,96.72,4150.64,2,1
C00597,2024-01-22,East,0,0,5,One year,Electronic check,No,0,0,17.0,88.29,1,0
C00598,2022-05-09,North,0,1,26,One year,Mailed check,Fiber optic,1,0,99.51,2531.22,0,0
C00599,2018-07-23,North,0,0,72,Two year,Electronic check,Fiber optic,0,0,95.74,6709.42,3,0
C00600,2022-09-03,West,0,1,22,One year,Credit card,Fiber optic,0,1,99.89,2100.23,3,1
C00601,2023-07-21,South,0,1,11,Month-to-month,Bank transfer,Fiber optic,0,1,97.8,1077.68,2,1
C00602,2023-09-30,North,0,0,9,One year,Bank transfer,DSL,0,0,52.79,477.24,0,0
C00603,2021-12-26,East,1,0,30,Two year,Credit card,No,0,0,24.24,740.86,1,0
C00604,2022-07-20,North,0,0,23,One year,Credit card,No,0,0,16.93,403.69,0,0
C00605,2022-06-30,East,0,1,24,Two year,Mailed check,Fiber optic,1,1,108.27,2495.85,4,1
C00606,2022-12-11,West,0,0,18,One year,Electronic check,Fiber optic,1,0,92.92,1651.28,3,1
C00607,2020-03-20,East,1,1,52,Two year,Mailed check,DSL,0,1,61.97,3259.57,1,0
C00608,2021-05-19,North,0,1,37,Month-to-month,Credit card,Fiber optic,1,1,106.15,3806.25,1,1
C00609,2023-07-19,North,0,1,11,One year,Credit card,Fiber optic,0,0,81.06,871.24,4,1
C00610,2023-07-25,North,0,1,11,Month-to-month,Bank transfer,Fiber optic,0,1,102.9,1165.32,1,1
C00611,2023-03-08,East,0,1,16,One year,Electronic check,DSL,1,0,61.98,945.5,0,1
C00612,2021-09-19,East,0,1,33,One year,Electronic check,Fiber optic,0,0,84.48,2897.51,1,0
C00613,2023-05-09,East,0,0,13,Two year,Credit card,DSL,1,0,62.4,834.28,0,0
C00614,2021-11-11,South,0,1,32,Two year,Electronic check,Fiber optic,0,1,92.06,2894.26,1,0
C00615,2023-10-27,North,0,1,8,Month-to-month,Bank transfer,Fiber optic,1,1,109.74,864.48,1,1
C00616,2023-04-20,West,1,0,14,One year,Mailed check,DSL,1,0,64.62,881.46,0,0
C00617,2023-12-23,East,0,0,6,One year,Electronic check,Fiber optic,1,1,116.37,663.82,1,0
C00618,2019-03-11,East,1,1,64,Month-to-month,Bank transfer,No,0,0,24.19,1580.15,1,0
C00619,2023-07-19,North,0,1,11,Month-to-month,Credit card,Fiber optic,1,1,107.28,1214.97,0,0
C00620,2023-08-23,South,0,1,10,Month-to-month,Credit card,DSL,0,0,56.47,546.82,0,0
C00621,2021-10-23,South,0,0,32,One year,Mailed check,Fiber optic,0,1,96.64,3061.08,0,0
C00622,2022-10-09,East,0,1,21,Month-to-month,Mailed check,DSL,0,0,50.89,1063.81,0,0
C00623,2020-09-01,West,0,1,46,Two year,Credit card,Fiber optic,1,1,101.25,4466.24,0,0
C00624,2023-09-25,West,0,0,9,Month-to-month,Bank transfer,Fiber optic,0,1,92.78,817.48,0,0
C00625,2021-08-09,East,0,0,35,Two year,Mailed check,DSL,1,0,70.35,2410.43,0,0
C00626,2023-06-06,South,0,1,13,Month-to-month,Bank transfer,Fiber optic,0,0,86.03,1158.31,4,1
C00627,2021-12-13,South,0,1,31,One year,Electronic check,Fiber optic,0,0,87.15,2595.26,4,1
C00628,2024-02-07,East,0,1,4,Month-to-month,Electronic check,Fiber optic,0,1,100.15,390.05,3,1
C00629,2022-11-13,South,0,1,19,One year,Credit card,DSL,1,1,76.2,1441.17,0,0
C00630,2018-07-03,South,0,1,72,Two year,Bank transfer,DSL,0,0,52.58,3648.94,1,0
C00631,2019-11-28,West,0,0,55,Two year,Electronic check,Fiber optic,0,1,105.08,,2,1
C00632,2020-10-13,East,1,0,45,Two year,Electronic check,DSL,1,0,67.12,3157.77,0,1
C00633,2023-01-31,south,0,0,17,Month-to-month,Credit card,Fiber optic,0,1,90.34,1592.37,1,0
C00634,2023-08-12,East,0,0,10,Month-to-month,Bank transfer,DSL,1,0,57.98,558.22,0,0
C00635,2023-06-22,South,0,0,12,Month-to-month,Bank transfer,DSL,0,0,58.0,680.13,0,1
C00636,2023-12-07,North,0,1,6,Month-to-month,Electronic check,Fiber optic,0,1,93.47,581.58,2,1
C00637,2021-10-13,West,0,0,33,One year,Credit card,DSL,1,1,76.48,2486.23,0,0
C00638,2018-07-24,South,0,1,72,One year,Credit card,Fiber optic,1,0,86.25,6173.83,1,0
C00639,2019-03-23,South,0,1,64,One year,Bank transfer,DSL,0,0,53.15,3293.61,0,0
C00640,2018-07-13,North,0,1,72,Two year,Electronic check,Fiber optic,0,1,100.65,7280.81,2,1
C00641,2022-02-19,West,0,0,28,One year,Bank transfer,DSL,1,0,62.86,1697.63,0,0
C00642,2023-03-31,East,0,0,15,Two year,Credit card,Fiber optic,1,0,90.32,1358.02,1,0
C00643,2022-06-17,South,0,1,24,Month-to-month,Credit card,Fiber optic,0,0,84.02,2100.92,3,1
C00644,2024-01-31,East,1,1,5,Month-to-month,Credit card,DSL,1,0,65.14,324.96,0,0
C00645,2020-06-21,South,0,0,49,One year,Bank transfer,Fiber optic,1,0,93.59,4733.27,1,0
C00646,2022-05-25,South,0,1,25,Two year,Electronic check,DSL,0,0,48.69,1226.27,0,1
C00647,2019-04-30,South,0,1,62,Month-to-month,Mailed check,Fiber optic,0,1,98.57,6030.2,1,0
C00648,2023-08-27,North,0,0,10,Month-to-month,Credit card,DSL,0,1,64.7,675.6,0,0
C00649,2020-11-01,West,0,0,44,One year,Electronic check,Fiber optic,1,1,107.7,4974.25,2,0
C00650,2023-01-12,West,0,1,17,Month-to-month,Electronic check,DSL,0,1,63.09,1053.79,2,1
C00651,2023-06-03,West,0,1,13,Month-to-month,Bank transfer,No,0,0,24.98,340.61,1,0
C00652,2022-08-12,South,1,0,22,Two year,Mailed check,Fiber optic,0,0,87.85,2026.26,3,0
C00653,2021-03-30,West,1,1,39,One year,Credit card,Fiber optic,0,1,95.56,3659.31,5,1
C00654,2023-09-29,South,0,0,9,Month-to-month,Electronic check,DSL,1,0,66.22,593.34,0,0
C00655,2018-11-14,West,0,0,68,Two year,Electronic check,DSL,0,1,73.54,4771.13,0,0
C00656,2022-12-04,North,0,0,19,Month-to-month,Electronic check,DSL,0,1,71.7,1296.37,1,1
C00657,2018-10-30,South,0,1,69,Two year,Bank transfer,No,0,0,26.04,1735.34,0,0
C00658,2023-12-27,East,0,1,6,Month-to-month,Bank transfer,Fiber optic,0,0,87.42,512.37,0,0
C00659,2023-03-13,West,0,1,15,One year,Mailed check,DSL,0,1,64.83,1010.54,1,0
C00660,2023-04-24,South,0,1,14,Month-to-month,Mailed check,Fiber optic,1,1,109.35,1504.47,1,1
C00661,2023-10-24,South,0,1,8,Month-to-month,Electronic check,Fiber optic,1,0,101.8,832.08,4,1
C00662,2021-02-07,West,0,1,41,Two year,Bank transfer,DSL,1,1,79.42,3401.68,0,0
C00663,2020-05-25,South,0,1,49,Month-to-month,Credit card,Fiber optic,0,1,93.69,4602.88,0,1
C00664,2023-04-18,East,0,0,14,Month-to-month,Credit card,DSL,0,1,67.26,973.6,1,1
C00665,2022-08-11,South,0,1,22,Month-to-month,Electronic check,DSL,0,1,70.04,1527.89,1,0
C00666,2021-03-05,North,1,1,40,One year,Bank transfer,Fiber optic,1,1,107.69,4202.15,2,0
C00667,2018-07-10,South,0,1,72,Two year,Electronic check,DSL,0,1,70.05,5180.98,1,0
C00668,2023-06-06,East,0,0,13,Two year,Electronic check,No,0,0,17.52,231.03,0,0
C00669,2022-03-23,North,0,1,27,Month-to-month,Electronic check,Fiber optic,1,0,94.14,2582.75,1,1
C00670,2023-09-12,North,0,0,9,Month-to-month,Electronic check,No,0,0,21.36,188.97,2,0
C00671,2023-06-10,West,0,1,12,Month-to-month,Electronic check,Fiber optic,0,0,86.55,1038.23,3,1
C00672,2023-01-27,North,0,0,17,One year,Credit card,No,0,0,17.47,293.72,2,0
C00673,2021-01-01,North,0,0,42,Two year,Electronic check,DSL,0,1,57.2,2499.33,1,0
C00674,2023-08-16,East,0,0,10,One year,Bank transfer,Fiber optic,0,0,73.48,766.51,0,0
C00675,2019-03-07,East,0,0,64,One year,Credit card,Fiber optic,1,1,106.81,6571.4,0,0
C00676,2022-01-17,North,1,0,29,Month-to-month,Bank transfer,No,0,0,20.73,613.7,2,0
C00677,2018-09-20,North,1,1,70,Two year,Mailed check,DSL,0,0,54.17,3701.86,2,0
C00678,2022-06-08,West,0,1,25,Month-to-month,Bank transfer,Fiber optic,0,0,85.14,2174.27,2,1
C00679,2021-05-19,East,0,0,37,Month-to-month,Electronic check,Fiber optic,1,1,113.4,4093.3,2,1
C00680,2020-09-02,East,0,0,46,Month-to-month,Mailed check,DSL,0,1,65.01,2974.02,0,0
C00681,2022-05-08,North,0,0,26,Month-to-month,Mailed check,No,0,0,21.46,552.94,2,0
C00682,2023-06-09,North,0,1,12,Month-to-month,Credit card,DSL,1,1,83.74,1036.7,0,1
C00683,2024-03-03,North,0,1,3,Month-to-month,Credit card,DSL,1,1,72.85,215.32,0,0
C00684,2024-02-27,West,0,0,4,Month-to-month,Credit card,Fiber optic,0,0,92.08,383.54,1,1
C00685,2022-03-16,West,0,0,27,One year,Bank transfer,Fiber optic,0,1,100.88,2615.88,0,0
C00686,2021-09-26,East,1,1,33,Month-to-month,Mailed check,DSL,1,1,75.76,2433.78,3,1
C00687,2023-11-28,East,0,1,7,Month-to-month,Credit card,DSL,0,1,56.86,387.52,2,1
C00688,2020-04-16,North,0,0,51,Two year,Credit card,DSL,1,0,70.56,3510.66,0,0
C00689,2018-12-24,West,0,0,67,One year,Mailed check,Fiber optic,0,1,104.08,7041.81,0,0
C00690,2023-04-25,East,0,0,14,Month-to-month,Credit card,No,0,0,17.22,,3,0
C00691,2022-11-14,East,0,1,19,Month-to-month,Credit card,Fiber optic,0,0,92.33,1746.85,1,0
C00692,2018-07-11,West,1,1,72,Two year,Mailed check,DSL,0,1,60.24,4549.27,0,0
C00693,2023-10-21,North,0,1,8,Month-to-month,Electronic check,Fiber optic,0,1,98.17,810.89,1,1
C00694,2021-10-19,South,0,0,32,Month-to-month,Electronic check,No,0,0,19.29,613.12,1,0
C00695,2022-09-10,North,0,1,21,Two year,Credit card,Fiber optic,0,0,79.65,1714.18,4,0
C00696,2022-02-14,South,0,1,28,Month-to-month,Electronic check,DSL,1,0,64.0,1725.56,1,0
C00697,2021-01-10,South,1,1,42,One year,Mailed check,DSL,1,0,64.88,2676.55,0,0
C00698,2021-05-23,South,1,1,37,One year,Bank transfer,No,0,0,15.24,588.29,1,0
C00699,2023-09-29,East,0,0,9,One year,Credit card,No,0,0,22.7,214.09,0,0
C00700,2023-12-07,South,1,1,6,Month-to-month,Credit card,DSL,0,1,64.27,399.52,2,0
C00701,2024-04-23,North,0,1,2,Month-to-month,Bank transfer,No,0,0,18.56,37.66,0,1
C00702,2023-03-06,North,0,0,16,Month-to-month,Mailed check,DSL,1,0,70.79,1167.94,1,0
C00703,2024-02-01,East,0,1,5,Month-to-month,Electronic check,DSL,0,1,64.38,310.38,1,1
C00704,2022-06-20,East,1,0,24,Two year,Bank transfer,Fiber optic,1,0,85.95,2042.74,4,1
C00705,2022-04-05,West,1,0,27,Month-to-month,Electronic check,Fiber optic,1,1,105.99,2889.51,1,1
C00706,2018-07-12,West,0,0,72,One year,Bank transfer,Fiber optic,0,1,97.44,7082.22,2,1
C00707,2023-01-27,North,0,0,17,One year,Credit card,No,0,0,19.03,316.15,0,0
C00708,2022-08-08,East,0,0,23,One year,Bank transfer,No,0,0,23.44,546.2,2,0
C00709,2022-04-01,North,1,0,27,Month-to-month,Bank transfer,DSL,0,0,56.6,,0,0
C00710,2023-02-26,North,1,0,16,Month-to-month,Bank transfer,Fiber optic,0,0,82.6,1355.0,4,1
C00711,2022-08-28,West,1,1,22,Two year,Credit card,Fiber optic,1,1,109.79,2410.26,2,1
C00712,2024-02-21,South,0,0,4,One year,Mailed check,Fiber optic,1,0,96.85,388.97,0,0
C00713,2020-11-07,West,0,0,44,Two year,Mailed check,No,0,0,21.73,998.59,0,0
C00714,2022-02-22,North,0,1,28,Two year,Electronic check,Fiber optic,1,1,106.36,3119.94,1,0
C00715,2021-10-03,East,0,1,33,One year,Bank transfer,DSL,0,0,56.14,1909.27,0,0
C00716,2019-09-09,South,0,0,58,Month-to-month,Electronic check,DSL,0,0,55.44,3194.52,4,0
C00717,2019-01-21,West,0,1,66,One year,Mailed check,No,0,0,18.8,,0,0
C00718,2021-10-16,East,0,0,32,Month-to-month,Bank transfer,No,0,0,21.92,702.59,0,0
C00719,2018-07-04,West,0,0,72,One year,Electronic check,DSL,0,0,57.23,4231.31,2,0
C00720,2019-02-23,South,0,1,65,Two year,Bank transfer,DSL,0,0,57.23,3805.71,0,0
C00721,2022-06-16,West,0,1,24,Month-to-month,Electronic check,Fiber optic,0,0,87.47,2052.71,1,1
C00722,2021-03-01,West,0,0,40,Month-to-month,Electronic check,DSL,1,0,56.0,2229.79,2,0
C00723,2021-07-22,West,1,1,35,Month-to-month,Electronic check,DSL,0,1,70.62,2515.48,0,0
C00724,2018-07-29,South,0,0,72,Two year,Electronic check,No,0,0,16.14,1112.69,1,0
C00725,2023-09-14,West,0,1,9,Month-to-month,Credit card,Fiber optic,1,0,99.48,860.14,3,1
C00726,2022-11-13,East,0,1,19,Month-to-month,Credit card,No,0,0,15.0,294.24,0,0
C00727,2021-03-08,North,1,1,40,Month-to-month,Bank transfer,Fiber optic,0,0,91.33,3810.07,1,1
C00728,2022-07-30,West,0,1,23,Month-to-month,Bank transfer,DSL,1,0,56.27,1252.65,0,0
C00729,2024-02-02,North,1,0,4,Month-to-month,Credit card,No,0,0,21.29,88.71,1,1
C00730,2024-01-24,East,0,1,5,Month-to-month,Credit card,DSL,1,1,75.54,391.13,1,0
C00731,2021-06-22,North,1,1,36,Month-to-month,Mailed check,DSL,0,1,68.85,2391.05,0,0
C00732,2022-07-03,West,0,0,24,Month-to-month,Electronic check,No,0,0,26.9,622.77,1,0
C00733,2022-02-27,East,0,0,28,Month-to-month,Bank transfer,Fiber optic,1,0,95.95,2684.14,1,0
C00734,2022-10-06,West,0,1,21,Month-to-month,Credit card,No,0,0,23.76,513.28,1,0
C00735,2022-01-16,East,0,0,29,Month-to-month,Electronic check,DSL,0,1,73.14,2119.21,0,1
C00736,2020-11-12,East,0,1,44,One year,Mailed check,No,0,0,17.52,795.7,0,0
C00737,2024-05-10,West,0,0,1,Month-to-month,Mailed check,Fiber optic,0,1,98.45,94.83,3,1
C00738,2024-04-20,South,0,0,2,Month-to-month,Mailed check,Fiber optic,0,0,90.47,176.37,0,0
C00739,2023-11-29,East,0,0,7,Month-to-month,Bank transfer,No,0,0,21.41,153.3,0,0
C00740,2022-10-08,South,1,0,21,Month-to-month,Mailed check,DSL,0,1,64.65,1358.88,0,0
C00741,2022-12-04,North,0,0,19,Month-to-month,Credit card,Fiber optic,1,0,97.06,1827.49,4,0
C00742,2024-01-17,West,1,1,5,Month-to-month,Credit card,Fiber optic,1,0,95.46,493.32,0,1
C00743,2018-11-24,South,0,0,68,Two year,Electronic check,Fiber optic,1,1,109.04,7147.72,2,0
C00744,2018-09-25,North,0,0,70,Month-to-month,Credit card,No,0,0,17.89,1240.8,1,0
C00745,2022-02-13,west,0,1,28,Month-to-month,Credit card,Fiber optic,0,0,85.97,2504.25,2,1
C00746,2022-11-22,West,0,0,19,Month-to-month,Mailed check,DSL,0,0,54.44,1076.8,0,0
C00747,2022-10-08,East,0,0,21,Month-to-month,Mailed check,DSL,0,0,53.02,1098.62,0,0
C00748,2023-10-30,South,0,0,8,Month-to-month,Credit card,No,0,0,25.24,200.44,3,0
C00749,2018-07-17,West,0,1,72,One year,Mailed check,No,0,0,17.95,1237.63,1,0
C00750,2019-04-21,East,0,0,63,Two year,Electronic check,No,0,0,16.98,1039.15,1,0
C00751,2022-03-07,South,0,1,28,Month-to-month,Electronic check,DSL,1,0,60.25,1605.63,0,0
C00752,2021-09-21,South,0,0,33,Month-to-month,Electronic check,DSL,0,1,66.74,2209.78,0,0
C00753,2022-10-26,West,0,1,20,Month-to-month,Bank transfer,Fiber optic,1,1,106.39,2231.69,3,1
C00754,2024-03-03,West,0,0,3,Month-to-month,Electronic check,Fiber optic,1,1,109.89,318.01,1,1
C00755,2021-10-24,East,0,1,32,One year,Bank transfer,DSL,0,1,62.07,2075.63,0,0
C00756,2024-01-22,North,0,0,5,Month-to-month,Mailed check,Fiber optic,0,0,78.26,387.67,2,0
C00757,2020-08-26,North,0,1,46,Month-to-month,Credit card,DSL,0,0,47.58,2090.26,0,0
C00758,2018-07-18,South,0,0,72,Two year,Mailed check,Fiber optic,1,1,108.82,7568.91,3,0
C00759,2023-05-15,East,0,0,13,Month-to-month,Credit card,DSL,1,1,81.14,1049.88,0,0
C00760,2023-09-21,West,0,1,9,Month-to-month,Credit card,DSL,1,0,68.81,601.01,0,0
C00761,2019-11-24,West,0,0,56,One year,Electronic check,DSL,1,0,62.99,3586.92,0,0
C00762,2022-08-30,South,0,0,22,Month-to-month,Bank transfer,No,0,0,20.52,439.55,1,1
C00763,2020-08-14,North,0,1,47,Month-to-month,Electronic check,Fiber optic,1,1,98.01,4733.09,1,0
C00764,2023-04-30,South,0,1,14,Month-to-month,Credit card,No,0,0,26.47,359.81,0,0
C00765,2021-12-02,North,0,1,31,Two year,Bank transfer,Fiber optic,1,1,111.63,3490.75,1,0
C00766,2023-07-17,West,0,1,11,Month-to-month,Electronic check,Fiber optic,0,0,88.62,977.02,2,1
C00767,2023-10-10,North,0,0,8,Month-to-month,Electronic check,DSL,1,1,73.41,605.1,0,1
C00768,2023-07-29,West,0,0,11,Month-to-month,Mailed check,Fiber optic,1,1,105.55,1173.6,2,0
C00769,2023-06-19,East,0,1,12,Month-to-month,Credit card,DSL,1,0,64.24,,0,0
C00770,2022-09-26,North,0,0,21,One year,Credit card,Fiber optic,0,1,103.8,2268.18,4,1
C00771,2022-10-08,East,1,1,21,Month-to-month,Electronic check,Fiber optic,0,0,89.0,1940.27,2,1
C00772,2022-11-27,East,0,0,19,One year,Electronic check,No,0,0,19.25,379.73,0,0
C00773,2018-10-09,North,1,0,69,One year,Mailed check,DSL,1,1,79.34,5330.4,1,0
C00774,2019-01-06,North,0,0,66,Two year,Bank transfer,Fiber optic,0,1,93.35,6295.7,1,0
C00775,2021-07-23,South,0,0,35,Month-to-month,Electronic check,DSL,0,0,49.46,1755.36,0,1
C00776,2019-10-01,North,0,1,57,Two year,Electronic check,DSL,0,0,54.72,3227.9,0,0
C00777,2022-03-28,East,0,0,27,One year,Credit card,Fiber optic,0,0,80.45,2200.8,2,1
C00778,2024-04-01,East,0,0,3,Month-to-month,Mailed check,Fiber optic,0,0,78.23,227.46,2,0
C00779,2018-07-21,North,0,0,72,One year,Bank transfer,Fiber optic,0,0,85.13,5998.93,2,0
C00780,2021-12-27,North,0,1,30,Two year,Mailed check,DSL,0,0,53.94,1615.74,2,0
C00781,2022-10-02,East,1,0,21,Month-to-month,Mailed check,No,0,0,15.97,337.17,1,0
C00782,2020-10-16,South,0,1,45,Two year,Bank transfer,No,0,0,18.4,821.95,0,0
C00783,2023-07-25,South,0,0,11,Month-to-month,Electronic check,Fiber optic,1,0,96.51,1100.02,0,1
C00784,2020-11-16,South,0,0,44,One year,Electronic check,No,0,0,19.1,870.0,2,0
C00785,2022-02-17,North,0,1,28,Two year,Credit card,DSL,1,0,65.56,1881.42,0,0
C00786,2021-04-07,West,0,1,39,Month-to-month,Credit card,Fiber optic,0,1,96.32,3735.96,0,0
C00787,2021-12-26,West,0,1,30,Two year,Bank transfer,No,0,0,26.92,828.78,3,0
C00788,2021-08-13,East,0,1,35,Month-to-month,Electronic check,Fiber optic,0,0,90.32,3274.63,1,1
C00789,2021-01-03,South,1,1,42,One year,Electronic check,Fiber optic,0,0,85.46,3627.36,1,0
C00790,2023-01-10,North,0,1,17,One year,Electronic check,Fiber optic,0,1,93.72,1610.1,1,0
C00791,2023-03-01,South,0,1,16,Month-to-month,Credit card,Fiber optic,1,0,92.76,1444.79,1,1
C00792,2023-07-16,West,0,0,11,Month-to-month,Credit card,Fiber optic,1,0,89.83,973.81,4,1
C00793,2023-07-26,North,0,0,11,Month-to-month,Mailed check,DSL,0,1,63.81,714.91,2,1
C00794,2021-12-24,West,0,1,30,Month-to-month,Credit card,DSL,0,1,69.67,2174.13,0,0
C00795,2022-09-10,South,0,1,21,Month-to-month,Electronic check,Fiber optic,0,0,82.63,1767.75,0,1
C00796,2021-12-08,South,0,0,31,Month-to-month,Bank transfer,Fiber optic,0,0,84.3,2572.03,3,1
C00797,2020-11-15,West,0,1,44,Month-to-month,Electronic check,Fiber optic,1,1,111.73,5056.99,0,0
C00798,2023-06-11,West,0,1,12,Month-to-month,Electronic check,No,0,0,22.21,266.01,0,0
C00799,2020-05-07,West,0,1,50,One year,Credit card,Fiber optic,0,0,85.28,4204.29,1,0
C00800,2019-10-18,South,0,0,57,One year,Credit card,DSL,0,1,66.54,3736.63,1,0
C00801,2018-10-13,East,0,1,69,One year,Electronic check,Fiber optic,0,0,84.21,5984.66,1,0
C00802,2022-09-02,South,1,0,22,Month-to-month,Electronic check,Fiber optic,1,1,110.72,2522.49,1,1
C00803,2018-07-19,North,0,1,72,Two year,Bank transfer,Fiber optic,1,0,96.19,6805.8,1,0
C00804,2023-04-11,South,0,1,14,One year,Electronic check,Fiber optic,1,0,93.97,1276.82,5,1
C00805,2022-10-29,North,0,1,20,Month-to-month,Bank transfer,Fiber optic,0,1,91.9,1844.71,1,1
C00806,2023-10-16,North,0,0,8,Month-to-month,Bank transfer,Fiber optic,0,0,86.93,719.34,3,1
C00807,2022-05-15,East,0,0,25,One year,Electronic check,Fiber optic,0,1,98.37,2362.39,1,0
C00808,2024-04-11,East,0,0,2,Month-to-month,Electronic check,No,0,0,15.0,29.96,2,0
C00809,2024-02-20,South,0,0,4,Month-to-month,Electronic check,DSL,1,0,64.38,244.66,0,0
C00810,2020-08-21,East,0,0,46,Two year,Credit card,Fiber optic,0,0,86.34,4008.29,0,0
C00811,2024-02-18,West,0,1,4,Month-to-month,Mailed check,Fiber optic,1,1,105.95,413.58,1,1
C00812,2023-05-26,West,0,0,13,Month-to-month,Bank transfer,DSL,0,0,62.26,799.05,0,1
C00813,2022-06-23,East,0,1,24,Two year,Electronic check,Fiber optic,1,0,101.11,2383.24,1,0
C00814,2020-09-11,North,0,0,46,One year,Bank transfer,Fiber optic,0,1,91.95,4226.19,0,0
C00815,2021-06-02,East,1,0,37,Month-to-month,Electronic check,Fiber optic,0,0,84.01,3164.48,2,1
C00816,2021-06-09,North,0,1,37,Two year,Electronic check,Fiber optic,1,1,110.88,3938.36,1,0
C00817,2022-11-07,North,1,1,20,Two year,Bank transfer,DSL,0,0,54.67,1110.27,0,0
C00818,2023-10-29,South,0,0,8,Month-to-month,Bank transfer,DSL,0,0,57.95,453.34,1,0
C00819,2022-05-22,South,0,1,25,One year,Electronic check,DSL,1,0,62.41,1599.27,0,1
C00820,2023-05-12,North,1,1,13,Month-to-month,Mailed check,Fiber optic,1,1,100.72,1257.85,0,1
C00821,2019-10-19,North,0,0,57,Month-to-month,Credit card,Fiber optic,0,0,87.77,5151.24,1,0
C00822,2019-02-19,West,0,1,65,One year,Electronic check,No,0,0,18.67,1236.73,0,0
C00823,2020-04-18,East,0,1,51,Month-to-month,Electronic check,Fiber optic,1,0,105.31,5154.96,2,1
C00824,2023-01-04,East,0,0,18,One year,Mailed check,DSL,0,0,58.76,1098.65,1,0
C00825,2019-01-23,North,0,1,66,Two year,Electronic check,DSL,0,1,62.76,3966.17,2,0
C00826,2022-02-18,West,0,1,28,Month-to-month,Bank transfer,DSL,1,1,79.69,2150.3,2,1
C00827,2022-02-19,South,0,0,28,One year,Bank transfer,Fiber optic,0,1,96.72,2623.5,2,0
C00828,2023-12-05,East,0,1,6,Month-to-month,Mailed check,DSL,0,0,57.1,332.01,0,0
C00829,2021-09-14,South,0,1,34,Two year,Bank transfer,Fiber optic,0,0,82.11,2907.77,2,0
C00830,2021-10-22,North,0,0,32,Month-to-month,Mailed check,Fiber optic,0,0,86.25,2735.03,1,1
C00831,2023-08-18,South,1,1,10,One year,Bank transfer,Fiber optic,1,0,99.24,958.78,2,1
C00832,2022-03-04,North,0,0,28,One year,Electronic check,DSL,1,0,68.29,1921.3,0,0
C00833,2023-05-02,West,0,0,14,Month-to-month,Electronic check,DSL,0,0,59.38,851.55,0,1
C00834,2021-06-11,South,0,0,37,One year,Bank transfer,Fiber optic,0,0,97.46,3778.55,0,0
C00835,2022-12-23,West,0,1,18,One year,Electronic check,Fiber optic,0,0,83.13,1511.02,1,1
C00836,2019-04-05,West,0,1,63,One year,Electronic check,DSL,0,1,74.22,4497.44,2,0
C00837,2022-09-06,North,0,0,22,One year,Mailed check,No,0,0,21.18,448.55,0,0
C00838,2018-12-10,South,0,1,67,Two year,Bank transfer,Fiber optic,0,0,83.45,,1,0
C00839,2020-07-17,North,0,0,48,Month-to-month,Electronic check,Fiber optic,1,1,106.97,5271.17,2,0
C00840,2018-07-27,North,0,0,72,Month-to-month,Bank transfer,DSL,0,0,58.61,4071.32,0,1
C00841,2023-12-03,West,0,0,7,Month-to-month,Credit card,DSL,0,0,53.53,385.65,0,1
C00842,2022-05-14,East,0,1,25,One year,Bank transfer,DSL,0,1,59.16,1419.45,1,0
C00843,2023-08-26,South,0,0,10,Month-to-month,Electronic check,DSL,0,1,70.36,694.77,0,1
C00844,2021-08-28,North,0,0,34,Month-to-month,Credit card,Fiber optic,0,0,85.91,2781.05,0,0
C00845,2023-08-31,East,0,1,10,Month-to-month,Electronic check,Fiber optic,1,0,92.92,973.33,1,1
C00846,2022-09-22,East,0,0,21,Two year,Credit card,No,0,0,15.0,309.96,0,0
C00847,2021-12-23,North,0,1,30,Month-to-month,Bank transfer,No,0,0,21.63,624.55,0,0
C00848,2019-12-13,North,0,0,55,One year,Electronic check,DSL,1,0,70.16,3978.96,1,0
C00849,2020-10-02,South,1,1,45,Month-to-month,Credit card,DSL,1,1,73.41,3276.14,0,0
C00850,2020-11-12,East,0,1,44,Two year,Mailed check,Fiber optic,0,1,98.13,4369.8,4,1
C00851,2023-03-25,West,0,0,15,Month-to-month,Mailed check,No,0,0,28.85,448.42,0,0
C00852,2023-09-17,South,0,1,9,Month-to-month,Mailed check,No,0,0,23.8,209.07,0,0
C00853,2018-07-30,North,0,1,72,Two year,Bank transfer,DSL,0,1,67.02,4843.92,4,0
C00854,2021-12-01,West,0,1,31,Two year,Bank transfer,DSL,0,0,54.62,1636.65,1,0
C00855,2023-03-27,South,0,0,15,Month-to-month,Credit card,DSL,1,0,63.13,980.18,0,1
C00856,2024-04-27,East,1,1,2,Month-to-month,Electronic check,No,0,0,20.33,39.93,1,1
C00857,2021-08-13,North,1,0,35,One year,Bank transfer,Fiber optic,1,0,93.38,3264.07,2,1
C00858,2018-08-01,North,0,0,72,Two year,Bank transfer,Fiber optic,1,0,93.97,6917.47,0,0
C00859,2023-09-24,North,1,0,9,Month-to-month,Bank transfer,Fiber optic,0,0,84.58,791.95,5,1
C00860,2021-11-17,West,1,1,31,Month-to-month,Mailed check,DSL,0,1,60.63,1850.95,0,0
C00861,2020-01-02,North,0,1,54,One year,Mailed check,Fiber optic,1,1,106.49,5511.77,2,1
C00862,2022-02-14,West,0,0,28,One year,Bank transfer,DSL,0,0,65.93,1850.42,2,0
C00863,2022-06-26,West,1,0,24,One year,Electronic check,Fiber optic,1,1,101.6,2319.7,0,0
C00864,2023-05-04,East,0,0,14,One year,Electronic check,Fiber optic,1,1,113.3,1569.16,0,0
C00865,2022-07-27,West,1,0,23,Month-to-month,Bank transfer,Fiber optic,0,1,101.39,2310.56,1,1
C00866,2021-09-06,West,0,0,34,Two year,Electronic check,DSL,0,1,69.79,2364.79,1,0
C00867,2021-03-30,East,0,0,39,Two year,Electronic check,No,0,0,18.1,699.43,0,0
C00868,2018-07-11,West,0,1,72,One year,Electronic check,Fiber optic,0,0,88.93,6555.42,3,0
C00869,2022-11-10,East,1,0,19,Month-to-month,Bank transfer,DSL,0,1,74.62,1380.48,0,0
C00870,2020-11-29,North,0,1,43,Month-to-month,Credit card,DSL,1,1,81.65,3517.74,0,0
C00871,2022-03-25,North,0,1,27,One year,Mailed check,Fiber optic,0,0,86.34,2290.38,0,0
C00872,2023-03-27,South,0,0,15,Month-to-month,Electronic check,DSL,0,1,67.43,1023.72,0,1
C00873,2021-10-09,South,0,1,33,Two year,Credit card,DSL,0,0,52.81,1729.13,0,0
C00874,2022-07-02,South,0,1,24,Month-to-month,Electronic check,DSL,0,1,67.8,1579.41,0,0
C00875,2021-07-29,North,1,0,35,One year,Credit card,DSL,0,1,69.56,2457.43,0,0
C00876,2018-07-03,East,0,0,72,Two year,Bank transfer,Fiber optic,1,0,95.56,6706.77,2,0
C00877,2023-03-20,South,0,0,15,Month-to-month,Electronic check,Fiber optic,0,0,85.09,1263.14,0,0
C00878,2023-07-03,West,0,1,12,Month-to-month,Mailed check,DSL,1,0,65.15,775.21,0,1
C00879,2023-10-01,West,0,1,9,One year,Electronic check,Fiber optic,1,1,114.75,1073.89,2,0
C00880,2023-07-12,East,0,0,11,One year,Credit card,DSL,0,1,68.12,767.25,1,0
C00881,2023-06-11,West,1,0,12,Month-to-month,Electronic check,DSL,0,1,68.27,829.84,0,0
C00882,2021-04-06,South,1,0,39,One year,Credit card,DSL,0,0,45.82,1717.72,1,0
C00883,2019-03-21,West,0,1,64,Two year,Bank transfer,Fiber optic,0,1,101.28,6358.18,1,0
C00884,2023-04-07,West,0,1,15,Month-to-month,Credit card,No,0,0,22.76,326.03,0,0
C00885,2023-05-13,North,0,0,13,Month-to-month,Credit card,Fiber optic,1,0,97.57,1273.37,0,0
C00886,2022-05-19,East,0,1,25,Month-to-month,Electronic check,DSL,0,0,57.84,1390.74,0,0
C00887,2024-06-11,South,0,0,0,Month-to-month,Mailed check,DSL,1,1,73.62,,0,1
C00888,2022-05-13,South,0,1,25,Month-to-month,Credit card,DSL,0,0,54.25,1336.82,2,0
C00889,2022-11-03,South,0,1,20,Month-to-month,Mailed check,No,0,0,27.46,562.61,0,0
C00890,2023-10-10,West,0,0,8,One year,Electronic check,DSL,1,0,59.81,474.93,1,0
C00891,2022-02-12,West,1,1,28,Month-to-month,Electronic check,No,0,0,15.05,403.98,0,0
C00892,2018-11-11,South,0,1,68,Two year,Electronic check,Fiber optic,0,0,79.54,,1,0
C00893,2021-05-28,South,0,0,37,Month-to-month,Credit card,Fiber optic,0,1,96.67,3558.73,1,0
C00894,2023-05-15,East,0,1,13,Month-to-month,Mailed check,No,0,0,26.79,364.32,1,0
C00895,2021-11-03,East,0,1,32,One year,Bank transfer,DSL,0,1,68.52,2113.1,0,0
C00896,2020-06-13,South,0,0,49,Two year,Credit card,Fiber optic,0,1,101.76,5077.39,0,0
C00897,2023-10-15,South,0,1,8,Month-to-month,Electronic check,DSL,1,0,57.42,469.49,0,0
C00898,2024-04-23,West,0,0,2,Month-to-month,Bank transfer,No,0,0,17.05,35.29,1,0
C00899,2023-01-15,South,0,1,17,Month-to-month,Electronic check,Fiber optic,0,1,94.68,1665.35,2,1
C00900,2023-08-10,South,0,1,10,Month-to-month,Electronic check,DSL,0,1,73.82,731.13,0,1
C00901,2021-10-29,South,0,1,32,Month-to-month,Electronic check,No,0,0,20.98,687.98,2,0
C00902,2022-08-23,South,0,0,22,Month-to-month,Electronic check,DSL,1,0,65.21,1419.07,0,0
C00903,2022-12-06,East,1,1,19,Month-to-month,Mailed check,DSL,0,1,68.19,1346.75,0,0
C00904,2023-07-23,East,1,0,11,Month-to-month,Mailed check,Fiber optic,0,0,84.46,948.1,1,0
C00905,2018-07-03,North,0,1,72,Two year,Electronic check,Fiber optic,0,1,105.37,7239.41,1,0
C00906,2018-07-14,West,0,1,72,One year,Electronic check,No,0,0,28.21,1967.85,0,0
C00907,2023-08-03,South,0,0,11,Month-to-month,Bank transfer,Fiber optic,0,0,89.9,1028.87,3,1
C00908,2024-06-19,North,0,1,0,Month-to-month,Electronic check,Fiber optic,0,1,101.44,,1,1
C00909,2023-05-16,East,1,0,13,Month-to-month,Credit card,DSL,0,0,53.37,713.04,0,0
C00910,2023-12-06,North,0,0,6,Month-to-month,Credit card,DSL,0,0,57.29,355.8,1,1
C00911,2021-10-23,West,0,0,32,One year,Bank transfer,No,0,0,15.0,458.3,2,0
C00912,2021-04-09,West,0,0,39,Two year,Bank transfer,DSL,0,1,65.7,2462.15,1,0
C00913,2018-07-25,East,0,0,72,Two year,Bank transfer,Fiber optic,1,0,89.2,6703.44,3,0
C00914,2022-06-07,West,1,1,25,Two year,Bank transfer,DSL,0,1,69.42,1754.36,2,0
C00915,2022-04-21,South,1,0,26,Two year,Credit card,DSL,0,0,55.01,1461.64,1,0
C00916,2021-04-12,South,0,1,39,Two year,Credit card,Fiber optic,1,0,98.49,3800.63,1,0
C00917,2023-02-17,East,0,1,16,Month-to-month,Mailed check,Fiber optic,0,0,88.04,1372.28,4,1
C00918,2022-10-12,South,0,0,20,Month-to-month,Bank transfer,Fiber optic,1,0,99.92,1918.44,1,0
C00919,2023-07-16,West,0,1,11,Month-to-month,Credit card,No,0,0,17.35,185.39,0,0
C00920,2019-08-17,South,1,0,59,One year,Electronic check,DSL,0,0,48.23,2732.51,1,0
C00921,2022-02-05,South,0,1,29,Month-to-month,Mailed check,Fiber optic,0,0,93.18,,1,1
C00922,2019-07-28,East,1,1,59,Two year,Bank transfer,DSL,1,1,75.24,4603.97,0,0
C00923,2021-05-14,North,0,0,38,One year,Bank transfer,Fiber optic,1,1,107.24,4178.91,4,0
C00924,2022-10-08,East,0,0,21,Month-to-month,Mailed check,DSL,0,0,59.71,1193.99,1,0
C00925,2021-03-03,West,0,0,40,Month-to-month,Electronic check,Fiber optic,0,1,96.25,3858.29,4,1
C00926,2021-10-13,West,1,1,33,Month-to-month,Electronic check,DSL,1,0,60.84,1955.46,0,1
C00927,2022-06-17,North,0,1,24,Month-to-month,Bank transfer,Fiber optic,0,1,105.88,2433.23,3,1
C00928,2022-02-17,North,0,1,28,Two year,Credit card,Fiber optic,0,0,83.22,2218.53,0,0
C00929,2021-12-09,North,0,1,31,One year,Credit card,No,0,0,27.81,880.8,0,0
C00930,2019-05-16,West,0,1,62,One year,Mailed check,DSL,1,1,78.9,4832.61,0,0
C00931,2023-01-09,South,0,0,17,Month-to-month,Electronic check,No,0,0,24.46,419.51,2,0
C00932,2023-08-14,North,0,1,10,Month-to-month,Credit card,DSL,0,1,71.39,733.49,1,1
C00933,2023-09-01,East,0,0,10,Month-to-month,Bank transfer,DSL,0,0,53.8,535.22,0,1
C00934,2021-09-27,West,0,0,33,One year,Mailed check,DSL,0,1,69.85,2219.58,1,0
C00935,2023-11-17,North,0,0,7,One year,Mailed check,DSL,1,1,85.35,623.94,1,1
C00936,2020-08-30,North,0,1,46,Month-to-month,Electronic check,Fiber optic,0,0,90.74,4235.32,2,0
C00937,2021-12-17,North,0,1,30,Two year,Credit card,DSL,0,0,60.08,1748.15,0,0
C00938,2023-10-19,North,0,1,8,Month-to-month,Bank transfer,DSL,1,1,80.21,653.41,0,0
C00939,2018-07-04,North,0,0,72,Two year,Mailed check,Fiber optic,0,0,85.06,6080.43,2,0
C00940,2021-12-22,North,0,0,30,Month-to-month,Credit card,No,0,0,17.04,526.15,1,0
C00941,2023-11-02,East,0,1,8,Month-to-month,Bank transfer,Fiber optic,0,0,91.85,750.97,0,0
C00942,2018-11-12,North,0,1,68,Two year,Credit card,Fiber optic,0,0,83.19,5521.79,3,0
C00943,2023-06-24,East,1,0,12,Month-to-month,Mailed check,DSL,0,0,53.52,657.69,1,0
C00944,2023-06-24,South,0,1,12,Month-to-month,Mailed check,Fiber optic,0,0,85.54,1031.66,4,0
C00945,2023-05-17,East,0,1,13,Month-to-month,Credit card,DSL,1,0,59.61,788.32,0,0
C00946,2024-06-10,East,1,1,0,Month-to-month,Credit card,DSL,0,1,65.98,,2,1
C00947,2022-12-26,East,0,1,18,One year,Credit card,DSL,1,0,62.45,1079.53,0,0
C00948,2021-02-13,West,1,1,41,Two year,Credit card,Fiber optic,1,0,89.73,3508.21,3,0
C00949,2022-02-09,North,0,0,29,Two year,Mailed check,DSL,0,1,62.45,1863.9,0,0
C00950,2021-02-08,East,0,0,41,Month-to-month,Electronic check,Fiber optic,0,0,85.33,3421.93,1,0
C00951,2022-07-19,south,1,0,23,Month-to-month,Mailed check,DSL,0,0,59.53,1381.41,0,1
C00952,2023-11-28,East,0,1,7,Month-to-month,Credit card,Fiber optic,1,1,107.07,775.05,3,1
C00953,2022-10-14,North,0,1,20,Month-to-month,Mailed check,Fiber optic,1,1,103.06,2154.0,3,1
C00954,2022-07-16,South,0,0,23,Month-to-month,Bank transfer,DSL,1,1,74.8,1801.24,0,1
C00955,2019-09-10,West,0,1,58,Two year,Credit card,Fiber optic,1,1,108.8,6503.24,0,0
C00956,2021-07-28,West,0,1,35,Two year,Credit card,Fiber optic,1,0,100.02,3508.4,1,0
C00957,2020-03-02,South,0,1,52,One year,Credit card,Fiber optic,0,1,101.27,5142.94,2,0
C00958,2023-03-08,North,0,0,16,Month-to-month,Bank transfer,DSL,1,1,78.4,1193.86,0,0
C00959,2023-02-22,East,0,1,16,Month-to-month,Mailed check,Fiber optic,0,1,103.5,1610.57,3,1
C00960,2022-01-18,South,0,0,29,Month-to-month,Credit card,DSL,1,0,63.32,1787.89,1,0
C00961,2023-12-05,South,0,1,6,Month-to-month,Electronic check,DSL,0,0,50.73,305.18,1,1
C00962,2021-11-05,North,0,0,32,Month-to-month,Electronic check,DSL,1,1,76.29,2472.39,0,1
C00963,2018-07-18,South,0,1,72,Month-to-month,Credit card,Fiber optic,1,1,112.48,8487.4,2,0
C00964,2024-04-01,North,0,0,3,Month-to-month,Bank transfer,DSL,0,1,70.24,208.42,2,1
C00965,2020-12-14,North,0,1,43,Two year,Mailed check,Fiber optic,1,1,111.8,5018.19,3,0
C00966,2024-03-30,East,0,0,3,Month-to-month,Electronic check,DSL,1,0,65.09,201.27,1,1
C00967,2018-07-22,West,0,1,72,Two year,Mailed check,Fiber optic,0,0,86.03,6322.36,1,0
C00968,2023-11-17,North,1,0,7,Month-to-month,Credit card,DSL,0,0,54.6,369.78,0,1
C00969,2018-08-22,North,0,0,71,One year,Bank transfer,Fiber optic,0,0,82.01,5891.39,3,0
C00970,2021-12-08,North,0,0,31,Month-to-month,Mailed check,Fiber optic,1,0,95.6,2991.12,2,1
C00971,2021-02-20,East,0,1,40,Month-to-month,Bank transfer,DSL,1,1,76.58,3152.17,1,0
C00972,2022-10-21,West,0,1,20,Month-to-month,Credit card,DSL,0,0,53.54,1079.28,0,1
C00973,2021-05-24,South,0,0,37,Month-to-month,Credit card,Fiber optic,0,1,99.89,3867.22,2,1
C00974,2018-07-07,North,0,0,72,Two year,Mailed check,No,0,0,20.99,1465.8,0,0
C00975,2023-09-08,North,0,1,9,Month-to-month,Bank transfer,No,0,0,25.88,225.13,0,0
C00976,2023-11-21,East,0,1,7,One year,Electronic check,DSL,0,1,64.01,458.22,1,0
C00977,2023-12-12,South,0,1,6,Month-to-month,Mailed check,Fiber optic,0,1,95.85,603.61,1,1
C00978,2023-02-10,South,0,1,16,Month-to-month,Electronic check,DSL,1,1,70.39,1096.73,0,1
C00979,2022-11-16,North,0,1,19,Month-to-month,Mailed check,DSL,0,1,63.51,1152.85,0,0
C00980,2022-05-06,West,1,0,26,Month-to-month,Bank transfer,Fiber optic,0,0,87.99,2323.73,0,0
C00981,2018-10-03,south,0,1,69,Two year,Electronic check,Fiber optic,1,1,110.73,7829.31,1,0
C00982,2021-09-25,East,0,0,33,Two year,Electronic check,Fiber optic,0,0,88.25,2915.28,2,0
C00983,2021-10-10,East,0,0,33,One year,Electronic check,No,0,0,25.67,824.06,0,0
C00984,2020-08-24,North,0,1,46,Month-to-month,Electronic check,DSL,1,0,67.65,3110.73,0,0
C00985,2023-10-11,North,0,1,8,Month-to-month,Bank transfer,Fiber optic,1,1,107.74,845.34,0,0
C00986,2018-07-16,West,0,0,72,Two year,Electronic check,DSL,1,1,80.16,5608.57,0,0
C00987,2022-03-03,West,0,1,28,Month-to-month,Electronic check,DSL,1,1,74.46,2085.12,3,0
C00988,2022-05-19,South,0,0,25,Month-to-month,Credit card,DSL,0,1,60.93,1454.36,0,0
C00989,2024-03-15,North,0,0,3,Month-to-month,Electronic check,No,0,0,18.93,58.02,1,1
C00990,2022-08-22,South,1,1,22,One year,Credit card,Fiber optic,0,0,84.41,1906.34,1,0
C00991,2020-09-18,West,0,0,46,One year,Bank transfer,DSL,0,1,67.96,3277.86,0,0
C00992,2023-05-03,East,0,1,14,One year,Bank transfer,Fiber optic,0,1,94.32,1370.49,0,0
C00993,2018-07-23,North,1,1,72,One year,Bank transfer,No,0,0,18.11,1277.15,0,0
C00994,2022-07-14,East,0,0,23,Month-to-month,Electronic check,No,0,0,23.67,533.75,1,1
C00995,2018-07-12,North,0,1,72,Two year,Credit card,Fiber optic,1,1,102.65,7349.29,0,0
C00996,2024-02-25,South,0,1,4,Month-to-month,Credit card,DSL,1,1,77.14,315.48,0,0
C00997,2020-03-27,South,1,1,51,One year,Mailed check,Fiber optic,0,1,95.05,4625.04,1,0
C00998,2022-08-17,South,0,1,22,Month-to-month,Bank transfer,Fiber optic,0,0,78.78,,1,0
C00999,2022-01-10,East,0,1,30,Two year,Bank transfer,No,0,0,18.91,578.8,0,0
C01000,2024-04-29,North,0,0,2,Month-to-month,Credit card,Fiber optic,0,0,81.95,169.65,2,1
C01001,2023-08-24,West,0,1,10,Month-to-month,Credit card,Fiber optic,1,0,93.86,956.44,0,0
C01002,2023-02-22,East,0,0,16,Month-to-month,Electronic check,DSL,0,1,67.86,1131.45,0,0
C01003,2024-04-09,South,0,1,2,Month-to-month,Credit card,Fiber optic,0,0,76.84,158.55,3,1
C01004,2022-08-23,West,1,1,22,Month-to-month,Credit card,DSL,0,0,59.67,1304.33,2,0
C01005,2020-05-12,South,0,0,50,One year,Bank transfer,DSL,1,0,77.57,3959.51,0,0
C01006,2024-01-12,South,0,0,5,Month-to-month,Electronic check,Fiber optic,0,1,93.77,489.58,2,1
C01007,2021-04-28,North,0,0,38,Two year,Credit card,Fiber optic,1,0,93.19,3698.81,0,0
C01008,2024-05-10,West,0,1,1,Month-to-month,Bank transfer,No,0,0,17.26,17.95,1,0
C01009,2023-06-18,West,0,0,12,One year,Electronic check,Fiber optic,0,0,81.21,,6,1
C01010,2023-08-04,North,0,0,11,Month-to-month,Credit card,No,0,0,28.51,317.83,1,0
C01011,2020-12-21,West,0,0,42,One year,Bank transfer,Fiber optic,0,0,84.3,3558.25,0,0
C01012,2021-02-07,West,0,0,41,One year,Credit card,Fiber optic,1,1,110.32,4382.95,1,0
C01013,2022-01-18,South,0,1,29,Month-to-month,Bank transfer,DSL,0,1,72.25,2086.59,0,1
C01014,2022-10-19,West,0,1,20,Two year,Electronic check,Fiber optic,0,1,101.72,1960.09,1,0
C01015,2024-03-14,East,0,1,3,Month-to-month,Credit card,DSL,0,1,72.03,208.6,0,0
C01016,2023-12-22,East,0,1,6,Month-to-month,Bank transfer,DSL,0,0,50.28,291.35,1,1
C01017,2023-11-10,North,0,1,7,One year,Mailed check,DSL,0,0,59.19,413.2,0,0
C01018,2020-02-09,North,0,1,53,Two year,Mailed check,No,0,0,18.99,964.9,0,0
C01019,2019-09-18,East,0,1,58,Month-to-month,Electronic check,Fiber optic,0,0,92.11,5534.25,3,1
C01020,2024-03-30,South,0,0,3,Month-to-month,Bank transfer,No,0,0,17.01,53.1,0,0
C01021,2020-10-16,West,0,0,45,Two year,Mailed check,No,0,0,15.76,721.68,1,0
C01022,2022-03-25,North,1,0,27,One year,Credit card,No,0,0,20.33,549.91,2,0
C01023,2018-07-19,West,0,1,72,Two year,Credit card,DSL,1,1,79.89,6013.1,0,0
C01024,2023-12-24,East,1,0,6,Month-to-month,Bank transfer,No,0,0,15.0,88.4,0,0
C01025,2022-05-27,West,0,0,25,One year,Electronic check,No,0,0,18.68,471.86,0,0
C01026,2023-10-31,West,0,1,8,Month-to-month,Bank transfer,No,0,0,15.92,131.16,1,0
C01027,2018-07-06,West,1,0,72,Two year,Electronic check,DSL,1,1,81.0,5969.82,0,0
C01028,2023-01-22,South,0,1,17,Month-to-month,Credit card,DSL,0,0,53.04,932.69,0,0
C01029,2021-12-16,East,0,0,30,One year,Mailed check,No,0,0,24.81,724.43,1,0
C01030,2022-04-30,North,1,0,26,Month-to-month,Credit card,DSL,1,0,62.43,1672.16,0,0
C01031,2021-12-05,South,0,0,31,One year,Mailed check,DSL,0,1,68.52,2025.44,1,0
C01032,2021-01-29,South,0,0,41,One year,Electronic check,Fiber optic,0,0,79.78,3287.79,1,0
C01033,2019-09-24,South,1,1,58,Month-to-month,Credit card,DSL,1,1,76.86,4239.29,0,0
C01034,2021-08-09,East,0,0,35,Two year,Mailed check,DSL,0,0,50.92,1755.34,1,0
C01035,2024-02-16,North,0,0,4,Month-to-month,Credit card,No,0,0,26.41,106.48,0,1
C01036,2022-04-08,East,1,0,27,One year,Credit card,No,0,0,24.59,677.9,0,0
C01037,2023-04-08,South,0,1,14,Month-to-month,Mailed check,No,0,0,21.16,296.18,0,0
C01038,2023-09-24,North,0,1,9,Month-to-month,Mailed check,DSL,0,1,71.39,671.3,0,0
C01039,2023-04-16,East,0,0,14,Month-to-month,Bank transfer,DSL,0,0,53.3,747.05,0,0
C01040,2024-04-04,West,0,0,2,Month-to-month,Credit card,Fiber optic,1,1,109.74,210.08,1,0
C01041,2020-06-20,East,0,0,49,Month-to-month,Credit card,Fiber optic,1,0,94.98,4505.83,1,0
C01042,2022-03-07,North,0,1,28,One year,Electronic check,DSL,1,1,79.36,2298.82,0,0
C01043,2024-01-30,East,0,0,5,One year,Bank transfer,Fiber optic,0,1,97.79,510.72,2,1
C01044,2021-09-06,East,0,0,34,One year,Electronic check,No,0,0,20.07,693.92,2,0
C01045,2021-05-30,East,0,0,37,Month-to-month,Bank transfer,Fiber optic,0,0,78.06,2958.72,1,1
C01046,2020-03-30,South,0,0,51,Month-to-month,Credit card,DSL,0,0,52.72,2720.7,2,0
C01047,2024-02-19,North,1,1,4,Month-to-month,Credit card,DSL,0,0,62.56,253.71,1,1
C01048,2023-09-12,North,0,0,9,One year,Mailed check,DSL,0,0,54.84,514.02,0,0
C01049,2018-07-08,South,0,0,72,Two year,Mailed check,DSL,0,1,64.45,4610.57,3,0
C01050,2021-06-05,East,0,1,37,Month-to-month,Electronic check,Fiber optic,0,0,85.5,3216.34,0,0
C01051,2023-09-24,East,0,1,9,One year,Electronic check,Fiber optic,1,0,89.22,816.93,0,0
C01052,2022-08-16,East,0,0,22,Month-to-month,Mailed check,Fiber optic,1,0,93.42,2033.91,0,0
C01053,2023-03-31,South,0,1,15,Month-to-month,Credit card,No,0,0,21.06,314.28,0,1
C01054,2024-03-10,South,0,1,3,Month-to-month,Mailed check,DSL,0,1,69.29,204.13,0,0
C01055,2023-01-18,North,0,0,17,Month-to-month,Electronic check,DSL,1,0,66.7,1185.36,0,1
C01056,2021-06-08,West,0,0,37,One year,Bank transfer,DSL,1,0,71.37,2543.43,1,0
C01057,2019-07-22,South,0,0,60,Two year,Electronic check,DSL,0,0,52.62,3079.43,0,0
C01058,2020-04-04,East,0,1,51,Month-to-month,Electronic check,Fiber optic,0,0,79.31,4155.09,2,0
C01059,2023-02-16,South,0,1,16,Month-to-month,Credit card,Fiber optic,0,0,83.88,1320.97,2,1
C01060,2023-09-27,South,0,1,9,One year,Electronic check,No,0,0,18.05,165.58,1,0
C01061,2018-07-13,North,0,1,72,Two year,Mailed check,Fiber optic,0,0,86.06,6336.9,2,0
C01062,2022-08-25,West,0,0,22,One year,Bank transfer,Fiber optic,0,1,96.16,2126.7,0,0
C01063,2022-03-13,North,0,1,28,Month-to-month,Electronic check,DSL,0,0,55.88,1550.33,2,0
C01064,2020-12-05,West,1,1,43,One year,Electronic check,Fiber optic,1,0,95.72,4198.76,0,0
C01065,2021-07-09,North,0,0,36,Month-to-month,Electronic check,DSL,0,0,58.85,2014.84,1,1
C01066,2019-07-13,North,0,1,60,Two year,Mailed check,No,0,0,20.25,1240.33,0,0
C01067,2023-07-03,West,0,1,12,Month-to-month,Credit card,Fiber optic,0,1,98.12,1186.41,2,1
C01068,2023-01-09,West,0,1,17,One year,Mailed check,DSL,0,1,74.43,1308.78,1,1
C01069,2022-03-11,West,0,1,28,Month-to-month,Mailed check,DSL,1,1,70.75,2028.72,0,0
C01070,2023-07-13,West,0,1,11,Month-to-month,Mailed check,DSL,0,0,56.03,620.15,0,0
C01071,2020-11-11,South,0,0,44,Two year,Credit card,No,0,0,19.84,897.48,0,0
C01072,2022-10-21,North,0,0,20,One year,Electronic check,DSL,1,0,65.49,1266.56,0,0
C01073,2023-12-30,East,0,0,6,Month-to-month,Credit card,DSL,0,0,57.62,342.14,1,0
C01074,2018-07-31,East,0,0,72,Two year,Electronic check,DSL,0,0,51.96,3752.97,0,0
C01075,2022-07-14,East,0,1,23,Two year,Credit card,Fiber optic,0,0,83.02,1961.3,2,0
C01076,2021-10-11,North,0,0,33,Month-to-month,Electronic check,Fiber optic,0,0,88.24,2823.89,3,1
C01077,2022-10-22,North,0,1,20,Month-to-month,Electronic check,Fiber optic,0,1,96.68,1973.37,3,1
C01078,2024-04-12,East,1,1,2,Month-to-month,Mailed check,DSL,0,1,63.46,124.08,1,1
C01079,2024-04-25,West,0,1,2,One year,Electronic check,DSL,0,1,70.45,136.65,2,1
C01080,2023-06-09,West,0,0,12,Month-to-month,Bank transfer,No,0,0,22.83,271.19,0,0
C01081,2024-03-08,East,0,1,3,Month-to-month,Bank transfer,DSL,0,0,55.92,162.67,2,0
C01082,2021-02-15,South,0,1,41,Two year,Bank transfer,DSL,0,1,68.93,2808.14,1,0
C01083,2018-08-31,South,0,1,71,Two year,Electronic check,Fiber optic,1,0,97.54,6954.62,0,0
C01084,2023-05-08,East,0,1,13,Two year,Bank transfer,DSL,0,1,66.91,858.64,1,0
C01085,2018-07-29,East,0,1,72,Two year,Electronic check,DSL,0,1,68.51,5150.0,1,0
C01086,2023-08-21,North,0,0,10,One year,Credit card,Fiber optic,0,1,92.5,941.1,1,1
C01087,2021-11-20,South,1,1,31,One year,Bank transfer,Fiber optic,0,0,84.44,2592.43,0,1
C01088,2021-12-02,East,1,0,31,One year,Bank transfer,DSL,1,0,69.13,2238.77,0,0
C01089,2024-05-03,West,1,1,1,Month-to-month,Credit card,DSL,0,0,64.06,62.89,0,0
C01090,2023-12-13,West,1,1,6,Month-to-month,Bank transfer,Fiber optic,0,0,85.76,521.73,4,1
C01091,2023-11-11,West,0,0,7,Month-to-month,Bank transfer,DSL,0,1,63.65,444.23,2,0
C01092,2019-04-29,North,0,0,62,One year,Electronic check,DSL,0,0,53.85,3463.11,0,0
C01093,2023-06-03,South,0,1,13,Month-to-month,Bank transfer,Fiber optic,0,1,91.46,1181.67,0,1
C01094,2020-07-15,East,0,0,48,Month-to-month,Mailed check,Fiber optic,0,1,99.95,4576.69,3,1
C01095,2019-01-25,West,1,0,66,One year,Electronic check,No,0,0,20.45,1323.77,0,0
C01096,2022-09-11,South,1,1,21,Month-to-month,Credit card,DSL,0,0,51.44,1060.34,1,1
C01097,2023-04-21,West,0,0,14,Month-to-month,Electronic check,DSL,0,0,54.5,754.98,0,1
C01098,2019-10-22,East,0,1,57,Two year,Bank transfer,Fiber optic,0,1,100.09,5836.77,0,0
C01099,2018-07-24,East,1,0,72,Two year,Electronic check,Fiber optic,0,0,85.47,6281.92,3,0
C01100,2021-06-22,east,0,1,36,Month-to-month,Mailed check,DSL,0,0,52.51,1816.33,0,0
C01101,2021-07-01,West,0,0,36,Month-to-month,Credit card,Fiber optic,1,0,99.36,3418.33,1,1
C01102,2024-03-11,East,0,0,3,Month-to-month,Electronic check,DSL,0,0,56.64,164.64,1,1
C01103,2018-07-18,East,0,0,72,One year,Bank transfer,No,0,0,17.21,1232.85,0,0
C01104,2019-12-10,South,0,1,55,Two year,Bank transfer,No,0,0,20.37,1128.81,1,0
C01105,2021-09-18,South,0,0,33,Month-to-month,Credit card,Fiber optic,1,0,86.81,2853.22,2,0
C01106,2023-08-19,East,1,1,10,One year,Electronic check,No,0,0,21.31,219.75,0,0
C01107,2023-05-15,West,0,1,13,Month-to-month,Credit card,No,0,0,31.45,409.17,0,0
C01108,2024-02-02,East,0,1,4,Month-to-month,Mailed check,DSL,0,0,59.63,244.24,2,1
C01109,2018-07-19,West,0,0,72,Two year,Mailed check,DSL,0,0,54.58,4121.76,1,0
C01110,2021-05-25,East,0,0,37,Month-to-month,Mailed check,Fiber optic,0,1,98.25,3692.18,0,1
C01111,2023-12-07,South,0,0,6,Month-to-month,Mailed check,DSL,1,0,67.43,409.37,3,0
C01112,2024-04-02,East,0,1,2,Month-to-month,Mailed check,DSL,0,1,999.0,143.07,0,0
C01113,2022-03-01,East,0,0,28,One year,Electronic check,DSL,0,0,54.78,1534.55,0,0
C01114,2019-12-21,West,0,0,55,Two year,Mailed check,No,0,0,15.0,859.44,0,0
C01115,2018-07-05,South,0,0,72,Two year,Bank transfer,Fiber optic,0,0,83.85,6117.47,1,0
C01116,2023-09-23,North,0,0,9,Month-to-month,Mailed check,Fiber optic,0,0,82.85,775.55,1,1
C01117,2023-12-01,North,1,1,7,Month-to-month,Electronic check,DSL,1,1,76.84,537.19,0,0
C01118,2021-02-09,North,0,0,41,One year,Mailed check,DSL,1,1,74.24,2961.74,0,0
C01119,2024-01-07,East,0,0,5,Month-to-month,Mailed check,No,0,0,22.67,117.22,0,1
C01120,2022-06-02,West,0,0,25,Two year,Bank transfer,DSL,1,1,85.35,2065.5,0,0
C01121,2022-08-22,East,0,1,22,One year,Credit card,DSL,0,1,71.14,1637.47,2,0
C01122,2021-11-14,North,0,1,31,Month-to-month,Bank transfer,DSL,1,0,64.96,2097.41,0,0
C01123,2021-06-26,South,1,1,36,Two year,Bank transfer,Fiber optic,0,0,91.29,3247.35,0,0
C01124,2021-07-30,West,0,0,35,Month-to-month,Electronic check,DSL,1,1,81.01,2938.5,1,1
C01125,2023-02-26,North,0,1,16,Month-to-month,Credit card,DSL,0,1,70.15,1168.38,1,0
C01126,2022-09-14,East,0,0,21,One year,Electronic check,DSL,1,1,74.94,1554.43,0,0
C01127,2023-09-12,South,0,1,9,Month-to-month,Mailed check,DSL,0,0,54.65,511.0,0,0
C01128,2022-07-11,West,0,1,24,One year,Electronic check,DSL,0,0,57.57,1405.13,1,0
C01129,2022-01-29,East,0,1,29,One year,Electronic check,Fiber optic,1,1,115.86,3298.06,1,0
C01130,2018-07-17,East,0,1,72,Two year,Credit card,DSL,0,1,72.98,5235.53,0,0
C01131,2020-07-11,East,0,1,48,Two year,Electronic check,DSL,1,0,67.6,3380.56,0,0
C01132,2022-11-10,West,0,0,19,Month-to-month,Electronic check,Fiber optic,0,1,97.87,1885.38,2,0
C01133,2024-05-03,East,0,0,1,Month-to-month,Electronic check,Fiber optic,1,0,98.28,99.73,1,1
C01134,2021-07-06,East,1,1,36,One year,Credit card,DSL,0,1,69.37,2553.91,0,0
C01135,2018-08-01,West,0,1,72,Two year,Credit card,DSL,0,0,61.36,4527.0,0,0
C01136,2022-05-28,East,0,0,25,Month-to-month,Credit card,DSL,0,0,50.85,1250.5,0,1
C01137,2024-05-12,East,0,1,1,Month-to-month,Credit card,No,0,0,20.37,21.08,0,0
C01138,2021-07-08,South,0,0,36,Month-to-month,Credit card,DSL,1,1,80.27,2915.1,0,0
C01139,2023-02-16,South,0,0,16,Month-to-month,Mailed check,DSL,1,1,82.93,1389.79,0,0
C01140,2021-06-25,North,0,0,36,One year,Electronic check,Fiber optic,1,1,115.05,4164.36,1,0
C01141,2022-10-09,East,0,1,21,Month-to-month,Electronic check,DSL,0,1,61.41,1250.17,0,1
C01142,2022-01-12,South,1,0,30,One year,Electronic check,DSL,1,0,62.37,1790.47,0,0
C01143,2018-07-16,West,0,0,72,Two year,Bank transfer,DSL,0,0,54.96,4031.47,0,0
C01144,2022-05-25,West,0,1,25,Two year,Electronic check,Fiber optic,0,1,92.28,2321.55,0,0
C01145,2022-04-18,West,0,0,26,Month-to-month,Electronic check,Fiber optic,1,1,113.91,3070.67,0,0
C01146,2023-02-03,South,0,1,17,Month-to-month,Bank transfer,Fiber optic,1,0,95.74,1684.64,3,1
C01147,2021-08-03,East,0,1,35,One year,Electronic check,Fiber optic,0,1,101.94,3524.59,2,1
C01148,2019-11-11,West,0,0,56,Two year,Electronic check,DSL,0,0,54.54,3204.88,3,0
C01149,2022-08-21,East,1,1,22,Month-to-month,Electronic check,No,0,0,21.88,498.14,0,0
C01150,2018-07-17,East,0,1,72,Two year,Bank transfer,Fiber optic,1,0,89.79,6187.57,0,0
C01151,2024-03-12,South,0,1,3,Month-to-month,Electronic check,Fiber optic,0,0,81.01,239.09,2,1
C01152,2019-02-15,South,0,0,65,Two year,Electronic check,Fiber optic,0,0,81.09,5350.01,2,0
C01153,2022-02-08,East,0,0,29,Month-to-month,Electronic check,DSL,1,1,70.4,1948.57,0,0
C01154,2023-04-06,West,0,0,15,Month-to-month,Bank transfer,DSL,1,1,81.35,1194.51,0,0
C01155,2023-07-05,North,0,0,12,Month-to-month,Electronic check,Fiber optic,0,1,97.19,1172.33,4,1
C01156,2020-11-02,North,0,1,44,Month-to-month,Electronic check,DSL,1,1,81.48,3749.34,2,0
C01157,2022-11-26,North,0,0,19,Month-to-month,Credit card,Fiber optic,0,1,96.78,1906.69,0,0
C01158,2024-03-25,East,1,1,3,Month-to-month,Credit card,DSL,0,1,71.75,205.25,0,0
C01159,2020-10-31,South,0,1,44,Month-to-month,Electronic check,DSL,0,0,59.06,2674.63,0,1
C01160,2019-03-16,South,0,0,64,One year,Electronic check,No,0,0,19.76,1220.06,0,0
C01161,2024-03-23,West,0,0,3,Month-to-month,Electronic check,Fiber optic,0,0,86.04,269.01,3,1
C01162,2023-04-05,North,1,0,15,One year,Bank transfer,Fiber optic,0,1,98.65,1504.18,0,1
C01163,2018-07-29,North,0,0,72,Two year,Electronic check,DSL,0,0,59.71,4146.27,0,0
C01164,2023-05-03,North,0,1,14,Month-to-month,Credit card,Fiber optic,1,1,107.11,1572.18,0,0
C01165,2022-09-04,South,0,1,22,Month-to-month,Credit card,No,0,0,21.67,,0,0
C01166,2020-09-01,East,0,0,46,Two year,Bank transfer,Fiber optic,0,0,79.34,3539.31,3,0
C01167,2021-12-25,North,0,0,30,Two year,Electronic check,Fiber optic,0,1,93.72,2692.17,2,0
C01168,2021-05-18,North,0,0,37,Month-to-month,Credit card,Fiber optic,0,0,82.31,3006.95,1,0
C01169,2021-04-15,North,0,0,39,Two year,Bank transfer,DSL,1,0,67.31,2539.56,0,0
C01170,2021-12-14,West,0,1,30,Month-to-month,Credit card,Fiber optic,0,0,82.43,2594.55,3,1
C01171,2023-02-15,North,0,1,16,Month-to-month,Electronic check,No,0,0,20.7,332.36,0,0
C01172,2022-08-07,East,0,1,23,One year,Bank transfer,Fiber optic,0,0,84.58,1999.15,2,0
C01173,2023-08-18,East,0,0,10,Month-to-month,Credit card,DSL,0,1,67.25,658.88,1,1
C01174,2023-03-21,North,0,0,15,One year,Credit card,Fiber optic,0,0,88.71,1299.08,4,0
C01175,2020-10-16,East,0,0,45,Month-to-month,Bank transfer,Fiber optic,0,1,97.9,4402.32,0,0
C01176,2019-05-01,South,1,0,62,One year,Mailed check,No,0,0,19.24,1225.97,2,0
C01177,2024-02-10,East,0,0,4,Month-to-month,Mailed check,Fiber optic,0,0,86.85,351.91,1,1
C01178,2021-08-04,North,1,1,35,Month-to-month,Bank transfer,DSL,1,1,83.7,2923.59,0,0
C01179,2023-04-25,East,0,1,14,Month-to-month,Credit card,DSL,0,0,55.45,748.58,2,0
C01180,2024-05-07,West,0,1,1,Month-to-month,Bank transfer,Fiber optic,1,0,90.1,90.07,4,1
C01181,2021-05-29,North,0,0,37,One year,Electronic check,DSL,0,0,49.74,1866.3,1,0
C01182,2024-01-28,East,0,1,5,Month-to-month,Electronic check,Fiber optic,0,1,95.88,458.53,3,1
C01183,2023-04-19,East,1,0,14,Month-to-month,Bank transfer,Fiber optic,1,0,90.44,1282.03,1,1
C01184,2021-06-17,North,0,1,36,Month-to-month,Credit card,Fiber optic,1,1,97.43,3669.19,0,0
C01185,2022-01-16,East,0,0,29,Month-to-month,Electronic check,DSL,0,1,65.83,1852.89,2,1
C01186,2018-07-13,East,0,1,72,Two year,Mailed check,Fiber optic,1,0,96.52,6761.84,2,0
C01187,2022-08-24,South,1,0,22,Month-to-month,Credit card,Fiber optic,0,0,90.54,1980.92,2,1
C01188,2019-06-09,South,0,1,61,Two year,Mailed check,DSL,0,0,54.93,3423.93,3,0
C01189,2023-06-28,East,0,0,12,Month-to-month,Electronic check,Fiber optic,1,0,96.24,1153.13,1,0
C01190,2019-12-07,East,1,0,55,One year,Mailed check,Fiber optic,0,0,87.06,4620.29,3,0
C01191,2024-02-06,West,0,1,4,Month-to-month,Mailed check,No,0,0,20.33,83.17,0,0
C01192,2023-06-09,North,0,0,12,Month-to-month,Electronic check,DSL,1,1,74.33,894.66,0,0
C01193,2022-01-25,West,0,0,29,Two year,Bank transfer,DSL,1,0,73.68,2193.91,0,1
C01194,2020-06-12,North,0,1,49,Two year,Bank transfer,Fiber optic,1,0,91.05,4355.17,0,0
C01195,2021-11-07,East,0,0,32,Two year,Bank transfer,DSL,0,1,68.67,2303.57,0,0
C01196,2022-09-03,South,0,0,22,Month-to-month,Bank transfer,Fiber optic,0,1,93.88,1995.17,1,0
C01197,2023-12-27,North,0,0,6,Month-to-month,Electronic check,Fiber optic,0,1,97.45,611.89,0,1
C01198,2020-09-03,East,0,0,46,One year,Electronic check,DSL,0,0,56.64,2498.15,0,0
C01199,2023-04-24,East,0,0,14,Month-to-month,Electronic check,Fiber optic,1,1,106.19,1451.44,1,1
C01200,2021-06-17,East,0,1,36,One year,Electronic check,No,0,0,15.15,525.8,0,0
C01201,2022-10-21,South,0,1,20,One year,Bank transfer,Fiber optic,1,0,93.61,1932.92,1,0
C01202,2022-07-12,South,0,1,23,One year,Electronic check,Fiber optic,0,0,89.5,2098.87,1,1
C01203,2020-07-24,East,0,0,47,Two year,Bank transfer,Fiber optic,0,1,90.99,4280.62,1,0
C01204,2023-01-05,North,0,1,18,One year,Electronic check,DSL,0,0,61.52,1155.98,1,0
C01205,2024-02-24,West,1,1,4,Month-to-month,Electronic check,DSL,1,0,65.38,253.1,0,0
C01206,2022-04-11,East,0,0,27,Month-to-month,Electronic check,Fiber optic,0,1,99.86,2659.22,1,0
C01207,2023-01-18,West,0,1,17,One year,Mailed check,DSL,0,1,62.78,1014.92,1,0
C01208,2023-02-12,North,0,1,16,Month-to-month,Bank transfer,DSL,0,1,66.4,1054.08,1,0
C01209,2022-04-15,East,0,0,26,Month-to-month,Credit card,DSL,1,1,74.34,1846.07,0,0
C01210,2022-07-22,East,0,0,23,Month-to-month,Electronic check,No,0,0,21.18,473.23,0,0
C01211,2018-07-25,West,0,0,72,One year,Bank transfer,DSL,1,1,72.63,5070.25,0,0
C01212,2022-08-22,South,0,1,22,Two year,Credit card,Fiber optic,1,0,92.52,2048.78,2,0
C01213,2021-02-09,West,1,0,41,One year,Electronic check,DSL,0,1,75.27,,1,0
C01214,2021-08-25,North,0,0,34,Month-to-month,Electronic check,Fiber optic,0,1,99.59,3244.53,0,0
C01215,2020-03-22,West,0,1,52,Month-to-month,Electronic check,DSL,0,0,56.52,2989.03,0,0
C01216,2021-06-16,East,0,1,37,Month-to-month,Electronic check,DSL,1,0,66.45,2376.74,0,0
C01217,2022-03-25,West,0,1,27,Month-to-month,Credit card,Fiber optic,1,0,100.83,2648.36,3,0
C01218,2020-11-06,North,1,0,44,One year,Mailed check,Fiber optic,0,0,84.49,3738.11,3,1
C01219,2018-07-28,South,0,1,72,One year,Mailed check,DSL,0,0,58.75,4431.96,0,0
C01220,2024-04-17,East,1,0,2,Month-to-month,Bank transfer,Fiber optic,0,1,87.56,180.77,2,1
C01221,2023-10-16,East,0,0,8,Month-to-month,Mailed check,Fiber optic,0,0,84.52,,2,0
C01222,2022-08-21,North,0,0,22,Month-to-month,Bank transfer,DSL,1,1,75.76,1692.37,0,0
C01223,2018-08-01,East,0,1,72,Two year,Electronic check,Fiber optic,0,0,82.9,5847.77,1,0
C01224,2023-07-19,South,0,0,11,One year,Mailed check,DSL,0,1,69.96,776.37,2,0
C01225,2022-09-07,North,1,0,22,Month-to-month,Electronic check,Fiber optic,1,0,94.46,2140.03,1,1
C01226,2022-02-19,East,0,1,28,Two year,Electronic check,DSL,0,1,66.36,1798.49,0,0
C01227,2021-02-25,East,0,0,40,Month-to-month,Electronic check,Fiber optic,1,0,91.86,3841.83,0,0
C01228,2023-10-18,North,0,1,8,Month-to-month,Bank transfer,DSL,1,1,75.43,622.25,0,0
C01229,2020-03-29,West,0,1,51,Two year,Bank transfer,Fiber optic,0,0,76.97,3954.54,1,0
C01230,2023-08-17,East,0,1,10,Month-to-month,Bank transfer,Fiber optic,0,0,83.74,836.46,1,0
C01231,2023-01-20,South,0,1,17,Month-to-month,Electronic check,No,0,0,15.0,261.32,1,0
C01232,2022-04-12,West,1,1,27,One year,Credit card,Fiber optic,0,0,91.18,2574.68,2,1
C01233,2023-03-03,West,0,0,16,Month-to-month,Electronic check,Fiber optic,1,1,109.93,1715.26,3,1
C01234,2021-03-29,West,0,1,39,One year,Credit card,DSL,0,1,70.65,2642.67,0,0
C01235,2023-07-08,West,0,1,11,Month-to-month,Bank transfer,DSL,0,1,61.72,688.25,1,0
C01236,2021-10-29,North,1,0,32,Month-to-month,Bank transfer,DSL,1,0,68.35,2154.33,0,0
C01237,2023-08-06,North,0,0,10,Month-to-month,Mailed check,Fiber optic,0,1,94.33,923.21,1,1
C01238,2023-04-25,North,0,1,14,Month-to-month,Bank transfer,Fiber optic,0,0,86.11,1197.77,1,1
C01239,2023-05-03,West,0,1,14,Month-to-month,Bank transfer,No,0,0,19.25,272.71,0,0
C01240,2022-04-22,South,1,1,26,Month-to-month,Electronic check,Fiber optic,1,1,101.49,2557.16,0,0
C01241,2018-07-11,South,0,0,72,Two year,Credit card,Fiber optic,0,1,92.85,6663.75,1,0
C01242,2022-12-08,West,1,0,19,Month-to-month,Electronic check,DSL,1,1,79.64,1508.17,0,1
C01243,2023-08-09,North,0,1,10,Month-to-month,Mailed check,DSL,1,1,79.51,773.23,0,0
C01244,2022-12-15,South,0,1,18,Month-to-month,Bank transfer,Fiber optic,1,0,89.51,1530.84,3,1
C01245,2023-08-18,South,0,0,10,Month-to-month,Credit card,DSL,0,1,71.55,694.44,0,1
C01246,2020-03-27,South,0,0,51,Month-to-month,Mailed check,DSL,1,0,63.47,3083.53,0,1
C01247,2022-11-17,East,0,1,19,One year,Electronic check,No,0,0,15.0,271.75,1,0
C01248,2021-07-13,East,0,1,36,Month-to-month,Mailed check,No,0,0,17.8,645.54,2,0
C01249,2021-05-28,South,1,1,37,Two year,Electronic check,Fiber optic,0,0,79.58,3088.76,1,0
C01250,2018-07-22,North,0,0,72,Two year,Mailed check,DSL,1,0,62.1,4395.12,0,0
C01251,2022-09-10,East,0,0,21,Month-to-month,Mailed check,No,0,0,18.09,392.58,0,1
C01252,2022-09-13,East,0,1,21,Month-to-month,Credit card,DSL,0,1,69.06,1435.18,1,1
C01253,2022-05-21,East,0,0,25,Month-to-month,Electronic check,Fiber optic,0,0,88.25,2241.41,3,1
C01254,2021-05-16,South,1,1,38,One year,Electronic check,DSL,0,0,59.25,2246.31,0,0
C01255,2018-10-03,West,1,0,69,Month-to-month,Mailed check,No,0,0,23.14,1673.63,0,0
C01256,2019-08-20,East,0,0,59,Two year,Electronic check,No,0,0,15.0,896.94,0,0
C01257,2021-02-23,West,0,0,40,One year,Electronic check,Fiber optic,0,0,79.22,3188.2,2,1
C01258,2018-07-08,East,0,1,72,Two year,Mailed check,DSL,1,0,69.39,4920.66,0,0
C01259,2022-11-24,South,0,1,19,Month-to-month,Mailed check,Fiber optic,0,1,95.14,1864.52,2,1
C01260,2018-08-21,South,0,0,71,Two year,Electronic check,DSL,0,0,54.45,4057.62,3,0
C01261,2023-08-29,East,0,0,10,Month-to-month,Bank transfer,No,0,0,22.53,220.21,1,0
C01262,2024-05-21,East,1,1,1,Month-to-month,Credit card,DSL,0,0,60.16,57.94,1,1
C01263,2019-07-25,East,0,0,60,Month-to-month,Bank transfer,DSL,0,1,68.88,4327.66,0,0
C01264,2018-07-21,East,0,1,72,Two year,Electronic check,Fiber optic,0,0,81.56,5994.66,5,0
C01265,2020-04-10,South,0,1,51,One year,Electronic check,Fiber optic,1,0,90.12,4393.34,2,0
C01266,2018-07-03,North,0,0,72,Two year,Electronic check,No,0,0,15.72,1098.27,1,0
C01267,2022-05-29,South,0,1,25,Month-to-month,Bank transfer,DSL,1,1,81.9,2100.47,0,0
C01268,2018-07-31,West,0,1,72,Two year,Bank transfer,Fiber optic,1,0,98.44,7381.25,1,0
C01269,2023-10-30,East,0,1,8,Month-to-month,Electronic check,DSL,0,1,67.18,,0,1
C01270,2023-04-26,West,0,0,14,Month-to-month,Electronic check,DSL,0,1,61.3,825.26,0,0
C01271,2022-08-01,East,0,1,23,Two year,Electronic check,Fiber optic,1,0,98.57,2183.36,2,0
C01272,2023-10-24,West,0,1,8,Month-to-month,Electronic check,DSL,0,0,55.76,465.29,0,1
C01273,2022-04-29,North,0,1,26,Month-to-month,Credit card,Fiber optic,0,0,81.93,2221.97,2,1
C01274,2023-04-08,East,0,1,14,One year,Electronic check,DSL,0,0,54.78,776.43,1,0
C01275,2021-05-16,North,0,1,38,Month-to-month,Electronic check,DSL,0,0,57.03,2148.22,0,1
C01276,2024-02-23,North,0,1,4,Month-to-month,Mailed check,Fiber optic,1,1,105.22,423.39,3,1
C01277,2023-08-26,North,1,1,10,Month-to-month,Electronic check,DSL,0,1,62.86,637.72,1,1
C01278,2023-03-10,South,0,0,15,Month-to-month,Electronic check,Fiber optic,0,0,85.76,1331.21,2,0
C01279,2018-07-13,North,1,1,72,Two year,Mailed check,Fiber optic,1,0,96.01,7030.58,2,0
C01280,2022-07-29,South,0,1,23,One year,Electronic check,DSL,0,0,47.43,1110.66,0,0
C01281,2024-03-01,North,0,0,4,Month-to-month,Electronic check,Fiber optic,0,1,96.71,405.12,2,1
C01282,2023-10-21,North,0,1,8,Month-to-month,Bank transfer,DSL,1,1,73.63,569.35,0,0
C01283,2022-09-14,South,0,1,21,Month-to-month,Mailed check,DSL,0,1,68.91,1483.8,1,1
C01284,2021-12-23,South,1,0,30,One year,Electronic check,DSL,0,0,48.19,1509.95,0,0
C01285,2018-07-05,South,0,0,72,Two year,Credit card,No,0,0,15.0,1045.67,0,0
C01286,2024-01-18,South,1,0,5,Two year,Electronic check,Fiber optic,1,1,97.63,482.04,1,1
C01287,2024-01-24,South,0,0,5,Month-to-month,Credit card,Fiber optic,1,0,96.66,477.09,2,1
C01288,2022-02-05,North,1,0,29,Month-to-month,Credit card,No,0,0,15.0,,1,0
C01289,2022-06-23,South,0,1,24,Month-to-month,Mailed check,DSL,0,1,61.7,1494.88,1,0
C01290,2018-07-07,West,0,1,72,One year,Electronic check,No,0,0,19.64,1432.25,0,0
C01291,2024-04-14,North,0,0,2,Month-to-month,Credit card,Fiber optic,0,1,96.36,194.67,1,1
C01292,2021-09-06,North,0,1,34,One year,Mailed check,No,0,0,22.55,762.04,0,0
C01293,2022-02-23,West,0,0,28,One year,Electronic check,No,0,0,22.95,622.16,0,0
C01294,2022-08-15,East,0,1,22,Month-to-month,Bank transfer,No,0,0,24.52,514.92,2,0
C01295,2023-05-20,South,0,1,13,Month-to-month,Mailed check,DSL,0,1,73.46,933.94,0,0
C01296,2022-04-13,west,0,0,26,Month-to-month,Credit card,Fiber optic,1,0,99.17,2702.21,2,1
C01297,2023-04-30,South,0,0,14,Month-to-month,Bank transfer,Fiber optic,0,0,86.33,1246.82,1,0
C01298,2023-11-17,East,0,0,7,Month-to-month,Credit card,Fiber optic,1,0,95.87,651.54,0,0
C01299,2023-01-30,East,0,1,17,One year,Bank transfer,DSL,0,1,69.47,1155.38,0,0
C01300,2022-08-05,North,0,1,23,Month-to-month,Bank transfer,No,0,0,15.0,345.82,2,1
C01301,2023-11-30,West,0,0,7,Month-to-month,Mailed check,DSL,0,0,54.38,386.9,0,0
C01302,2019-11-20,East,1,1,56,One year,Credit card,Fiber optic,1,1,99.69,5342.75,4,0
C01303,2022-01-03,North,1,0,30,One year,Credit card,Fiber optic,1,0,92.06,2641.75,2,1
C01304,2024-01-07,West,0,0,5,Month-to-month,Credit card,DSL,0,1,61.1,309.87,0,1
C01305,2018-07-27,East,0,1,72,Two year,Credit card,Fiber optic,1,1,108.56,7898.62,4,0
C01306,2023-07-28,West,0,1,11,Two year,Bank transfer,DSL,0,1,69.4,767.14,1,0
C01307,2021-03-27,West,0,0,39,One year,Electronic check,Fiber optic,1,1,111.86,4283.48,0,0
C01308,2022-03-29,South,1,1,27,One year,Credit card,No,0,0,16.13,435.01,0,0
C01309,2022-02-22,West,0,1,28,Month-to-month,Electronic check,DSL,1,1,74.37,2116.41,0,0
C01310,2019-05-05,North,0,0,62,Two year,Electronic check,Fiber optic,1,1,111.33,6717.07,1,0
C01311,2023-07-23,South,0,1,11,Month-to-month,Mailed check,DSL,1,1,74.95,785.83,0,1
C01312,2019-04-27,East,0,0,63,Two year,Bank transfer,No,0,0,17.13,1078.38,0,0
C01313,2021-04-04,East,0,1,39,One year,Bank transfer,No,0,0,22.85,909.24,1,0
C01314,2024-03-20,North,1,1,3,Month-to-month,Electronic check,DSL,1,1,79.07,230.02,0,1
C01315,2023-02-08,North,0,0,16,Month-to-month,Electronic check,Fiber optic,0,0,88.83,1401.76,0,0
C01316,2022-02-21,West,0,1,28,One year,Electronic check,Fiber optic,0,0,86.93,2390.3,5,1
C01317,2021-05-29,West,0,0,37,One year,Mailed check,Fiber optic,1,0,93.42,,0,0
C01318,2024-02-14,East,1,1,4,Month-to-month,Electronic check,Fiber optic,0,0,90.5,379.25,1,1
C01319,2020-08-09,East,0,0,47,One year,Bank transfer,Fiber optic,0,0,88.53,4162.76,2,1
C01320,2022-05-30,West,0,0,25,Two year,Electronic check,Fiber optic,0,0,84.93,2101.46,1,1
C01321,2020-01-17,North,0,0,54,Month-to-month,Mailed check,DSL,0,0,58.54,3200.76,0,0
C01322,2024-03-22,West,0,1,3,Month-to-month,Electronic check,DSL,0,0,54.95,172.73,1,1
C01323,2023-10-13,North,0,1,8,Month-to-month,Mailed check,No,0,0,16.29,133.54,0,0
C01324,2021-01-15,East,0,1,42,One year,Credit card,DSL,0,0,55.44,2228.49,0,0
C01325,2022-05-26,South,0,0,25,Month-to-month,Electronic check,Fiber optic,0,0,92.71,2299.29,3,0
C01326,2020-10-01,West,0,0,45,Two year,Mailed check,DSL,0,0,59.17,2581.85,1,0
C01327,2023-12-29,North,0,0,6,Month-to-month,Bank transfer,No,0,0,21.66,125.49,2,1
C01328,2022-01-11,East,0,1,30,One year,Electronic check,Fiber optic,0,0,81.41,2486.57,2,0
C01329,2022-11-26,North,0,1,19,Month-to-month,Credit card,Fiber optic,0,0,80.27,1561.81,0,1
C01330,2023-07-21,North,0,1,11,Month-to-month,Credit card,DSL,1,1,76.02,835.04,1,0
C01331,2022-09-04,South,0,1,22,One year,Bank transfer,Fiber optic,0,0,82.57,1807.54,0,1
C01332,2022-09-05,West,0,1,22,Month-to-month,Credit card,No,0,0,20.07,435.49,1,0
C01333,2023-12-25,South,0,1,6,Month-to-month,Mailed check,Fiber optic,1,1,107.6,674.55,3,1
C01334,2023-02-05,East,0,1,17,Two year,Mailed check,Fiber optic,1,1,101.31,1684.44,0,0
C01335,2018-07-14,East,0,0,72,Two year,Electronic check,Fiber optic,0,1,93.65,6550.26,1,0
C01336,2021-01-03,West,0,1,42,Two year,Electronic check,DSL,1,0,63.58,2789.13,0,0
C01337,2023-08-18,South,1,1,10,Month-to-month,Electronic check,Fiber optic,0,1,98.75,993.43,3,1
C01338,2022-08-01,North,0,0,23,One year,Mailed check,DSL,1,1,78.89,1747.45,1,0
C01339,2021-04-30,West,1,0,38,Two year,Mailed check,DSL,1,1,72.87,2851.69,1,0
C01340,2021-08-31,South,0,1,34,Month-to-month,Electronic check,Fiber optic,0,1,92.1,3168.27,1,1
C01341,2022-04-14,North,0,0,26,Month-to-month,Bank transfer,No,0,0,16.21,434.24,1,0
C01342,2020-09-15,West,0,0,46,Two year,Electronic check,No,0,0,23.19,1077.59,0,0
C01343,2020-08-07,West,0,0,47,Month-to-month,Electronic check,No,0,0,18.1,,0,1
C01344,2022-12-10,North,1,0,18,One year,Electronic check,Fiber optic,1,0,95.43,1758.26,1,0
C01345,2020-10-21,West,0,1,44,Two year,Bank transfer,DSL,1,0,66.67,2986.94,0,0
C01346,2020-02-22,East,0,0,53,One year,Mailed check,Fiber optic,0,0,89.91,4935.12,2,1
C01347,2018-07-22,South,0,1,72,Month-to-month,Bank transfer,No,0,0,15.12,1064.59,0,0
C01348,2023-03-04,East,0,1,16,Month-to-month,Electronic check,Fiber optic,0,0,89.85,1377.01,1,1
C01349,2022-11-18,North,0,1,19,Month-to-month,Mailed check,Fiber optic,0,1,99.31,1800.75,2,1
C01350,2022-02-20,North,1,1,28,Month-to-month,Credit card,Fiber optic,0,1,103.67,2812.65,0,0
C01351,2020-11-02,North,0,1,44,One year,Electronic check,Fiber optic,1,0,100.62,4410.36,0,0
C01352,2021-08-18,North,0,0,34,Two year,Mailed check,No,0,0,20.44,660.74,0,0
C01353,2023-04-07,East,0,1,15,Month-to-month,Electronic check,Fiber optic,1,1,104.01,1586.33,1,1
C01354,2021-01-16,West,0,1,42,Month-to-month,Electronic check,Fiber optic,0,1,99.64,4374.26,1,1
C01355,2021-03-21,South,0,1,39,Two year,Mailed check,DSL,0,0,50.52,1954.59,1,0
C01356,2022-09-09,North,0,1,22,Month-to-month,Electronic check,Fiber optic,1,1,107.86,2383.86,3,1
C01357,2022-11-10,South,0,1,19,Month-to-month,Mailed check,DSL,0,1,64.02,1272.04,0,0
C01358,2021-01-31,East,0,1,41,Month-to-month,Credit card,No,0,0,19.04,751.03,0,0
C01359,2023-03-20,West,0,0,15,One year,Electronic check,Fiber optic,0,1,88.27,1310.44,1,1
C01360,2019-12-11,East,0,0,55,Month-to-month,Electronic check,Fiber optic,0,0,84.66,4883.1,0,1
C01361,2019-09-07,South,0,1,58,One year,Credit card,DSL,1,1,77.48,4332.22,0,0
C01362,2024-05-25,East,1,1,1,Month-to-month,Mailed check,Fiber optic,0,0,82.87,86.03,4,0
C01363,2021-06-13,North,0,0,37,One year,Credit card,Fiber optic,0,1,96.66,3543.22,2,0
C01364,2023-07-03,South,0,0,12,Month-to-month,Electronic check,DSL,0,0,50.66,608.95,0,1
C01365,2023-02-01,East,0,0,17,Month-to-month,Bank transfer,No,0,0,23.12,405.79,0,1
C01366,2022-10-14,North,1,0,20,Month-to-month,Credit card,DSL,0,1,67.1,1407.09,0,1
C01367,2023-08-22,North,1,0,10,Month-to-month,Electronic check,Fiber optic,0,1,105.95,1009.35,0,1
C01368,2024-02-28,West,0,1,4,Month-to-month,Credit card,DSL,0,0,56.17,221.26,1,0
C01369,2021-08-08,North,1,1,35,Month-to-month,Bank transfer,Fiber optic,1,0,96.53,3308.26,2,1
C01370,2024-06-10,North,1,0,0,Month-to-month,Credit card,Fiber optic,1,1,105.12,,1,1
C01371,2018-07-22,East,0,0,72,Month-to-month,Electronic check,No,0,0,24.77,,0,0
C01372,2021-06-22,South,1,0,36,Two year,Mailed check,DSL,0,0,53.29,1883.62,0,0
C01373,2024-05-31,West,0,0,1,Month-to-month,Electronic check,No,0,0,26.91,27.23,1,1
C01374,2018-11-29,West,0,1,68,Two year,Credit card,Fiber optic,0,1,103.8,7272.06,2,0
C01375,2023-05-14,West,1,1,13,Two year,Electronic check,DSL,1,1,74.95,1019.27,0,0
C01376,2023-08-13,South,0,0,10,Month-to-month,Electronic check,DSL,0,0,53.89,525.95,0,0
C01377,2021-03-16,West,1,0,40,One year,Credit card,DSL,0,1,64.1,2685.67,0,0
C01378,2019-09-05,South,1,0,58,Two year,Electronic check,No,0,0,15.0,852.84,0,0
C01379,2023-04-01,North,0,0,15,One year,Bank transfer,DSL,0,1,68.17,1066.21,0,0
C01380,2022-06-25,West,0,0,24,Month-to-month,Electronic check,Fiber optic,0,0,85.02,2091.04,1,0
C01381,2023-11-11,East,0,1,7,Month-to-month,Bank transfer,Fiber optic,0,0,87.65,608.15,0,0
C01382,2022-06-09,North,0,1,25,Month-to-month,Electronic check,No,0,0,19.8,518.45,1,0
C01383,2022-07-12,West,0,1,23,Month-to-month,Mailed check,Fiber optic,1,0,98.49,2158.63,1,1
C01384,2023-02-09,North,0,1,16,Two year,Mailed check,Fiber optic,0,0,84.81,1395.58,1,0
C01385,2021-11-04,East,0,0,32,Two year,Electronic check,DSL,1,0,64.22,2090.71,0,0
C01386,2021-11-16,South,0,1,31,Month-to-month,Electronic check,No,0,0,20.35,605.01,0,0
C01387,2019-09-09,North,0,0,58,One year,Electronic check,DSL,0,0,58.04,3293.85,2,0
C01388,2023-07-26,West,0,1,11,Month-to-month,Bank transfer,DSL,1,1,75.52,826.43,1,0
C01389,2018-09-04,East,0,0,70,Two year,Electronic check,No,0,0,23.63,1611.46,0,0
C01390,2023-11-23,West,0,1,7,Month-to-month,Electronic check,DSL,0,1,64.05,467.79,0,1
C01391,2020-07-09,East,1,0,48,Two year,Electronic check,DSL,0,1,65.74,3046.49,1,0
C01392,2020-02-06,West,0,1,53,Two year,Mailed check,Fiber optic,0,1,89.54,4773.7,3,0
C01393,2021-11-07,West,0,1,32,Month-to-month,Bank transfer,DSL,1,0,63.63,2045.82,0,0
C01394,2022-04-16,West,1,1,26,Month-to-month,Mailed check,DSL,1,0,60.51,1578.64,0,0
C01395,2021-08-20,East,0,0,34,Two year,Credit card,Fiber optic,0,0,87.22,2858.21,1,0
C01396,2020-11-21,North,0,0,43,Month-to-month,Bank transfer,Fiber optic,0,0,87.04,3739.36,4,1
C01397,2023-02-10,South,0,0,16,Month-to-month,Credit card,Fiber optic,0,1,101.87,1698.49,1,1
C01398,2018-07-25,East,0,0,72,Two year,Bank transfer,DSL,1,0,71.65,5008.72,0,0
C01399,2022-12-21,North,0,1,18,One year,Electronic check,Fiber optic,1,1,106.35,1832.81,0,0
C01400,2023-11-17,North,0,1,7,Month-to-month,Credit card,Fiber optic,0,0,82.05,600.14,3,0
C01401,2023-12-09,South,0,1,6,Month-to-month,Credit card,DSL,0,1,68.88,430.74,1,1
C01402,2024-04-21,west,0,1,2,Month-to-month,Bank transfer,DSL,0,1,65.45,131.65,2,0
C01403,2018-07-17,South,0,1,72,Two year,Electronic check,DSL,0,0,52.58,3932.19,0,0
C01404,2023-12-27,West,0,0,6,Month-to-month,Electronic check,Fiber optic,0,1,96.93,,3,1
C01405,2022-12-23,West,0,0,18,Month-to-month,Bank transfer,DSL,0,1,64.65,1125.7,1,0
C01406,2021-03-18,South,0,1,40,Month-to-month,Mailed check,Fiber optic,0,0,93.24,3624.51,1,1
C01407,2018-08-01,North,1,0,72,Two year,Bank transfer,No,0,0,18.95,1369.07,0,0
C01408,2022-10-01,West,0,0,21,Month-to-month,Mailed check,DSL,0,1,66.88,,0,1
C01409,2020-07-30,West,0,1,47,Two year,Mailed check,Fiber optic,1,0,98.24,4761.11,0,0
C01410,2020-02-13,East,0,0,53,One year,Electronic check,DSL,1,0,73.76,3906.3,0,0
C01411,2020-08-30,West,1,0,46,Two year,Electronic check,DSL,1,1,76.1,3333.74,0,0
C01412,2022-05-23,North,0,0,25,Two year,Electronic check,Fiber optic,1,1,99.51,2381.27,2,0
C01413,2023-06-28,South,0,0,12,Two year,Credit card,Fiber optic,1,0,94.69,1174.58,0,0
C01414,2018-07-13,East,0,1,72,Two year,Bank transfer,No,0,0,15.0,1086.8,1,0
C01415,2021-05-05,North,0,1,38,Month-to-month,Credit card,Fiber optic,1,1,104.93,3809.34,2,1
C01416,2022-11-09,West,1,0,19,One year,Bank transfer,DSL,1,0,70.99,1375.12,0,0
C01417,2024-05-01,East,0,1,2,Month-to-month,Bank transfer,Fiber optic,1,0,91.79,185.97,1,1
C01418,2022-08-21,South,0,1,22,Month-to-month,Mailed check,DSL,1,0,60.82,1328.09,1,0
C01419,2019-09-01,North,1,1,58,Two year,Credit card,No,0,0,23.43,1407.71,0,0
C01420,2020-04-18,North,0,0,51,Two year,Credit card,Fiber optic,0,0,84.13,4201.78,2,0
C01421,2023-06-07,East,0,1,12,One year,Bank transfer,DSL,1,1,81.84,1007.3,0,0
C01422,2023-01-20,West,1,0,17,Month-to-month,Electronic check,Fiber optic,0,0,83.88,1401.74,5,1
C01423,2024-01-16,North,0,0,5,Month-to-month,Bank transfer,Fiber optic,0,0,87.58,440.41,2,1
C01424,2023-08-31,South,0,1,10,Month-to-month,Electronic check,Fiber optic,1,0,88.83,932.35,3,1
C01425,2023-09-17,East,0,1,9,Month-to-month,Electronic check,DSL,0,0,51.26,466.55,0,0
C01426,2023-12-29,South,0,0,6,Month-to-month,Bank transfer,DSL,1,1,76.26,460.43,0,1
C01427,2023-07-24,East,0,0,11,Month-to-month,Credit card,DSL,0,0,53.38,591.35,1,1
C01428,2024-05-04,East,0,0,1,Month-to-month,Electronic check,DSL,0,0,64.99,66.26,0,0
C01429,2023-03-31,West,0,0,15,One year,Electronic check,Fiber optic,0,1,101.06,1561.7,1,0
C01430,2022-05-07,East,0,1,26,Month-to-month,Credit card,DSL,1,1,80.96,2167.02,0,0
C01431,2020-11-18,East,0,0,44,Two year,Electronic check,Fiber optic,1,0,94.32,4259.62,0,0
C01432,2024-01-18,South,0,0,5,One year,Electronic check,Fiber optic,0,0,79.43,390.73,2,0
C01433,2023-08-13,North,0,0,10,Month-to-month,Bank transfer,DSL,0,0,61.69,600.97,0,1
C01434,2022-02-14,North,0,0,28,Month-to-month,Credit card,No,0,0,15.0,415.9,0,0
C01435,2023-10-01,North,0,1,9,Month-to-month,Mailed check,Fiber optic,0,0,82.8,746.67,4,0
C01436,2021-06-28,West,0,0,36,Two year,Mailed check,DSL,0,1,69.29,2572.32,1,0
C01437,2024-03-28,North,1,0,3,Month-to-month,Electronic check,Fiber optic,1,0,105.43,317.05,2,1
C01438,2021-10-01,South,0,1,33,Month-to-month,Electronic check,DSL,0,0,61.96,2017.57,0,0
C01439,2018-10-23,East,0,0,69,Two year,Bank transfer,No,0,0,22.49,1557.59,0,0
C01440,2022-03-03,East,0,1,28,Two year,Credit card,Fiber optic,0,0,93.6,2509.04,1,0
C01441,2022-02-26,North,0,0,28,Month-to-month,Electronic check,Fiber optic,0,1,95.02,2670.71,3,1
C01442,2021-11-10,West,1,0,32,Month-to-month,Electronic check,No,0,0,21.8,698.83,1,1
C01443,2024-02-05,South,0,1,4,Month-to-month,Electronic check,No,0,0,25.84,104.29,0,1
C01444,2022-07-16,North,0,1,23,Month-to-month,Electronic check,Fiber optic,0,0,79.39,1892.52,0,0
C01445,2022-10-02,North,0,0,21,Month-to-month,Electronic check,DSL,0,0,56.5,1194.64,0,1
C01446,2022-08-16,West,0,1,22,One year,Electronic check,DSL,1,0,66.77,1478.13,1,0
C01447,2022-06-22,West,0,1,24,Two year,Credit card,Fiber optic,1,0,96.64,2361.11,1,0
C01448,2018-07-05,West,0,0,72,Month-to-month,Electronic check,Fiber optic,0,1,92.83,6998.3,2,0
C01449,2023-06-14,South,0,1,12,One year,Bank transfer,Fiber optic,0,1,98.74,1211.64,2,0
C01450,2023-12-10,West,0,0,6,Month-to-month,Bank transfer,Fiber optic,0,0,86.18,501.33,5,1
C01451,2019-08-11,South,0,1,59,Two year,Credit card,DSL,0,1,64.8,3797.82,0,0
C01452,2023-11-19,North,0,1,7,One year,Credit card,DSL,0,0,58.12,391.98,0,0
C01453,2018-07-26,West,0,1,72,Two year,Mailed check,Fiber optic,0,0,90.4,6204.86,2,0
C01454,2019-07-22,South,1,0,60,Two year,Electronic check,DSL,1,0,62.19,3850.52,0,0
C01455,2021-10-28,East,0,0,32,Month-to-month,Bank transfer,Fiber optic,1,1,108.98,3437.03,1,0
C01456,2024-02-05,East,0,1,4,Month-to-month,Electronic check,Fiber optic,1,0,100.52,392.69,4,1
C01457,2024-05-16,North,0,1,1,Month-to-month,Electronic check,Fiber optic,0,1,102.6,102.45,1,1
C01458,2022-04-06,West,1,0,27,Month-to-month,Electronic check,Fiber optic,0,0,84.38,2211.05,2,0
C01459,2019-07-10,North,0,0,60,Two year,Credit card,Fiber optic,1,0,99.29,5687.68,4,1
C01460,2024-04-17,west,0,1,2,Month-to-month,Electronic check,Fiber optic,0,0,84.03,170.9,0,1
C01461,2022-02-04,South,1,1,29,One year,Mailed check,DSL,1,1,80.27,2262.51,0,0
C01462,2023-04-18,South,1,0,14,Month-to-month,Mailed check,Fiber optic,0,1,94.04,1254.22,0,0
C01463,2022-12-28,South,0,0,18,Month-to-month,Bank transfer,Fiber optic,0,1,90.91,,1,1
C01464,2023-08-10,East,0,0,10,Month-to-month,Electronic check,DSL,0,0,57.13,596.86,0,1
C01465,2018-07-08,North,0,0,72,One year,Credit card,Fiber optic,0,0,88.52,6128.93,3,0
C01466,2018-07-07,North,0,0,72,One year,Bank transfer,No,0,0,22.82,1637.34,2,0
C01467,2022-05-15,East,0,0,25,Month-to-month,Mailed check,DSL,1,1,73.73,1789.54,0,1
C01468,2024-03-22,east,0,0,3,Month-to-month,Mailed check,Fiber optic,0,1,87.11,249.38,1,1
C01469,2022-06-19,West,0,0,24,One year,Credit card,No,0,0,23.49,557.7,0,0
C01470,2023-12-30,West,0,1,6,Month-to-month,Bank transfer,No,0,0,25.83,159.66,0,1
C01471,2019-05-07,West,0,0,62,Two year,Mailed check,Fiber optic,0,0,77.42,4708.61,0,0
C01472,2023-01-23,West,1,1,17,Month-to-month,Mailed check,Fiber optic,0,1,95.78,1562.42,2,1
C01473,2020-09-09,West,1,0,46,Month-to-month,Electronic check,No,0,0,16.25,755.18,1,1
C01474,2022-06-15,South,1,0,24,Month-to-month,Electronic check,Fiber optic,1,0,95.98,2381.98,3,1
C01475,2019-08-16,West,0,0,59,Month-to-month,Electronic check,DSL,1,0,70.35,4086.42,0,0
C01476,2023-05-29,West,0,1,13,Month-to-month,Electronic check,DSL,0,0,54.07,699.29,0,0
C01477,2023-03-19,East,1,0,15,Month-to-month,Electronic check,Fiber optic,0,0,82.98,1203.51,3,1
C01478,2018-07-16,North,0,1,72,Two year,Credit card,Fiber optic,1,0,96.56,7293.86,2,0
C01479,2023-11-10,North,1,1,7,Month-to-month,Credit card,DSL,1,0,56.5,413.93,0,0
C01480,2024-03-28,South,0,0,3,Month-to-month,Credit card,DSL,1,0,68.35,211.23,1,1
C01481,2022-11-09,East,0,1,19,Month-to-month,Bank transfer,Fiber optic,0,1,101.23,1841.14,2,1
C01482,2021-11-21,East,0,0,31,Month-to-month,Bank transfer,Fiber optic,0,1,97.02,2947.67,1,1
C01483,2022-09-29,West,1,1,21,One year,Electronic check,No,0,0,18.24,371.42,0,0
C01484,2023-09-16,East,1,0,9,Month-to-month,Bank transfer,Fiber optic,0,0,83.87,,2,1
C01485,2022-08-10,East,0,0,23,One year,Electronic check,No,0,0,18.89,431.03,0,0
C01486,2024-02-09,West,0,1,4,Month-to-month,Mailed check,No,0,0,19.77,78.43,0,0
C01487,2019-07-26,West,1,0,60,Two year,Credit card,DSL,0,0,48.76,3059.91,1,1
C01488,2022-04-04,East,0,1,27,Month-to-month,Credit card,Fiber optic,1,1,108.66,3000.41,3,1
C01489,2022-03-19,East,0,0,27,Two year,Electronic check,DSL,1,1,75.53,1953.42,1,0
C01490,2023-03-18,North,1,0,15,Month-to-month,Bank transfer,No,0,0,20.08,287.69,2,0
C01491,2021-10-29,East,0,0,32,Month-to-month,Electronic check,DSL,0,0,52.69,1761.92,0,0
C01492,2021-04-12,North,0,0,39,Two year,Electronic check,Fiber optic,1,1,108.52,4360.74,2,0
C01493,2021-02-24,South,0,0,40,One year,Electronic check,No,0,0,25.32,966.15,0,0
C01494,2021-06-04,East,0,0,37,One year,Electronic check,DSL,0,0,55.83,2139.65,0,0
C01495,2023-06-17,North,0,0,12,Month-to-month,Bank transfer,No,0,0,15.0,179.84,0,0
C01496,2020-04-27,East,0,1,50,One year,Mailed check,DSL,0,1,67.02,3432.88,1,1
C01497,2021-11-14,South,0,1,31,Two year,Electronic check,Fiber optic,1,0,95.84,2995.81,2,1
C01498,2023-04-22,East,0,0,14,One year,Credit card,Fiber optic,0,0,84.78,1208.6,2,1
C01499,2023-05-19,South,0,1,13,Month-to-month,Mailed check,DSL,0,0,51.94,663.49,3,0
C01500,2023-05-11,South,0,1,13,One year,Mailed check,Fiber optic,0,1,96.82,1261.13,6,1
C01501,2021-06-03,South,1,0,37,One year,Mailed check,No,0,0,23.37,838.52,0,0
C01502,2022-03-19,North,0,0,27,Two year,Mailed check,DSL,0,0,53.82,1438.13,2,0
C01503,2020-05-30,North,0,1,49,Month-to-month,Mailed check,Fiber optic,1,1,112.52,5289.41,1,1
C01504,2019-01-13,West,0,1,66,Month-to-month,Bank transfer,No,0,0,17.4,1166.95,1,0
C01505,2022-07-12,North,0,1,23,Two year,Credit card,Fiber optic,0,1,92.88,2042.17,2,0
C01506,2024-05-21,South,0,1,1,Month-to-month,Electronic check,DSL,0,0,54.07,52.97,2,1
C01507,2023-03-10,North,0,1,15,One year,Mailed check,No,0,0,15.0,216.03,1,0
C01508,2024-03-10,East,0,0,3,Month-to-month,Electronic check,DSL,0,1,66.97,204.24,0,0
C01509,2021-11-27,East,1,1,31,Month-to-month,Credit card,Fiber optic,0,1,95.67,2956.4,2,1
C01510,2019-11-02,south,0,0,56,One year,Electronic check,Fiber optic,0,1,99.75,5510.36,0,0
C01511,2022-08-02,West,1,0,23,Month-to-month,Electronic check,Fiber optic,0,1,90.16,2068.36,3,1
C01512,2023-05-22,South,0,1,13,Month-to-month,Credit card,DSL,1,1,80.06,1005.52,2,1
C01513,2018-07-11,East,0,0,72,One year,Bank transfer,DSL,0,0,55.62,4161.28,3,0
C01514,2023-05-03,South,0,1,14,One year,Electronic check,Fiber optic,0,1,103.34,1424.56,0,0
C01515,2020-10-20,East,0,0,44,Two year,Electronic check,DSL,0,1,66.32,2967.95,1,0
C01516,2024-02-22,North,0,0,4,Month-to-month,Mailed check,Fiber optic,0,1,98.36,410.97,3,1
C01517,2022-04-20,South,0,0,26,Month-to-month,Credit card,Fiber optic,0,0,87.54,2190.59,1,1
C01518,2022-04-28,East,0,1,26,Two year,Mailed check,Fiber optic,0,1,88.86,2351.25,0,0
C01519,2021-12-17,West,0,1,30,Month-to-month,Electronic check,DSL,1,0,69.44,1980.67,0,0
C01520,2022-03-15,South,0,1,27,Month-to-month,Bank transfer,DSL,1,1,76.48,2157.58,0,1
C01521,2022-06-08,South,0,0,25,Month-to-month,Mailed check,No,0,0,15.0,368.95,0,0
C01522,2022-06-18,South,0,1,24,Month-to-month,Electronic check,Fiber optic,0,0,84.7,1990.22,2,0
C01523,2021-04-30,South,0,0,38,Two year,Credit card,DSL,0,0,59.68,2224.07,1,0
C01524,2022-03-20,West,0,1,27,One year,Electronic check,DSL,0,0,53.63,1518.96,1,0
C01525,2022-09-13,East,0,1,21,One year,Credit card,DSL,1,1,77.42,1592.7,0,0
C01526,2023-06-30,South,0,1,12,Month-to-month,Credit card,No,0,0,15.0,187.41,0,0
C01527,2022-10-14,South,1,1,20,Month-to-month,Electronic check,DSL,0,1,63.58,1322.31,0,1
C01528,2021-04-13,East,0,0,39,Month-to-month,Bank transfer,DSL,0,1,69.83,2820.06,0,0
C01529,2023-12-24,East,1,1,6,Month-to-month,Credit card,Fiber optic,0,0,89.23,517.1,1,1
C01530,2023-06-07,South,0,1,12,Month-to-month,Bank transfer,DSL,0,1,67.84,827.08,0,0
C01531,2023-09-29,West,0,0,9,Month-to-month,Bank transfer,DSL,0,1,69.34,616.56,1,0
C01532,2024-01-24,South,0,1,5,Month-to-month,Electronic check,No,0,0,18.4,91.75,3,0
C01533,2023-02-13,South,0,0,16,One year,Electronic check,Fiber optic,0,1,97.08,,4,1
C01534,2022-12-19,North,0,0,18,One year,Bank transfer,DSL,0,1,62.76,1183.59,0,0
C01535,2024-03-08,South,0,0,3,Month-to-month,Electronic check,Fiber optic,0,1,95.04,278.44,1,1
C01536,2020-01-31,West,0,1,53,Month-to-month,Electronic check,DSL,0,0,54.89,3013.47,0,0
C01537,2022-02-04,West,0,1,29,One year,Mailed check,DSL,0,0,48.75,1351.58,0,0
C01538,2018-07-17,South,1,0,72,One year,Electronic check,Fiber optic,1,1,116.58,8639.13,1,1
C01539,2018-07-31,North,0,0,72,Two year,Credit card,Fiber optic,1,1,104.18,7723.61,1,0
C01540,2021-06-14,East,0,1,37,Month-to-month,Credit card,Fiber optic,0,0,85.84,3100.15,1,0
C01541,2019-03-06,East,0,1,64,Two year,Credit card,No,0,0,15.0,966.48,1,0
C01542,2022-04-02,West,0,1,27,Month-to-month,Electronic check,DSL,0,0,42.91,1135.13,0,0
C01543,2023-09-20,East,0,0,9,Month-to-month,Mailed check,No,0,0,26.85,234.66,2,0
C01544,2021-04-20,North,0,1,38,Month-to-month,Credit card,Fiber optic,0,0,85.23,3277.03,3,1
C01545,2019-10-05,West,0,0,57,Month-to-month,Mailed check,DSL,1,0,56.3,3281.41,0,0
C01546,2023-07-20,East,0,1,11,Month-to-month,Bank transfer,No,0,0,15.9,178.62,1,0
C01547,2024-04-15,West,0,0,2,Month-to-month,Bank transfer,DSL,0,1,75.27,155.64,0,1
C01548,2022-03-15,North,0,1,27,One year,Mailed check,Fiber optic,0,0,86.93,2397.63,1,0
C01549,2018-07-22,South,0,1,72,Month-to-month,Electronic check,Fiber optic,0,1,86.68,6167.6,2,1
C01550,2024-01-28,South,0,1,5,Month-to-month,Bank transfer,DSL,0,1,64.95,340.31,0,0
C01551,2023-05-10,South,0,1,13,Month-to-month,Electronic check,No,0,0,19.27,261.93,1,0
C01552,2023-11-01,West,0,0,8,Month-to-month,Credit card,DSL,1,0,67.1,534.22,2,1
C01553,2022-12-13,North,0,1,18,Month-to-month,Bank transfer,No,0,0,19.96,376.21,0,0
C01554,2023-11-14,North,0,1,7,Month-to-month,Electronic check,DSL,0,0,48.06,352.67,0,0
C01555,2023-07-01,North,1,0,12,Month-to-month,Bank transfer,DSL,0,1,64.46,792.36,1,0
C01556,2021-02-08,West,0,1,41,One year,Mailed check,DSL,0,0,51.37,2170.94,0,0
C01557,2023-02-25,North,0,1,16,Two year,Electronic check,No,0,0,22.99,353.65,1,0
C01558,2023-04-20,East,0,1,14,Month-to-month,Credit card,DSL,1,0,62.83,859.41,1,1
C01559,2019-04-13,North,0,1,63,One year,Bank transfer,No,0,0,17.78,1077.85,1,0
C01560,2019-06-17,South,0,0,61,Two year,Bank transfer,DSL,1,1,75.96,4472.88,0,0
C01561,2018-07-16,East,0,1,72,Two year,Credit card,Fiber optic,0,0,81.55,6034.37,2,0
C01562,2022-08-03,North,0,0,23,One year,Bank transfer,DSL,1,1,83.03,1853.3,0,1
C01563,2022-06-11,North,0,1,25,Two year,Mailed check,DSL,1,0,69.49,1716.05,1,0
C01564,2022-11-06,East,0,1,20,Two year,Electronic check,No,0,0,24.68,490.46,0,0
C01565,2024-04-21,North,0,0,2,One year,Electronic check,Fiber optic,0,1,92.07,176.19,2,1
C01566,2022-05-26,South,0,0,25,Month-to-month,Mailed check,Fiber optic,0,1,98.41,2549.14,1,1
C01567,2023-02-03,East,0,0,17,Month-to-month,Mailed check,Fiber optic,1,1,110.15,1937.29,1,1
C01568,2023-10-03,North,0,1,9,Month-to-month,Bank transfer,Fiber optic,0,0,80.9,693.09,1,1
C01569,2022-09-16,North,0,1,21,Month-to-month,Mailed check,Fiber optic,0,0,80.31,1702.06,2,0
C01570,2023-01-16,South,0,0,17,Month-to-month,Bank transfer,No,0,0,16.03,275.19,1,0
C01571,2021-02-02,East,0,0,41,Month-to-month,Credit card,Fiber optic,0,0,79.15,3285.75,2,0
C01572,2022-09-02,North,0,1,22,One year,Credit card,Fiber optic,0,0,89.19,1914.83,1,0
C01573,2020-09-01,South,0,1,46,One year,Electronic check,Fiber optic,0,1,100.82,4484.28,1,0
C01574,2018-07-28,West,0,0,72,Two year,Credit card,Fiber optic,1,0,93.7,6467.51,4,0
C01575,2023-12-03,South,1,1,7,Month-to-month,Credit card,Fiber optic,0,0,84.74,606.3,3,1
C01576,2022-12-14,South,1,0,18,Month-to-month,Electronic check,Fiber optic,0,1,94.27,,1,1
C01577,2018-11-07,East,0,0,68,One year,Electronic check,Fiber optic,1,1,116.26,7994.83,0,0
C01578,2021-06-19,South,0,1,36,Two year,Electronic check,Fiber optic,0,1,95.26,3449.13,4,0
C01579,2018-12-05,South,1,0,67,Two year,Bank transfer,No,0,0,17.88,1216.88,0,0
C01580,2019-04-25,West,0,0,63,Two year,Bank transfer,No,0,0,19.49,1253.1,0,0
C01581,2018-07-31,North,0,0,72,Two year,Mailed check,No,0,0,15.0,1048.86,0,0
C01582,2020-07-23,East,0,0,47,Month-to-month,Bank transfer,Fiber optic,0,0,86.07,4121.33,1,0
C01583,2021-08-19,South,0,0,34,Month-to-month,Electronic check,Fiber optic,1,1,112.7,3745.98,0,1
C01584,2022-07-27,West,0,1,23,Month-to-month,Mailed check,DSL,0,1,66.3,1452.88,0,0
C01585,2018-09-14,East,0,1,70,One year,Credit card,Fiber optic,1,1,110.2,7960.0,0,0
C01586,2021-10-11,West,0,0,33,Two year,Credit card,DSL,0,1,59.16,2001.4,0,0
C01587,2023-06-30,North,0,1,12,Month-to-month,Credit card,DSL,0,0,51.19,629.79,0,0
C01588,2019-10-14,North,0,0,57,One year,Electronic check,No,0,0,20.39,1147.79,2,0
C01589,2021-03-12,West,0,1,40,Month-to-month,Electronic check,No,0,0,15.0,616.41,0,0
C01590,2022-07-25,South,0,1,23,Month-to-month,Electronic check,Fiber optic,0,1,98.31,2213.62,3,1
C01591,2024-01-21,West,0,1,5,Month-to-month,Mailed check,DSL,0,0,53.77,263.42,1,0
C01592,2022-08-03,East,0,0,23,Month-to-month,Electronic check,Fiber optic,1,0,96.19,2182.71,3,1
C01593,2020-10-12,South,1,0,45,Two year,Credit card,Fiber optic,1,0,94.07,4327.77,0,0
C01594,2021-08-22,North,0,0,34,Month-to-month,Bank transfer,Fiber optic,1,1,106.34,3524.55,1,0
C01595,2018-07-13,North,0,1,72,Two year,Mailed check,No,0,0,15.0,1034.03,1,0
C01596,2022-11-05,East,0,0,20,One year,Electronic check,DSL,1,1,72.63,1417.63,0,0
C01597,2022-08-18,North,0,0,22,Month-to-month,Mailed check,DSL,1,1,79.03,1731.57,1,0
C01598,2022-07-15,North,0,1,23,Month-to-month,Mailed check,DSL,0,0,49.34,1114.27,1,0
C01599,2018-07-25,North,1,0,72,Two year,Bank transfer,DSL,0,1,63.07,4640.82,1,0
C01600,2023-02-24,West,0,0,16,Month-to-month,Electronic check,DSL,1,1,75.25,1153.12,0,1
C01601,2019-07-24,East,1,1,60,Two year,Credit card,DSL,0,1,65.62,3998.6,1,1
C01602,2022-12-09,East,0,1,18,Month-to-month,Electronic check,DSL,1,1,79.86,1410.72,0,0
C01603,2022-08-19,East,0,0,22,One year,Electronic check,DSL,0,0,55.92,1191.34,0,0
C01604,2018-08-18,East,0,1,71,Two year,Credit card,DSL,0,1,64.35,4446.97,1,0
C01605,2024-03-30,South,1,0,3,Month-to-month,Electronic check,Fiber optic,0,0,78.14,227.35,0,0
C01606,2023-11-03,South,1,0,8,Month-to-month,Electronic check,DSL,0,0,67.23,557.25,0,0
C01607,2023-08-22,East,0,1,10,Two year,Bank transfer,No,0,0,20.15,,3,0
C01608,2024-01-21,West,0,1,5,Month-to-month,Mailed check,DSL,0,1,70.65,364.3,0,0
C01609,2024-04-19,West,0,0,2,Month-to-month,Electronic check,DSL,1,1,67.47,132.11,1,1
C01610,2022-12-27,East,0,1,18,Month-to-month,Electronic check,DSL,1,1,75.51,1291.73,1,0
C01611,2024-01-04,West,1,1,5,Month-to-month,Electronic check,Fiber optic,0,1,95.36,453.29,3,1
C01612,2021-06-06,West,0,1,37,One year,Mailed check,DSL,0,0,53.14,1940.17,1,0
C01613,2018-07-20,East,0,0,72,One year,Electronic check,Fiber optic,0,1,100.11,7463.22,2,1
C01614,2022-01-20,West,0,1,29,Month-to-month,Credit card,DSL,1,0,63.94,1871.27,0,0
C01615,2020-01-13,North,1,1,54,Two year,Credit card,No,0,0,18.28,1004.84,0,0
C01616,2021-08-28,North,1,0,34,Month-to-month,Electronic check,DSL,0,1,66.95,2256.88,2,0
C01617,2021-01-26,South,0,1,41,Month-to-month,Electronic check,Fiber optic,0,1,97.1,3891.65,3,1
C01618,2022-01-15,North,0,0,29,One year,Electronic check,No,0,0,15.16,445.92,0,0
C01619,2020-03-23,South,0,1,52,Two year,Electronic check,DSL,0,1,70.96,3719.24,2,1
C01620,2023-11-15,North,0,0,7,Month-to-month,Electronic check,DSL,0,1,64.69,431.77,0,1
C01621,2023-01-22,West,0,1,17,Month-to-month,Credit card,Fiber optic,1,0,94.59,1616.57,3,1
C01622,2022-01-25,East,0,1,29,Month-to-month,Mailed check,DSL,0,1,72.99,2144.38,0,0
C01623,2022-01-13,North,0,1,29,Two year,Mailed check,DSL,0,1,78.62,2249.98,1,0
C01624,2024-01-24,East,1,0,5,Month-to-month,Bank transfer,Fiber optic,1,1,108.87,535.75,0,1
C01625,2023-04-13,East,1,0,14,Month-to-month,Credit card,DSL,0,0,48.03,691.75,1,1
C01626,2023-03-19,South,0,1,15,One year,Electronic check,No,0,0,18.85,279.1,1,0
C01627,2024-04-19,West,1,1,2,Month-to-month,Electronic check,Fiber optic,0,0,91.86,179.8,2,1
C01628,2024-06-09,West,0,1,0,Month-to-month,Credit card,Fiber optic,0,0,84.08,,2,1
C01629,2023-04-14,West,0,1,14,Month-to-month,Electronic check,DSL,0,1,70.33,1032.36,0,0
C01630,2024-01-01,North,0,1,6,Month-to-month,Bank transfer,Fiber optic,1,0,98.27,571.03,2,1
C01631,2024-01-16,South,0,0,5,Month-to-month,Bank transfer,Fiber optic,0,1,94.18,465.18,1,1
C01632,2022-03-12,West,0,1,28,Two year,Mailed check,DSL,0,0,62.57,1664.82,0,0
C01633,2021-09-14,South,0,0,34,One year,Electronic check,No,0,0,21.72,737.43,0,0
C01634,2019-08-20,South,0,1,59,One year,Electronic check,Fiber optic,0,0,84.89,4899.74,2,0
C01635,2020-05-16,South,0,0,50,Two year,Mailed check,Fiber optic,0,0,84.35,4354.83,2,0
C01636,2022-11-21,South,0,1,19,Month-to-month,Mailed check,DSL,1,0,60.31,1193.53,0,0
C01637,2023-08-11,East,0,1,10,Month-to-month,Credit card,DSL,1,0,61.84,594.66,0,0
C01638,2019-06-08,North,0,0,61,Two year,Bank transfer,Fiber optic,0,1,92.91,5873.7,1,1
C01639,2022-07-16,West,1,1,23,Month-to-month,Credit card,Fiber optic,1,0,104.1,2326.06,1,1
C01640,2018-07-22,East,0,0,72,One year,Credit card,DSL,0,1,71.15,5024.42,0,0
C01641,2021-02-19,North,0,0,40,One year,Bank transfer,DSL,0,1,62.96,2615.55,0,1
C01642,2022-09-02,West,0,0,22,Month-to-month,Electronic check,Fiber optic,0,1,104.37,2265.2,2,1
C01643,2021-05-25,East,0,0,37,Month-to-month,Mailed check,DSL,0,0,60.46,2128.94,0,0
C01644,2024-05-27,South,0,1,1,Month-to-month,Bank transfer,DSL,1,0,62.43,59.63,0,0
C01645,2024-01-15,South,0,1,5,Month-to-month,Bank transfer,Fiber optic,0,0,87.12,428.53,2,1
C01646,2022-04-03,East,0,0,27,Month-to-month,Electronic check,DSL,0,0,52.27,1465.54,1,0
C01647,2023-06-18,North,0,1,12,Month-to-month,Bank transfer,DSL,0,0,59.1,680.03,0,1
C01648,2021-10-31,East,0,0,32,One year,Mailed check,DSL,1,0,66.97,2077.8,0,0
C01649,2022-03-10,East,0,1,28,Two year,Electronic check,No,0,0,18.31,536.64,0,0
C01650,2022-05-25,South,1,0,25,Two year,Credit card,DSL,0,0,50.05,1240.17,0,0
C01651,2022-04-20,South,0,1,26,Month-to-month,Mailed check,Fiber optic,0,1,96.74,2608.97,3,1
C01652,2024-02-05,East,0,1,4,Month-to-month,Mailed check,No,0,0,21.97,86.86,0,0
C01653,2023-04-10,East,1,0,14,Month-to-month,Bank transfer,Fiber optic,1,0,100.2,1405.37,4,1
C01654,2021-12-24,South,0,0,30,Month-to-month,Bank transfer,Fiber optic,1,1,109.52,3432.45,0,0
C01655,2018-07-13,West,0,1,72,Two year,Electronic check,Fiber optic,0,0,88.71,6678.61,0,0
C01656,2023-12-17,West,0,1,6,Month-to-month,Bank transfer,DSL,0,0,51.99,301.51,1,0
C01657,2023-09-07,South,0,0,9,Month-to-month,Electronic check,Fiber optic,1,0,87.09,797.66,2,1
C01658,2022-11-28,East,0,1,19,Two year,Bank transfer,No,0,0,15.0,282.84,1,0
C01659,2022-12-24,West,1,0,18,Month-to-month,Electronic check,Fiber optic,0,0,83.83,1456.09,3,1
C01660,2024-03-20,North,0,0,3,Month-to-month,Credit card,Fiber optic,0,1,93.91,268.37,1,1
C01661,2019-09-16,East,0,1,58,Month-to-month,Credit card,DSL,0,1,66.51,3860.59,0,0
C01662,2022-07-22,West,0,1,23,One year,Mailed check,No,0,0,22.94,506.18,0,0
C01663,2023-12-02,North,0,1,7,One year,Electronic check,DSL,0,1,69.51,507.9,0,0
C01664,2018-08-12,South,1,1,71,Month-to-month,Mailed check,No,0,0,15.0,1038.37,0,0
C01665,2021-01-22,West,0,0,41,Two year,Bank transfer,DSL,1,0,75.32,3069.54,0,0
C01666,2022-08-04,West,0,1,23,Two year,Bank transfer,Fiber optic,1,1,108.57,2553.64,1,0
C01667,2019-08-19,West,0,0,59,Two year,Bank transfer,Fiber optic,1,0,96.16,5677.79,4,0
C01668,2022-05-18,East,0,0,25,Month-to-month,Credit card,Fiber optic,0,1,96.41,2380.69,3,1
C01669,2019-05-20,North,0,1,62,Month-to-month,Mailed check,DSL,0,1,65.88,4137.5,1,0
C01670,2018-07-08,North,0,0,72,Two year,Bank transfer,No,0,0,24.4,1703.69,1,0
C01671,2024-01-14,West,0,1,5,Month-to-month,Mailed check,DSL,0,0,51.11,255.31,1,1
C01672,2018-07-03,East,0,1,72,One year,Bank transfer,DSL,1,0,66.23,4989.42,1,0
C01673,2018-07-18,North,0,0,72,One year,Mailed check,Fiber optic,0,1,103.06,7631.62,1,0
C01674,2024-01-06,North,0,1,5,Month-to-month,Credit card,Fiber optic,1,1,107.76,529.89,3,1
C01675,2022-10-12,North,0,1,20,One year,Electronic check,Fiber optic,0,0,87.05,1812.84,2,0
C01676,2022-01-09,West,0,1,30,Two year,Electronic check,DSL,1,0,59.38,1848.18,1,0
C01677,2021-02-10,West,0,1,41,One year,Electronic check,Fiber optic,1,0,98.31,3938.59,0,0
C01678,2023-01-24,West,1,0,17,Month-to-month,Credit card,No,0,0,21.48,381.02,0,0
C01679,2021-06-08,North,0,0,37,Two year,Mailed check,DSL,0,0,54.6,2017.24,0,0
C01680,2022-08-09,East,0,0,23,Month-to-month,Mailed check,Fiber optic,0,0,87.89,2108.96,2,0
C01681,2021-08-16,West,0,0,34,One year,Mailed check,Fiber optic,1,0,90.43,3089.89,3,0
C01682,2021-10-21,East,0,0,32,Two year,Mailed check,No,0,0,27.2,835.3,1,0
C01683,2023-03-28,West,0,1,15,One year,Credit card,Fiber optic,1,0,106.57,1540.87,1,0
C01684,2022-01-16,East,0,0,29,Month-to-month,Credit card,No,0,0,17.6,510.29,0,0
C01685,2022-12-11,North,0,1,18,Month-to-month,Credit card,DSL,0,0,59.7,1023.54,0,0
C01686,2023-04-23,South,0,1,14,Month-to-month,Credit card,DSL,1,0,64.42,926.09,0,1
C01687,2021-07-12,South,0,0,36,Month-to-month,Electronic check,No,0,0,15.08,532.44,0,0
C01688,2022-02-06,North,0,0,29,Month-to-month,Electronic check,No,0,0,25.19,696.27,1,0
C01689,2023-01-13,East,0,0,17,One year,Bank transfer,Fiber optic,1,0,93.86,1619.34,0,1
C01690,2022-05-29,West,0,1,25,Month-to-month,Bank transfer,Fiber optic,0,0,87.45,2209.35,3,1
C01691,2023-11-18,North,0,0,7,One year,Electronic check,Fiber optic,1,0,102.64,691.65,2,1
C01692,2022-02-08,South,0,1,29,Two year,Bank transfer,DSL,1,0,67.11,1884.16,0,0
C01693,2021-03-17,East,0,1,40,Month-to-month,Electronic check,No,0,0,20.84,853.89,0,0
C01694,2021-11-11,South,0,0,32,One year,Electronic check,Fiber optic,0,0,81.16,2506.51,4,1
C01695,2022-01-21,North,0,1,29,One year,Electronic check,Fiber optic,0,1,93.17,2568.58,2,0
C01696,2022-11-05,North,0,0,20,Month-to-month,Credit card,DSL,0,0,54.45,1143.42,1,0
C01697,2023-10-09,North,1,0,8,Month-to-month,Bank transfer,DSL,0,1,65.48,512.85,0,0
C01698,2020-04-19,West,0,0,51,One year,Mailed check,DSL,0,1,69.72,3694.77,0,0
C01699,2018-07-27,South,0,1,72,Two year,Credit card,Fiber optic,0,0,80.64,5756.19,2,0
C01700,2021-06-20,West,0,1,36,One year,Credit card,Fiber optic,0,1,93.9,3536.84,2,0
C01701,2021-06-01,East,0,0,37,Two year,Mailed check,DSL,0,1,66.39,2439.21,1,0
C01702,2021-03-18,South,0,0,40,Two year,Credit card,Fiber optic,0,0,85.39,3500.75,2,0
C01703,2023-06-01,West,0,0,13,Month-to-month,Electronic check,No,0,0,20.23,275.24,0,0
C01704,2020-05-14,South,0,1,50,One year,Mailed check,DSL,1,0,64.22,,0,0
C01705,2024-05-23,North,0,1,1,Month-to-month,Electronic check,Fiber optic,0,1,93.86,89.45,5,1
C01706,2018-07-26,West,0,0,72,Two year,Mailed check,Fiber optic,1,1,109.32,7830.61,2,0
C01707,2023-02-26,East,1,1,16,Month-to-month,Mailed check,DSL,0,1,71.73,1177.67,0,0
C01708,2023-10-21,South,0,0,8,Month-to-month,Electronic check,Fiber optic,1,0,96.24,774.85,2,1
C01709,2022-08-08,East,0,1,23,Two year,Mailed check,Fiber optic,0,1,94.68,2250.65,0,0
C01710,2022-07-04,West,0,1,24,Month-to-month,Bank transfer,DSL,0,1,59.34,1390.94,0,1
C01711,2023-05-08,South,0,0,13,One year,Bank transfer,DSL,1,1,83.64,,1,0
C01712,2024-03-25,West,0,0,3,Month-to-month,Electronic check,No,0,0,19.3,56.28,1,0
C01713,2023-12-29,West,0,1,6,Two year,Electronic check,DSL,1,0,70.29,410.3,0,0
C01714,2019-01-02,West,0,1,66,Two year,Mailed check,Fiber optic,0,0,91.57,5944.06,2,0
C01715,2022-11-06,North,0,0,20,Month-to-month,Credit card,Fiber optic,1,1,110.21,2162.71,2,1
C01716,2022-03-24,North,0,1,27,One year,Credit card,No,0,0,23.82,626.05,2,0
C01717,2023-12-02,North,0,1,7,Month-to-month,Electronic check,Fiber optic,0,0,88.5,596.07,1,0
C01718,2021-03-10,East,0,0,40,One year,Bank transfer,No,0,0,19.12,766.47,0,0
C01719,2023-07-16,South,0,1,11,One year,Bank transfer,Fiber optic,0,0,80.41,903.21,1,1
C01720,2020-05-13,West,0,0,50,Two year,Credit card,Fiber optic,0,1,100.19,5214.05,4,0
C01721,2019-07-09,North,0,1,60,Month-to-month,Electronic check,DSL,1,0,58.88,3453.58,0,0
C01722,2023-06-25,South,1,0,12,Month-to-month,Bank transfer,DSL,0,1,65.43,797.76,0,0
C01723,2019-01-18,South,0,0,66,One year,Bank transfer,Fiber optic,1,0,92.44,6117.85,2,0
C01724,2022-05-31,West,0,0,25,One year,Electronic check,DSL,0,1,69.29,1798.75,1,0
C01725,2024-03-01,North,0,0,4,Month-to-month,Electronic check,Fiber optic,0,0,85.93,350.42,3,1
C01726,2021-08-10,South,0,0,35,Month-to-month,Electronic check,DSL,0,1,64.43,2183.55,1,1
C01727,2024-06-12,West,1,1,0,Month-to-month,Mailed check,DSL,1,0,63.31,,1,1
C01728,2022-05-02,West,0,1,26,Two year,Bank transfer,DSL,0,1,74.83,1969.8,0,0
C01729,2022-05-13,West,0,1,25,Month-to-month,Bank transfer,Fiber optic,0,0,81.86,2097.9,3,1
C01730,2021-06-20,East,1,0,36,Month-to-month,Electronic check,Fiber optic,0,0,84.27,2905.91,1,1
C01731,2018-07-10,North,0,1,72,Two year,Credit card,Fiber optic,0,0,87.32,6379.07,0,0
C01732,2024-03-11,North,0,1,3,Month-to-month,Mailed check,Fiber optic,0,0,85.28,,0,1
C01733,2022-10-16,South,0,0,20,One year,Credit card,No,0,0,22.44,468.68,0,0
C01734,2023-10-03,South,0,0,9,Month-to-month,Electronic check,Fiber optic,1,0,99.39,935.99,2,1
C01735,2020-06-15,East,0,1,49,Two year,Credit card,DSL,1,1,82.76,4200.9,1,0
C01736,2023-03-14,North,1,1,15,One year,Credit card,No,0,0,20.18,313.61,0,1
C01737,2018-07-05,East,0,0,72,Two year,Credit card,DSL,1,0,66.62,5017.83,0,0
C01738,2021-09-02,South,0,0,34,Month-to-month,Credit card,Fiber optic,0,1,97.84,3255.39,3,1
C01739,2020-08-04,North,0,0,47,Month-to-month,Mailed check,Fiber optic,0,0,81.42,3835.39,0,0
C01740,2021-10-23,West,0,1,32,One year,Bank transfer,DSL,0,1,67.78,2089.56,1,0
C01741,2021-11-30,South,0,0,31,Month-to-month,Bank transfer,Fiber optic,1,0,88.41,2728.7,0,0
C01742,2023-12-22,North,0,1,6,Month-to-month,Mailed check,DSL,0,0,56.5,325.6,0,0
C01743,2022-01-13,South,0,1,29,Month-to-month,Credit card,DSL,1,0,56.47,1669.02,0,0
C01744,2022-09-16,west,0,1,21,Two year,Electronic check,DSL,1,0,61.04,1227.45,0,0
C01745,2020-11-21,West,0,1,43,One year,Mailed check,DSL,0,0,58.42,2602.39,1,0
C01746,2023-08-16,North,1,0,10,One year,Credit card,DSL,1,1,78.86,816.32,0,0
C01747,2022-08-08,East,1,0,23,One year,Electronic check,Fiber optic,0,1,96.93,2333.19,2,1
C01748,2020-03-03,East,0,0,52,Month-to-month,Electronic check,Fiber optic,0,0,83.2,4121.86,5,1
C01749,2023-02-25,West,0,0,16,Month-to-month,Electronic check,Fiber optic,0,1,93.54,1544.32,1,1
C01750,2022-11-12,West,1,1,19,Month-to-month,Bank transfer,Fiber optic,1,1,104.72,1948.46,1,1
C01751,2022-11-11,East,0,0,19,One year,Credit card,DSL,1,1,79.74,1468.98,1,0
C01752,2022-12-14,East,0,0,18,Month-to-month,Electronic check,DSL,0,1,65.98,1217.4,1,0
C01753,2020-12-02,South,0,0,43,Two year,Bank transfer,Fiber optic,0,1,88.66,3667.53,3,0
C01754,2021-07-02,West,0,1,36,Two year,Bank transfer,No,0,0,15.07,562.91,0,0
C01755,2023-08-26,West,0,0,10,Month-to-month,Bank transfer,Fiber optic,1,1,103.75,1076.44,3,1
C01756,2020-04-03,West,1,0,51,One year,Bank transfer,DSL,0,0,53.94,2766.33,0,0
C01757,2022-12-20,West,0,1,18,Month-to-month,Credit card,Fiber optic,1,1,105.83,1890.22,0,1
C01758,2022-06-30,East,0,0,24,Two year,Mailed check,No,0,0,15.78,,1,0
C01759,2018-07-04,West,0,1,72,Two year,Electronic check,Fiber optic,0,0,87.46,6430.85,2,0
C01760,2021-05-28,West,0,1,37,Two year,Bank transfer,DSL,1,0,57.08,2013.16,1,0
C01761,2020-08-12,North,0,0,47,Month-to-month,Mailed check,DSL,1,0,62.02,2889.29,0,0
C01762,2020-07-14,North,0,0,48,Month-to-month,Mailed check,Fiber optic,0,0,88.14,4201.01,4,0
C01763,2020-11-14,West,0,0,44,Month-to-month,Electronic check,No,0,0,22.16,1009.77,1,0
C01764,2022-03-26,South,0,1,27,Month-to-month,Electronic check,Fiber optic,0,0,83.92,2352.57,1,1
C01765,2023-09-22,West,1,0,9,Month-to-month,Credit card,DSL,0,1,70.75,639.52,0,0
C01766,2023-06-12,South,0,1,12,Month-to-month,Electronic check,Fiber optic,0,0,86.04,992.45,2,0
C01767,2023-03-06,South,0,1,16,Two year,Bank transfer,No,0,0,20.28,328.02,0,0
C01768,2023-03-23,West,0,0,15,Month-to-month,Bank transfer,Fiber optic,0,0,87.4,1305.81,2,0
C01769,2023-05-05,East,0,1,14,Month-to-month,Electronic check,Fiber optic,0,1,98.63,1370.18,2,1
C01770,2021-11-23,East,1,0,31,Two year,Electronic check,DSL,0,0,60.33,1960.81,1,0
C01771,2023-08-19,South,1,0,10,One year,Mailed check,DSL,0,1,65.9,691.67,0,0
C01772,2018-07-24,East,1,1,72,One year,Mailed check,Fiber optic,0,0,84.03,5995.47,1,0
C01773,2020-02-23,South,0,1,52,One year,Mailed check,Fiber optic,1,0,95.79,5197.55,4,0
C01774,2020-12-24,West,0,1,42,Two year,Bank transfer,No,0,0,20.09,822.23,0,0
C01775,2023-10-29,South,0,0,8,One year,Electronic check,Fiber optic,1,1,114.43,887.38,3,1
C01776,2023-06-22,North,1,0,12,Month-to-month,Electronic check,DSL,0,1,69.1,842.2,1,1
C01777,2022-05-22,East,1,0,25,One year,Electronic check,DSL,0,0,52.11,1302.81,0,1
C01778,2024-01-21,West,0,0,5,Month-to-month,Mailed check,Fiber optic,1,0,89.04,456.14,1,1
C01779,2021-04-04,West,0,0,39,Month-to-month,Mailed check,DSL,0,1,73.28,2746.43,1,0
C01780,2023-02-06,North,0,1,17,Month-to-month,Credit card,Fiber optic,0,0,83.5,1417.0,3,1
C01781,2023-02-22,West,0,1,16,Month-to-month,Electronic check,DSL,1,0,66.32,1080.41,0,0
C01782,2020-08-18,South,0,1,47,One year,Mailed check,DSL,0,1,66.93,3146.05,2,0
C01783,2020-01-28,West,0,0,53,Month-to-month,Bank transfer,Fiber optic,1,1,110.23,5717.36,6,1
C01784,2023-07-03,East,0,1,12,Month-to-month,Bank transfer,DSL,0,0,52.79,633.53,0,0
C01785,2024-03-01,West,0,1,4,Month-to-month,Bank transfer,Fiber optic,0,0,85.48,344.83,2,1
C01786,2018-07-18,South,0,1,72,Two year,Electronic check,Fiber optic,0,0,82.82,5993.07,2,0
C01787,2022-10-27,East,0,1,20,Month-to-month,Bank transfer,Fiber optic,0,0,96.13,1935.27,3,1
C01788,2018-07-30,East,0,0,72,One year,Electronic check,Fiber optic,0,1,93.99,6728.56,2,0
C01789,2020-11-01,North,0,0,44,Two year,Credit card,Fiber optic,1,0,97.24,4206.26,1,0
C01790,2023-10-16,West,1,1,8,Month-to-month,Electronic check,No,0,0,31.38,240.26,0,1
C01791,2022-02-24,North,1,0,28,One year,Bank transfer,DSL,0,1,71.39,1908.26,2,0
C01792,2024-06-26,West,0,1,0,Month-to-month,Bank transfer,DSL,1,1,76.91,,0,0
C01793,2023-11-03,North,0,1,8,Month-to-month,Bank transfer,Fiber optic,0,0,85.67,709.95,1,0
C01794,2021-09-26,North,1,1,33,One year,Electronic check,Fiber optic,1,1,103.75,3521.56,0,0
C01795,2018-07-04,South,1,0,72,Two year,Bank transfer,Fiber optic,0,0,91.72,6627.78,2,0
C01796,2024-04-16,North,0,0,2,Month-to-month,Bank transfer,Fiber optic,1,1,106.1,215.16,1,1
C01797,2018-07-10,North,0,0,72,One year,Mailed check,Fiber optic,0,1,96.71,7294.88,0,0
C01798,2023-09-26,North,0,0,9,Month-to-month,Mailed check,DSL,1,0,61.49,579.27,0,0
C01799,2022-12-06,South,0,1,19,One year,Electronic check,Fiber optic,0,1,95.75,1909.27,3,1
C01800,2018-07-19,South,0,0,72,One year,Electronic check,DSL,0,1,67.26,4608.57,1,0
C01801,2020-02-21,North,0,0,53,One year,Bank transfer,Fiber optic,1,1,111.36,5982.47,3,0
C01802,2020-08-07,North,0,1,47,One year,Mailed check,Fiber optic,1,0,96.07,4625.95,1,0
C01803,2022-09-30,East,0,1,21,Month-to-month,Bank transfer,Fiber optic,0,0,89.38,1802.48,1,1
C01804,2020-02-19,South,0,1,53,One year,Bank transfer,DSL,1,1,67.86,3547.39,0,0
C01805,2022-01-15,west,0,1,29,One year,Bank transfer,No,0,0,25.6,717.54,0,0
C01806,2018-07-19,West,0,1,72,One year,Bank transfer,Fiber optic,0,0,79.63,5667.21,1,0
C01807,2020-12-29,North,0,1,42,Month-to-month,Bank transfer,Fiber optic,0,1,100.08,4178.65,3,1
C01808,2023-05-18,West,0,0,13,Month-to-month,Mailed check,No,0,0,15.0,188.73,0,0
C01809,2023-04-11,East,0,0,14,Month-to-month,Electronic check,Fiber optic,0,0,85.26,1193.17,1,1
C01810,2024-01-12,West,0,0,5,Month-to-month,Credit card,Fiber optic,1,1,110.79,536.64,3,1
C01811,2024-04-23,South,1,0,2,Month-to-month,Credit card,DSL,0,0,51.63,107.62,0,0
C01812,2022-10-13,North,0,0,20,Month-to-month,Mailed check,DSL,1,1,77.14,1491.81,0,0
C01813,2022-02-17,West,0,1,28,One year,Credit card,DSL,0,0,58.71,1645.94,1,0
C01814,2022-11-17,East,0,0,19,Month-to-month,Credit card,DSL,1,1,79.94,1495.21,1,1
C01815,2018-07-28,North,0,0,72,Two year,Mailed check,Fiber optic,0,1,90.76,6484.24,3,0
C01816,2023-02-20,North,1,0,16,Month-to-month,Bank transfer,DSL,1,1,81.0,1281.66,0,1
C01817,2024-02-02,North,0,0,4,One year,Bank transfer,Fiber optic,0,0,91.83,384.9,0,1
C01818,2022-12-30,South,1,1,18,Month-to-month,Electronic check,DSL,0,1,71.86,1314.64,0,0
C01819,2023-05-11,South,0,0,13,Month-to-month,Electronic check,DSL,0,1,62.08,770.62,0,1
C01820,2018-07-19,South,0,1,72,One year,Mailed check,No,0,0,15.66,1165.3,0,0
C01821,2020-07-06,West,0,1,48,Two year,Credit card,Fiber optic,0,1,97.3,4691.62,2,0
C01822,2023-10-05,West,0,0,8,Month-to-month,Electronic check,No,0,0,999.0,171.87,0,0
C01823,2023-04-29,East,0,0,14,Month-to-month,Credit card,Fiber optic,1,1,110.48,1542.33,1,0
C01824,2023-04-09,East,0,1,14,One year,Bank transfer,DSL,1,0,61.83,833.89,0,0
C01825,2023-04-13,West,0,1,14,One year,Bank transfer,Fiber optic,0,0,84.7,1192.62,2,1
C01826,2023-09-12,South,1,0,9,Month-to-month,Electronic check,Fiber optic,0,0,81.73,726.06,3,1
C01827,2020-09-18,East,0,1,46,Month-to-month,Mailed check,DSL,0,0,50.97,2243.05,0,0
C01828,2023-12-03,East,1,0,7,Month-to-month,Electronic check,No,0,0,21.63,153.74,1,0
C01829,2018-07-23,South,0,1,72,Two year,Electronic check,Fiber optic,1,0,94.71,6637.33,1,0
C01830,2023-05-06,West,0,0,14,Month-to-month,Electronic check,Fiber optic,1,0,96.82,1391.59,3,1
C01831,2024-03-22,North,0,1,3,Month-to-month,Electronic check,Fiber optic,0,0,82.71,258.15,4,1
C01832,2020-01-24,North,0,0,53,Two year,Electronic check,Fiber optic,0,0,87.68,4527.5,0,0
C01833,2023-11-10,South,0,0,7,Month-to-month,Bank transfer,DSL,0,0,50.49,346.57,0,1
C01834,2023-07-12,West,0,1,11,Month-to-month,Mailed check,No,0,0,18.18,190.91,0,0
C01835,2022-10-22,South,0,0,20,Month-to-month,Electronic check,Fiber optic,0,1,92.57,1847.98,0,1
C01836,2024-02-17,North,1,0,4,Month-to-month,Credit card,DSL,0,0,56.14,232.2,1,1
C01837,2023-10-23,West,0,1,8,Month-to-month,Mailed check,DSL,1,0,72.25,555.47,0,0
C01838,2023-05-25,North,0,0,13,Month-to-month,Credit card,Fiber optic,0,1,98.47,1237.58,2,1
C01839,2021-06-04,North,0,0,37,One year,Bank transfer,No,0,0,19.59,742.56,2,0
C01840,2022-09-04,West,0,0,22,One year,Electronic check,No,0,0,19.21,428.46,0,1
C01841,2024-03-01,South,0,0,4,Month-to-month,Credit card,Fiber optic,1,1,104.68,406.13,0,1
C01842,2023-04-22,North,0,1,14,One year,Credit card,No,0,0,24.42,330.64,0,1
C01843,2021-06-01,South,0,0,37,Month-to-month,Bank transfer,Fiber optic,0,1,98.65,3493.27,2,1
C01844,2018-07-13,East,0,0,72,Two year,Mailed check,DSL,1,0,58.31,3995.81,0,0
C01845,2021-11-08,West,0,1,32,Month-to-month,Mailed check,Fiber optic,0,1,101.35,3218.1,1,1
C01846,2018-07-29,North,0,1,72,One year,Mailed check,DSL,0,0,51.52,3563.98,0,0
C01847,2024-03-04,South,0,0,3,Month-to-month,Bank transfer,DSL,0,0,52.38,153.87,0,1
C01848,2023-11-19,East,1,0,7,One year,Mailed check,Fiber optic,1,0,96.61,701.56,4,1
C01849,2023-10-26,East,0,1,8,Month-to-month,Electronic check,DSL,1,1,74.61,569.98,0,0
C01850,2022-11-28,East,0,1,19,One year,Electronic check,No,0,0,28.97,,0,0
C01851,2024-01-01,South,0,0,6,Month-to-month,Electronic check,No,0,0,19.05,112.95,1,0
C01852,2020-06-25,West,1,1,48,Two year,Electronic check,DSL,1,0,67.53,3212.88,0,0
C01853,2022-11-14,North,0,0,19,Month-to-month,Mailed check,Fiber optic,0,1,90.82,1807.14,1,1
C01854,2019-05-07,West,0,0,62,One year,Credit card,Fiber optic,0,0,82.53,5151.9,1,0
C01855,2021-01-24,West,0,0,41,Two year,Electronic check,DSL,1,0,64.48,2521.18,1,0
C01856,2018-07-05,East,1,1,72,Two year,Electronic check,DSL,1,1,80.99,6002.62,0,0
C01857,2019-08-07,South,0,0,59,Month-to-month,Electronic check,DSL,0,1,62.7,3719.47,0,0
C01858,2022-06-01,South,1,0,25,Month-to-month,Bank transfer,DSL,0,0,59.8,1536.42,2,0
C01859,2023-11-01,South,0,0,8,Month-to-month,Bank transfer,DSL,0,0,55.51,428.59,1,0
C01860,2023-08-01,North,0,1,11,Month-to-month,Mailed check,DSL,0,1,68.31,733.57,2,1
C01861,2022-01-29,North,0,0,29,One year,Credit card,DSL,0,0,52.02,1570.51,1,0
C01862,2018-07-08,East,0,0,72,Two year,Credit card,No,0,0,16.14,1153.93,0,0
C01863,2018-07-22,East,0,0,72,Two year,Credit card,DSL,0,0,46.29,,1,0
C01864,2022-07-29,South,0,1,23,Month-to-month,Credit card,DSL,0,0,56.2,1311.1,1,1
C01865,2019-03-01,South,1,1,64,One year,Mailed check,Fiber optic,0,0,87.51,5616.49,6,1
C01866,2022-06-24,North,0,1,24,Two year,Bank transfer,DSL,1,0,63.55,1563.42,0,0
C01867,2018-07-06,West,0,1,72,Two year,Mailed check,Fiber optic,0,0,78.67,5507.44,2,0
C01868,2022-04-21,West,0,0,26,Month-to-month,Credit card,DSL,1,1,74.78,2026.1,0,0
C01869,2021-01-02,North,0,0,42,Month-to-month,Electronic check,Fiber optic,0,0,86.49,3470.45,1,0
C01870,2018-07-14,South,0,0,72,Two year,Electronic check,Fiber optic,1,0,95.74,6892.94,3,0
C01871,2024-01-11,East,0,1,5,Month-to-month,Electronic check,Fiber optic,0,0,87.69,460.27,2,1
C01872,2020-01-29,North,0,1,53,Month-to-month,Bank transfer,Fiber optic,0,1,90.53,4874.28,3,1
C01873,2020-01-02,North,0,1,54,Two year,Bank transfer,Fiber optic,0,1,95.38,5141.34,0,0
C01874,2022-04-07,West,0,1,27,Two year,Electronic check,DSL,0,0,54.6,1540.91,0,0
C01875,2022-08-03,North,0,0,23,Two year,Mailed check,DSL,1,1,79.53,1752.0,0,0
C01876,2018-07-30,East,0,1,72,One year,Mailed check,Fiber optic,1,0,92.59,6614.74,0,0
C01877,2021-12-05,West,0,1,31,Month-to-month,Credit card,DSL,0,0,57.14,1842.82,1,0
C01878,2023-04-27,East,0,0,14,Month-to-month,Electronic check,DSL,0,1,63.2,900.75,0,1
C01879,2022-07-08,South,0,1,24,Month-to-month,Electronic check,Fiber optic,0,1,97.87,2317.98,0,0
C01880,2022-06-26,north,0,1,24,One year,Bank transfer,DSL,0,1,65.83,1655.37,0,0
C01881,2021-06-18,East,1,0,36,Month-to-month,Bank transfer,DSL,0,1,65.59,2422.43,0,0
C01882,2023-02-14,South,0,1,16,One year,Credit card,Fiber optic,0,0,94.65,1586.69,2,0
C01883,2023-02-11,West,0,0,16,Month-to-month,Bank transfer,DSL,0,1,65.67,1059.51,0,0
C01884,2023-03-15,East,0,0,15,One year,Credit card,Fiber optic,1,1,105.31,1501.96,0,0
C01885,2021-04-22,North,1,0,38,Month-to-month,Electronic check,No,0,0,15.0,596.9,0,0
C01886,2024-04-14,South,0,1,2,Month-to-month,Mailed check,No,0,0,23.96,49.47,0,0
C01887,2023-01-23,East,0,1,17,Month-to-month,Credit card,Fiber optic,0,1,94.83,1620.22,1,1
C01888,2023-06-13,East,0,0,12,Month-to-month,Electronic check,DSL,1,1,76.87,891.16,0,1
C01889,2022-03-26,East,0,1,27,Two year,Credit card,Fiber optic,0,0,81.62,2287.69,1,0
C01890,2023-06-19,North,0,1,12,Month-to-month,Electronic check,Fiber optic,1,0,96.66,1175.85,1,1
C01891,2021-10-19,North,0,1,32,Month-to-month,Mailed check,Fiber optic,0,0,88.73,2698.25,1,1
C01892,2021-11-06,North,1,1,32,One year,Electronic check,DSL,0,1,72.23,2309.92,0,1
C01893,2022-07-09,East,0,1,24,One year,Bank transfer,DSL,0,0,54.53,1371.84,0,0
C01894,2023-04-15,North,0,0,14,Month-to-month,Credit card,DSL,0,0,52.63,743.16,2,1
C01895,2023-09-13,West,0,1,9,Month-to-month,Electronic check,DSL,0,0,52.37,481.26,1,0
C01896,2022-08-23,South,0,0,22,Month-to-month,Electronic check,DSL,0,0,55.07,1230.69,1,0
C01897,2023-10-30,South,0,1,8,One year,Mailed check,No,0,0,21.01,168.39,0,0
C01898,2023-05-20,North,1,1,13,Month-to-month,Electronic check,DSL,0,1,69.18,916.62,2,1
C01899,2023-04-23,South,0,0,14,Month-to-month,Mailed check,Fiber optic,0,0,81.61,1107.78,1,1
C01900,2023-11-09,West,0,0,7,Month-to-month,Credit card,No,0,0,20.54,141.45,0,1
C01901,2021-09-07,North,0,0,34,One year,Electronic check,DSL,1,1,72.92,2575.83,0,0
C01902,2023-10-03,east,0,1,9,Month-to-month,Mailed check,Fiber optic,1,1,106.48,936.26,1,0
C01903,2020-09-29,North,0,1,45,Two year,Mailed check,Fiber optic,0,1,102.58,4577.67,2,0
C01904,2023-07-30,North,0,0,11,Month-to-month,Electronic check,DSL,0,0,54.09,571.39,2,0
C01905,2022-03-03,East,0,1,28,One year,Electronic check,Fiber optic,0,0,81.46,2379.07,2,0
C01906,2024-01-12,East,0,1,5,Month-to-month,Bank transfer,Fiber optic,0,0,86.4,422.03,4,1
C01907,2024-01-22,East,0,1,5,Month-to-month,Bank transfer,Fiber optic,0,0,88.58,446.49,3,1
C01908,2024-02-25,North,0,1,4,Month-to-month,Credit card,Fiber optic,0,0,81.92,,1,0
C01909,2018-08-01,North,0,0,72,Two year,Mailed check,No,0,0,15.0,1063.45,0,0
C01910,2018-07-27,South,0,0,72,Two year,Bank transfer,DSL,0,1,63.75,4437.7,1,0
C01911,2023-02-06,North,0,0,17,Month-to-month,Credit card,Fiber optic,1,1,105.24,1877.82,1,0
C01912,2022-07-13,West,1,1,23,Month-to-month,Credit card,Fiber optic,0,0,91.07,2050.45,0,1
C01913,2020-08-11,South,0,0,47,Two year,Credit card,Fiber optic,0,0,79.38,3692.22,0,1
C01914,2023-03-11,East,0,0,15,Month-to-month,Electronic check,Fiber optic,1,0,88.22,1282.64,0,1
C01915,2023-08-24,North,0,0,10,Month-to-month,Credit card,Fiber optic,0,0,86.09,871.88,2,0
C01916,2023-05-23,East,0,0,13,Month-to-month,Credit card,No,0,0,17.15,213.72,0,0
C01917,2023-02-03,North,0,0,17,One year,Credit card,DSL,0,1,63.03,1088.97,2,0
C01918,2021-07-13,South,0,1,36,One year,Bank transfer,Fiber optic,0,1,99.6,3586.71,2,1
C01919,2020-11-11,South,0,0,44,One year,Credit card,DSL,1,1,77.36,3454.04,0,0
C01920,2019-06-04,North,0,0,61,Two year,Mailed check,Fiber optic,0,0,89.02,5161.26,2,0
C01921,2023-10-06,North,0,0,8,Month-to-month,Bank transfer,Fiber optic,1,0,97.94,797.11,0,1
C01922,2023-06-13,West,0,0,12,Month-to-month,Bank transfer,Fiber optic,0,1,92.17,1055.79,6,1
C01923,2022-08-02,South,0,1,23,Month-to-month,Bank transfer,Fiber optic,0,0,78.28,1875.61,5,0
C01924,2022-01-02,East,0,0,30,Month-to-month,Bank transfer,Fiber optic,0,0,89.48,2763.17,0,1
C01925,2024-04-24,East,0,1,2,Month-to-month,Electronic check,DSL,0,1,66.5,128.0,1,1
C01926,2023-09-12,East,1,0,9,Month-to-month,Mailed check,DSL,1,0,77.06,697.44,0,0
C01927,2022-12-13,East,0,1,18,Month-to-month,Mailed check,DSL,0,1,70.87,1333.94,0,1
C01928,2022-09-07,West,0,1,22,One year,Bank transfer,No,0,0,25.48,546.13,0,0
C01929,2022-03-09,East,0,0,28,Month-to-month,Bank transfer,DSL,0,0,51.22,1372.88,0,0
C01930,2022-10-26,South,0,0,20,Month-to-month,Credit card,No,0,0,19.66,390.15,0,0
C01931,2023-12-06,South,0,0,6,One year,Credit card,DSL,1,0,68.23,394.57,0,0
C01932,2020-01-22,West,0,1,54,One year,Bank transfer,Fiber optic,0,0,84.66,4698.52,2,0
C01933,2022-12-31,South,0,1,18,One year,Electronic check,Fiber optic,0,1,97.22,1822.08,1,0
C01934,2019-08-30,East,1,1,58,Two year,Bank transfer,Fiber optic,1,0,95.97,5538.21,2,0
C01935,2022-12-24,West,0,1,18,One year,Credit card,Fiber optic,0,0,82.1,1551.38,2,0
C01936,2022-11-28,North,0,0,19,Month-to-month,Bank transfer,Fiber optic,0,0,81.47,1499.96,1,0
C01937,2022-02-17,North,0,0,28,Month-to-month,Credit card,No,0,0,19.27,562.1,1,0
C01938,2022-05-07,North,0,1,26,One year,Credit card,Fiber optic,0,1,95.34,2435.08,5,1
C01939,2019-08-21,North,0,0,59,Month-to-month,Mailed check,DSL,0,1,63.49,3896.45,0,0
C01940,2024-06-26,East,0,1,0,Month-to-month,Bank transfer,DSL,0,1,66.49,,0,0
C01941,2023-04-12,East,1,1,14,Month-to-month,Mailed check,Fiber optic,1,0,89.78,1237.92,2,0
C01942,2023-03-05,South,1,1,16,Month-to-month,Mailed check,Fiber optic,1,0,98.05,1493.54,2,1
C01943,2021-10-25,North,0,1,32,Month-to-month,Electronic check,Fiber optic,0,1,99.36,3116.76,2,0
C01944,2023-10-31,East,0,0,8,Month-to-month,Electronic check,Fiber optic,1,0,97.73,776.86,2,0
C01945,2021-12-22,North,1,0,30,Two year,Electronic check,DSL,1,0,61.65,,0,0
C01946,2018-07-18,East,0,0,72,Two year,Bank transfer,Fiber optic,1,0,91.14,6686.57,1,0
C01947,2021-12-06,West,0,0,31,Month-to-month,Electronic check,Fiber optic,0,0,90.29,2836.73,2,1
C01948,2018-07-27,South,0,0,72,Two year,Mailed check,Fiber optic,0,1,96.22,7028.42,0,0
C01949,2023-07-16,South,0,0,11,Month-to-month,Mailed check,Fiber optic,0,0,87.28,950.12,3,1
C01950,2021-02-24,East,0,0,40,Two year,Mailed check,No,0,0,15.39,627.27,0,0
C01951,2018-07-15,North,0,0,72,Two year,Credit card,Fiber optic,0,1,95.86,6749.85,2,0
C01952,2024-03-17,East,1,0,3,Month-to-month,Mailed check,No,0,0,24.77,76.18,1,1
C01953,2021-08-30,South,0,1,34,One year,Electronic check,DSL,0,1,67.53,2330.88,1,1
C01954,2021-10-18,South,0,1,32,Two year,Credit card,Fiber optic,1,1,106.0,3475.55,0,0
C01955,2021-08-04,North,0,0,35,Two year,Credit card,Fiber optic,0,1,99.27,3353.32,2,0
C01956,2022-01-18,West,0,0,29,Two year,Bank transfer,Fiber optic,1,1,108.26,3155.96,3,0
C01957,2021-07-13,South,0,0,36,One year,Bank transfer,DSL,0,1,75.34,2628.63,1,1
C01958,2022-04-20,North,0,0,26,Month-to-month,Electronic check,Fiber optic,0,1,97.16,2478.63,2,1
C01959,2023-04-09,West,0,0,14,Two year,Bank transfer,DSL,1,1,79.59,1146.78,0,0
C01960,2020-09-14,west,0,0,46,One year,Electronic check,No,0,0,19.46,887.76,0,0
C01961,2022-11-02,East,1,0,20,One year,Mailed check,DSL,0,0,51.05,975.04,0,1
C01962,2023-09-21,North,0,1,9,Month-to-month,Electronic check,DSL,0,0,56.69,530.21,0,0
C01963,2024-03-14,West,0,1,3,One year,Bank transfer,Fiber optic,0,0,79.13,228.07,3,1
C01964,2023-03-11,North,1,1,15,Month-to-month,Electronic check,DSL,1,0,68.95,1033.97,0,0
C01965,2023-05-23,North,1,1,13,One year,Electronic check,DSL,0,0,49.73,644.9,1,0
C01966,2023-07-14,East,0,0,11,Month-to-month,Electronic check,Fiber optic,0,1,93.46,1017.69,0,0
C01967,2020-06-10,South,0,1,49,One year,Bank transfer,Fiber optic,0,1,93.12,4337.1,2,0
C01968,2021-04-01,North,0,0,39,Two year,Electronic check,DSL,0,0,57.48,2186.61,0,0
C01969,2023-01-31,East,0,1,17,Month-to-month,Mailed check,Fiber optic,0,0,80.52,1321.69,2,1
C01970,2022-12-22,South,0,0,18,Month-to-month,Electronic check,Fiber optic,1,0,97.04,1687.96,3,1
C01971,2023-04-11,West,0,1,14,Month-to-month,Credit card,Fiber optic,0,0,82.31,1109.29,2,0
C01972,2023-06-26,North,0,0,12,Two year,Electronic check,DSL,1,1,76.53,948.12,0,0
C01973,2022-04-17,West,0,1,26,One year,Credit card,DSL,1,1,74.85,1868.44,0,0
C01974,2023-03-13,East,1,0,15,Month-to-month,Electronic check,No,0,0,29.31,432.31,2,0
C01975,2021-04-29,North,0,0,38,Month-to-month,Electronic check,Fiber optic,0,1,90.34,3460.33,4,1
C01976,2023-03-11,East,0,0,15,Month-to-month,Electronic check,DSL,0,0,56.96,815.17,0,0
C01977,2021-10-19,West,0,0,32,Month-to-month,Electronic check,No,0,0,19.96,640.32,1,0
C01978,2020-04-02,North,0,0,51,Two year,Mailed check,DSL,1,0,61.88,3144.46,0,0
C01979,2024-02-04,West,0,0,4,One year,Electronic check,Fiber optic,1,0,96.58,400.15,1,1
C01980,2024-04-02,South,0,1,2,Month-to-month,Credit card,Fiber optic,0,1,93.16,179.17,2,1
C01981,2018-10-21,West,0,0,69,Two year,Mailed check,No,0,0,15.71,1036.13,0,0
C01982,2023-10-11,North,1,1,8,Month-to-month,Electronic check,No,0,0,15.41,118.93,0,1
C01983,2021-06-02,East,0,1,37,Two year,Mailed check,DSL,0,0,55.33,2042.35,0,0
C01984,2021-10-20,West,0,1,32,Month-to-month,Electronic check,Fiber optic,0,0,82.6,2538.79,0,0
C01985,2022-08-06,South,0,1,23,One year,Electronic check,DSL,0,1,63.53,1478.1,0,0
C01986,2022-11-23,North,0,1,19,Two year,Electronic check,Fiber optic,0,1,98.37,1923.87,2,1
C01987,2024-04-14,South,0,0,2,Month-to-month,Electronic check,Fiber optic,0,1,101.31,,1,1
C01988,2023-07-22,East,0,0,11,One year,Electronic check,DSL,0,0,49.32,534.84,1,0
C01989,2020-07-23,East,1,0,47,Two year,Credit card,DSL,0,1,68.32,3193.92,2,0
C01990,2020-10-09,South,0,1,45,Month-to-month,Bank transfer,DSL,1,1,79.1,3467.82,0,1
C01991,2022-05-24,West,0,0,25,Month-to-month,Credit card,DSL,0,1,72.09,1865.7,0,0
C01992,2020-10-05,East,0,1,45,One year,Electronic check,DSL,1,1,75.84,3352.57,1,0
C01993,2019-05-13,East,0,1,62,Month-to-month,Credit card,No,0,0,26.18,1681.37,2,0
C01994,2021-10-27,West,0,1,32,Month-to-month,Mailed check,Fiber optic,0,1,99.33,3326.65,3,1
C01995,2023-11-17,West,0,0,7,Month-to-month,Electronic check,Fiber optic,0,0,77.48,529.11,0,1
C01996,2022-11-22,South,0,0,19,One year,Credit card,No,0,0,21.2,417.22,1,0
C01997,2023-02-09,South,1,1,16,Month-to-month,Electronic check,Fiber optic,1,1,106.93,1768.44,2,1
C01998,2023-09-28,East,0,1,9,Month-to-month,Mailed check,DSL,0,1,70.94,645.57,0,1
C01999,2019-07-23,East,0,1,60,Two year,Credit card,No,0,0,24.72,1532.71,0,0
C02000,2024-03-19,South,0,1,3,Month-to-month,Bank transfer,Fiber optic,0,1,93.11,277.25,0,0
C02001,2018-07-07,East,0,0,72,Two year,Mailed check,Fiber optic,0,0,88.63,6447.01,3,0
C02002,2024-04-17,East,1,0,2,Month-to-month,Mailed check,No,0,0,19.48,38.59,1,1
C02003,2021-08-05,West,0,0,35,Two year,Electronic check,Fiber optic,0,1,94.16,3460.01,2,0
C02004,2022-05-26,South,0,0,25,One year,Credit card,Fiber optic,0,1,102.8,2578.19,1,1
C02005,2023-05-09,West,0,1,13,Month-to-month,Electronic check,No,0,0,18.1,229.12,1,0
C02006,2019-01-27,North,0,0,66,Two year,Electronic check,Fiber optic,0,0,85.13,5714.17,2,0
C02007,2023-09-16,West,0,0,9,Month-to-month,Electronic check,Fiber optic,0,1,96.7,892.76,0,1
C02008,2021-09-23,North,0,1,33,Month-to-month,Credit card,DSL,1,0,67.06,2292.94,1,1
C02009,2019-06-16,West,0,0,61,Month-to-month,Bank transfer,DSL,0,1,72.28,4194.22,0,0
C02010,2022-03-14,North,0,0,27,One year,Mailed check,Fiber optic,0,1,103.44,2861.95,0,0
C02011,2023-12-17,West,0,0,6,Month-to-month,Credit card,DSL,1,0,68.62,412.98,0,0
C02012,2023-10-29,West,0,0,8,Month-to-month,Electronic check,No,0,0,15.0,122.72,0,0
C02013,2021-10-02,West,0,0,33,Month-to-month,Credit card,DSL,1,1,82.83,2740.87,0,0
C02014,2023-10-08,West,0,0,8,Month-to-month,Electronic check,Fiber optic,0,0,87.4,687.29,2,0
C02015,2023-02-10,South,0,0,16,Month-to-month,Mailed check,DSL,1,1,81.39,1241.7,0,0
C02016,2022-09-03,North,0,1,22,Month-to-month,Electronic check,No,0,0,18.79,405.95,0,0
C02017,2022-04-02,West,1,0,27,Month-to-month,Credit card,DSL,0,0,54.95,,1,1
C02018,2023-01-06,East,1,0,18,Month-to-month,Credit card,DSL,1,0,68.8,1177.68,1,0
C02019,2023-08-02,West,0,0,11,One year,Bank transfer,DSL,1,0,73.05,837.42,0,0
C02020,2023-08-13,East,0,0,10,Month-to-month,Electronic check,Fiber optic,0,1,97.77,967.86,2,1
C02021,2022-08-24,East,0,1,22,One year,Electronic check,No,0,0,15.01,315.79,2,0
C02022,2023-03-13,South,0,1,15,Month-to-month,Mailed check,No,0,0,22.39,348.68,2,0
C02023,2020-03-23,South,1,0,52,Month-to-month,Electronic check,DSL,0,1,66.25,3335.0,1,1
C02024,2022-11-13,South,0,0,19,Month-to-month,Electronic check,Fiber optic,1,0,90.78,1648.63,1,1
C02025,2023-12-15,East,0,0,6,Month-to-month,Bank transfer,DSL,0,0,54.47,313.04,1,0
C02026,2022-07-09,East,0,0,24,Month-to-month,Bank transfer,Fiber optic,0,1,98.91,2380.49,1,1
C02027,2018-07-13,North,0,1,72,Two year,Credit card,Fiber optic,0,0,89.21,6285.61,0,0
C02028,2023-02-06,North,0,0,17,Month-to-month,Mailed check,DSL,0,0,53.07,933.03,2,0
C02029,2023-01-09,North,0,1,17,Month-to-month,Mailed check,Fiber optic,0,0,83.24,1421.53,1,1
C02030,2021-12-17,East,0,0,30,One year,Mailed check,No,0,0,19.59,574.66,1,0
C02031,2022-08-31,East,0,0,22,Month-to-month,Electronic check,DSL,0,0,62.02,1375.94,1,1
C02032,2023-10-27,North,0,1,8,Month-to-month,Bank transfer,DSL,1,1,82.37,688.22,2,1
C02033,2024-04-30,East,0,0,2,Month-to-month,Credit card,DSL,0,1,69.26,143.54,2,1
C02034,2022-06-05,North,0,0,25,Month-to-month,Electronic check,DSL,1,0,67.11,1616.76,1,1
C02035,2023-03-21,West,0,0,15,Month-to-month,Electronic check,DSL,0,0,53.74,836.08,0,0
C02036,2022-07-16,East,0,1,23,One year,Credit card,Fiber optic,1,1,110.09,2498.2,2,0
C02037,2018-11-24,East,0,0,68,Two year,Mailed check,DSL,0,0,51.03,3429.95,1,0
C02038,2022-10-01,East,0,1,21,Month-to-month,Mailed check,Fiber optic,1,0,96.92,2036.15,2,1
C02039,2019-09-18,South,1,1,58,One year,Bank transfer,No,0,0,15.0,893.33,1,0
C02040,2020-05-08,West,0,0,50,One year,Bank transfer,No,0,0,15.0,744.19,0,0
C02041,2024-01-02,East,1,1,6,Month-to-month,Electronic check,Fiber optic,0,1,89.26,544.19,2,1
C02042,2021-01-20,North,0,0,41,One year,Credit card,DSL,1,0,72.53,2875.64,1,0
C02043,2020-11-13,West,0,1,44,One year,Credit card,DSL,0,0,54.37,2343.26,0,0
C02044,2022-08-20,East,0,1,22,Two year,Electronic check,DSL,0,1,61.59,1415.66,0,0
C02045,2020-09-04,South,0,0,46,Two year,Electronic check,No,0,0,29.75,1357.56,1,0
C02046,2024-02-18,West,0,0,4,Month-to-month,Bank transfer,No,0,0,16.9,69.13,1,1
C02047,2023-03-31,North,0,1,15,Month-to-month,Bank transfer,DSL,0,0,57.1,820.49,0,1
C02048,2023-05-22,East,0,1,13,Month-to-month,Mailed check,DSL,0,0,51.87,642.64,1,0
C02049,2020-10-04,East,0,0,45,Month-to-month,Mailed check,Fiber optic,1,0,98.18,4220.46,3,0
C02050,2023-02-27,West,1,0,16,Month-to-month,Bank transfer,DSL,0,0,54.94,896.75,0,0
C02051,2021-08-02,East,0,1,35,Two year,Mailed check,No,0,0,17.01,568.96,1,0
C02052,2022-04-17,West,1,1,26,Month-to-month,Electronic check,DSL,1,0,59.66,1566.99,0,0
C02053,2022-11-22,South,0,0,19,Month-to-month,Electronic check,DSL,1,0,62.16,1151.6,0,0
C02054,2020-07-05,West,0,1,48,Two year,Mailed check,Fiber optic,0,1,92.98,4302.53,1,0
C02055,2022-11-25,North,0,0,19,Month-to-month,Credit card,DSL,0,0,47.95,928.61,0,0
C02056,2024-01-08,West,0,0,5,Month-to-month,Bank transfer,DSL,1,1,79.94,401.46,2,1
C02057,2018-07-17,West,1,1,72,Two year,Mailed check,No,0,0,24.46,1830.02,1,0
C02058,2024-04-02,East,0,1,2,Month-to-month,Credit card,DSL,1,1,74.28,151.94,2,1
C02059,2021-03-12,North,0,0,40,Month-to-month,Mailed check,Fiber optic,0,1,88.67,3483.92,1,1
C02060,2023-01-23,South,1,1,17,Month-to-month,Mailed check,Fiber optic,0,0,86.45,1414.77,1,0
C02061,2022-12-09,North,1,0,18,Two year,Electronic check,DSL,0,0,55.62,1014.9,1,0
C02062,2023-02-06,West,0,1,17,Month-to-month,Bank transfer,DSL,0,0,51.0,853.77,1,1
C02063,2022-12-12,South,1,0,18,Month-to-month,Bank transfer,DSL,0,0,54.76,,0,1
C02064,2022-06-15,West,0,0,24,Month-to-month,Credit card,DSL,1,1,65.97,1594.84,0,0
C02065,2023-04-25,West,1,0,14,Month-to-month,Electronic check,DSL,1,1,77.03,1095.86,0,0
C02066,2021-03-11,North,0,1,40,Two year,Mailed check,Fiber optic,0,0,84.39,3303.21,1,0
C02067,2023-07-09,West,0,0,11,Month-to-month,Electronic check,Fiber optic,0,0,90.32,1015.55,4,1
C02068,2018-07-25,South,0,0,72,Two year,Credit card,No,0,0,21.02,1448.07,0,0
C02069,2023-07-17,North,0,1,11,Month-to-month,Electronic check,Fiber optic,0,1,97.36,1095.56,1,1
C02070,2021-10-04,South,0,0,33,Month-to-month,Bank transfer,Fiber optic,0,1,104.86,3323.93,2,0
C02071,2019-05-28,East,0,0,62,Two year,Bank transfer,Fiber optic,0,0,81.83,5170.21,2,0
C02072,2019-07-28,West,0,1,59,Month-to-month,Electronic check,DSL,0,1,61.02,3576.85,2,0
C02073,2024-04-20,East,0,0,2,Month-to-month,Mailed check,DSL,1,1,80.65,155.68,1,0
C02074,2022-05-23,North,0,1,25,Two year,Electronic check,Fiber optic,0,1,101.18,2408.36,1,0
C02075,2023-06-22,South,0,1,12,Month-to-month,Bank transfer,Fiber optic,0,0,89.28,1108.36,2,0
C02076,2022-08-18,South,1,1,22,Month-to-month,Credit card,Fiber optic,0,0,84.07,1919.77,1,0
C02077,2020-11-17,East,0,1,44,Two year,Mailed check,DSL,0,1,64.16,2786.34,0,0
C02078,2024-04-27,East,0,1,2,Month-to-month,Credit card,No,0,0,15.03,30.54,1,1
C02079,2022-01-15,North,1,1,29,Month-to-month,Electronic check,DSL,1,1,73.45,2208.8,0,0
C02080,2021-04-06,North,0,0,39,Month-to-month,Mailed check,No,0,0,15.0,560.99,0,0
C02081,2023-03-29,North,0,0,15,Month-to-month,Credit card,Fiber optic,1,1,105.24,1579.55,2,1
C02082,2023-08-28,West,0,1,10,Month-to-month,Credit card,No,0,0,26.64,264.4,1,1
C02083,2023-01-16,East,0,0,17,One year,Electronic check,Fiber optic,0,1,94.82,,1,0
C02084,2023-05-07,South,0,0,14,Month-to-month,Bank transfer,DSL,0,0,55.51,,1,1
C02085,2022-08-18,West,0,0,22,One year,Credit card,Fiber optic,0,1,99.19,,2,0
C02086,2023-01-18,North,0,0,17,Month-to-month,Bank transfer,Fiber optic,0,0,83.56,1448.21,1,1
C02087,2022-07-23,North,1,1,23,Month-to-month,Bank transfer,Fiber optic,0,0,83.53,1945.11,2,1
C02088,2022-09-09,South,0,1,22,Month-to-month,Electronic check,DSL,1,1,82.14,1833.69,0,0
C02089,2022-04-08,North,0,1,27,One year,Electronic check,DSL,0,1,67.75,1813.37,0,0
C02090,2023-06-10,West,0,1,12,Month-to-month,Bank transfer,DSL,1,1,81.52,1006.37,0,0
C02091,2024-01-05,West,1,0,5,Month-to-month,Mailed check,Fiber optic,0,0,94.55,484.37,1,1
C02092,2021-09-25,East,0,1,33,Two year,Electronic check,Fiber optic,0,0,81.52,2673.02,2,0
C02093,2022-06-10,West,0,0,25,One year,Electronic check,No,0,0,19.38,467.38,0,0
C02094,2023-09-19,South,0,0,9,Month-to-month,Mailed check,Fiber optic,0,0,84.33,728.42,1,0
C02095,2023-05-21,North,0,0,13,Two year,Mailed check,Fiber optic,1,1,105.02,1405.52,4,0
C02096,2022-07-28,South,0,0,23,Month-to-month,Mailed check,DSL,0,0,53.27,1250.06,0,0
C02097,2021-08-22,North,0,0,34,Month-to-month,Mailed check,Fiber optic,0,0,90.61,3065.28,4,1
C02098,2018-12-16,West,0,0,67,Month-to-month,Electronic check,DSL,0,1,67.4,4351.47,0,0
C02099,2023-03-19,East,0,0,15,Month-to-month,Credit card,DSL,1,1,86.96,1340.06,0,0
C02100,2023-05-28,West,0,1,13,Month-to-month,Bank transfer,DSL,0,1,65.37,837.84,1,0
C02101,2023-06-15,South,0,1,12,One year,Electronic check,DSL,0,1,73.02,900.49,1,0
C02102,2023-07-16,East,0,1,11,Month-to-month,Mailed check,DSL,1,0,72.04,808.23,3,0
C02103,2023-09-12,South,0,0,9,Two year,Mailed check,Fiber optic,1,1,106.67,1001.32,3,0
C02104,2020-06-03,South,0,1,49,Two year,Bank transfer,DSL,0,1,68.79,3225.04,0,0
C02105,2018-07-08,East,1,1,72,One year,Bank transfer,DSL,1,1,80.53,5881.3,0,0
C02106,2023-07-27,West,0,1,11,One year,Bank transfer,DSL,0,1,64.77,733.31,0,0
C02107,2023-04-04,East,0,0,15,One year,Bank transfer,Fiber optic,1,1,113.65,1669.2,2,1
C02108,2023-05-09,East,0,1,13,Two year,Electronic check,Fiber optic,1,1,103.75,1380.71,1,0
C02109,2021-06-21,East,0,1,36,Month-to-month,Electronic check,DSL,0,1,64.92,2289.86,1,0
C02110,2022-05-01,South,0,1,26,Month-to-month,Electronic check,DSL,1,1,74.96,,0,1
C02111,2022-02-20,West,1,1,28,Month-to-month,Mailed check,No,0,0,20.9,595.76,0,0
C02112,2024-01-11,West,0,0,5,Month-to-month,Mailed check,Fiber optic,1,0,96.31,500.58,1,0
C02113,2023-06-29,South,0,1,12,Month-to-month,Bank transfer,Fiber optic,1,0,92.45,1159.42,2,1
C02114,2023-08-22,West,0,1,10,One year,Electronic check,Fiber optic,0,1,96.55,1013.47,2,1
C02115,2023-11-01,South,0,0,8,Month-to-month,Bank transfer,Fiber optic,0,1,92.54,754.67,4,1
C02116,2018-09-27,East,0,1,70,Two year,Electronic check,No,0,0,24.66,1739.82,1,0
C02117,2022-08-15,East,0,0,22,Month-to-month,Mailed check,DSL,1,1,79.78,1787.25,1,1
C02118,2024-02-04,West,0,0,4,Month-to-month,Bank transfer,Fiber optic,1,1,105.61,432.89,1,1
C02119,2024-02-23,West,0,1,4,Month-to-month,Electronic check,DSL,0,1,66.23,,1,1
C02120,2023-04-14,South,0,1,14,Month-to-month,Mailed check,Fiber optic,1,1,104.35,1430.36,4,1
C02121,2024-04-16,East,0,1,2,Month-to-month,Mailed check,DSL,1,0,61.28,125.12,0,1
C02122,2019-05-23,East,0,1,62,Month-to-month,Bank transfer,DSL,1,0,60.68,3646.3,1,0
C02123,2023-06-28,West,0,1,12,Month-to-month,Electronic check,No,0,0,16.3,187.84,0,1
C02124,2021-07-03,North,1,0,36,Month-to-month,Credit card,No,0,0,23.83,883.03,0,1
C02125,2024-02-03,East,1,1,4,Month-to-month,Credit card,DSL,1,1,81.14,327.16,0,0
C02126,2022-11-13,East,1,1,19,Month-to-month,Credit card,No,0,0,15.0,284.32,0,0
C02127,2022-07-25,South,0,0,23,Month-to-month,Electronic check,DSL,0,0,57.79,1315.64,1,0
C02128,2024-01-10,South,0,1,5,Month-to-month,Bank transfer,Fiber optic,1,0,90.12,439.59,3,1
C02129,2022-03-22,East,0,0,27,Month-to-month,Electronic check,No,0,0,23.06,627.99,0,0
C02130,2023-10-15,South,0,1,8,Month-to-month,Credit card,DSL,0,1,67.34,516.37,0,0
C02131,2023-08-06,North,0,0,10,Month-to-month,Mailed check,Fiber optic,1,0,92.92,947.48,1,1
C02132,2023-12-09,West,0,0,6,One year,Electronic check,Fiber optic,0,1,98.78,591.94,1,1
C02133,2018-07-31,South,0,0,72,Two year,Electronic check,DSL,0,0,60.39,4404.85,0,0
C02134,2018-07-23,North,0,0,72,Two year,Credit card,Fiber optic,0,0,77.5,5318.63,1,0
C02135,2023-01-06,North,0,1,18,Month-to-month,Credit card,DSL,0,1,71.55,1271.71,0,1
C02136,2022-12-13,West,0,1,18,Month-to-month,Mailed check,Fiber optic,0,0,81.82,1457.98,2,1
C02137,2023-01-05,South,0,1,18,Month-to-month,Mailed check,DSL,0,1,72.69,1318.6,0,0
C02138,2022-04-15,South,0,1,26,One year,Bank transfer,DSL,0,1,70.47,1905.85,1,0
C02139,2019-05-21,South,0,0,62,One year,Credit card,Fiber optic,1,0,90.51,5733.24,3,0
C02140,2021-04-16,North,0,1,39,Two year,Bank transfer,DSL,1,0,62.67,2518.95,1,0
C02141,2021-12-04,East,0,1,31,Two year,Mailed check,Fiber optic,1,0,96.92,3082.26,2,1
C02142,2023-05-10,North,0,0,13,Month-to-month,Bank transfer,Fiber optic,0,0,88.79,1119.13,0,1
C02143,2023-07-26,West,0,1,11,One year,Credit card,Fiber optic,0,1,98.9,1089.37,4,1
C02144,2021-04-19,South,1,0,38,Two year,Electronic check,DSL,0,0,56.56,2199.79,0,0
C02145,2022-12-13,North,1,1,18,Month-to-month,Mailed check,No,0,0,17.44,315.04,0,0
C02146,2022-01-31,South,0,0,29,Two year,Electronic check,Fiber optic,0,0,85.14,2580.03,2,1
C02147,2023-02-25,North,0,1,16,Month-to-month,Mailed check,DSL,0,1,66.71,1069.29,0,0
C02148,2018-07-06,South,0,0,72,Two year,Credit card,Fiber optic,0,1,91.0,6583.35,4,1
C02149,2022-09-22,North,0,0,21,One year,Electronic check,Fiber optic,1,0,96.34,1946.23,3,1
C02150,2023-08-04,East,1,0,11,Month-to-month,Bank transfer,Fiber optic,0,1,95.53,1006.6,1,1
C02151,2020-09-01,West,0,0,46,One year,Electronic check,Fiber optic,0,0,90.5,3979.35,2,0
C02152,2024-02-11,South,0,0,4,Month-to-month,Credit card,Fiber optic,0,1,101.68,392.47,2,1
C02153,2019-05-22,North,0,1,62,One year,Credit card,No,0,0,20.74,1307.98,1,0
C02154,2022-02-27,North,0,1,28,One year,Mailed check,Fiber optic,1,1,111.42,3019.33,2,1
C02155,2019-12-15,West,0,0,55,One year,Bank transfer,Fiber optic,0,0,87.46,4621.76,1,0
C02156,2023-02-22,South,0,0,16,Two year,Electronic check,Fiber optic,0,1,96.91,1568.05,1,0
C02157,2020-06-30,South,0,0,48,Month-to-month,Credit card,No,0,0,15.0,745.8,0,0
C02158,2022-04-15,North,1,0,26,Month-to-month,Bank transfer,No,0,0,19.36,479.85,0,0
C02159,2024-03-05,East,0,1,3,Month-to-month,Electronic check,DSL,0,1,65.66,197.1,1,1
C02160,2023-12-15,North,1,1,6,Month-to-month,Credit card,DSL,0,0,54.56,317.27,0,1
C02161,2024-02-20,West,0,1,4,Month-to-month,Electronic check,Fiber optic,1,1,106.08,441.9,1,1
C02162,2023-07-10,North,0,0,11,Month-to-month,Bank transfer,Fiber optic,0,0,89.41,975.5,1,0
C02163,2021-11-28,North,0,0,31,Month-to-month,Electronic check,Fiber optic,1,0,99.86,3141.24,2,0
C02164,2020-11-13,East,0,1,44,Month-to-month,Bank transfer,Fiber optic,1,0,93.05,4067.48,1,0
C02165,2020-10-13,South,0,0,45,Two year,Electronic check,No,0,0,15.0,696.45,0,0
C02166,2024-01-11,East,0,1,5,Month-to-month,Electronic check,Fiber optic,0,0,81.12,405.3,5,1
C02167,2021-01-31,North,0,1,41,Two year,Mailed check,Fiber optic,0,1,101.97,4367.19,3,0
C02168,2024-02-24,West,0,1,4,Month-to-month,Credit card,DSL,0,0,58.83,232.0,0,1
C02169,2021-12-30,South,0,0,30,Month-to-month,Electronic check,Fiber optic,0,1,92.44,2834.62,2,1
C02170,2022-07-07,West,1,1,24,Month-to-month,Bank transfer,DSL,0,0,49.13,1130.61,1,0
C02171,2023-02-10,West,1,0,16,Month-to-month,Mailed check,Fiber optic,0,1,94.63,1462.92,1,1
C02172,2022-01-16,East,0,0,29,Month-to-month,Credit card,Fiber optic,0,0,92.18,2681.14,0,0
C02173,2022-01-14,South,0,0,29,Month-to-month,Electronic check,Fiber optic,0,1,98.68,2792.84,0,1
C02174,2023-12-16,South,0,0,6,Month-to-month,Bank transfer,Fiber optic,0,0,84.05,482.06,1,1
C02175,2024-02-20,East,0,1,4,Month-to-month,Credit card,DSL,0,1,66.5,259.29,1,1
C02176,2023-07-02,North,0,1,12,One year,Electronic check,DSL,0,0,47.47,556.59,2,0
C02177,2021-12-26,North,0,1,30,Month-to-month,Mailed check,DSL,0,0,53.83,1634.79,3,0
C02178,2019-04-12,East,0,0,63,Two year,Credit card,No,0,0,24.96,,1,0
C02179,2024-01-19,North,0,1,5,Month-to-month,Electronic check,No,0,0,18.42,96.05,1,1
C02180,2019-11-05,South,0,0,56,Two year,Mailed check,DSL,0,0,54.02,2960.68,0,0
C02181,2023-01-26,East,0,0,17,One year,Electronic check,DSL,1,1,78.32,1393.17,0,1
C02182,2019-11-28,South,0,0,55,Two year,Credit card,Fiber optic,1,0,90.5,,0,0
C02183,2020-10-22,West,0,1,44,Two year,Credit card,Fiber optic,0,1,98.33,4427.0,1,1
C02184,2022-10-04,West,0,0,21,Month-to-month,Bank transfer,DSL,1,1,73.69,1575.08,0,1
C02185,2022-01-11,North,0,1,30,Month-to-month,Bank transfer,DSL,0,0,53.0,1555.19,0,0
C02186,2019-04-23,North,1,0,63,Month-to-month,Mailed check,Fiber optic,1,1,105.49,6608.38,1,0
C02187,2019-01-20,West,0,0,66,Two year,Electronic check,DSL,1,0,63.49,4076.9,0,0
C02188,2020-10-28,North,0,1,44,One year,Electronic check,DSL,0,1,67.41,3080.1,0,0
C02189,2020-02-16,South,1,0,53,Month-to-month,Electronic check,DSL,0,1,66.71,3672.22,1,1
C02190,2018-12-17,West,0,0,67,Two year,Electronic check,Fiber optic,0,0,84.27,5566.92,2,0
C02191,2023-03-26,East,0,0,15,Month-to-month,Bank transfer,Fiber optic,1,0,95.49,1419.27,2,1
C02192,2019-09-04,South,0,1,58,One year,Electronic check,DSL,1,0,61.37,3489.25,0,0
C02193,2024-02-17,North,0,1,4,One year,Electronic check,Fiber optic,1,1,98.37,385.57,0,1
C02194,2023-03-03,South,0,1,16,Month-to-month,Mailed check,Fiber optic,1,1,106.97,1640.92,1,0
C02195,2021-03-24,East,0,0,39,One year,Electronic check,Fiber optic,1,1,104.25,4122.62,3,0
C02196,2018-07-13,North,0,1,72,Two year,Electronic check,No,0,0,21.82,1613.16,0,0
C02197,2023-12-10,East,0,0,6,Month-to-month,Electronic check,DSL,1,0,62.79,370.74,0,1
C02198,2020-09-13,South,1,0,46,Month-to-month,Electronic check,No,0,0,15.0,690.12,0,0
C02199,2024-03-04,South,1,1,3,Month-to-month,Mailed check,Fiber optic,0,0,84.52,241.44,0,1
C02200,2021-11-01,West,0,0,32,One year,Bank transfer,Fiber optic,1,1,111.21,3604.97,2,0
C02201,2022-02-27,West,0,1,28,Month-to-month,Credit card,DSL,0,0,56.25,1547.43,2,0
C02202,2021-05-20,East,0,1,37,Two year,Bank transfer,DSL,0,0,49.32,1760.56,0,0
C02203,2019-10-06,East,0,1,57,Two year,Bank transfer,DSL,0,1,64.5,3496.77,0,0
C02204,2023-04-01,South,1,0,15,Month-to-month,Credit card,No,0,0,18.01,268.18,0,0
C02205,2024-04-11,North,0,0,2,Month-to-month,Mailed check,Fiber optic,0,0,84.26,171.38,0,1
C02206,2018-11-23,South,0,1,68,One year,Bank transfer,Fiber optic,0,0,82.65,5474.07,0,0
C02207,2019-11-13,North,0,1,56,One year,Mailed check,Fiber optic,0,1,89.98,4871.55,0,0
C02208,2023-11-12,South,0,1,7,Month-to-month,Electronic check,DSL,0,1,66.45,470.41,1,0
C02209,2023-07-16,South,0,0,11,Month-to-month,Electronic check,DSL,0,0,60.73,674.28,0,1
C02210,2022-03-06,East,0,1,28,Month-to-month,Electronic check,Fiber optic,0,0,82.39,2261.93,2,1
C02211,2020-01-22,South,0,0,54,Two year,Credit card,Fiber optic,0,0,80.03,4473.18,2,0
C02212,2023-06-20,South,1,0,12,Month-to-month,Electronic check,Fiber optic,0,0,90.7,1098.96,3,1
C02213,2020-05-22,East,0,1,50,Two year,Bank transfer,Fiber optic,0,0,92.68,4780.1,5,0
C02214,2023-05-20,North,0,0,13,Month-to-month,Credit card,Fiber optic,0,0,83.37,1129.74,5,1
C02215,2020-03-11,North,1,0,52,Two year,Mailed check,Fiber optic,0,1,97.95,5182.6,1,0
C02216,2023-10-09,East,0,0,8,Month-to-month,Electronic check,DSL,0,0,55.88,437.75,0,0
C02217,2020-11-20,East,0,0,43,Month-to-month,Mailed check,Fiber optic,1,0,98.56,4313.24,2,0
C02218,2020-07-20,West,0,1,48,Two year,Mailed check,Fiber optic,0,0,80.53,3834.91,1,0
C02219,2022-06-15,East,0,0,24,Two year,Credit card,DSL,1,0,64.88,1507.51,0,0
C02220,2023-02-09,West,0,1,16,Month-to-month,Bank transfer,DSL,0,1,62.64,969.6,0,0
C02221,2023-01-19,East,0,0,17,Month-to-month,Bank transfer,DSL,0,1,68.38,1122.2,1,0
C02222,2021-05-27,West,0,1,37,Month-to-month,Mailed check,DSL,0,0,61.05,2250.95,0,0
C02223,2023-01-02,North,0,1,18,Month-to-month,Bank transfer,Fiber optic,1,1,108.33,1968.35,2,1
C02224,2023-11-08,East,0,1,7,Month-to-month,Bank transfer,DSL,0,1,63.6,466.33,0,0
C02225,2018-08-01,West,0,1,72,Two year,Electronic check,Fiber optic,0,0,88.98,6517.55,2,0
C02226,2022-12-25,West,0,1,18,Month-to-month,Electronic check,DSL,0,1,64.56,1130.94,0,0
C02227,2018-07-04,South,0,1,72,One year,Electronic check,DSL,1,1,78.89,,0,0
C02228,2023-05-03,West,0,0,14,Month-to-month,Mailed check,DSL,0,1,63.89,937.74,0,1
C02229,2023-02-24,South,1,0,16,Month-to-month,Credit card,DSL,0,1,61.69,978.45,3,1
C02230,2019-07-02,North,0,1,60,One year,Bank transfer,No,0,0,16.96,1056.28,1,0
C02231,2023-08-06,West,0,0,10,Month-to-month,Mailed check,DSL,0,1,56.19,575.62,0,1
C02232,2023-04-25,South,0,0,14,One year,Credit card,DSL,1,0,60.66,833.62,0,0
C02233,2021-12-09,North,0,1,31,Month-to-month,Electronic check,DSL,0,1,75.57,2227.12,1,1
C02234,2018-07-16,North,0,0,72,Two year,Electronic check,DSL,0,0,43.72,3210.25,1,0
C02235,2019-09-05,North,0,1,58,One year,Credit card,Fiber optic,1,0,88.72,5385.21,1,0
C02236,2021-11-02,West,0,0,32,Two year,Credit card,Fiber optic,1,0,101.97,3144.13,1,0
C02237,2022-03-21,West,0,0,27,Month-to-month,Bank transfer,DSL,0,0,51.16,1438.66,0,0
C02238,2022-10-07,West,0,1,21,Month-to-month,Electronic check,Fiber optic,1,0,93.39,1903.72,0,0
C02239,2023-04-03,North,0,0,15,Month-to-month,Credit card,Fiber optic,0,0,84.94,1279.39,1,0
C02240,2022-02-05,West,0,1,29,Month-to-month,Bank transfer,No,0,0,15.0,437.29,0,0
C02241,2023-06-28,East,0,0,12,Month-to-month,Bank transfer,Fiber optic,0,0,89.18,1040.28,1,1
C02242,2022-10-11,South,0,1,20,Month-to-month,Electronic check,DSL,0,1,66.52,1267.07,0,0
C02243,2023-09-16,East,1,0,9,Month-to-month,Mailed check,Fiber optic,0,0,82.46,717.93,3,1
C02244,2023-11-16,West,0,0,7,Month-to-month,Credit card,No,0,0,23.78,164.64,0,0
C02245,2023-06-12,South,0,1,12,Month-to-month,Credit card,Fiber optic,0,0,79.68,,4,0
C02246,2024-03-17,North,0,0,3,Month-to-month,Bank transfer,No,0,0,20.15,61.48,1,1
C02247,2023-12-17,West,0,1,6,Month-to-month,Mailed check,No,0,0,15.94,95.53,1,0
C02248,2021-10-13,North,0,0,33,One year,Bank transfer,DSL,1,0,59.98,1950.45,0,0
C02249,2022-09-16,North,0,0,21,Month-to-month,Mailed check,Fiber optic,0,0,93.01,1901.03,1,0
C02250,2021-06-20,East,0,1,36,Month-to-month,Mailed check,Fiber optic,0,1,97.5,3566.96,3,1
C02251,2023-04-19,West,1,1,14,Month-to-month,Electronic check,Fiber optic,0,0,88.79,1291.77,2,1
C02252,2021-02-17,West,0,1,40,One year,Electronic check,Fiber optic,1,0,92.92,3772.84,0,0
C02253,2024-02-09,West,0,0,4,Month-to-month,Bank transfer,No,0,0,15.88,,1,1
C02254,2021-05-16,West,0,0,38,One year,Electronic check,Fiber optic,0,1,84.53,3060.5,0,0
C02255,2018-07-29,North,0,1,72,Two year,Electronic check,Fiber optic,1,0,93.73,6944.44,1,0
C02256,2023-05-15,South,0,1,13,Month-to-month,Credit card,DSL,0,1,60.37,786.75,0,0
C02257,2022-04-21,East,1,0,26,Two year,Bank transfer,Fiber optic,1,1,107.38,2670.56,3,1
C02258,2020-07-23,South,0,1,47,One year,Electronic check,No,0,0,15.0,721.02,0,0
C02259,2020-10-08,East,0,1,45,Month-to-month,Electronic check,Fiber optic,0,1,98.87,4329.05,0,0
C02260,2024-03-05,South,0,0,3,Month-to-month,Bank transfer,DSL,0,0,63.23,,0,1
C02261,2023-02-17,South,0,1,16,One year,Mailed check,No,0,0,31.3,508.37,1,0
C02262,2019-12-05,North,0,0,55,Two year,Mailed check,No,0,0,21.28,1133.97,1,0
C02263,2024-02-12,East,0,1,4,Month-to-month,Mailed check,Fiber optic,0,1,96.95,380.89,2,1
C02264,2019-10-09,West,0,0,57,Month-to-month,Electronic check,DSL,1,0,62.2,3615.48,0,0
C02265,2021-02-15,West,0,1,41,One year,Bank transfer,Fiber optic,0,1,93.87,3777.56,1,0
C02266,2019-04-26,South,0,1,63,Month-to-month,Electronic check,DSL,0,0,51.33,3101.76,0,0
C02267,2021-04-02,East,0,1,39,One year,Mailed check,DSL,0,1,72.93,2730.51,1,0
C02268,2021-09-28,North,0,0,33,Month-to-month,Electronic check,Fiber optic,0,0,83.43,2764.55,2,1
C02269,2019-11-02,East,0,0,56,One year,Electronic check,No,0,0,28.64,1683.78,1,0
C02270,2019-09-29,South,1,1,57,Two year,Electronic check,DSL,1,0,61.28,3501.06,0,0
C02271,2020-11-05,West,0,0,44,One year,Credit card,No,0,0,19.44,896.2,2,0
C02272,2023-04-03,East,1,1,15,One year,Electronic check,No,0,0,15.0,234.15,1,0
C02273,2019-12-05,North,0,1,55,One year,Electronic check,DSL,1,1,79.13,4516.4,0,0
C02274,2021-10-10,West,0,1,33,Two year,Electronic check,DSL,0,0,54.19,1778.82,0,0
C02275,2018-07-20,East,1,0,72,Two year,Bank transfer,Fiber optic,1,0,94.87,6875.2,3,0
C02276,2018-07-08,North,0,1,72,Month-to-month,Mailed check,Fiber optic,0,0,83.76,6112.14,1,0
C02277,2023-08-11,South,0,1,10,One year,Credit card,DSL,0,0,57.23,544.17,1,0
C02278,2023-12-04,North,0,0,6,Month-to-month,Bank transfer,Fiber optic,1,0,97.68,559.34,1,0
C02279,2021-09-27,South,1,0,33,Two year,Mailed check,Fiber optic,0,1,100.32,3462.69,2,0
C02280,2019-10-23,West,0,1,57,One year,Bank transfer,Fiber optic,1,1,103.24,5849.23,0,0
C02281,2024-05-05,West,0,0,1,Month-to-month,Electronic check,Fiber optic,0,0,86.28,89.18,1,1
C02282,2021-04-13,East,0,1,39,Month-to-month,Credit card,DSL,0,0,53.01,1989.36,0,0
C02283,2023-12-21,South,0,0,6,Month-to-month,Credit card,DSL,0,0,60.31,353.09,0,0
C02284,2020-11-07,South,0,1,44,One year,Electronic check,DSL,1,0,65.99,2773.59,0,0
C02285,2024-02-12,West,1,0,4,Month-to-month,Bank transfer,No,0,0,21.2,,0,0
C02286,2021-08-17,North,0,0,34,Month-to-month,Electronic check,No,0,0,18.89,626.76,0,0
C02287,2023-11-15,West,0,1,7,Two year,Bank transfer,Fiber optic,0,0,81.75,588.9,2,0
C02288,2021-01-15,West,0,1,42,One year,Credit card,DSL,0,0,55.29,2386.97,0,0
C02289,2020-08-16,West,0,1,47,Month-to-month,Credit card,Fiber optic,1,1,111.9,5050.43,0,0
C02290,2022-12-07,East,0,0,19,Month-to-month,Electronic check,DSL,0,0,51.92,965.35,1,0
C02291,2018-09-20,West,1,0,70,Two year,Bank transfer,DSL,0,1,72.28,5077.66,3,0
C02292,2020-11-21,North,0,0,43,One year,Bank transfer,DSL,1,0,67.28,2981.76,2,0
C02293,2022-04-11,West,0,0,27,One year,Electronic check,No,0,0,15.0,417.06,1,0
C02294,2022-06-29,North,1,0,24,Month-to-month,Bank transfer,DSL,0,0,51.34,1236.98,0,0
C02295,2021-02-26,North,0,0,40,Month-to-month,Bank transfer,Fiber optic,0,1,106.15,4328.9,1,0
C02296,2023-11-16,North,0,0,7,Month-to-month,Bank transfer,No,0,0,19.51,142.57,1,0
C02297,2022-06-19,East,0,1,24,One year,Credit card,Fiber optic,0,0,81.38,1935.69,1,0
C02298,2023-04-27,North,0,0,14,Month-to-month,Electronic check,DSL,0,0,51.51,694.54,0,1
C02299,2023-03-11,East,0,1,15,Month-to-month,Electronic check,No,0,0,19.46,281.28,1,0
C02300,2020-06-03,North,0,1,49,One year,Electronic check,Fiber optic,0,0,88.67,4290.44,3,0
C02301,2018-07-30,East,0,1,72,Two year,Electronic check,Fiber optic,0,0,83.65,,4,0
C02302,2021-07-01,North,0,1,36,One year,Mailed check,Fiber optic,1,1,103.9,3882.93,0,0
C02303,2023-04-21,East,0,0,14,Month-to-month,Credit card,No,0,0,15.0,210.86,1,1
C02304,2023-02-06,North,0,1,17,Month-to-month,Mailed check,Fiber optic,0,0,81.36,1420.34,1,0
C02305,2023-02-28,West,1,1,16,Month-to-month,Bank transfer,Fiber optic,0,0,82.21,1380.28,0,0
C02306,2023-02-01,South,0,0,17,Month-to-month,Mailed check,Fiber optic,1,0,96.29,1621.21,0,0
C02307,2022-01-13,East,1,0,29,Month-to-month,Electronic check,DSL,1,0,66.62,1990.36,0,0
C02308,2024-03-01,South,0,1,4,Month-to-month,Credit card,Fiber optic,0,0,90.76,371.55,2,1
C02309,2022-02-24,East,1,1,28,One year,Bank transfer,DSL,1,0,60.24,1645.29,0,0
C02310,2022-11-05,South,0,1,20,Two year,Mailed check,DSL,0,1,67.53,1298.7,1,0
C02311,2018-07-26,North,0,0,72,Two year,Credit card,DSL,0,1,67.64,4631.4,0,0
C02312,2023-05-03,West,0,1,14,Month-to-month,Mailed check,DSL,1,0,61.0,881.91,0,0
C02313,2022-07-13,East,0,0,23,Month-to-month,Electronic check,Fiber optic,0,1,100.65,2426.03,0,1
C02314,2021-09-17,South,1,1,33,Month-to-month,Mailed check,Fiber optic,0,1,103.82,3387.35,1,0
C02315,2022-07-14,North,0,0,23,Month-to-month,Bank transfer,DSL,1,0,65.1,1502.34,0,0
C02316,2024-05-25,West,0,1,1,Month-to-month,Mailed check,DSL,0,1,65.09,63.11,0,1
C02317,2024-05-01,South,0,0,2,Month-to-month,Credit card,No,0,0,25.98,53.4,0,1
C02318,2018-07-03,West,0,1,72,One year,Mailed check,No,0,0,21.75,1490.98,1,0
C02319,2023-02-25,West,0,1,16,Month-to-month,Mailed check,Fiber optic,1,1,102.14,1574.57,1,0
C02320,2022-03-16,West,0,0,27,Two year,Credit card,DSL,0,0,54.22,1528.26,3,0
C02321,2024-02-13,East,0,0,4,Month-to-month,Mailed check,DSL,1,1,75.55,296.31,0,1
C02322,2022-04-30,North,0,1,26,Month-to-month,Mailed check,DSL,0,0,51.62,1347.55,1,1
C02323,2024-02-10,North,1,0,4,Month-to-month,Electronic check,DSL,0,0,51.8,206.07,2,0
C02324,2022-09-07,North,0,1,22,Month-to-month,Mailed check,No,0,0,17.32,368.75,2,0
C02325,2023-12-06,South,0,0,6,Month-to-month,Mailed check,Fiber optic,0,1,100.24,613.85,2,1
C02326,2018-09-02,East,0,1,70,Two year,Electronic check,DSL,1,0,63.82,4647.7,0,0
C02327,2021-10-03,West,0,1,33,Month-to-month,Bank transfer,No,0,0,20.34,675.71,0,0
C02328,2023-11-11,North,0,1,7,Month-to-month,Electronic check,Fiber optic,0,0,88.87,607.49,1,1
C02329,2021-05-10,East,0,1,38,One year,Electronic check,DSL,0,1,65.8,2587.77,0,0
C02330,2022-12-29,North,0,0,18,Month-to-month,Bank transfer,Fiber optic,0,1,92.19,1625.36,1,0
C02331,2021-09-30,South,0,1,33,One year,Electronic check,DSL,1,1,80.78,,0,0
C02332,2024-02-23,North,0,1,4,Month-to-month,Bank transfer,No,0,0,18.48,76.56,0,0
C02333,2020-06-01,South,0,0,49,Two year,Bank transfer,DSL,1,1,84.13,4266.98,1,0
C02334,2019-11-28,East,0,1,55,Month-to-month,Electronic check,Fiber optic,1,1,111.03,6241.75,2,1
C02335,2023-06-15,East,0,1,12,Month-to-month,Electronic check,DSL,0,0,57.12,716.91,1,0
C02336,2022-02-18,West,0,0,28,One year,Mailed check,No,0,0,20.91,608.59,2,0
C02337,2019-06-30,East,0,1,60,Two year,Electronic check,Fiber optic,0,0,89.49,5602.24,3,0
C02338,2023-01-31,South,0,0,17,Month-to-month,Mailed check,Fiber optic,0,1,98.0,1654.16,1,0
C02339,2021-05-08,West,0,0,38,One year,Bank transfer,DSL,0,1,58.31,2158.72,1,0
C02340,2024-04-25,West,0,1,2,Month-to-month,Bank transfer,No,0,0,19.59,41.13,0,0
C02341,2023-11-27,West,0,1,7,Month-to-month,Mailed check,Fiber optic,1,1,109.29,737.46,0,0
C02342,2022-04-19,West,0,1,26,Month-to-month,Credit card,DSL,0,0,50.98,1336.44,0,0
C02343,2022-01-23,West,0,0,29,One year,Electronic check,No,0,0,30.37,897.58,0,0
C02344,2022-03-17,North,0,0,27,Month-to-month,Credit card,DSL,0,1,66.41,1767.37,0,0
C02345,2021-09-15,East,0,0,33,One year,Credit card,DSL,0,0,57.25,1847.57,1,0
C02346,2023-08-20,South,0,1,10,Month-to-month,Mailed check,Fiber optic,0,0,89.69,865.35,2,1
C02347,2020-10-09,South,0,0,45,Two year,Electronic check,DSL,0,0,57.42,,0,0
C02348,2020-12-14,North,0,1,43,Two year,Electronic check,Fiber optic,1,0,94.57,4260.55,0,0
C02349,2024-02-13,North,0,0,4,Month-to-month,Credit card,DSL,1,1,78.6,312.46,2,0
C02350,2023-11-26,West,0,1,7,Month-to-month,Electronic check,DSL,1,0,64.23,440.17,1,0
C02351,2022-03-25,West,0,0,27,Month-to-month,Credit card,DSL,1,1,76.62,2003.56,0,0
C02352,2018-07-13,East,0,0,72,Two year,Mailed check,DSL,1,1,72.41,5073.74,0,0
C02353,2023-05-08,North,0,1,13,Month-to-month,Mailed check,No,0,0,18.96,247.12,1,0
C02354,2024-04-26,East,0,1,2,Month-to-month,Bank transfer,Fiber optic,0,1,92.19,179.67,3,1
C02355,2022-09-22,North,0,0,21,Month-to-month,Electronic check,Fiber optic,1,0,94.98,1949.09,1,1
C02356,2018-11-29,East,0,0,68,One year,Mailed check,DSL,0,0,53.37,3805.94,0,0
C02357,2024-02-16,North,0,0,4,Month-to-month,Credit card,Fiber optic,0,1,99.01,399.71,2,1
C02358,2022-04-04,South,0,1,27,Month-to-month,Electronic check,DSL,0,1,61.02,1582.03,0,0
C02359,2018-07-24,North,0,0,72,Two year,Credit card,DSL,0,0,51.29,3786.74,1,0
C02360,2023-02-17,West,0,1,16,Month-to-month,Credit card,Fiber optic,1,1,103.32,1583.47,3,0
C02361,2022-06-10,East,1,0,25,Two year,Electronic check,Fiber optic,1,1,106.94,2625.01,1,0
C02362,2022-10-25,West,0,1,20,Month-to-month,Mailed check,Fiber optic,0,0,84.02,1653.39,5,1
C02363,2022-05-21,North,0,0,25,Month-to-month,Electronic check,No,0,0,24.39,621.54,1,0
C02364,2021-12-15,East,0,0,30,Two year,Bank transfer,No,0,0,20.17,579.41,1,0
C02365,2023-04-09,South,0,1,14,One year,Credit card,DSL,0,1,67.0,945.37,1,0
C02366,2018-07-28,South,0,0,72,One year,Credit card,DSL,0,1,62.78,4532.86,2,0
C02367,2024-04-30,West,0,1,2,Month-to-month,Credit card,DSL,0,0,53.84,105.91,0,0
C02368,2024-02-04,North,0,1,4,Month-to-month,Electronic check,Fiber optic,1,0,89.66,357.98,2,1
C02369,2023-08-11,West,0,1,10,Month-to-month,Bank transfer,No,0,0,21.97,218.95,1,0
C02370,2022-05-28,North,0,1,25,Month-to-month,Electronic check,No,0,0,23.32,610.65,1,0
C02371,2023-09-22,South,0,1,9,Month-to-month,Credit card,DSL,0,0,48.97,448.27,1,0
C02372,2022-05-14,north,0,0,25,Month-to-month,Electronic check,No,0,0,20.18,494.2,1,0
C02373,2023-01-24,East,0,0,17,Month-to-month,Electronic check,Fiber optic,0,0,84.58,1480.43,1,0
C02374,2019-06-22,East,0,1,61,Month-to-month,Electronic check,No,0,0,24.82,1506.43,1,0
C02375,2023-01-30,East,1,0,17,Month-to-month,Electronic check,Fiber optic,0,0,81.0,1321.41,1,1
C02376,2023-10-27,West,0,0,8,Month-to-month,Electronic check,DSL,0,1,63.96,493.31,0,1
C02377,2019-06-09,West,0,1,61,Two year,Electronic check,DSL,0,1,68.06,4179.32,0,0
C02378,2022-07-31,West,0,1,23,One year,Credit card,No,0,0,18.05,401.18,2,0
C02379,2024-01-23,South,1,0,5,Month-to-month,Credit card,Fiber optic,0,1,95.26,,2,1
C02380,2023-12-30,North,0,1,6,One year,Electronic check,DSL,1,0,63.18,366.27,1,0
C02381,2020-11-14,North,1,1,44,Two year,Credit card,DSL,0,0,57.09,2479.44,1,1
C02382,2023-06-01,South,0,0,13,Month-to-month,Mailed check,DSL,1,0,69.54,909.11,0,1
C02383,2024-01-29,East,1,0,5,Month-to-month,Credit card,No,0,0,19.67,103.24,0,0
C02384,2019-12-12,North,0,0,55,Month-to-month,Electronic check,DSL,1,1,75.92,3986.49,0,0
C02385,2024-03-13,West,0,0,3,Month-to-month,Bank transfer,DSL,1,0,67.66,205.67,1,1
C02386,2024-05-15,west,1,1,1,One year,Mailed check,Fiber optic,0,0,85.83,85.81,3,1
C02387,2020-06-18,North,0,0,49,Two year,Electronic check,Fiber optic,1,1,107.64,5249.18,2,0
C02388,2023-12-16,West,0,0,6,Month-to-month,Bank transfer,DSL,0,0,59.53,347.82,1,1
C02389,2021-05-03,East,0,1,38,One year,Bank transfer,DSL,0,0,50.73,1832.89,1,0
C02390,2024-06-30,South,1,1,0,Month-to-month,Bank transfer,DSL,0,0,53.95,,1,0
C02391,2021-09-09,East,0,1,34,One year,Mailed check,DSL,0,1,63.08,2199.11,1,0
C02392,2019-10-01,East,0,0,57,One year,Mailed check,DSL,0,0,52.85,2895.36,3,0
C02393,2023-11-26,South,0,0,7,Month-to-month,Bank transfer,DSL,0,1,61.9,435.32,0,1
C02394,2023-04-28,East,0,0,14,Month-to-month,Electronic check,Fiber optic,0,1,95.49,1314.95,4,1
C02395,2023-03-03,North,0,1,16,One year,Electronic check,No,0,0,21.48,330.2,2,0
C02396,2023-04-15,South,0,0,14,Two year,Mailed check,No,0,0,15.0,,1,0
C02397,2022-12-27,West,0,1,18,Month-to-month,Electronic check,DSL,0,0,53.69,918.53,1,1
C02398,2022-05-04,North,0,0,26,Month-to-month,Mailed check,DSL,0,0,54.64,1416.33,2,0
C02399,2024-02-18,East,1,0,4,Month-to-month,Electronic check,No,0,0,18.9,72.89,0,1
C02400,2022-08-02,South,0,0,23,One year,Bank transfer,Fiber optic,0,1,90.3,2046.36,2,1
C02401,2020-04-07,South,0,1,51,One year,Bank transfer,Fiber optic,0,0,88.82,4473.86,1,0
C02402,2021-06-29,North,0,1,36,One year,Credit card,DSL,0,0,58.77,2025.27,3,0
C02403,2022-11-06,East,0,1,20,One year,Bank transfer,DSL,1,1,81.57,1650.63,0,0
C02404,2020-05-22,East,0,0,50,Two year,Mailed check,Fiber optic,1,1,104.77,5244.39,3,0
C02405,2020-04-29,East,0,1,50,Two year,Credit card,Fiber optic,0,1,97.69,4962.68,1,0
C02406,2023-09-01,South,0,0,10,Month-to-month,Bank transfer,DSL,1,0,62.08,640.92,1,0
C02407,2023-05-05,East,0,1,14,One year,Mailed check,No,0,0,15.71,216.07,0,0
C02408,2022-11-09,East,0,0,19,Month-to-month,Electronic check,Fiber optic,1,0,90.5,1720.55,3,1
C02409,2022-10-13,East,0,1,20,Month-to-month,Bank transfer,Fiber optic,1,1,107.8,2215.54,1,0
C02410,2021-11-30,East,0,1,31,Two year,Bank transfer,DSL,0,1,70.34,2148.7,0,0
C02411,2021-11-11,South,1,0,32,One year,Bank transfer,Fiber optic,1,1,112.15,3608.67,1,0
C02412,2018-10-06,East,0,1,69,Two year,Credit card,Fiber optic,0,1,96.8,6719.94,1,0
C02413,2024-01-05,East,0,1,5,Month-to-month,Credit card,DSL,1,1,74.27,362.38,0,0
C02414,2023-05-13,West,0,0,13,Month-to-month,Credit card,Fiber optic,1,0,94.61,1233.99,2,0
C02415,2023-12-05,South,0,1,6,Month-to-month,Bank transfer,Fiber optic,0,1,100.89,589.77,1,1
C02416,2021-12-13,South,0,0,31,Month-to-month,Credit card,No,0,0,26.49,792.33,1,0
C02417,2023-09-07,East,1,0,9,Month-to-month,Credit card,DSL,0,1,71.71,,1,1
C02418,2022-09-26,East,0,1,21,Month-to-month,Electronic check,No,0,0,24.32,529.21,0,1
C02419,2022-07-02,South,1,1,24,Month-to-month,Bank transfer,Fiber optic,0,0,90.45,2236.5,0,1
C02420,2019-03-11,North,0,1,64,Two year,Electronic check,DSL,0,1,67.29,4357.4,2,0
C02421,2023-01-08,East,1,1,17,Month-to-month,Electronic check,DSL,1,1,78.13,1271.71,0,0
C02422,2023-03-15,East,0,1,15,Month-to-month,Electronic check,DSL,0,0,59.24,891.34,1,0
C02423,2023-01-27,West,0,0,17,One year,Mailed check,DSL,0,1,69.06,1227.05,0,0
C02424,2023-11-05,East,0,1,7,Month-to-month,Electronic check,Fiber optic,0,1,100.47,731.85,2,0
C02425,2018-08-24,East,1,0,71,Two year,Electronic check,Fiber optic,0,0,82.57,6042.28,0,0
C02426,2020-12-14,North,0,0,43,One year,Electronic check,DSL,0,1,72.59,3182.04,1,0
C02427,2023-10-09,South,0,1,8,Month-to-month,Bank transfer,No,0,0,18.0,144.08,2,0
C02428,2022-01-21,North,0,0,29,One year,Credit card,DSL,0,0,59.45,1713.51,0,1
C02429,2021-10-11,East,0,1,33,One year,Credit card,Fiber optic,0,1,96.64,3218.23,4,1
C02430,2021-10-31,East,0,1,32,One year,Mailed check,No,0,0,17.87,570.31,1,0
C02431,2023-02-03,West,0,0,17,Two year,Electronic check,No,0,0,15.0,252.77,3,0
C02432,2020-05-11,East,0,1,50,One year,Credit card,Fiber optic,1,0,94.13,4752.7,2,0
C02433,2020-02-05,West,1,1,53,One year,Electronic check,Fiber optic,0,1,92.01,,2,0
C02434,2022-07-11,East,1,0,24,Month-to-month,Credit card,DSL,0,0,51.31,1196.79,0,0
C02435,2024-03-22,West,0,0,3,One year,Bank transfer,DSL,1,1,79.04,228.48,0,0
C02436,2018-07-03,South,0,0,72,Two year,Mailed check,Fiber optic,0,0,78.93,5488.3,1,0
C02437,2022-07-31,East,0,0,23,One year,Electronic check,DSL,0,0,59.92,1405.61,0,0
C02438,2021-10-26,East,1,0,32,One year,Electronic check,DSL,0,1,77.08,2557.83,0,0
C02439,2024-03-22,East,0,0,3,Month-to-month,Bank transfer,DSL,0,1,65.07,200.42,1,1
C02440,2022-05-24,East,0,0,25,One year,Mailed check,No,0,0,24.82,614.54,0,0
C02441,2018-07-26,West,0,0,72,Two year,Credit card,No,0,0,15.0,1087.04,1,0
C02442,2023-08-07,North,0,0,10,Month-to-month,Bank transfer,Fiber optic,1,1,108.6,1036.74,2,1
C02443,2023-07-27,South,1,1,11,Month-to-month,Mailed check,Fiber optic,0,0,86.42,947.26,3,1
C02444,2022-01-05,East,0,1,30,Month-to-month,Electronic check,DSL,1,0,77.3,2375.95,1,0
C02445,2024-02-29,East,1,1,4,Month-to-month,Mailed check,DSL,0,0,53.51,220.29,0,1
C02446,2020-12-27,East,0,1,42,One year,Electronic check,Fiber optic,0,0,86.85,3688.47,0,0
C02447,2023-10-12,North,0,1,8,Month-to-month,Bank transfer,Fiber optic,0,0,84.26,696.46,2,1
C02448,2024-04-18,West,1,1,2,Month-to-month,Bank transfer,DSL,1,1,75.51,148.68,1,1
C02449,2020-12-15,East,0,0,43,One year,Credit card,Fiber optic,1,1,106.45,,1,0
C02450,2020-04-08,South,0,1,51,One year,Mailed check,Fiber optic,0,0,84.25,,3,1
C02451,2022-01-25,West,0,1,29,One year,Electronic check,DSL,0,0,52.47,1596.6,0,1
C02452,2022-08-17,South,0,0,22,One year,Credit card,DSL,1,0,66.07,1510.3,0,0
C02453,2018-10-28,North,0,1,69,One year,Bank transfer,Fiber optic,1,1,103.42,7404.45,1,0
C02454,2020-03-15,West,0,0,52,One year,Bank transfer,Fiber optic,0,1,95.4,5013.32,1,0
C02455,2023-03-10,South,0,0,15,One year,Mailed check,No,0,0,27.69,434.21,0,0
C02456,2022-10-11,West,0,0,20,Month-to-month,Credit card,Fiber optic,0,0,84.54,1700.83,3,1
C02457,2023-02-25,East,1,1,16,One year,Electronic check,Fiber optic,0,1,100.55,1598.48,2,1
C02458,2022-06-27,North,0,1,24,Month-to-month,Mailed check,Fiber optic,0,1,96.7,2357.62,4,1
C02459,2023-10-21,South,1,0,8,Month-to-month,Credit card,DSL,1,1,80.07,644.02,0,1
C02460,2022-08-25,West,0,1,22,Month-to-month,Electronic check,Fiber optic,0,1,96.3,2160.56,4,1
C02461,2019-05-05,west,0,1,62,Two year,Credit card,Fiber optic,1,1,96.66,5919.6,1,0
C02462,2020-10-08,North,0,1,45,One year,Mailed check,Fiber optic,1,0,94.88,4471.71,1,0
C02463,2022-10-02,West,0,0,21,Month-to-month,Electronic check,DSL,1,0,60.99,1337.45,0,0
C02464,2018-07-30,West,0,0,72,One year,Electronic check,No,0,0,18.8,1394.61,0,0
C02465,2023-06-22,East,0,0,12,Month-to-month,Credit card,No,0,0,22.75,260.29,0,0
C02466,2022-05-26,North,0,0,25,One year,Credit card,DSL,0,0,62.27,1519.91,1,0
C02467,2018-07-12,East,0,1,72,Two year,Electronic check,DSL,0,0,49.37,3709.38,3,0
C02468,2023-01-18,South,1,0,17,One year,Electronic check,DSL,0,0,54.04,947.28,0,0
C02469,2023-03-28,North,0,0,15,One year,Electronic check,Fiber optic,1,1,107.07,1566.38,1,0
C02470,2023-09-03,West,0,1,10,Month-to-month,Electronic check,Fiber optic,0,1,97.2,979.02,3,1
C02471,2024-01-19,East,0,0,5,Month-to-month,Bank transfer,DSL,0,0,55.22,263.04,0,0
C02472,2018-07-24,North,0,1,72,Two year,Electronic check,Fiber optic,0,0,87.25,6488.56,2,0
C02473,2021-12-07,South,0,0,31,One year,Electronic check,DSL,1,0,63.25,1959.61,0,1
C02474,2024-03-08,West,0,1,3,Month-to-month,Electronic check,Fiber optic,0,0,84.21,252.39,2,1
C02475,2022-05-29,South,0,1,25,Month-to-month,Bank transfer,DSL,1,0,66.58,1604.54,0,0
C02476,2022-11-24,South,0,0,19,Month-to-month,Bank transfer,Fiber optic,1,0,92.2,1670.17,0,0
C02477,2022-06-23,North,0,0,24,Month-to-month,Bank transfer,Fiber optic,1,0,92.64,2322.09,0,0
C02478,2021-08-27,North,0,1,34,Month-to-month,Bank transfer,DSL,0,1,66.73,2321.22,1,0
C02479,2023-10-07,West,0,0,8,Month-to-month,Credit card,Fiber optic,1,1,104.64,817.19,1,1
C02480,2020-03-12,West,0,0,52,Two year,Mailed check,No,0,0,16.09,796.9,0,0
C02481,2021-08-27,North,0,1,34,Month-to-month,Credit card,Fiber optic,0,1,92.62,3191.89,3,1
C02482,2024-03-31,East,0,0,3,Month-to-month,Bank transfer,No,0,0,19.83,61.68,0,1
C02483,2023-03-08,East,0,0,16,Month-to-month,Electronic check,Fiber optic,1,0,100.48,1602.9,2,1
C02484,2023-03-22,West,0,0,15,Month-to-month,Credit card,Fiber optic,0,1,98.57,1503.1,2,0
C02485,2022-02-09,East,0,0,29,Two year,Bank transfer,DSL,0,0,51.19,1551.83,1,0
C02486,2018-07-25,West,0,0,72,Month-to-month,Bank transfer,Fiber optic,1,0,101.19,7273.76,1,0
C02487,2022-05-21,North,0,0,25,One year,Electronic check,DSL,1,0,62.99,1623.95,1,0
C02488,2021-08-24,North,0,0,34,Two year,Mailed check,DSL,0,1,73.35,2455.76,0,0
C02489,2023-11-23,South,0,1,7,Month-to-month,Credit card,DSL,0,1,66.7,444.13,2,0
C02490,2023-08-24,South,0,1,10,One year,Electronic check,DSL,0,0,56.06,,0,0
C02491,2020-08-23,West,0,0,46,Two year,Electronic check,No,0,0,18.54,891.15,1,0
C02492,2022-09-24,South,1,0,21,Month-to-month,Electronic check,No,0,0,18.81,377.54,0,0
C02493,2022-07-01,South,0,1,24,Month-to-month,Mailed check,Fiber optic,0,1,102.53,2497.47,3,1
C02494,2019-02-11,East,0,1,65,Two year,Credit card,DSL,0,1,66.28,4397.73,1,0
C02495,2018-07-20,West,0,1,72,Two year,Bank transfer,No,0,0,23.77,1774.11,1,0
C02496,2023-06-15,North,0,1,12,Month-to-month,Credit card,Fiber optic,0,0,85.19,1040.11,1,1
C02497,2023-02-24,East,0,1,16,One year,Mailed check,DSL,0,0,54.54,900.71,0,0
C02498,2022-12-14,South,0,0,18,Month-to-month,Mailed check,Fiber optic,0,0,87.5,1611.84,2,1
C02499,2018-07-26,North,0,1,72,Two year,Electronic check,Fiber optic,0,1,96.53,6868.23,2,0
C02500,2023-06-03,West,1,0,13,Month-to-month,Electronic check,DSL,1,1,73.85,924.88,0,0
C02501,2021-10-23,West,0,0,32,Month-to-month,Bank transfer,Fiber optic,1,1,103.97,3458.3,1,0
C02502,2022-07-09,North,0,0,24,One year,Electronic check,Fiber optic,0,1,99.32,2491.34,3,1
C02503,2023-07-20,West,1,0,11,Two year,Electronic check,DSL,0,1,58.16,609.29,0,0
C02504,2019-12-20,East,0,1,55,Two year,Credit card,Fiber optic,1,0,96.5,5416.0,2,0
C02505,2021-09-09,East,0,0,34,Month-to-month,Bank transfer,Fiber optic,1,1,101.25,3304.08,0,0
C02506,2018-07-13,South,0,0,72,Month-to-month,Electronic check,Fiber optic,0,0,85.7,6298.89,2,0
C02507,2020-07-23,South,0,1,47,Two year,Bank transfer,No,0,0,25.35,,1,0
C02508,2018-08-24,North,0,0,71,Two year,Mailed check,No,0,0,16.46,1224.47,0,0
C02509,2023-09-27,North,0,0,9,Month-to-month,Credit card,Fiber optic,0,0,87.1,802.98,1,1
C02510,2022-11-15,North,1,0,19,One year,Bank transfer,Fiber optic,0,1,101.5,1967.5,4,1
C02511,2021-12-31,East,0,1,30,Month-to-month,Electronic check,Fiber optic,0,1,94.7,2761.08,1,0
C02512,2023-03-27,North,0,1,15,Month-to-month,Electronic check,Fiber optic,0,1,94.41,,5,1
C02513,2024-01-22,East,0,0,5,Month-to-month,Electronic check,DSL,0,1,68.5,344.4,0,1
C02514,2023-03-26,East,0,1,15,Month-to-month,Bank transfer,Fiber optic,1,0,100.0,1449.09,1,1
C02515,2023-05-24,South,1,1,13,Month-to-month,Mailed check,Fiber optic,0,0,94.13,1201.36,4,1
C02516,2020-10-03,North,0,0,45,Two year,Bank transfer,Fiber optic,0,0,82.04,3845.19,2,0
C02517,2022-05-26,East,0,0,25,Month-to-month,Mailed check,No,0,0,22.59,562.2,0,1
C02518,2024-04-13,West,0,1,2,Month-to-month,Electronic check,Fiber optic,1,0,93.08,183.21,1,1
C02519,2022-05-26,South,0,1,25,Month-to-month,Electronic check,DSL,0,0,50.48,1307.12,1,0
C02520,2021-09-14,West,0,0,34,Month-to-month,Electronic check,DSL,0,0,54.06,1868.97,1,0
C02521,2021-12-22,South,0,0,30,Month-to-month,Mailed check,DSL,0,0,54.08,1614.46,0,0
C02522,2018-07-20,North,0,1,72,One year,Bank transfer,DSL,1,1,77.35,5719.71,0,0
C02523,2023-01-05,East,0,0,18,Month-to-month,Credit card,Fiber optic,1,0,96.67,1689.99,3,1
C02524,2019-10-01,West,1,1,57,One year,Electronic check,DSL,0,0,55.93,3062.38,0,0
C02525,2019-06-17,West,0,0,61,Two year,Bank transfer,DSL,1,1,81.86,4888.26,0,0
C02526,2020-07-03,West,0,0,48,Month-to-month,Electronic check,DSL,0,0,62.51,2945.3,1,1
C02527,2020-02-26,North,0,0,52,Two year,Bank transfer,Fiber optic,0,0,85.06,4600.16,2,0
C02528,2023-03-30,North,1,0,15,Two year,Electronic check,Fiber optic,0,0,83.03,1303.84,4,1
C02529,2018-10-27,East,0,1,69,Two year,Bank transfer,DSL,1,1,76.2,,1,0
C02530,2018-12-02,West,0,1,67,One year,Electronic check,DSL,0,1,66.08,4600.68,0,0
C02531,2023-12-13,West,0,0,6,One year,Electronic check,DSL,0,1,64.63,400.46,1,0
C02532,2020-07-22,South,0,1,47,One year,Bank transfer,DSL,0,0,49.0,2231.41,0,0
C02533,2021-10-29,South,0,0,32,One year,Mailed check,DSL,0,0,49.61,1583.36,0,0
C02534,2021-09-01,East,0,1,34,Month-to-month,Mailed check,DSL,0,0,57.74,1960.16,0,0
C02535,2021-02-27,West,0,1,40,Two year,Electronic check,DSL,1,0,68.0,2640.12,0,0
C02536,2020-11-08,North,0,0,44,One year,Credit card,No,0,0,21.3,926.14,1,0
C02537,2018-07-11,West,0,0,72,One year,Electronic check,Fiber optic,1,1,106.03,7375.51,2,0
C02538,2023-07-10,West,0,0,11,Month-to-month,Bank transfer,No,0,0,17.98,198.97,2,1
C02539,2020-09-25,North,1,1,45,Month-to-month,Credit card,DSL,0,1,61.51,2723.5,0,0
C02540,2022-08-02,West,0,1,23,Month-to-month,Bank transfer,DSL,0,0,52.39,1200.38,0,0
C02541,2022-08-26,East,0,1,22,Month-to-month,Electronic check,No,0,0,17.07,375.37,0,0
C02542,2022-07-20,West,1,1,23,Month-to-month,Bank transfer,DSL,0,0,49.34,1137.69,0,1
C02543,2023-07-04,North,0,0,12,Month-to-month,Electronic check,Fiber optic,1,0,95.87,1114.09,1,1
C02544,2022-09-19,West,1,1,21,Month-to-month,Bank transfer,No,0,0,17.04,340.41,0,1
C02545,2023-10-20,North,0,1,8,Month-to-month,Mailed check,Fiber optic,1,0,95.16,766.85,0,1
C02546,2023-08-16,North,0,0,10,Month-to-month,Bank transfer,DSL,0,0,49.08,481.17,0,1
C02547,2023-04-28,South,0,1,14,Two year,Credit card,Fiber optic,1,1,109.35,1464.24,0,0
C02548,2022-08-06,East,1,1,23,Month-to-month,Electronic check,DSL,0,0,56.72,1288.33,0,0
C02549,2023-12-29,North,1,0,6,Month-to-month,Electronic check,DSL,1,0,62.95,396.16,0,0
C02550,2023-12-28,South,0,0,6,Month-to-month,Mailed check,DSL,0,1,72.49,440.07,1,1
C02551,2021-11-15,South,0,1,31,Month-to-month,Mailed check,No,0,0,19.68,623.69,3,0
C02552,2023-09-23,North,0,0,9,Month-to-month,Mailed check,Fiber optic,0,1,97.54,908.03,2,1
C02553,2023-03-05,North,0,0,16,One year,Bank transfer,DSL,0,1,60.75,989.18,3,0
C02554,2018-07-16,North,1,1,72,Two year,Mailed check,DSL,0,1,63.87,4571.22,1,0
C02555,2024-01-04,West,0,1,5,Month-to-month,Credit card,Fiber optic,0,1,94.4,489.37,3,1
C02556,2021-05-07,West,1,0,38,One year,Mailed check,No,0,0,23.13,861.81,0,0
C02557,2023-07-27,East,0,1,11,Month-to-month,Electronic check,DSL,0,0,58.85,631.45,2,1
C02558,2022-08-19,East,0,0,22,Month-to-month,Electronic check,DSL,0,1,64.72,1389.64,0,0
C02559,2024-04-11,North,0,1,2,Month-to-month,Bank transfer,No,0,0,20.68,40.74,1,0
C02560,2018-07-24,North,0,1,72,Month-to-month,Electronic check,No,0,0,23.43,1733.75,1,0
C02561,2022-11-08,South,0,0,20,One year,Electronic check,No,0,0,18.64,358.18,2,0
C02562,2022-12-20,West,1,0,18,One year,Electronic check,DSL,0,1,61.15,1103.27,0,0
C02563,2023-11-06,South,1,1,7,One year,Bank transfer,DSL,0,1,69.84,493.79,1,0
C02564,2022-12-31,West,1,1,18,Month-to-month,Credit card,Fiber optic,1,0,96.7,1815.5,2,0
C02565,2021-05-04,South,0,0,38,One year,Mailed check,DSL,0,0,56.16,,1,0
C02566,2021-04-04,South,0,0,39,Month-to-month,Electronic check,No,0,0,23.84,927.67,0,0
C02567,2023-10-20,West,0,1,8,Month-to-month,Mailed check,DSL,1,0,69.17,563.77,0,1
C02568,2023-06-24,south,0,1,12,Month-to-month,Mailed check,Fiber optic,0,1,99.48,1153.83,1,1
C02569,2023-08-22,East,0,0,10,One year,Credit card,No,0,0,15.32,151.78,0,0
C02570,2021-01-02,East,1,1,42,Two year,Mailed check,No,0,0,15.0,600.5,1,0
C02571,2022-06-13,East,0,1,24,Month-to-month,Bank transfer,Fiber optic,1,0,96.4,2198.34,1,0
C02572,2020-12-26,East,0,1,42,One year,Credit card,No,0,0,20.26,844.5,0,0
C02573,2020-11-13,West,0,1,44,One year,Bank transfer,DSL,1,0,65.56,2975.84,0,0
C02574,2020-09-09,South,0,0,46,Two year,Electronic check,DSL,1,1,83.76,3808.25,1,0
C02575,2022-02-16,South,1,1,28,Month-to-month,Bank transfer,DSL,0,0,58.67,1651.49,1,0
C02576,2018-07-13,East,0,0,72,One year,Mailed check,No,0,0,19.26,1382.73,0,0
C02577,2023-06-22,South,0,1,12,One year,Mailed check,No,0,0,17.06,203.28,0,0
C02578,2018-07-06,North,0,1,72,Two year,Credit card,DSL,0,1,69.58,5065.97,0,0
C02579,2020-08-06,South,1,0,47,Month-to-month,Electronic check,DSL,0,1,68.85,3381.44,0,0
C02580,2021-07-07,East,1,0,36,Two year,Mailed check,DSL,1,1,76.14,2754.99,1,0
C02581,2023-11-12,East,0,1,7,Month-to-month,Electronic check,DSL,1,0,54.06,391.62,0,1
C02582,2020-02-07,South,0,1,53,Two year,Electronic check,No,0,0,16.17,842.87,0,0
C02583,2023-11-29,East,0,0,7,Month-to-month,Bank transfer,DSL,0,0,58.39,399.69,0,0
C02584,2023-11-24,South,0,0,7,Month-to-month,Bank transfer,Fiber optic,0,1,91.83,615.77,2,1
C02585,2023-11-08,East,0,0,7,Month-to-month,Bank transfer,Fiber optic,1,1,109.32,771.65,1,1
C02586,2023-01-13,South,0,0,17,Month-to-month,Electronic check,DSL,1,0,66.77,1161.96,0,0
C02587,2024-04-10,West,0,1,2,Month-to-month,Electronic check,DSL,1,0,61.04,123.65,0,1
C02588,2022-03-05,East,0,0,28,Month-to-month,Mailed check,No,0,0,23.6,683.95,0,0
C02589,2024-03-27,East,0,1,3,Month-to-month,Mailed check,Fiber optic,1,0,94.68,275.83,0,1
C02590,2020-11-19,South,0,1,43,Month-to-month,Credit card,Fiber optic,0,0,84.41,3689.53,1,0
C02591,2021-01-02,West,0,0,42,One year,Bank transfer,DSL,0,1,62.4,2619.69,2,0
C02592,2018-07-31,South,0,1,72,Two year,Credit card,No,0,0,25.19,1780.31,1,0
C02593,2020-05-26,West,0,1,49,One year,Credit card,No,0,0,15.23,745.32,0,0
C02594,2024-04-05,North,1,1,2,Month-to-month,Mailed check,Fiber optic,0,0,80.19,163.93,0,0
C02595,2023-04-23,West,0,0,14,Month-to-month,Bank transfer,Fiber optic,0,0,85.57,1244.79,3,0
C02596,2018-07-08,West,1,0,72,Two year,Bank transfer,No,0,0,16.08,1169.39,1,0
C02597,2023-11-07,North,0,0,7,Month-to-month,Credit card,DSL,0,0,63.27,450.11,0,1
C02598,2022-08-06,North,0,1,23,Month-to-month,Mailed check,Fiber optic,0,0,81.05,1945.09,1,1
C02599,2020-08-03,West,1,1,47,Two year,Bank transfer,Fiber optic,1,1,110.17,5302.43,2,0
C02600,2018-12-09,South,0,0,67,Two year,Mailed check,Fiber optic,0,0,91.57,5964.05,1,0
C02601,2023-03-09,East,1,0,15,Month-to-month,Bank transfer,No,0,0,22.86,352.05,1,0
C02602,2020-05-21,North,0,0,50,One year,Credit card,No,0,0,16.98,817.45,0,0
C02603,2023-10-01,South,0,1,9,Month-to-month,Credit card,Fiber optic,0,0,86.37,748.89,1,0
C02604,2022-04-11,East,0,1,27,One year,Electronic check,Fiber optic,0,0,90.42,2551.42,3,1
C02605,2023-04-10,West,0,1,14,Month-to-month,Electronic check,No,0,0,15.0,201.85,0,0
C02606,2021-10-27,South,0,0,32,Month-to-month,Bank transfer,No,0,0,24.39,806.12,1,0
C02607,2022-12-30,North,0,0,18,One year,Bank transfer,Fiber optic,1,0,96.96,1775.97,1,0
C02608,2024-03-15,South,0,0,3,Month-to-month,Credit card,DSL,0,0,62.56,192.47,0,1
C02609,2020-07-14,East,0,1,48,One year,Electronic check,DSL,0,0,56.71,2738.69,0,0
C02610,2023-04-28,West,1,1,14,Month-to-month,Credit card,No,0,0,20.61,295.99,1,0
C02611,2018-09-27,West,0,0,70,Two year,Bank transfer,Fiber optic,0,0,87.74,6421.04,3,1
C02612,2020-06-25,West,0,1,48,Two year,Electronic check,Fiber optic,0,0,80.04,3934.91,1,1
C02613,2019-04-10,North,0,0,63,Month-to-month,Electronic check,Fiber optic,1,1,103.74,6417.9,2,1
C02614,2021-01-29,East,0,0,41,One year,Bank transfer,Fiber optic,0,0,85.28,3634.29,2,1
C02615,2021-12-04,East,0,1,31,Month-to-month,Electronic check,Fiber optic,0,1,94.91,,1,1
C02616,2022-06-22,South,0,1,24,Month-to-month,Credit card,Fiber optic,1,0,92.55,2145.48,2,1
C02617,2019-08-01,West,0,1,59,Month-to-month,Bank transfer,DSL,1,1,85.15,5227.41,0,0
C02618,2021-10-26,West,1,0,32,Two year,Mailed check,Fiber optic,1,1,114.18,3622.16,1,0
C02619,2019-04-03,North,0,1,63,Two year,Electronic check,Fiber optic,1,0,84.83,5210.02,0,0
C02620,2023-01-25,West,1,1,17,Two year,Credit card,No,0,0,20.16,347.51,1,0
C02621,2021-10-21,West,0,1,32,Two year,Bank transfer,DSL,0,1,62.23,2090.03,3,0
C02622,2020-11-16,East,0,0,44,Two year,Credit card,Fiber optic,0,0,89.6,4077.87,2,0
C02623,2021-11-20,South,0,0,31,Month-to-month,Bank transfer,DSL,0,0,55.89,1689.44,0,0
C02624,2021-05-31,West,0,0,37,Two year,Bank transfer,DSL,0,1,72.86,2753.17,1,0
C02625,2022-06-03,East,0,0,25,One year,Credit card,Fiber optic,0,1,93.55,2281.33,0,1
C02626,2023-12-09,West,0,1,6,Month-to-month,Bank transfer,DSL,1,0,61.2,367.65,0,0
C02627,2020-01-05,East,0,1,54,One year,Mailed check,No,0,0,19.12,995.37,0,0
C02628,2023-05-10,West,0,0,13,Month-to-month,Electronic check,No,0,0,17.61,224.09,2,0
C02629,2024-03-11,South,1,0,3,Month-to-month,Electronic check,DSL,0,1,66.63,209.69,1,1
C02630,2023-10-30,North,1,0,8,Month-to-month,Bank transfer,No,0,0,24.75,197.11,0,1
C02631,2023-10-05,South,0,1,8,Month-to-month,Electronic check,Fiber optic,0,1,98.87,810.1,1,1
C02632,2021-05-25,West,0,0,37,Month-to-month,Bank transfer,Fiber optic,1,0,93.81,3449.57,0,0
C02633,2022-08-15,East,0,1,22,Two year,Credit card,No,0,0,20.22,422.68,1,0
C02634,2021-03-12,East,0,0,40,One year,Mailed check,Fiber optic,0,0,78.67,3195.34,3,0
C02635,2023-08-15,East,0,0,10,Month-to-month,Electronic check,DSL,0,0,47.19,468.08,0,0
C02636,2022-08-04,East,0,0,23,Month-to-month,Bank transfer,DSL,0,1,71.84,1612.9,1,1
C02637,2022-12-19,North,1,0,18,Month-to-month,Electronic check,Fiber optic,0,0,81.95,1430.21,5,1
C02638,2023-03-07,South,1,0,16,Month-to-month,Credit card,No,0,0,25.74,411.27,0,0
C02639,2021-12-12,North,0,0,31,Two year,Mailed check,Fiber optic,0,0,83.77,2700.12,2,0
C02640,2023-04-08,South,0,0,14,Month-to-month,Mailed check,DSL,0,0,55.54,765.2,0,0
C02641,2021-04-14,East,0,1,39,One year,Bank transfer,DSL,0,1,70.32,2760.42,0,0
C02642,2022-03-21,West,1,1,27,One year,Mailed check,No,0,0,23.79,613.51,0,0
C02643,2020-12-28,North,0,0,42,One year,Electronic check,DSL,0,0,52.94,2272.91,0,0
C02644,2021-06-06,East,0,0,37,Two year,Electronic check,Fiber optic,0,1,97.28,3701.16,3,0
C02645,2022-02-10,North,1,0,29,Month-to-month,Mailed check,Fiber optic,0,1,96.93,2776.52,1,1
C02646,2022-12-13,North,0,1,18,Two year,Credit card,DSL,0,0,56.51,1011.02,1,0
C02647,2023-02-18,West,0,1,16,One year,Electronic check,DSL,0,1,67.77,1037.62,0,0
C02648,2022-11-04,East,0,1,20,One year,Electronic check,DSL,0,0,52.08,1085.4,0,0
C02649,2021-05-31,North,1,0,37,One year,Electronic check,DSL,0,1,67.6,2513.95,1,0
C02650,2021-05-07,North,0,1,38,Two year,Mailed check,Fiber optic,0,0,79.15,2899.33,3,0
C02651,2020-10-31,North,0,1,44,Two year,Electronic check,Fiber optic,1,1,107.01,4823.34,1,0
C02652,2021-10-13,South,0,1,33,Month-to-month,Bank transfer,DSL,1,1,77.47,2627.73,0,0
C02653,2022-12-31,North,0,0,18,Two year,Electronic check,Fiber optic,1,0,91.08,1590.47,0,0
C02654,2020-01-10,East,0,1,54,One year,Bank transfer,DSL,0,0,53.87,2895.45,0,0
C02655,2023-06-09,South,0,0,12,Month-to-month,Electronic check,DSL,1,1,74.95,894.3,0,0
C02656,2019-04-21,East,0,1,63,Two year,Mailed check,Fiber optic,0,0,83.02,5163.67,5,0
C02657,2024-01-27,North,1,1,5,Month-to-month,Electronic check,Fiber optic,1,0,98.03,508.03,3,1
C02658,2022-06-12,North,0,1,24,One year,Bank transfer,Fiber optic,1,1,108.85,2666.5,0,0
C02659,2023-06-21,North,0,1,12,Month-to-month,Credit card,DSL,0,0,58.85,733.29,1,0
C02660,2023-09-29,North,0,0,9,Month-to-month,Electronic check,Fiber optic,0,0,93.31,842.3,2,1
C02661,2023-08-04,North,0,0,11,Two year,Credit card,Fiber optic,0,1,101.39,1149.79,0,1
C02662,2018-07-27,South,1,0,72,Month-to-month,Electronic check,No,0,0,15.0,1051.58,1,0
C02663,2024-03-23,West,0,0,3,Month-to-month,Bank transfer,Fiber optic,1,0,92.38,271.03,0,0
C02664,2019-06-26,East,0,1,61,Month-to-month,Bank transfer,No,0,0,25.37,1546.58,1,0
C02665,2020-08-17,South,0,0,47,Month-to-month,Electronic check,DSL,1,0,63.42,2978.11,2,0
C02666,2021-08-30,West,0,1,34,Two year,Mailed check,Fiber optic,1,1,105.15,3411.89,0,0
C02667,2018-11-04,West,1,0,68,Two year,Electronic check,Fiber optic,1,0,96.34,6607.24,0,0
C02668,2023-07-04,West,0,0,12,Month-to-month,Bank transfer,DSL,1,0,63.86,729.2,0,0
C02669,2020-12-27,West,0,1,42,One year,Mailed check,Fiber optic,0,1,103.84,4227.39,1,0
C02670,2022-12-16,East,0,1,18,Month-to-month,Credit card,Fiber optic,0,1,96.35,1702.06,2,1
C02671,2022-05-16,West,0,1,25,One year,Electronic check,No,0,0,29.65,766.29,0,0
C02672,2024-02-19,South,0,1,4,Month-to-month,Credit card,DSL,0,0,52.76,204.62,1,1
C02673,2023-05-14,West,0,0,13,Month-to-month,Electronic check,No,0,0,17.37,223.34,0,0
C02674,2023-09-05,North,0,0,9,Month-to-month,Bank transfer,Fiber optic,1,0,91.66,837.01,1,1
C02675,2022-05-23,South,0,1,25,One year,Electronic check,Fiber optic,0,0,81.85,1974.56,2,0
C02676,2023-04-05,West,0,0,15,Month-to-month,Electronic check,Fiber optic,1,0,97.89,1405.8,1,1
C02677,2023-07-25,North,0,0,11,Month-to-month,Electronic check,DSL,0,1,61.62,644.4,0,0
C02678,2018-07-19,East,0,1,72,Two year,Bank transfer,No,0,0,15.98,1203.79,1,0
C02679,2022-07-21,South,0,1,23,One year,Electronic check,No,0,0,22.08,484.46,1,0
C02680,2021-10-15,North,0,1,32,Month-to-month,Bank transfer,No,0,0,15.0,487.32,0,0
C02681,2018-07-31,North,1,0,72,Two year,Credit card,No,0,0,15.0,1026.46,0,0
C02682,2018-08-19,East,0,1,71,Two year,Electronic check,Fiber optic,0,0,84.79,6216.73,1,0
C02683,2024-03-08,East,0,1,3,Month-to-month,Electronic check,Fiber optic,0,0,86.63,264.3,2,0
C02684,2021-10-04,East,0,1,33,One year,Electronic check,No,0,0,18.66,645.33,0,0
C02685,2023-04-10,North,1,0,14,Month-to-month,Electronic check,DSL,1,0,66.74,975.11,1,1
C02686,2022-07-07,South,0,0,24,One year,Mailed check,No,0,0,16.56,415.93,0,1
C02687,2023-02-26,North,1,1,16,Month-to-month,Bank transfer,Fiber optic,1,0,101.06,1548.52,0,1
C02688,2021-05-29,North,0,0,37,One year,Electronic check,Fiber optic,0,1,100.64,3755.47,0,0
C02689,2022-12-20,South,0,0,18,Month-to-month,Electronic check,DSL,0,1,63.74,1175.61,0,0
C02690,2020-10-10,East,0,1,45,Month-to-month,Bank transfer,DSL,0,1,66.25,2869.06,1,0
C02691,2019-02-03,South,0,1,65,Two year,Electronic check,DSL,0,0,47.14,2975.05,1,0
C02692,2022-12-21,North,0,1,18,Month-to-month,Bank transfer,Fiber optic,1,0,98.72,1760.64,1,1
C02693,2022-07-27,North,0,1,23,Two year,Credit card,Fiber optic,0,1,91.88,2187.07,2,0
C02694,2019-12-27,South,0,0,54,Two year,Electronic check,DSL,0,1,64.85,3612.6,1,0
C02695,2019-06-15,South,0,0,61,Two year,Mailed check,DSL,1,0,63.83,4016.79,0,0
C02696,2024-06-13,West,0,0,0,Month-to-month,Credit card,Fiber optic,0,0,79.49,,1,1
C02697,2018-07-12,East,0,1,72,Two year,Bank transfer,DSL,0,1,63.67,4706.01,0,0
C02698,2023-05-06,West,1,0,14,Month-to-month,Bank transfer,No,0,0,21.49,288.66,0,0
C02699,2022-07-06,North,0,1,24,Month-to-month,Credit card,DSL,0,0,53.01,1329.29,0,1
C02700,2020-03-09,South,0,1,52,Two year,Mailed check,Fiber optic,1,0,98.49,5119.54,2,0
C02701,2020-12-04,North,0,1,43,One year,Mailed check,DSL,0,1,69.97,3073.98,0,0
C02702,2024-03-11,North,1,0,3,Month-to-month,Bank transfer,Fiber optic,0,0,81.6,256.4,2,1
C02703,2021-12-26,West,0,0,30,Month-to-month,Bank transfer,Fiber optic,0,0,83.19,2474.45,2,0
C02704,2018-07-15,South,0,0,72,Two year,Bank transfer,Fiber optic,1,0,93.19,6577.87,1,0
C02705,2019-12-05,East,0,0,55,One year,Mailed check,Fiber optic,0,1,95.38,5149.08,3,0
C02706,2023-11-29,South,0,1,7,Month-to-month,Credit card,Fiber optic,0,1,102.9,690.96,1,1
C02707,2021-09-30,North,0,1,33,Two year,Electronic check,DSL,0,1,67.77,2275.91,0,0
C02708,2022-08-28,West,0,0,22,Month-to-month,Electronic check,Fiber optic,0,1,90.36,2086.53,3,1
C02709,2021-06-26,East,0,0,36,Month-to-month,Mailed check,DSL,0,0,52.38,1956.02,1,0
C02710,2023-12-18,East,0,0,6,One year,Electronic check,Fiber optic,0,1,95.15,597.55,1,1
C02711,2019-03-15,East,0,1,64,Two year,Bank transfer,Fiber optic,0,0,86.69,5387.73,3,1
C02712,2023-01-26,South,0,0,17,Month-to-month,Electronic check,Fiber optic,1,0,102.21,1662.76,1,1
C02713,2022-12-12,South,1,1,18,Month-to-month,Bank transfer,Fiber optic,0,0,88.15,1551.15,2,0
C02714,2021-10-17,West,0,1,32,Month-to-month,Mailed check,DSL,0,1,66.59,2154.17,0,0
C02715,2021-11-22,North,0,1,31,Two year,Electronic check,DSL,0,1,63.6,,0,0
C02716,2023-02-07,South,0,1,16,Month-to-month,Electronic check,DSL,0,1,72.68,1195.73,0,0
C02717,2021-07-15,South,0,0,36,Month-to-month,Mailed check,Fiber optic,0,0,83.81,2880.36,3,1
C02718,2022-10-17,East,0,0,20,Two year,Bank transfer,No,0,0,15.0,303.21,1,0
C02719,2023-04-22,West,0,1,14,Month-to-month,Mailed check,Fiber optic,1,1,108.43,1482.36,1,0
C02720,2019-06-30,West,0,1,60,One year,Electronic check,Fiber optic,1,1,102.06,5978.22,2,0
C02721,2024-02-21,East,1,0,4,Month-to-month,Electronic check,DSL,0,0,57.64,237.1,1,1
C02722,2020-08-22,North,0,1,46,Two year,Electronic check,No,0,0,18.42,880.73,0,0
C02723,2023-03-02,West,0,1,16,Month-to-month,Electronic check,DSL,0,0,53.78,868.9,1,1
C02724,2021-12-03,South,0,1,31,Month-to-month,Credit card,DSL,0,1,56.02,1653.06,1,1
C02725,2023-11-21,South,0,0,7,Month-to-month,Electronic check,No,0,0,24.31,167.24,1,0
C02726,2022-08-30,West,0,0,22,One year,Electronic check,DSL,0,0,50.28,1154.83,2,0
C02727,2022-11-29,South,0,1,19,One year,Credit card,DSL,0,1,64.11,1232.86,0,0
C02728,2023-09-03,South,0,0,10,Month-to-month,Bank transfer,DSL,0,1,67.76,700.25,0,0
C02729,2024-04-23,West,0,0,2,Month-to-month,Mailed check,Fiber optic,0,0,84.42,168.46,2,0
C02730,2018-07-26,South,0,1,72,Two year,Bank transfer,DSL,0,0,64.18,4596.35,1,0
C02731,2024-01-24,East,1,0,5,Month-to-month,Credit card,Fiber optic,0,1,90.1,452.93,1,1
C02732,2021-12-09,North,0,0,31,Month-to-month,Electronic check,Fiber optic,0,0,83.47,2676.45,1,0
C02733,2018-07-05,West,0,0,72,One year,Electronic check,DSL,1,1,80.14,6028.17,0,0
C02734,2024-04-26,South,0,0,2,Month-to-month,Credit card,DSL,0,1,65.23,,0,0
C02735,2022-10-09,East,0,1,21,Month-to-month,Credit card,No,0,0,19.99,438.99,0,0
C02736,2021-11-09,East,0,0,32,Month-to-month,Credit card,DSL,1,1,87.34,2874.17,1,1
C02737,2023-04-05,South,0,0,15,Month-to-month,Electronic check,Fiber optic,0,1,97.26,1499.2,3,1
C02738,2023-09-24,South,0,1,9,Month-to-month,Credit card,Fiber optic,0,0,90.6,851.66,2,0
C02739,2020-02-01,North,0,0,53,One year,Mailed check,DSL,0,0,57.6,2943.02,1,0
C02740,2021-10-25,South,0,0,32,One year,Bank transfer,Fiber optic,1,0,97.95,2992.98,3,0
C02741,2021-06-27,South,0,0,36,Month-to-month,Credit card,Fiber optic,1,0,94.21,3262.5,1,1
C02742,2021-03-23,South,0,0,39,Two year,Electronic check,Fiber optic,1,1,100.48,3944.74,0,0
C02743,2023-02-04,South,1,1,17,Month-to-month,Electronic check,Fiber optic,0,1,101.35,1784.8,1,1
C02744,2023-09-29,East,0,1,9,One year,Bank transfer,No,0,0,22.23,191.1,1,0
C02745,2023-09-10,West,0,1,9,Month-to-month,Credit card,Fiber optic,0,0,87.14,784.98,4,1
C02746,2019-05-09,West,1,0,62,One year,Electronic check,Fiber optic,1,1,106.4,6680.22,2,1
C02747,2023-01-09,West,0,0,17,Month-to-month,Credit card,Fiber optic,0,1,94.41,1622.51,2,1
C02748,2023-12-18,East,0,0,6,Month-to-month,Mailed check,Fiber optic,0,0,90.29,530.41,2,1
C02749,2023-07-24,South,1,1,11,Month-to-month,Mailed check,DSL,0,1,68.31,732.0,1,0
C02750,2022-04-23,East,0,0,26,Month-to-month,Electronic check,Fiber optic,0,0,77.68,1923.26,1,1
C02751,2023-10-29,North,0,0,8,Month-to-month,Credit card,No,0,0,19.79,,1,0
C02752,2019-08-26,West,0,0,59,One year,Electronic check,DSL,0,0,53.78,3018.47,1,0
C02753,2022-08-30,East,0,0,22,Two year,Bank transfer,No,0,0,15.0,329.61,0,0
C02754,2023-08-10,North,0,1,10,Month-to-month,Electronic check,No,0,0,17.01,172.87,1,0
C02755,2020-09-10,South,1,1,46,Two year,Credit card,Fiber optic,1,1,117.38,5459.37,2,0
C02756,2020-05-11,South,1,1,50,One year,Credit card,No,0,0,15.0,766.36,0,0
C02757,2018-07-21,South,0,1,72,Two year,Electronic check,DSL,0,0,50.38,3475.93,0,0
C02758,2019-05-05,North,0,1,62,One year,Electronic check,DSL,1,1,67.27,4198.39,0,0
C02759,2021-11-08,North,0,0,32,One year,Mailed check,DSL,0,1,60.67,1883.92,0,1
C02760,2024-02-21,South,0,1,4,Month-to-month,Mailed check,Fiber optic,0,1,89.65,363.82,2,1
C02761,2020-04-24,South,0,1,50,One year,Credit card,DSL,0,1,62.26,3208.8,0,0
C02762,2023-09-06,West,1,1,9,Two year,Bank transfer,No,0,0,26.86,245.07,1,0
C02763,2023-03-05,South,0,0,16,Month-to-month,Mailed check,DSL,0,1,70.62,1118.08,2,1
C02764,2023-11-13,South,0,0,7,Month-to-month,Bank transfer,DSL,1,0,63.96,442.64,0,0
C02765,2024-04-08,West,0,1,2,Month-to-month,Mailed check,Fiber optic,0,0,91.7,184.48,3,1
C02766,2018-07-05,West,0,0,72,Two year,Electronic check,DSL,1,0,63.1,4721.43,1,0
C02767,2024-02-18,North,1,0,4,Month-to-month,Electronic check,Fiber optic,1,1,103.18,419.18,1,0
C02768,2022-07-29,North,0,0,23,One year,Electronic check,DSL,0,0,53.27,1175.98,0,0
C02769,2019-02-01,North,1,0,65,Two year,Bank transfer,No,0,0,15.0,1002.77,1,0
C02770,2019-09-17,South,0,0,58,Two year,Electronic check,Fiber optic,0,1,89.46,4956.75,3,0
C02771,2023-04-15,East,0,0,14,Month-to-month,Bank transfer,DSL,1,1,79.64,1100.83,0,0
C02772,2024-05-18,South,0,1,1,One year,Electronic check,DSL,0,0,56.33,55.64,0,0
C02773,2021-01-30,North,1,0,41,Two year,Bank transfer,DSL,1,1,71.85,2982.36,0,0
C02774,2022-12-04,North,0,1,19,Month-to-month,Electronic check,No,0,0,21.87,429.5,0,1
C02775,2020-03-06,East,0,1,52,One year,Mailed check,Fiber optic,1,0,97.03,4932.67,2,0
C02776,2022-02-05,South,1,0,29,Month-to-month,Electronic check,Fiber optic,0,1,94.58,2779.77,3,1
C02777,2023-09-23,North,0,0,9,One year,Electronic check,DSL,0,1,63.19,573.17,1,0
C02778,2023-12-22,East,0,0,6,Month-to-month,Electronic check,No,0,0,23.17,140.55,1,0
C02779,2022-06-29,East,1,0,24,Month-to-month,Mailed check,DSL,0,1,68.79,1571.54,1,1
C02780,2020-07-11,South,0,0,48,Month-to-month,Bank transfer,Fiber optic,0,0,91.96,4419.33,3,1
C02781,2023-10-05,West,1,0,8,Month-to-month,Electronic check,Fiber optic,0,1,98.74,824.37,4,1
C02782,2022-11-07,West,0,0,20,Month-to-month,Bank transfer,DSL,0,1,59.91,1167.83,0,0
C02783,2020-01-06,North,0,1,54,One year,Bank transfer,Fiber optic,0,0,78.87,4380.53,2,0
C02784,2023-08-29,West,1,1,10,Month-to-month,Mailed check,DSL,1,0,64.13,655.48,2,1
C02785,2022-02-02,North,0,1,29,Month-to-month,Bank transfer,DSL,1,0,68.24,2075.13,0,0
C02786,2022-04-24,South,0,0,26,One year,Electronic check,No,0,0,21.28,543.2,1,0
C02787,2020-01-22,West,0,0,54,One year,Bank transfer,Fiber optic,1,1,104.53,5843.42,0,0
C02788,2022-02-15,West,0,0,28,Month-to-month,Credit card,No,0,0,15.0,410.6,1,0
C02789,2018-07-11,North,0,1,72,Two year,Credit card,Fiber optic,1,1,112.88,8093.49,6,1
C02790,2024-02-26,North,0,0,4,Month-to-month,Electronic check,DSL,1,1,82.68,330.13,0,1
C02791,2020-11-22,North,0,0,43,Two year,Bank transfer,Fiber optic,1,0,89.37,3920.62,2,0
C02792,2019-12-18,South,0,0,55,Month-to-month,Electronic check,Fiber optic,0,0,87.66,4699.65,2,0
C02793,2022-08-17,South,0,1,22,One year,Mailed check,DSL,0,0,56.02,1212.31,1,0
C02794,2018-07-10,South,1,0,72,Two year,Electronic check,Fiber optic,0,1,99.74,7522.85,3,0
C02795,2018-07-16,South,1,0,72,Two year,Electronic check,Fiber optic,0,0,91.07,6657.5,1,0
C02796,2021-08-26,East,0,0,34,One year,Bank transfer,Fiber optic,1,1,112.7,3851.03,1,1
C02797,2018-07-18,West,0,1,72,One year,Credit card,DSL,0,0,57.03,3923.61,0,0
C02798,2023-02-10,East,0,1,16,Month-to-month,Electronic check,No,0,0,19.02,319.47,0,0
C02799,2022-01-11,South,0,1,30,One year,Bank transfer,DSL,0,0,53.8,,0,0
C02800,2021-05-13,East,1,0,38,One year,Bank transfer,DSL,1,0,64.12,2552.82,1,0
C02801,2020-02-29,East,0,0,52,Two year,Credit card,DSL,0,0,65.92,3371.7,0,0
C02802,2022-05-15,West,0,0,25,Month-to-month,Bank transfer,Fiber optic,0,0,85.18,2049.97,2,1
C02803,2022-08-25,West,0,0,22,Month-to-month,Electronic check,DSL,0,1,70.12,1580.59,1,1
C02804,2021-06-08,South,0,1,37,One year,Electronic check,Fiber optic,0,0,86.66,3282.48,2,0
C02805,2021-12-25,West,0,1,30,Month-to-month,Bank transfer,DSL,0,1,63.04,1961.24,1,0
C02806,2022-06-03,West,0,0,25,Month-to-month,Electronic check,Fiber optic,1,0,96.91,2303.36,0,1
C02807,2023-07-28,North,0,0,11,Month-to-month,Credit card,Fiber optic,0,1,94.35,1046.89,4,1
C02808,2018-07-20,East,0,0,72,One year,Credit card,DSL,0,1,63.21,4388.39,1,0
C02809,2023-09-01,North,0,0,10,Month-to-month,Credit card,No,0,0,22.38,223.33,0,1
C02810,2023-03-10,South,0,0,15,Month-to-month,Electronic check,DSL,1,0,59.94,943.99,0,1
C02811,2022-04-25,North,1,0,26,Month-to-month,Bank transfer,DSL,1,1,80.51,2144.62,1,0
C02812,2022-04-09,South,0,0,27,Two year,Bank transfer,Fiber optic,0,0,87.28,2301.02,2,0
C02813,2022-11-06,East,0,1,20,One year,Electronic check,Fiber optic,0,1,102.06,2066.7,2,0
C02814,2023-05-19,South,0,1,13,Month-to-month,Electronic check,DSL,0,1,68.92,894.29,0,0
C02815,2021-09-14,North,0,0,34,Month-to-month,Electronic check,Fiber optic,1,0,91.18,3085.63,2,0
C02816,2019-08-31,South,0,1,58,One year,Mailed check,DSL,0,1,71.46,3964.53,0,0
C02817,2022-05-21,East,0,1,25,Month-to-month,Credit card,Fiber optic,1,0,99.66,2527.62,2,1
C02818,2021-01-19,West,0,1,41,One year,Credit card,Fiber optic,1,1,110.57,4584.41,2,1
C02819,2021-08-30,North,0,0,34,Month-to-month,Electronic check,No,0,0,22.93,747.7,0,0
C02820,2018-07-09,South,0,1,72,Two year,Mailed check,Fiber optic,0,1,91.09,6315.19,1,0
C02821,2019-06-30,North,0,0,60,Month-to-month,Electronic check,Fiber optic,0,1,100.42,6001.51,0,0
C02822,2019-03-28,North,0,0,64,One year,Electronic check,Fiber optic,0,0,80.0,5139.61,4,0
C02823,2023-02-24,North,0,0,16,Month-to-month,Electronic check,DSL,1,0,62.51,969.28,0,1
C02824,2018-07-08,West,0,1,72,Two year,Bank transfer,DSL,1,0,61.67,4587.56,0,0
C02825,2019-09-22,West,0,0,58,Two year,Bank transfer,No,0,0,15.0,888.16,0,0
C02826,2018-07-09,East,0,0,72,One year,Credit card,DSL,1,1,77.71,5441.43,0,0
C02827,2022-05-21,South,1,1,25,Month-to-month,Credit card,Fiber optic,0,0,84.88,2186.53,0,0
C02828,2023-08-07,West,0,0,10,Month-to-month,Electronic check,DSL,0,1,72.31,729.3,1,1
C02829,2018-07-20,South,0,1,72,Two year,Bank transfer,Fiber optic,0,1,101.82,7196.96,1,0
C02830,2019-12-19,East,0,0,55,One year,Electronic check,DSL,0,0,55.71,3164.68,0,0
C02831,2022-05-31,East,1,0,25,Month-to-month,Mailed check,No,0,0,23.15,579.45,1,0
C02832,2023-12-18,East,0,0,6,Month-to-month,Mailed check,Fiber optic,1,0,94.58,563.92,0,0
C02833,2024-04-12,South,0,0,2,Month-to-month,Electronic check,DSL,0,1,66.56,126.68,1,1
C02834,2022-05-31,South,0,1,25,Two year,Electronic check,Fiber optic,0,0,85.5,2206.17,0,0
C02835,2023-04-23,South,1,0,14,One year,Electronic check,Fiber optic,0,0,84.4,1155.16,2,0
C02836,2020-04-02,East,0,0,51,One year,Electronic check,DSL,0,0,55.85,2788.66,1,0
C02837,2022-08-01,East,0,1,23,One year,Credit card,DSL,0,0,57.65,1370.43,0,0
C02838,2023-07-02,South,1,0,12,Month-to-month,Electronic check,Fiber optic,0,1,92.12,1059.71,2,1
C02839,2019-01-07,East,0,0,66,Month-to-month,Mailed check,Fiber optic,0,1,95.37,6580.52,1,1
C02840,2022-09-08,North,1,1,22,Month-to-month,Credit card,DSL,0,1,70.1,1516.17,1,0
C02841,2020-06-02,South,0,0,49,One year,Bank transfer,No,0,0,17.78,856.72,0,0
C02842,2019-07-18,West,0,1,60,Month-to-month,Mailed check,DSL,0,1,64.87,3969.7,0,0
C02843,2023-02-09,East,0,1,16,Month-to-month,Credit card,DSL,0,0,59.06,931.82,0,1
C02844,2023-07-15,East,0,1,11,Month-to-month,Electronic check,Fiber optic,1,0,92.04,989.24,2,1
C02845,2022-12-19,West,0,0,18,Month-to-month,Electronic check,DSL,0,1,68.73,1195.0,0,0
C02846,2019-08-07,East,0,1,59,One year,Mailed check,DSL,0,0,55.6,3225.27,1,0
C02847,2023-05-21,East,0,1,13,Month-to-month,Mailed check,Fiber optic,0,0,88.55,1205.54,1,0
C02848,2021-10-06,South,0,0,33,Month-to-month,Credit card,DSL,0,0,54.74,1739.79,0,0
C02849,2019-10-10,West,0,0,57,One year,Electronic check,DSL,0,1,63.84,3797.58,1,0
C02850,2023-09-17,East,1,0,9,Month-to-month,Bank transfer,Fiber optic,1,1,104.39,946.49,1,1
C02851,2023-11-05,East,0,1,7,Month-to-month,Bank transfer,Fiber optic,1,0,101.62,723.77,2,0
C02852,2022-01-27,North,0,1,29,Month-to-month,Credit card,No,0,0,17.87,533.55,0,0
C02853,2018-07-15,West,0,0,72,Two year,Electronic check,Fiber optic,0,0,82.6,5676.12,1,0
C02854,2019-07-18,South,1,1,60,Month-to-month,Electronic check,Fiber optic,1,0,93.15,5854.13,0,0
C02855,2020-04-13,South,1,1,51,One year,Credit card,DSL,0,0,53.92,2821.33,2,0
C02856,2019-11-24,North,1,0,56,Two year,Bank transfer,Fiber optic,0,1,95.37,5502.02,0,0
C02857,2022-03-14,North,0,1,27,One year,Electronic check,DSL,1,1,79.26,2124.12,0,0
C02858,2023-07-21,North,0,1,11,Month-to-month,Electronic check,DSL,1,0,65.41,726.5,0,1
C02859,2021-08-09,North,0,0,35,One year,Credit card,No,0,0,17.64,621.19,3,0
C02860,2023-11-03,North,0,1,8,Month-to-month,Bank transfer,Fiber optic,0,1,99.89,767.0,2,1
C02861,2023-10-18,South,1,0,8,Month-to-month,Bank transfer,Fiber optic,1,0,96.13,745.48,3,1
C02862,2021-09-23,West,0,1,33,Month-to-month,Credit card,DSL,1,0,70.31,2382.57,0,0
C02863,2023-10-04,West,0,1,9,Month-to-month,Electronic check,DSL,0,1,68.27,614.08,1,1
C02864,2023-07-30,North,0,1,11,Month-to-month,Electronic check,Fiber optic,0,0,84.49,900.17,0,1
C02865,2022-11-20,South,0,1,19,Month-to-month,Bank transfer,Fiber optic,0,0,84.19,1656.78,0,1
C02866,2022-12-29,West,0,0,18,Month-to-month,Credit card,Fiber optic,0,1,97.58,1698.57,2,0
C02867,2023-01-23,East,1,0,17,Month-to-month,Electronic check,DSL,0,1,68.47,1213.27,2,1
C02868,2022-07-08,West,1,0,24,One year,Bank transfer,DSL,0,0,54.99,1353.39,0,0
C02869,2019-06-08,South,0,1,61,Two year,Electronic check,Fiber optic,0,1,95.24,,0,0
C02870,2023-10-18,North,0,0,8,Month-to-month,Electronic check,Fiber optic,0,0,87.51,,2,1
C02871,2023-05-08,North,0,0,13,One year,Credit card,DSL,0,1,68.73,893.68,0,0
C02872,2022-07-08,East,1,1,24,Month-to-month,Electronic check,DSL,1,0,65.07,1502.33,1,0
C02873,2021-07-22,North,0,1,35,Month-to-month,Electronic check,DSL,0,0,57.67,2106.04,0,1
C02874,2023-06-23,South,0,1,12,Month-to-month,Credit card,DSL,0,0,54.69,649.03,0,0
C02875,2023-04-09,South,0,1,14,Month-to-month,Mailed check,Fiber optic,1,1,107.05,1509.27,0,1
C02876,2021-10-25,West,0,0,32,Month-to-month,Mailed check,DSL,1,0,67.53,2068.6,0,0
C02877,2023-08-17,West,0,1,10,Month-to-month,Credit card,Fiber optic,0,0,88.2,855.4,0,0
C02878,2023-02-07,South,0,0,16,Month-to-month,Electronic check,Fiber optic,0,1,99.61,1652.71,0,0
C02879,2023-03-16,East,0,1,15,Month-to-month,Bank transfer,No,0,0,16.94,252.48,2,1
C02880,2023-09-19,South,0,1,9,Month-to-month,Electronic check,No,0,0,21.5,191.26,0,0
C02881,2021-06-07,West,0,0,37,Month-to-month,Electronic check,DSL,1,1,77.17,2787.59,1,1
C02882,2023-10-28,South,0,0,8,Month-to-month,Bank transfer,DSL,0,1,68.57,573.77,0,1
C02883,2022-08-03,East,1,1,23,Month-to-month,Electronic check,DSL,0,0,62.29,1457.8,1,0
C02884,2024-05-11,West,0,1,1,Month-to-month,Credit card,Fiber optic,0,0,84.16,84.11,4,1
C02885,2022-06-04,North,0,0,25,Month-to-month,Credit card,DSL,0,0,55.09,1439.91,1,0
C02886,2023-04-28,North,0,0,14,Month-to-month,Credit card,DSL,0,1,64.75,913.32,0,1
C02887,2022-07-21,South,0,0,23,Month-to-month,Electronic check,DSL,0,0,54.23,1300.99,0,1
C02888,2020-05-14,West,1,0,50,Two year,Electronic check,DSL,0,1,64.29,3105.07,0,0
C02889,2023-05-13,East,0,0,13,Month-to-month,Credit card,Fiber optic,0,1,92.71,1194.45,3,1
C02890,2024-01-13,North,0,0,5,Month-to-month,Mailed check,Fiber optic,1,0,87.18,437.95,2,1
C02891,2023-01-06,South,0,0,18,Month-to-month,Bank transfer,Fiber optic,1,1,104.22,1815.69,3,1
C02892,2019-06-26,East,0,0,61,Two year,Credit card,No,0,0,17.49,1081.27,1,0
C02893,2020-07-31,West,1,1,47,One year,Electronic check,DSL,1,0,64.76,3115.88,0,0
C02894,2021-07-05,South,0,0,36,One year,Electronic check,DSL,0,0,52.84,1852.61,0,0
C02895,2018-07-26,North,0,1,72,Two year,Bank transfer,DSL,1,0,69.13,4924.07,0,0
C02896,2022-12-27,North,0,0,18,Month-to-month,Bank transfer,Fiber optic,1,1,107.91,2025.53,1,0
C02897,2020-02-19,North,1,1,53,Two year,Electronic check,Fiber optic,1,0,97.97,5238.67,3,1
C02898,2023-12-29,North,0,0,6,Month-to-month,Bank transfer,DSL,1,1,80.93,495.09,0,1
C02899,2020-02-28,South,1,1,52,One year,Credit card,No,0,0,25.55,1367.87,1,0
C02900,2023-05-19,South,0,0,13,Month-to-month,Mailed check,DSL,0,0,58.89,744.16,1,1
C02901,2023-02-07,South,0,1,16,Month-to-month,Electronic check,DSL,1,0,61.46,1004.86,0,0
C02902,2018-07-09,West,0,0,72,Two year,Bank transfer,Fiber optic,0,1,100.44,7510.97,1,0
C02903,2024-01-02,South,1,1,6,Month-to-month,Credit card,No,0,0,21.28,133.46,0,1
C02904,2021-01-08,East,0,0,42,Two year,Credit card,Fiber optic,0,1,102.39,4127.89,1,0
C02905,2019-10-31,East,0,0,56,Month-to-month,Electronic check,No,0,0,20.1,1092.81,0,0
C02906,2018-09-19,North,0,1,70,One year,Credit card,DSL,1,1,81.58,5428.6,0,0
C02907,2021-07-03,West,0,0,36,Two year,Bank transfer,Fiber optic,1,0,95.4,3398.75,4,1
C02908,2021-02-05,South,0,0,41,Month-to-month,Bank transfer,No,0,0,20.56,826.18,2,0
C02909,2020-08-12,West,0,0,47,Two year,Electronic check,Fiber optic,0,0,87.66,4156.09,3,0
C02910,2021-11-26,North,0,0,31,One year,Electronic check,DSL,1,0,63.74,1925.4,2,1
C02911,2023-02-04,West,1,1,17,One year,Mailed check,No,0,0,22.21,385.13,0,0
C02912,2022-11-15,East,1,0,19,Month-to-month,Electronic check,DSL,1,1,70.93,1409.63,0,1
C02913,2022-01-10,North,0,0,30,Month-to-month,Electronic check,Fiber optic,1,0,96.93,2791.92,0,0
C02914,2022-08-06,West,0,0,23,One year,Credit card,No,0,0,15.0,335.16,0,0
C02915,2023-10-13,East,0,0,8,Month-to-month,Electronic check,No,0,0,22.22,172.33,0,0
C02916,2019-11-24,West,0,0,56,Month-to-month,Credit card,No,0,0,15.0,880.23,0,1
C02917,2023-09-24,North,0,0,9,Month-to-month,Mailed check,No,0,0,15.0,136.09,1,1
C02918,2018-07-10,West,0,0,72,Two year,Credit card,DSL,1,1,77.21,5454.64,0,0
C02919,2022-08-31,West,0,1,22,Month-to-month,Electronic check,No,0,0,20.28,440.84,0,0
C02920,2018-11-19,South,0,0,68,One year,Bank transfer,Fiber optic,1,0,93.99,6591.44,2,1
C02921,2018-08-03,South,0,1,71,Two year,Bank transfer,Fiber optic,0,0,87.89,6397.75,1,0
C02922,2021-07-01,South,0,0,36,Month-to-month,Credit card,DSL,0,1,70.73,2525.57,1,1
C02923,2023-09-23,South,0,0,9,Month-to-month,Electronic check,Fiber optic,0,1,107.12,943.33,2,1
C02924,2019-04-09,West,0,1,63,One year,Electronic check,Fiber optic,1,1,107.18,7061.26,2,1
C02925,2023-09-18,West,0,1,9,Month-to-month,Credit card,No,0,0,24.14,224.57,0,0
C02926,2022-04-13,North,0,1,26,One year,Electronic check,DSL,1,0,61.69,1524.78,0,0
C02927,2022-05-05,North,0,0,26,One year,Bank transfer,DSL,0,0,52.81,1374.34,0,0
C02928,2022-08-18,North,0,1,22,One year,Electronic check,Fiber optic,0,0,81.72,1715.63,2,0
C02929,2023-10-20,East,0,1,8,Month-to-month,Electronic check,DSL,0,1,66.56,535.03,0,1
C02930,2019-12-15,South,1,1,55,One year,Bank transfer,Fiber optic,0,0,85.89,4933.31,2,1
C02931,2018-07-21,West,0,1,72,One year,Bank transfer,DSL,0,1,71.17,4878.25,0,0
C02932,2023-08-30,West,0,1,10,Month-to-month,Bank transfer,Fiber optic,0,1,98.38,964.73,1,0
C02933,2021-08-22,North,0,1,34,One year,Mailed check,DSL,0,1,72.35,2460.52,0,0
C02934,2022-06-25,East,0,0,24,Two year,Bank transfer,DSL,0,1,72.41,1695.43,1,0
C02935,2018-07-11,West,0,0,72,One year,Credit card,Fiber optic,1,0,95.16,6591.88,2,0
C02936,2023-03-23,West,0,0,15,Month-to-month,Electronic check,DSL,0,0,54.58,799.95,0,0
C02937,2022-11-12,East,0,1,19,Month-to-month,Electronic check,DSL,0,0,48.9,918.6,0,0
C02938,2021-01-14,South,0,1,42,Month-to-month,Electronic check,DSL,1,1,74.83,3083.57,0,0
C02939,2022-03-02,West,0,1,28,Month-to-month,Bank transfer,DSL,0,0,51.76,1520.87,0,0
C02940,2022-11-25,South,1,0,19,Month-to-month,Mailed check,Fiber optic,0,0,81.94,1628.73,1,1
C02941,2020-08-22,West,0,1,46,Two year,Bank transfer,DSL,0,0,53.3,2484.49,0,0
C02942,2021-01-19,South,0,1,41,Month-to-month,Mailed check,DSL,0,1,69.1,2706.9,1,0
C02943,2018-07-14,West,0,0,72,Two year,Bank transfer,Fiber optic,1,0,96.16,6631.68,1,0
C02944,2024-01-16,West,0,1,5,Month-to-month,Credit card,Fiber optic,0,0,88.95,453.62,2,1
C02945,2021-11-09,East,0,0,32,Month-to-month,Mailed check,Fiber optic,0,0,86.54,2815.88,4,1
C02946,2023-11-04,North,0,0,7,Month-to-month,Mailed check,DSL,0,1,64.63,437.93,0,0
C02947,2024-02-20,North,0,0,4,Month-to-month,Electronic check,No,0,0,23.03,95.66,1,1
C02948,2023-01-02,West,0,1,18,One year,Mailed check,Fiber optic,0,0,79.52,1462.81,0,0
C02949,2020-09-19,West,0,1,46,Two year,Electronic check,DSL,0,1,70.91,3164.71,0,0
C02950,2020-10-02,East,0,0,45,Two year,Credit card,No,0,0,16.94,793.18,0,0
C02951,2023-04-04,West,0,1,15,Month-to-month,Mailed check,Fiber optic,1,0,85.82,1317.75,1,0
C02952,2018-07-30,West,0,1,72,One year,Electronic check,Fiber optic,1,0,97.18,7282.35,3,0
C02953,2022-07-05,South,1,1,24,Month-to-month,Electronic check,No,0,0,18.76,467.84,1,0
C02954,2022-04-20,West,0,1,26,Two year,Mailed check,DSL,0,0,59.7,1475.12,2,0
C02955,2024-05-12,West,1,1,1,Month-to-month,Credit card,No,0,0,23.85,23.94,0,0
C02956,2023-03-30,South,0,0,15,Month-to-month,Electronic check,Fiber optic,1,0,91.06,1311.46,2,1
C02957,2021-05-19,North,0,0,37,Month-to-month,Electronic check,DSL,0,1,73.09,2661.15,1,0
C02958,2023-07-08,East,0,1,11,Month-to-month,Mailed check,DSL,0,1,59.46,640.86,1,0
C02959,2024-02-28,South,0,0,4,Month-to-month,Credit card,DSL,1,1,78.86,315.84,0,1
C02960,2018-08-01,South,0,0,72,Two year,Credit card,No,0,0,25.7,1914.51,0,0
C02961,2023-07-08,East,0,1,11,One year,Electronic check,DSL,0,0,50.94,540.46,0,0
C02962,2020-06-05,West,0,0,49,Two year,Bank transfer,DSL,0,1,75.45,3684.77,1,0
C02963,2023-06-12,North,0,1,12,Month-to-month,Credit card,Fiber optic,1,1,107.65,1337.51,1,1
C02964,2020-09-28,West,0,0,45,One year,Bank transfer,Fiber optic,0,0,86.49,3879.39,3,0
C02965,2022-05-17,South,1,1,25,Month-to-month,Mailed check,DSL,0,1,71.7,1751.09,2,1
C02966,2022-08-28,East,0,1,22,Month-to-month,Bank transfer,Fiber optic,0,1,98.67,2184.01,0,1
C02967,2023-10-21,West,0,0,8,Month-to-month,Bank transfer,Fiber optic,0,0,79.7,606.77,3,1
C02968,2020-07-23,North,0,0,47,Month-to-month,Electronic check,No,0,0,15.0,701.77,0,0
C02969,2022-05-23,North,0,1,25,One year,Electronic check,DSL,1,1,73.1,1832.11,0,1
C02970,2024-05-23,West,1,0,1,Month-to-month,Mailed check,DSL,1,1,73.45,71.4,0,0
C02971,2023-01-24,South,0,0,17,Month-to-month,Electronic check,Fiber optic,1,0,91.21,1512.0,0,1
C02972,2021-11-13,West,0,0,32,One year,Mailed check,DSL,0,0,52.47,1612.48,1,1
C02973,2023-04-08,South,0,1,14,Month-to-month,Credit card,Fiber optic,0,1,85.61,1245.69,0,1
C02974,2018-07-12,East,0,1,72,Two year,Credit card,DSL,1,0,60.23,4141.01,0,0
C02975,2024-03-17,East,0,0,3,Month-to-month,Electronic check,Fiber optic,0,1,99.19,309.23,1,1
C02976,2021-09-29,West,0,1,33,Two year,Electronic check,No,0,0,24.17,834.3,0,0
C02977,2018-07-03,East,0,1,72,One year,Bank transfer,No,0,0,17.09,1239.71,0,0
C02978,2021-10-26,East,0,1,32,One year,Mailed check,No,0,0,22.76,756.86,1,0
C02979,2022-08-05,South,0,1,23,One year,Electronic check,No,0,0,15.0,345.71,0,0
C02980,2021-04-01,South,0,0,39,Two year,Credit card,Fiber optic,0,1,98.08,3646.94,1,1
C02981,2021-02-15,South,0,1,41,One year,Electronic check,DSL,1,0,69.74,2787.28,0,0
C02982,2022-10-18,South,0,1,20,Month-to-month,Electronic check,No,0,0,22.06,461.99,0,0
C02983,2023-09-13,West,1,1,9,Month-to-month,Bank transfer,No,0,0,19.89,184.62,1,0
C02984,2020-08-06,North,0,1,47,One year,Bank transfer,No,0,0,15.0,739.05,0,0
C02985,2023-06-13,East,0,1,12,Month-to-month,Mailed check,Fiber optic,1,0,102.56,1221.86,2,1
C02986,2022-08-08,East,0,1,23,Month-to-month,Bank transfer,DSL,1,1,84.76,1896.25,0,0
C02987,2023-03-06,West,0,0,16,Month-to-month,Credit card,No,0,0,22.8,356.27,1,0
C02988,2023-06-05,East,0,1,13,Month-to-month,Electronic check,No,0,0,25.33,340.03,0,0
C02989,2023-05-22,South,0,1,13,Month-to-month,Bank transfer,Fiber optic,0,1,97.01,1223.54,2,1
C02990,2020-08-20,North,0,0,47,One year,Electronic check,No,0,0,23.05,1095.04,0,0
C02991,2019-12-17,South,0,0,55,One year,Mailed check,Fiber optic,0,0,88.36,5053.99,3,0
C02992,2020-01-25,South,0,0,53,Two year,Mailed check,No,0,0,19.75,,0,0
C02993,2022-12-03,North,0,0,19,Month-to-month,Mailed check,DSL,0,0,51.69,974.53,0,1
C02994,2022-08-12,East,0,1,22,Month-to-month,Electronic check,No,0,0,23.5,511.3,0,0
C02995,2023-09-11,South,0,1,9,One year,Credit card,DSL,0,1,74.51,676.93,2,0
C02996,2021-12-02,West,0,1,31,Month-to-month,Mailed check,DSL,0,1,71.97,2217.13,2,0
C02997,2022-12-17,North,0,1,18,One year,Credit card,DSL,1,1,78.36,1378.69,0,0
C02998,2023-10-14,West,0,0,8,Month-to-month,Mailed check,Fiber optic,0,0,86.06,661.84,0,0
C02999,2020-02-04,South,0,0,53,Two year,Credit card,DSL,0,0,56.29,2927.15,0,0
C03000,2024-01-01,South,0,0,6,Month-to-month,Bank transfer,No,0,0,15.0,86.77,1,0
C03001,2020-09-18,South,0,0,46,Two year,Mailed check,Fiber optic,0,0,84.57,3720.07,2,0
C03002,2021-06-25,West,1,0,36,One year,Bank transfer,No,0,0,19.14,716.31,0,0
C03003,2024-02-20,East,1,1,4,Month-to-month,Credit card,DSL,0,1,62.17,252.65,0,1
C03004,2023-10-21,North,0,0,8,One year,Mailed check,DSL,1,0,69.22,579.48,0,1
C03005,2023-08-16,West,0,1,10,Month-to-month,Mailed check,Fiber optic,1,1,108.13,1107.99,5,1
C03006,2020-08-06,North,0,1,47,One year,Bank transfer,Fiber optic,1,1,96.53,4641.42,2,0
C03007,2023-02-26,South,0,0,16,One year,Bank transfer,Fiber optic,1,1,107.94,1723.15,3,1
C03008,2024-04-28,East,0,0,2,Month-to-month,Mailed check,Fiber optic,1,1,112.11,226.89,3,1
C03009,2023-03-09,East,0,0,15,Month-to-month,Bank transfer,No,0,0,17.62,253.62,0,0
C03010,2021-04-06,South,0,1,39,One year,Mailed check,Fiber optic,0,0,80.9,3206.9,2,0
C03011,2019-10-02,West,0,0,57,Month-to-month,Mailed check,No,0,0,15.0,867.19,0,0
C03012,2022-04-07,West,1,1,27,Two year,Bank transfer,Fiber optic,0,1,97.4,2626.95,7,1
C03013,2022-06-02,West,0,0,25,One year,Credit card,Fiber optic,0,1,94.1,2389.29,1,0
C03014,2022-01-12,South,0,1,30,One year,Electronic check,DSL,0,0,49.12,1518.79,1,0
C03015,2023-10-03,West,0,1,9,Month-to-month,Electronic check,DSL,0,0,61.48,548.68,0,1
C03016,2020-12-06,North,0,1,43,One year,Electronic check,DSL,0,0,55.82,2358.68,0,0
C03017,2021-02-07,West,1,0,41,Two year,Bank transfer,Fiber optic,0,1,94.9,3810.62,2,0
C03018,2023-03-05,East,0,0,16,Month-to-month,Mailed check,Fiber optic,0,1,103.69,1721.32,1,1
C03019,2024-01-26,East,0,1,5,Month-to-month,Mailed check,DSL,1,0,66.1,345.93,0,0
C03020,2024-04-26,North,0,1,2,Month-to-month,Electronic check,Fiber optic,0,1,96.46,198.81,0,1
C03021,2023-01-15,West,0,1,17,Month-to-month,Credit card,DSL,1,1,77.87,1349.29,0,0
C03022,2022-07-02,South,0,0,24,One year,Mailed check,DSL,0,0,52.89,1312.65,0,0
C03023,2018-07-23,East,0,0,72,Month-to-month,Bank transfer,No,0,0,19.44,1436.83,1,0
C03024,2022-05-29,North,0,0,25,One year,Electronic check,Fiber optic,0,1,99.34,2433.87,1,0
C03025,2023-04-02,West,0,1,15,Month-to-month,Electronic check,DSL,1,0,71.73,1050.55,0,0
C03026,2024-01-25,South,0,1,5,Month-to-month,Electronic check,Fiber optic,0,1,94.8,491.61,1,1
C03027,2023-05-31,West,0,0,13,Month-to-month,Mailed check,DSL,0,0,57.51,774.39,0,1
C03028,2021-12-15,West,1,0,30,Two year,Mailed check,Fiber optic,0,1,91.1,2674.41,2,0
C03029,2022-02-23,East,0,1,28,One year,Electronic check,No,0,0,22.02,602.54,2,0
C03030,2023-09-07,North,0,1,9,Month-to-month,Mailed check,Fiber optic,1,0,102.21,962.63,0,0
C03031,2020-12-23,South,0,1,42,One year,Electronic check,Fiber optic,0,0,85.09,3600.77,5,1
C03032,2020-11-11,East,0,1,44,Month-to-month,Mailed check,DSL,0,0,52.69,2377.72,1,0
C03033,2021-01-16,East,0,1,42,Month-to-month,Electronic check,Fiber optic,0,0,82.87,3320.72,3,0
C03034,2023-09-21,East,0,0,9,Month-to-month,Electronic check,DSL,0,0,56.94,512.92,2,0
C03035,2018-07-22,North,0,1,72,Two year,Electronic check,DSL,0,0,55.24,3938.68,0,0
C03036,2020-12-30,East,0,1,42,One year,Bank transfer,No,0,0,18.38,753.82,1,0
C03037,2019-10-21,North,0,0,57,One year,Credit card,Fiber optic,1,0,97.61,5463.21,2,0
C03038,2023-04-02,South,0,1,15,Month-to-month,Bank transfer,Fiber optic,1,1,103.49,1607.14,0,1
C03039,2023-07-30,North,0,1,11,Month-to-month,Electronic check,DSL,0,0,58.46,612.15,0,0
C03040,2021-07-28,East,1,0,35,One year,Credit card,No,0,0,18.74,668.87,2,0
C03041,2023-03-03,East,1,1,16,Month-to-month,Credit card,DSL,0,0,57.64,923.17,4,1
C03042,2018-07-20,West,0,0,72,Two year,Mailed check,Fiber optic,0,0,88.36,6282.95,4,0
C03043,2023-08-28,South,0,1,10,One year,Electronic check,No,0,0,15.0,155.92,0,0
C03044,2023-12-03,North,0,1,7,Month-to-month,Bank transfer,Fiber optic,0,0,84.72,608.43,1,1
C03045,2022-01-07,North,1,1,30,One year,Credit card,No,0,0,15.0,454.72,0,0
C03046,2018-07-25,West,0,0,72,Two year,Credit card,DSL,0,1,60.08,4290.14,1,0
C03047,2023-08-11,West,0,1,10,Month-to-month,Bank transfer,Fiber optic,0,0,84.06,875.43,1,0
C03048,2022-11-03,North,0,0,20,One year,Bank transfer,No,0,0,21.23,443.22,0,0
C03049,2023-05-20,East,0,1,13,Two year,Credit card,Fiber optic,0,0,78.82,1048.59,0,0
C03050,2020-05-28,South,0,0,49,Month-to-month,Electronic check,Fiber optic,0,1,98.09,4770.1,3,0
C03051,2021-01-18,South,1,1,41,Two year,Electronic check,DSL,0,1,63.5,2729.3,1,1
C03052,2023-04-23,East,0,1,14,Month-to-month,Credit card,Fiber optic,0,0,85.27,1139.43,2,1
C03053,2023-10-03,West,0,0,9,One year,Electronic check,No,0,0,30.12,280.55,0,0
C03054,2021-08-10,North,0,1,35,One year,Mailed check,Fiber optic,0,1,95.73,3282.45,2,1
C03055,2022-09-23,West,0,1,21,One year,Electronic check,No,0,0,15.45,324.04,0,0
C03056,2021-11-26,North,0,0,31,Month-to-month,Electronic check,Fiber optic,0,1,96.93,2880.38,3,1
C03057,2018-07-03,East,1,0,72,One year,Electronic check,Fiber optic,1,0,94.24,6762.53,2,0
C03058,2023-09-21,North,0,0,9,Month-to-month,Bank transfer,DSL,0,0,53.62,469.53,0,0
C03059,2021-09-01,North,0,1,34,Month-to-month,Mailed check,Fiber optic,1,0,95.14,3175.17,3,1
C03060,2023-10-22,North,0,1,8,Month-to-month,Bank transfer,No,0,0,19.26,155.1,0,0
C03061,2022-06-03,West,0,1,25,One year,Electronic check,Fiber optic,1,0,90.05,2357.54,0,0
C03062,2023-04-01,East,0,1,15,Month-to-month,Credit card,DSL,0,1,70.3,1025.53,0,0
C03063,2023-10-06,East,0,1,8,Month-to-month,Bank transfer,Fiber optic,0,0,90.25,710.65,0,1
C03064,2019-08-07,North,0,1,59,Two year,Credit card,Fiber optic,0,1,95.51,5488.46,3,0
C03065,2023-01-12,West,0,1,17,Month-to-month,Mailed check,No,0,0,21.4,363.98,2,0
C03066,2024-01-08,West,1,0,5,Month-to-month,Electronic check,DSL,0,1,58.82,287.26,0,1
C03067,2020-08-24,South,0,1,46,Month-to-month,Credit card,DSL,0,0,54.93,2449.01,1,0
C03068,2023-08-21,West,0,1,10,Month-to-month,Credit card,Fiber optic,0,0,92.69,941.0,1,1
C03069,2023-12-25,North,0,1,6,One year,Electronic check,DSL,0,0,58.2,337.88,1,1
C03070,2022-05-08,South,0,1,26,Month-to-month,Bank transfer,No,0,0,20.62,539.51,1,0
C03071,2023-10-10,North,0,0,8,Month-to-month,Bank transfer,Fiber optic,0,0,84.82,648.3,1,1
C03072,2018-07-25,North,1,1,72,Two year,Electronic check,Fiber optic,0,0,83.8,6165.22,2,0
C03073,2022-08-15,West,0,1,22,Two year,Bank transfer,DSL,1,0,66.68,1393.68,0,0
C03074,2022-05-03,South,0,0,26,One year,Electronic check,Fiber optic,1,1,111.11,2940.59,2,1
C03075,2021-12-09,East,0,1,31,Two year,Electronic check,No,0,0,17.99,537.89,2,0
C03076,2018-07-06,West,1,1,72,Two year,Credit card,Fiber optic,0,1,100.0,7346.03,3,0
C03077,2023-09-24,West,0,0,9,Month-to-month,Mailed check,DSL,0,1,63.77,549.89,1,0
C03078,2022-08-22,South,0,0,22,One year,Credit card,DSL,1,1,75.25,1625.55,0,0
C03079,2021-05-05,South,1,0,38,One year,Bank transfer,No,0,0,15.55,603.34,1,0
C03080,2023-11-06,North,0,0,7,Month-to-month,Credit card,No,0,0,20.64,146.2,0,0
C03081,2020-09-14,West,1,0,46,Month-to-month,Mailed check,DSL,0,0,55.33,2491.67,0,0
C03082,2023-06-27,West,0,1,12,Month-to-month,Mailed check,Fiber optic,0,0,86.59,1034.66,1,1
C03083,2018-07-09,East,1,0,72,One year,Electronic check,DSL,1,0,66.23,4689.05,0,0
C03084,2022-02-15,South,1,1,28,One year,Bank transfer,Fiber optic,0,0,87.89,2340.85,2,0
C03085,2022-12-21,West,0,0,18,One year,Mailed check,DSL,0,1,75.34,1364.47,0,0
C03086,2024-02-08,South,1,0,4,Month-to-month,Bank transfer,Fiber optic,1,0,97.93,410.91,0,1
C03087,2021-06-28,South,1,1,36,Month-to-month,Mailed check,No,0,0,15.0,540.72,1,0
C03088,2022-04-14,West,0,0,26,Month-to-month,Electronic check,DSL,0,0,54.01,1386.32,0,0
C03089,2023-09-06,South,1,0,9,Month-to-month,Credit card,Fiber optic,1,0,94.86,853.3,1,0
C03090,2018-07-25,West,1,1,72,Two year,Credit card,DSL,0,0,48.66,3578.94,0,0
C03091,2023-02-26,North,0,0,16,Two year,Mailed check,DSL,0,0,58.32,895.69,0,0
C03092,2021-06-18,South,0,0,36,Two year,Bank transfer,DSL,0,1,74.15,2655.26,0,0
C03093,2019-02-19,South,0,1,65,Two year,Mailed check,DSL,1,0,61.53,3868.84,0,0
C03094,2022-11-19,South,0,0,19,Two year,Bank transfer,No,0,0,25.05,482.97,1,0
C03095,2024-01-03,West,0,1,5,Month-to-month,Mailed check,DSL,0,1,71.29,372.56,0,1
C03096,2023-09-12,South,0,1,9,Month-to-month,Mailed check,No,0,0,21.1,184.83,0,0
C03097,2023-10-15,West,0,0,8,Month-to-month,Electronic check,DSL,0,0,58.32,461.46,2,0
C03098,2023-01-02,North,0,0,18,Month-to-month,Electronic check,Fiber optic,1,0,91.94,1617.03,2,1
C03099,2024-03-26,South,0,0,3,Month-to-month,Credit card,Fiber optic,0,0,89.6,265.76,3,1
C03100,2023-05-31,South,0,0,13,Month-to-month,Mailed check,No,0,0,25.06,324.45,1,1
C03101,2021-08-13,East,0,0,35,Two year,Electronic check,DSL,1,0,66.91,2407.12,0,0
C03102,2024-02-02,North,0,1,4,Month-to-month,Electronic check,DSL,0,1,68.22,274.57,0,1
C03103,2018-07-07,South,1,0,72,Two year,Mailed check,Fiber optic,0,0,81.83,5892.42,1,0
C03104,2021-04-24,East,0,0,38,One year,Bank transfer,Fiber optic,1,1,110.79,4012.29,3,1
C03105,2019-07-04,South,0,1,60,One year,Mailed check,Fiber optic,0,0,85.06,4869.98,1,0
C03106,2021-06-20,West,0,1,36,One year,Bank transfer,DSL,0,0,54.45,,1,0
C03107,2022-05-21,South,0,0,25,Month-to-month,Credit card,DSL,0,1,70.78,1827.7,0,0
C03108,2020-07-14,West,0,0,48,One year,Mailed check,No,0,0,18.85,872.15,0,0
C03109,2020-04-15,North,1,0,51,Month-to-month,Credit card,Fiber optic,1,1,104.18,5514.94,4,1
C03110,2021-06-02,West,0,1,37,Two year,Electronic check,Fiber optic,1,0,99.35,3852.08,2,1
C03111,2024-04-26,South,0,0,2,Month-to-month,Mailed check,DSL,0,1,60.96,124.55,0,1
C03112,2022-06-26,North,0,1,24,Month-to-month,Electronic check,DSL,0,0,57.91,1384.85,0,0
C03113,2021-06-25,East,0,0,36,One year,Electronic check,No,0,0,15.08,527.75,0,0
C03114,2022-02-04,North,0,0,29,One year,Electronic check,Fiber optic,0,0,77.76,2342.59,0,0
C03115,2022-03-07,North,0,0,28,Month-to-month,Electronic check,DSL,1,0,67.63,1866.06,0,0
C03116,2022-05-08,East,0,0,26,One year,Credit card,No,0,0,21.3,,3,0
C03117,2023-09-18,West,0,1,9,Month-to-month,Bank transfer,Fiber optic,0,0,82.47,747.87,1,1
C03118,2022-09-04,South,0,0,22,One year,Credit card,DSL,1,1,72.38,1657.02,0,0
C03119,2023-02-09,East,0,0,16,Month-to-month,Mailed check,DSL,0,1,68.35,1134.12,0,0
C03120,2024-03-23,North,0,1,3,Month-to-month,Bank transfer,Fiber optic,1,1,105.13,325.15,0,1
C03121,2023-08-12,North,0,1,10,Month-to-month,Electronic check,DSL,1,1,80.16,786.32,0,0
C03122,2023-10-22,West,0,0,8,Month-to-month,Bank transfer,Fiber optic,1,0,92.7,761.2,7,1
C03123,2021-10-19,North,0,1,32,Month-to-month,Mailed check,Fiber optic,0,0,83.3,2771.72,2,1
C03124,2020-11-18,South,0,1,44,Month-to-month,Credit card,DSL,1,0,69.44,3158.63,0,0
C03125,2022-08-04,East,0,0,23,Month-to-month,Credit card,No,0,0,15.89,369.56,0,0
C03126,2022-01-28,North,1,1,29,Month-to-month,Electronic check,DSL,0,0,49.18,1435.63,1,0
C03127,2023-02-20,West,1,1,16,Month-to-month,Bank transfer,Fiber optic,1,0,91.26,1510.36,1,1
C03128,2023-03-23,East,0,0,15,Month-to-month,Bank transfer,Fiber optic,0,1,97.97,1473.01,1,1
C03129,2023-06-16,South,0,1,12,One year,Bank transfer,Fiber optic,0,0,92.65,1083.55,0,0
C03130,2022-03-29,West,0,0,27,Two year,Electronic check,Fiber optic,0,0,85.61,2300.25,2,0
C03131,2022-03-20,East,0,1,27,Month-to-month,Bank transfer,Fiber optic,0,0,81.51,2277.62,0,1
C03132,2021-10-27,East,0,0,32,Two year,Credit card,No,0,0,16.68,508.08,0,0
C03133,2023-06-09,North,0,1,12,Month-to-month,Mailed check,Fiber optic,0,1,98.64,1173.55,4,1
C03134,2024-05-29,North,0,0,1,Month-to-month,Mailed check,No,0,0,15.0,15.54,1,0
C03135,2022-05-22,North,0,0,25,One year,Electronic check,DSL,0,0,47.47,1191.84,1,0
C03136,2019-02-01,East,0,0,65,One year,Credit card,Fiber optic,0,0,85.79,5517.15,0,0
C03137,2020-07-20,West,0,0,48,Two year,Electronic check,Fiber optic,0,1,100.54,4928.73,3,0
C03138,2023-04-30,West,1,0,14,Month-to-month,Electronic check,DSL,1,1,80.64,1141.84,0,1
C03139,2022-11-01,East,1,1,20,One year,Electronic check,Fiber optic,1,1,108.39,2181.43,2,1
C03140,2023-09-21,North,0,0,9,Month-to-month,Credit card,DSL,0,1,71.79,,1,1
C03141,2023-11-18,East,0,0,7,Month-to-month,Bank transfer,DSL,0,0,54.24,395.66,0,1
C03142,2024-01-07,East,0,0,5,Month-to-month,Electronic check,DSL,1,0,63.49,304.25,0,1
C03143,2021-03-07,East,0,1,40,Two year,Electronic check,DSL,0,0,54.79,2233.62,0,0
C03144,2023-09-13,East,0,0,9,Month-to-month,Bank transfer,DSL,0,1,68.18,624.01,2,1
C03145,2021-09-19,East,0,1,33,Two year,Mailed check,Fiber optic,1,0,110.56,3513.54,0,0
C03146,2018-07-11,East,1,0,72,One year,Electronic check,Fiber optic,0,0,84.21,5820.54,3,0
C03147,2021-12-16,South,0,0,30,One year,Credit card,DSL,0,0,55.72,,0,0
C03148,2021-03-24,North,0,1,39,One year,Electronic check,DSL,0,1,73.95,2763.19,0,0
C03149,2018-07-21,North,0,0,72,Two year,Mailed check,No,0,0,22.22,1672.4,0,0
C03150,2021-01-18,West,1,1,41,Month-to-month,Electronic check,DSL,1,0,58.28,2475.34,0,0
C03151,2023-10-06,South,0,0,8,Month-to-month,Bank transfer,Fiber optic,0,0,91.88,767.99,3,1
C03152,2022-02-10,South,0,0,29,One year,Credit card,Fiber optic,0,1,98.3,2990.83,6,1
C03153,2023-08-07,South,0,1,10,Month-to-month,Mailed check,Fiber optic,0,1,85.65,832.53,3,1
C03154,2023-10-05,North,0,1,8,Month-to-month,Bank transfer,No,0,0,18.37,150.93,1,0
C03155,2022-06-16,West,0,0,24,Month-to-month,Credit card,Fiber optic,0,0,82.12,1962.3,1,1
C03156,2022-04-14,North,0,0,26,Month-to-month,Credit card,No,0,0,18.1,449.1,1,0
C03157,2023-11-09,North,0,1,7,Month-to-month,Mailed check,No,0,0,19.86,139.22,1,0
C03158,2023-11-29,South,0,1,7,Month-to-month,Mailed check,DSL,1,1,79.89,535.86,0,0
C03159,2018-08-01,South,1,1,72,Two year,Credit card,DSL,0,0,60.07,4535.42,1,0
C03160,2023-04-29,North,0,0,14,Month-to-month,Electronic check,DSL,1,0,70.21,1015.61,0,1
C03161,2022-07-10,South,0,1,24,Two year,Electronic check,DSL,0,0,61.41,1521.93,1,0
C03162,2022-01-23,West,0,0,29,Two year,Electronic check,Fiber optic,1,0,94.2,2616.5,0,0
C03163,2024-04-06,South,0,0,2,Month-to-month,Credit card,DSL,0,0,46.64,88.69,1,1
C03164,2022-09-13,West,0,0,21,One year,Electronic check,DSL,0,0,44.99,922.83,2,0
C03165,2023-02-04,South,0,0,17,One year,Electronic check,DSL,0,1,70.1,1231.2,0,0
C03166,2021-01-01,North,0,1,42,One year,Bank transfer,Fiber optic,0,0,84.76,3588.37,0,0
C03167,2023-12-18,North,0,0,6,Month-to-month,Electronic check,Fiber optic,1,0,100.99,615.17,1,1
C03168,2023-06-21,West,0,0,12,Month-to-month,Electronic check,No,0,0,21.85,252.46,0,0
C03169,2023-09-07,South,0,0,9,Month-to-month,Mailed check,DSL,1,0,57.98,519.77,0,0
C03170,2020-09-16,West,0,0,46,One year,Electronic check,DSL,0,1,64.58,2960.29,0,0
C03171,2019-05-26,West,0,1,62,Two year,Credit card,No,0,0,21.71,1410.55,1,0
C03172,2022-02-20,North,1,0,28,One year,Electronic check,Fiber optic,1,0,90.55,2604.92,1,0
C03173,2019-08-08,South,0,1,59,One year,Credit card,Fiber optic,0,0,91.02,5173.7,1,1
C03174,2023-06-22,East,1,0,12,Two year,Mailed check,Fiber optic,1,1,105.24,1257.71,1,0
C03175,2021-04-12,North,0,1,39,One year,Electronic check,DSL,0,0,53.71,2151.55,1,0
C03176,2023-07-03,West,0,0,12,Month-to-month,Electronic check,No,0,0,15.0,185.13,1,0
C03177,2020-08-02,North,0,0,47,Two year,Mailed check,Fiber optic,0,0,93.15,4358.34,2,0
C03178,2023-07-09,West,0,0,11,Month-to-month,Mailed check,Fiber optic,0,0,84.22,956.41,2,1
C03179,2021-08-17,West,0,0,34,Month-to-month,Electronic check,Fiber optic,0,0,86.16,2922.24,1,0
C03180,2023-01-30,East,0,1,17,Month-to-month,Credit card,DSL,0,1,63.91,1035.78,0,0
C03181,2020-07-04,West,0,1,48,Two year,Mailed check,DSL,1,1,75.42,3733.1,1,0
C03182,2023-05-22,West,0,1,13,Month-to-month,Credit card,Fiber optic,1,1,108.23,1476.53,2,1
C03183,2024-02-03,East,0,0,4,Month-to-month,Electronic check,Fiber optic,0,1,98.73,386.15,1,1
C03184,2024-03-07,East,0,1,3,Month-to-month,Electronic check,DSL,0,1,69.3,211.35,0,0
C03185,2023-08-02,South,1,1,11,Month-to-month,Bank transfer,DSL,1,0,69.04,752.26,0,1
C03186,2021-02-26,South,0,1,40,Month-to-month,Electronic check,No,0,0,22.77,902.25,1,1
C03187,2023-05-13,West,0,0,13,One year,Electronic check,DSL,1,1,79.18,1072.31,0,0
C03188,2019-09-18,North,0,0,58,Two year,Electronic check,Fiber optic,0,0,82.37,4997.22,1,0
C03189,2023-12-23,South,0,1,6,Month-to-month,Electronic check,Fiber optic,0,1,96.1,554.04,1,1
C03190,2023-03-09,East,0,0,15,Month-to-month,Bank transfer,Fiber optic,0,0,80.09,1228.63,1,1
C03191,2021-08-04,South,0,1,35,Month-to-month,Electronic check,Fiber optic,0,0,83.0,2812.04,2,1
C03192,2022-02-09,South,0,1,29,Month-to-month,Credit card,No,0,0,21.71,631.54,0,0
C03193,2020-02-23,East,0,1,52,One year,Electronic check,DSL,1,1,78.6,4210.17,0,0
C03194,2021-03-24,South,0,0,39,One year,Mailed check,No,0,0,22.65,858.92,3,0
C03195,2021-11-12,West,0,1,32,One year,Mailed check,No,0,0,25.88,813.68,1,0
C03196,2023-11-20,North,0,1,7,Month-to-month,Mailed check,Fiber optic,1,0,89.75,656.17,0,1
C03197,2023-01-15,South,0,0,17,One year,Credit card,Fiber optic,0,1,89.53,1509.48,1,1
C03198,2024-05-29,West,0,0,1,Month-to-month,Credit card,DSL,0,0,53.95,51.67,0,0
C03199,2022-03-30,South,0,0,27,Month-to-month,Electronic check,Fiber optic,1,0,100.9,2701.54,1,0
C03200,2020-03-16,East,0,0,52,Two year,Mailed check,DSL,0,0,60.77,3144.73,0,0
C03201,2019-07-24,East,0,0,60,One year,Credit card,DSL,0,0,55.79,3440.7,0,0
C03202,2019-12-22,South,0,1,55,Two year,Electronic check,No,0,0,18.86,1021.57,0,0
C03203,2018-07-16,East,0,0,72,Two year,Mailed check,DSL,1,1,78.05,5409.81,0,0
C03204,2019-08-20,North,0,1,59,One year,Electronic check,Fiber optic,1,1,111.48,6760.26,0,0
C03205,2018-07-11,East,0,1,72,Two year,Mailed check,DSL,1,0,61.88,4399.81,0,0
C03206,2023-09-08,North,0,0,9,Month-to-month,Mailed check,DSL,0,1,64.72,555.17,1,0
C03207,2021-10-29,East,0,1,32,Month-to-month,Mailed check,DSL,0,0,55.38,1831.06,0,0
C03208,2024-05-23,North,1,1,1,Month-to-month,Credit card,DSL,0,1,71.48,74.81,1,1
C03209,2024-05-25,West,0,1,1,Month-to-month,Mailed check,Fiber optic,0,1,100.34,104.98,5,1
C03210,2023-11-15,East,0,0,7,Month-to-month,Credit card,No,0,0,15.0,106.27,0,0
C03211,2023-04-16,North,0,0,14,Month-to-month,Bank transfer,Fiber optic,1,0,98.35,1344.37,1,0
C03212,2022-01-07,North,0,1,30,One year,Mailed check,No,0,0,19.94,620.16,1,0
C03213,2022-05-02,North,0,1,26,One year,Mailed check,Fiber optic,0,1,99.55,,0,1
C03214,2023-03-31,West,0,0,15,One year,Mailed check,Fiber optic,0,1,96.14,1478.05,2,0
C03215,2022-06-18,East,0,0,24,Month-to-month,Credit card,DSL,1,1,79.0,1966.58,0,1
C03216,2023-03-28,South,1,1,15,One year,Electronic check,DSL,1,1,77.19,1207.35,1,1
C03217,2021-10-26,South,0,1,32,Month-to-month,Credit card,No,0,0,17.82,574.19,0,0
C03218,2022-09-11,North,0,0,21,Month-to-month,Bank transfer,Fiber optic,0,0,81.97,1800.06,1,0
C03219,2023-09-27,North,0,1,9,Month-to-month,Bank transfer,Fiber optic,1,1,106.23,911.7,2,1
C03220,2021-03-12,West,1,0,40,Month-to-month,Mailed check,Fiber optic,0,1,91.82,3503.15,1,1
C03221,2020-10-09,East,0,1,45,Month-to-month,Bank transfer,DSL,1,1,75.23,3473.9,0,0
C03222,2018-07-13,South,0,0,72,Two year,Bank transfer,Fiber optic,1,1,105.71,7989.98,2,0
C03223,2023-12-22,North,0,0,6,One year,Bank transfer,DSL,1,1,81.15,469.75,0,0
C03224,2020-03-12,South,1,0,52,One year,Electronic check,No,0,0,22.65,1163.02,0,0
C03225,2024-03-07,South,0,0,3,Month-to-month,Bank transfer,DSL,0,1,75.05,,0,1
C03226,2023-04-03,North,0,1,15,Two year,Mailed check,DSL,0,1,60.29,937.97,2,0
C03227,2023-05-20,East,0,1,13,One year,Bank transfer,Fiber optic,1,0,93.97,1210.72,1,0
C03228,2024-01-16,East,0,0,5,Month-to-month,Bank transfer,DSL,0,1,71.93,373.7,0,0
C03229,2022-10-27,West,0,0,20,One year,Electronic check,No,0,0,21.1,419.93,1,0
C03230,2023-12-22,South,0,0,6,Month-to-month,Bank transfer,Fiber optic,0,0,84.13,496.67,3,1
C03231,2023-07-17,South,0,1,11,Month-to-month,Mailed check,DSL,0,1,63.27,702.07,0,0
C03232,2023-08-09,West,0,0,10,Month-to-month,Bank transfer,DSL,0,0,57.78,565.01,1,0
C03233,2022-08-08,South,0,1,23,Month-to-month,Bank transfer,No,0,0,20.75,484.74,0,0
C03234,2022-07-14,East,0,1,23,Month-to-month,Bank transfer,Fiber optic,1,1,105.65,2379.09,1,1
C03235,2023-10-04,East,0,1,9,Month-to-month,Bank transfer,No,0,0,24.03,216.43,0,0
C03236,2022-09-22,West,0,0,21,Month-to-month,Electronic check,DSL,0,0,63.95,1379.61,1,0
C03237,2023-03-27,South,0,0,15,Two year,Electronic check,No,0,0,16.45,255.7,0,0
C03238,2022-06-03,East,0,0,25,Month-to-month,Bank transfer,Fiber optic,0,1,99.33,2369.07,3,0
C03239,2022-08-16,North,0,0,22,Month-to-month,Electronic check,Fiber optic,1,0,95.55,2149.52,1,1
C03240,2023-12-18,West,0,1,6,Month-to-month,Electronic check,DSL,1,0,67.6,421.36,0,0
C03241,2018-07-26,North,0,1,72,Two year,Electronic check,DSL,1,0,70.28,5179.83,0,0
C03242,2023-12-07,East,0,1,6,One year,Electronic check,No,0,0,25.69,149.98,1,0
C03243,2018-07-22,North,0,1,72,Two year,Credit card,No,0,0,18.01,1328.71,0,0
C03244,2022-09-19,South,1,1,21,Month-to-month,Electronic check,DSL,1,0,58.37,1263.12,0,1
C03245,2023-06-02,North,1,1,13,Month-to-month,Electronic check,No,0,0,19.63,247.02,2,0
C03246,2022-06-09,East,0,0,25,One year,Credit card,DSL,0,1,66.65,1734.85,0,0
C03247,2023-08-18,South,1,0,10,Month-to-month,Credit card,DSL,1,0,53.99,527.61,0,0
C03248,2018-11-28,East,0,0,68,Two year,Electronic check,DSL,0,0,59.05,4194.67,1,0
C03249,2021-07-18,South,0,1,35,Two year,Credit card,DSL,0,0,52.9,1851.42,2,0
C03250,2023-07-02,North,0,0,12,Month-to-month,Electronic check,DSL,0,0,54.79,633.11,0,0
C03251,2019-01-13,East,0,1,66,Two year,Bank transfer,DSL,1,0,62.72,4225.39,0,0
C03252,2020-04-06,East,0,1,51,One year,Electronic check,DSL,0,1,66.17,3397.37,0,0
C03253,2022-07-16,East,1,0,23,Month-to-month,Mailed check,Fiber optic,0,0,90.11,2127.0,1,1
C03254,2024-03-27,South,0,1,3,Month-to-month,Electronic check,No,0,0,20.34,59.79,2,1
C03255,2020-03-26,East,0,0,51,Month-to-month,Bank transfer,Fiber optic,1,0,103.49,5044.19,3,1
C03256,2022-08-03,East,0,0,23,Two year,Electronic check,DSL,1,0,67.52,1502.07,1,0
C03257,2023-06-08,North,0,1,12,Month-to-month,Mailed check,Fiber optic,1,0,97.81,1171.06,3,1
C03258,2022-11-23,North,0,0,19,Month-to-month,Bank transfer,DSL,0,1,66.18,1200.3,1,0
C03259,2022-06-03,South,0,1,25,One year,Electronic check,Fiber optic,0,0,84.76,2152.72,1,1
C03260,2023-08-19,North,1,0,10,Month-to-month,Credit card,Fiber optic,0,0,89.13,891.73,1,1
C03261,2023-10-12,East,1,0,8,Month-to-month,Mailed check,DSL,1,0,69.75,541.8,0,1
C03262,2022-09-15,North,0,1,21,One year,Electronic check,DSL,0,0,56.07,1212.66,0,0
C03263,2023-11-25,North,0,1,7,Month-to-month,Electronic check,No,0,0,22.23,158.01,2,0
C03264,2023-07-23,North,0,1,11,Month-to-month,Electronic check,No,0,0,19.44,214.89,0,0
C03265,2021-02-01,South,1,0,41,Month-to-month,Electronic check,Fiber optic,0,1,97.88,4102.55,2,1
C03266,2023-12-10,North,0,1,6,Month-to-month,Mailed check,No,0,0,20.35,123.23,1,0
C03267,2024-05-11,East,0,0,1,Month-to-month,Bank transfer,No,0,0,20.16,19.17,0,0
C03268,2020-04-20,North,1,1,51,One year,Mailed check,DSL,0,1,71.01,3638.56,1,0
C03269,2019-06-26,West,1,0,61,Two year,Mailed check,Fiber optic,1,1,106.8,6352.96,2,0
C03270,2022-08-24,East,0,1,22,Month-to-month,Credit card,DSL,1,0,62.48,1411.52,0,0
C03271,2018-09-06,North,1,0,70,Two year,Electronic check,Fiber optic,1,0,93.92,6683.37,1,0
C03272,2020-05-10,South,0,0,50,One year,Bank transfer,DSL,0,0,53.85,2717.69,0,0
C03273,2021-05-09,North,0,1,38,One year,Credit card,No,0,0,21.76,829.72,1,0
C03274,2020-11-21,West,0,1,43,One year,Electronic check,Fiber optic,0,0,82.77,3472.74,2,0
C03275,2022-03-06,East,0,0,28,One year,Bank transfer,DSL,1,1,81.5,2317.29,0,0
C03276,2020-07-30,West,0,0,47,Two year,Credit card,DSL,0,0,53.92,2608.8,1,0
C03277,2024-05-27,South,0,0,1,Month-to-month,Mailed check,Fiber optic,1,0,101.28,100.19,3,1
C03278,2022-12-18,North,0,1,18,Month-to-month,Credit card,Fiber optic,0,0,85.1,1508.98,2,1
C03279,2023-11-20,North,0,0,7,Month-to-month,Electronic check,No,0,0,22.11,161.55,1,0
C03280,2022-10-12,South,0,0,20,Month-to-month,Bank transfer,DSL,1,1,80.97,1668.2,0,0
C03281,2024-01-15,West,0,0,5,One year,Electronic check,Fiber optic,1,0,99.89,477.64,0,1
C03282,2023-01-30,South,0,1,17,Month-to-month,Electronic check,Fiber optic,0,0,87.51,1454.46,3,1
C03283,2023-11-18,West,0,1,7,Month-to-month,Credit card,DSL,0,0,65.49,474.58,0,0
C03284,2021-12-21,south,0,0,30,Month-to-month,Electronic check,Fiber optic,0,1,97.01,2984.3,3,1
C03285,2024-01-20,North,0,0,5,Month-to-month,Credit card,DSL,0,0,48.96,237.31,1,1
C03286,2024-03-07,South,0,0,3,One year,Bank transfer,DSL,0,0,54.86,164.4,0,1
C03287,2023-02-11,North,0,0,16,One year,Credit card,Fiber optic,1,0,98.18,1521.75,3,0
C03288,2023-04-08,East,0,1,14,Month-to-month,Credit card,No,0,0,21.82,308.23,2,1
C03289,2022-05-27,North,0,0,25,Month-to-month,Bank transfer,DSL,0,0,50.93,1220.83,0,0
C03290,2023-01-25,East,0,0,17,Month-to-month,Credit card,DSL,0,1,65.65,1089.66,3,1
C03291,2022-11-28,South,0,0,19,Month-to-month,Bank transfer,Fiber optic,0,0,81.76,1488.76,3,0
C03292,2021-08-26,South,0,0,34,One year,Mailed check,No,0,0,17.34,614.57,2,0
C03293,2022-10-23,East,0,0,20,One year,Bank transfer,Fiber optic,0,0,84.63,1638.43,5,1
C03294,2022-03-08,East,0,1,28,Month-to-month,Electronic check,DSL,1,1,78.87,2213.16,0,0
C03295,2021-06-19,West,1,0,36,Month-to-month,Electronic check,Fiber optic,1,0,92.08,3208.76,1,0
C03296,2019-03-13,South,0,0,64,Two year,Electronic check,Fiber optic,0,1,94.46,5820.53,4,1
C03297,2022-10-27,West,0,1,20,One year,Mailed check,Fiber optic,0,0,87.84,1669.62,2,1
C03298,2023-04-24,West,0,0,14,Month-to-month,Electronic check,DSL,0,0,51.57,691.81,1,0
C03299,2021-06-07,West,0,1,37,Month-to-month,Mailed check,DSL,0,1,63.39,2352.33,2,0
C03300,2023-01-03,West,0,1,18,Month-to-month,Bank transfer,DSL,0,0,63.79,1151.23,2,0
C03301,2020-12-16,West,1,0,43,Two year,Bank transfer,Fiber optic,0,1,94.89,3980.19,2,1
C03302,2024-03-05,South,0,0,3,Month-to-month,Credit card,DSL,0,0,47.7,149.3,0,0
C03303,2022-07-19,East,0,0,23,Month-to-month,Credit card,DSL,1,0,60.04,1372.65,0,0
C03304,2018-07-05,West,0,0,72,Two year,Credit card,Fiber optic,0,1,89.03,6606.95,1,0
C03305,2020-01-02,South,0,0,54,One year,Bank transfer,Fiber optic,0,1,103.6,5599.78,1,0
C03306,2022-06-13,West,0,1,24,Month-to-month,Electronic check,DSL,0,0,54.71,1279.39,1,0
C03307,2022-04-15,East,0,0,26,Month-to-month,Credit card,Fiber optic,0,1,92.84,2331.57,0,0
C03308,2022-08-05,South,0,0,23,Month-to-month,Electronic check,Fiber optic,0,1,99.24,2208.38,1,1
C03309,2021-08-30,West,1,0,34,One year,Electronic check,DSL,0,0,61.85,2139.69,0,1
C03310,2020-08-20,North,0,0,47,Month-to-month,Electronic check,No,0,0,19.32,930.63,0,0
C03311,2021-01-17,East,0,1,42,Two year,Bank transfer,No,0,0,26.53,,1,0
C03312,2022-01-20,West,0,1,29,Two year,Bank transfer,DSL,0,0,53.66,1632.09,0,0
C03313,2023-06-22,North,0,0,12,Month-to-month,Electronic check,DSL,0,0,50.29,628.48,1,0
C03314,2019-07-19,South,0,0,60,One year,Credit card,DSL,0,1,74.24,4339.87,0,0
C03315,2023-11-20,East,0,1,7,Month-to-month,Electronic check,DSL,0,0,52.12,358.05,1,1
C03316,2023-06-18,North,0,1,12,Month-to-month,Electronic check,Fiber optic,0,1,94.74,1190.5,0,0
C03317,2023-06-12,West,0,1,12,One year,Electronic check,No,0,0,24.16,304.35,0,0
C03318,2023-07-20,East,0,0,11,Month-to-month,Electronic check,No,0,0,20.14,219.57,0,0
C03319,2024-02-17,South,0,1,4,Month-to-month,Bank transfer,DSL,0,0,54.56,225.61,0,0
C03320,2022-08-23,South,0,0,22,Month-to-month,Electronic check,Fiber optic,0,0,83.98,1925.3,2,1
C03321,2022-08-06,North,0,0,23,Month-to-month,Electronic check,DSL,0,0,52.34,1249.58,0,0
C03322,2023-07-22,North,1,1,11,Month-to-month,Electronic check,Fiber optic,0,0,85.72,958.92,2,1
C03323,2023-03-29,East,0,0,15,One year,Credit card,DSL,0,0,56.95,847.27,2,0
C03324,2021-01-17,West,0,0,42,Two year,Credit card,No,0,0,19.11,802.99,1,0
C03325,2021-12-23,South,0,1,30,One year,Bank transfer,No,0,0,22.27,682.35,0,0
C03326,2018-07-24,North,0,1,72,Two year,Bank transfer,DSL,0,1,68.65,4823.65,1,0
C03327,2024-05-12,East,0,1,1,Month-to-month,Credit card,Fiber optic,1,0,96.55,98.58,3,1
C03328,2022-04-15,East,0,0,26,Two year,Electronic check,Fiber optic,0,0,83.86,2185.99,2,0
C03329,2019-03-29,North,0,0,64,Month-to-month,Electronic check,Fiber optic,1,1,105.51,6807.8,1,0
C03330,2022-08-28,East,0,0,22,Month-to-month,Mailed check,Fiber optic,0,1,98.48,2239.34,1,1
C03331,2022-04-04,North,0,0,27,Two year,Electronic check,DSL,0,0,50.2,1415.45,0,0
C03332,2022-07-02,North,1,0,24,Month-to-month,Mailed check,Fiber optic,1,1,118.6,2791.04,2,1
C03333,2023-11-04,South,0,1,7,Month-to-month,Mailed check,DSL,0,0,44.94,322.84,1,0
C03334,2023-01-07,East,0,1,18,Month-to-month,Electronic check,Fiber optic,0,0,82.76,1504.48,0,0
C03335,2023-12-17,East,1,0,6,Month-to-month,Mailed check,DSL,0,0,57.06,335.19,1,1
C03336,2023-08-24,East,0,0,10,Month-to-month,Mailed check,Fiber optic,0,1,99.92,1013.89,2,1
C03337,2021-11-11,North,0,0,32,Month-to-month,Electronic check,No,0,0,16.62,540.08,2,0
C03338,2022-06-05,South,0,0,25,Two year,Credit card,DSL,1,1,74.4,1919.55,1,0
C03339,2023-01-03,East,0,1,18,Month-to-month,Bank transfer,Fiber optic,0,0,85.2,1519.14,1,0
C03340,2022-04-27,East,0,1,26,Month-to-month,Electronic check,Fiber optic,0,1,91.57,2454.94,1,0
C03341,2023-09-28,North,0,0,9,Month-to-month,Electronic check,DSL,0,0,50.19,440.17,1,0
C03342,2022-01-22,West,1,0,29,Two year,Electronic check,Fiber optic,1,0,98.51,2845.72,0,0
C03343,2023-03-03,North,0,0,16,Month-to-month,Electronic check,Fiber optic,0,0,88.27,1429.15,2,1
C03344,2023-04-06,West,0,1,15,Month-to-month,Electronic check,DSL,1,1,77.05,1167.12,0,1
C03345,2023-06-15,East,0,0,12,Month-to-month,Electronic check,No,0,0,23.08,264.46,0,0
C03346,2019-08-05,North,0,1,59,One year,Credit card,Fiber optic,1,0,95.37,5543.97,1,0
C03347,2023-03-31,South,0,1,15,One year,Credit card,Fiber optic,1,1,103.9,1530.24,0,0
C03348,2022-03-13,south,0,0,28,One year,Credit card,DSL,1,1,72.37,2121.22,1,0
C03349,2020-12-06,West,1,0,43,One year,Bank transfer,DSL,0,1,69.5,3128.57,0,0
C03350,2022-10-19,East,0,0,20,Month-to-month,Bank transfer,DSL,0,0,52.3,1031.63,0,1
C03351,2024-03-31,South,0,1,3,Month-to-month,Bank transfer,No,0,0,23.24,71.72,0,0
C03352,2022-10-05,West,0,1,21,Month-to-month,Credit card,No,0,0,18.78,396.44,1,0
C03353,2023-09-17,North,0,0,9,Month-to-month,Bank transfer,Fiber optic,0,0,90.2,803.34,4,1
C03354,2022-06-01,West,0,0,25,Month-to-month,Bank transfer,DSL,0,0,51.17,1315.32,0,0
C03355,2021-04-21,West,0,0,38,Month-to-month,Credit card,Fiber optic,1,0,90.44,3592.1,3,0
C03356,2023-11-30,South,0,1,7,Month-to-month,Bank transfer,Fiber optic,0,1,97.82,675.13,2,1
C03357,2023-03-16,North,1,0,15,One year,Electronic check,Fiber optic,0,0,83.61,1212.59,3,1
C03358,2021-11-27,West,0,1,31,Month-to-month,Electronic check,DSL,0,0,55.59,1800.85,0,0
C03359,2024-02-23,West,1,1,4,One year,Mailed check,No,0,0,19.71,80.48,2,1
C03360,2023-08-12,South,1,0,10,One year,Electronic check,DSL,0,0,52.94,514.34,0,0
C03361,2022-12-31,North,0,1,18,Month-to-month,Electronic check,DSL,1,1,75.93,1299.57,0,0
C03362,2021-06-30,South,0,0,36,Month-to-month,Electronic check,No,0,0,15.0,548.81,1,0
C03363,2023-11-20,North,1,0,7,One year,Electronic check,Fiber optic,0,0,90.96,644.54,2,1
C03364,2018-07-05,East,1,1,72,One year,Credit card,DSL,0,0,52.43,3670.7,0,0
C03365,2021-01-14,East,1,1,42,Month-to-month,Mailed check,Fiber optic,1,1,108.74,4632.13,1,0
C03366,2024-01-02,South,0,0,6,Month-to-month,Electronic check,No,0,0,15.0,86.89,1,1
C03367,2022-07-22,East,0,0,23,One year,Mailed check,DSL,1,0,61.45,1399.78,0,0
C03368,2019-06-17,East,1,0,61,One year,Electronic check,Fiber optic,0,0,86.0,,0,0
C03369,2024-03-03,North,0,1,3,Month-to-month,Bank transfer,DSL,1,1,84.23,261.89,0,1
C03370,2023-06-25,South,0,0,12,Month-to-month,Bank transfer,DSL,0,1,68.77,808.08,1,0
C03371,2018-07-18,West,0,0,72,Two year,Electronic check,Fiber optic,1,0,97.2,6845.61,3,0
C03372,2022-08-01,West,0,1,23,Month-to-month,Mailed check,Fiber optic,0,0,83.01,1957.76,0,0
C03373,2018-07-16,West,0,1,72,Two year,Electronic check,DSL,0,1,66.91,4584.99,0,0
C03374,2019-12-12,West,0,0,55,Month-to-month,Bank transfer,Fiber optic,0,1,96.17,5405.14,0,0
C03375,2023-04-06,North,0,1,15,Month-to-month,Credit card,Fiber optic,0,0,86.19,1234.29,2,0
C03376,2022-06-24,South,0,1,24,Month-to-month,Credit card,Fiber optic,0,0,89.92,2062.25,4,1
C03377,2022-03-30,South,0,0,27,Month-to-month,Electronic check,Fiber optic,0,1,95.56,2577.69,1,1
C03378,2023-09-29,East,0,1,9,Two year,Bank transfer,No,0,0,20.06,188.8,2,0
C03379,2022-09-26,West,0,0,21,Month-to-month,Credit card,Fiber optic,0,0,83.38,1691.91,0,1
C03380,2020-07-15,East,0,0,48,Two year,Credit card,Fiber optic,1,0,93.92,4419.85,1,0
C03381,2022-04-10,East,0,0,27,Month-to-month,Electronic check,Fiber optic,0,0,89.49,2459.97,2,1
C03382,2020-02-18,North,0,1,53,Two year,Mailed check,Fiber optic,0,1,98.75,5439.28,1,0
C03383,2021-10-21,East,0,1,32,Two year,Electronic check,DSL,1,1,78.23,2502.15,0,0
C03384,2022-05-04,West,1,0,26,One year,Electronic check,DSL,1,0,64.45,1675.25,1,0
C03385,2021-09-30,West,0,0,33,Month-to-month,Bank transfer,DSL,0,0,51.51,1667.76,0,0
C03386,2022-01-23,East,0,1,29,One year,Mailed check,DSL,0,1,69.75,1997.95,1,0
C03387,2023-04-19,North,0,1,14,Month-to-month,Electronic check,No,0,0,23.32,314.76,0,0
C03388,2021-10-29,North,0,0,32,Two year,Credit card,Fiber optic,1,1,110.49,3401.82,0,0
C03389,2023-06-27,East,0,1,12,Month-to-month,Mailed check,Fiber optic,0,1,96.9,1190.15,3,1
C03390,2023-11-25,West,0,0,7,Month-to-month,Credit card,Fiber optic,0,1,93.85,655.93,2,1
C03391,2023-03-25,West,0,0,15,Month-to-month,Credit card,Fiber optic,0,0,87.53,1349.37,0,0
C03392,2020-02-24,South,0,1,52,One year,Credit card,Fiber optic,0,0,89.29,4712.02,1,0
C03393,2019-11-13,East,1,0,56,Two year,Credit card,Fiber optic,1,0,98.32,5232.52,4,1
C03394,2022-12-19,North,0,0,18,Month-to-month,Electronic check,Fiber optic,1,1,103.85,1870.0,2,1
C03395,2022-12-29,East,0,0,18,One year,Electronic check,DSL,0,0,56.48,1021.68,0,0
C03396,2019-04-20,North,0,0,63,Two year,Credit card,Fiber optic,1,1,99.19,6022.14,1,0
C03397,2021-07-27,West,0,1,35,Month-to-month,Electronic check,Fiber optic,1,1,112.33,4110.89,2,1
C03398,2023-07-05,West,0,0,12,Month-to-month,Mailed check,Fiber optic,1,0,95.65,1182.02,0,0
C03399,2021-10-05,North,0,1,33,One year,Bank transfer,No,0,0,20.77,712.82,1,0
C03400,2021-11-06,West,1,1,32,One year,Electronic check,Fiber optic,1,1,113.17,3656.68,2,0
C03401,2022-02-08,West,0,0,29,Month-to-month,Electronic check,Fiber optic,0,1,94.63,2835.54,0,0
C03402,2022-03-29,South,0,1,27,Two year,Mailed check,DSL,0,0,55.46,1449.55,0,0
C03403,2023-12-28,South,1,0,6,Month-to-month,Mailed check,Fiber optic,0,1,93.55,581.19,3,1
C03404,2022-10-03,North,0,1,21,Two year,Bank transfer,No,0,0,15.0,328.24,0,0
C03405,2020-10-31,West,0,1,44,Two year,Electronic check,No,0,0,21.12,884.58,1,0
C03406,2019-03-20,North,1,0,64,Two year,Mailed check,No,0,0,20.93,1358.39,1,0
C03407,2022-10-18,West,0,1,20,Month-to-month,Electronic check,DSL,1,1,68.51,1314.7,0,0
C03408,2023-04-08,East,0,1,14,Month-to-month,Bank transfer,Fiber optic,1,0,97.92,1391.02,1,1
C03409,2021-09-01,West,0,1,34,Month-to-month,Electronic check,No,0,0,19.83,700.92,0,0
C03410,2023-08-07,South,0,0,10,Month-to-month,Electronic check,Fiber optic,0,0,88.01,851.97,3,1
C03411,2022-10-01,West,1,0,21,One year,Credit card,Fiber optic,0,1,97.94,2055.48,1,1
C03412,2022-12-23,South,0,0,18,Month-to-month,Electronic check,Fiber optic,0,0,89.18,1540.36,2,1
C03413,2023-01-23,South,0,0,17,Month-to-month,Bank transfer,Fiber optic,0,1,101.64,1753.88,1,1
C03414,2022-04-17,South,0,0,26,Month-to-month,Electronic check,DSL,1,1,77.8,1945.63,0,0
C03415,2022-08-02,West,0,1,23,Month-to-month,Electronic check,DSL,0,1,70.69,1702.58,0,0
C03416,2023-04-29,South,0,1,14,Month-to-month,Electronic check,No,0,0,23.53,323.51,0,1
C03417,2022-09-25,South,0,0,21,One year,Credit card,No,0,0,15.27,310.56,0,0
C03418,2019-12-02,East,1,1,55,One year,Mailed check,No,0,0,16.47,946.87,1,0
C03419,2023-02-09,East,0,0,16,Month-to-month,Electronic check,DSL,0,1,62.96,1021.89,0,0
C03420,2023-04-11,East,0,1,14,Two year,Mailed check,DSL,0,1,69.66,974.01,1,0
C03421,2018-08-01,South,0,0,72,Two year,Mailed check,DSL,0,0,52.17,3851.5,0,0
C03422,2021-08-21,North,1,1,34,Month-to-month,Credit card,No,0,0,15.0,528.65,2,0
C03423,2020-07-13,West,0,0,48,One year,Credit card,Fiber optic,0,0,80.96,4006.2,1,0
C03424,2023-03-20,South,0,0,15,Month-to-month,Mailed check,No,0,0,18.47,273.05,0,0
C03425,2023-11-11,West,0,1,7,Month-to-month,Mailed check,DSL,0,1,68.84,476.88,1,1
C03426,2024-02-07,South,0,1,4,Month-to-month,Mailed check,Fiber optic,1,1,112.17,449.88,2,1
C03427,2023-05-30,East,0,0,13,Month-to-month,Credit card,Fiber optic,0,1,100.81,1321.84,4,1
C03428,2019-12-24,East,0,1,55,Two year,Mailed check,DSL,0,0,55.71,3003.1,0,0
C03429,2022-05-16,West,0,1,25,Two year,Electronic check,No,0,0,16.69,402.07,0,0
C03430,2018-07-21,North,1,0,72,Two year,Credit card,Fiber optic,0,0,76.98,5508.67,2,0
C03431,2023-10-12,East,0,1,8,One year,Credit card,DSL,0,0,53.05,437.78,1,0
C03432,2022-01-19,North,0,1,29,One year,Mailed check,DSL,0,0,53.85,1526.72,0,0
C03433,2019-05-09,West,0,1,62,Two year,Mailed check,No,0,0,20.4,1248.96,1,0
C03434,2019-09-13,East,0,1,58,Month-to-month,Bank transfer,Fiber optic,0,1,100.58,5701.8,1,0
C03435,2020-12-15,West,0,0,43,Month-to-month,Credit card,Fiber optic,0,0,87.69,3812.06,1,1
C03436,2023-06-01,South,0,1,13,One year,Mailed check,Fiber optic,0,0,85.37,1159.95,2,1
C03437,2023-01-18,North,0,1,17,Month-to-month,Electronic check,Fiber optic,1,0,93.41,1537.18,0,1
C03438,2021-12-20,East,0,0,30,Month-to-month,Electronic check,Fiber optic,1,0,88.91,2741.86,0,0
C03439,2023-06-22,North,0,0,12,Month-to-month,Electronic check,No,0,0,16.8,204.92,2,0
C03440,2018-07-14,South,0,1,72,One year,Electronic check,DSL,1,0,61.14,4616.62,1,0
C03441,2024-02-18,South,0,0,4,Month-to-month,Credit card,Fiber optic,0,0,95.37,366.21,0,1
C03442,2022-10-24,North,0,0,20,Month-to-month,Electronic check,DSL,0,0,62.98,1311.06,0,1
C03443,2024-02-04,North,0,1,4,Month-to-month,Mailed check,DSL,0,0,49.96,205.99,1,0
C03444,2021-08-05,East,0,1,35,Month-to-month,Credit card,Fiber optic,1,0,96.57,3517.07,1,0
C03445,2019-06-01,West,0,0,61,Two year,Mailed check,No,0,0,15.0,937.96,1,0
C03446,2020-08-18,South,0,1,47,Month-to-month,Electronic check,DSL,1,1,77.89,3580.76,0,0
C03447,2018-11-29,South,0,1,68,One year,Credit card,Fiber optic,0,1,95.04,6409.13,0,0
C03448,2022-04-17,North,0,0,26,One year,Electronic check,Fiber optic,1,1,106.43,2658.89,1,0
C03449,2023-03-23,East,1,1,15,Month-to-month,Credit card,DSL,0,1,71.21,1014.97,2,1
C03450,2020-09-13,West,1,1,46,Two year,Electronic check,Fiber optic,0,0,86.49,4156.39,1,0
C03451,2020-07-21,East,0,1,48,One year,Mailed check,No,0,0,23.48,1163.89,0,0
C03452,2018-07-13,south,0,0,72,One year,Bank transfer,DSL,0,0,57.01,3932.9,0,0
C03453,2023-04-25,East,0,0,14,Month-to-month,Mailed check,DSL,0,0,52.07,725.68,0,0
C03454,2022-02-03,West,1,1,29,Month-to-month,Mailed check,No,0,0,15.0,425.8,0,1
C03455,2018-07-03,West,0,1,72,Two year,Electronic check,DSL,1,1,75.8,5346.99,0,0
C03456,2022-12-02,North,0,0,19,One year,Bank transfer,DSL,1,0,63.79,1259.84,1,0
C03457,2018-07-06,South,1,0,72,Two year,Electronic check,No,0,0,17.91,1352.99,0,0
C03458,2021-03-05,West,0,0,40,Two year,Credit card,No,0,0,17.18,681.84,1,0
C03459,2023-05-02,East,0,1,14,Month-to-month,Bank transfer,Fiber optic,0,1,97.27,1404.61,2,1
C03460,2020-03-02,West,0,1,52,One year,Mailed check,Fiber optic,0,0,90.29,4538.17,2,0
C03461,2022-10-14,West,0,1,20,Month-to-month,Electronic check,No,0,0,15.0,308.09,1,1
C03462,2019-11-18,North,0,0,56,One year,Mailed check,Fiber optic,1,1,102.03,5457.02,0,0
C03463,2021-03-01,East,0,0,40,Month-to-month,Bank transfer,Fiber optic,0,1,98.05,3860.07,2,1
C03464,2022-11-06,East,1,1,20,Month-to-month,Electronic check,No,0,0,15.0,302.06,0,0
C03465,2023-04-18,south,0,0,14,One year,Bank transfer,Fiber optic,0,1,91.23,1221.4,3,0
C03466,2024-01-18,East,0,0,5,One year,Electronic check,Fiber optic,0,1,105.46,507.15,4,1
C03467,2021-07-21,North,0,0,35,One year,Electronic check,DSL,1,0,67.25,2311.14,1,0
C03468,2024-06-14,South,0,1,0,Month-to-month,Bank transfer,Fiber optic,1,1,117.68,,0,1
C03469,2022-06-04,South,0,1,25,Month-to-month,Electronic check,Fiber optic,0,1,90.17,2189.91,4,1
C03470,2019-06-08,South,1,0,61,Two year,Electronic check,DSL,0,0,63.34,3793.28,1,0
C03471,2020-12-07,East,0,1,43,Month-to-month,Bank transfer,Fiber optic,0,0,79.75,3315.83,0,0
C03472,2022-12-25,West,0,1,18,Month-to-month,Bank transfer,Fiber optic,0,0,88.58,1530.87,3,1
C03473,2021-10-26,West,0,1,32,One year,Electronic check,Fiber optic,0,0,76.29,2421.73,1,1
C03474,2022-05-01,East,0,0,26,Month-to-month,Electronic check,DSL,0,1,68.16,1722.72,0,0
C03475,2021-01-11,South,0,1,42,One year,Mailed check,DSL,1,1,78.44,3344.51,0,0
C03476,2023-08-31,West,0,0,10,Month-to-month,Bank transfer,DSL,0,0,53.21,517.6,0,0
C03477,2018-08-03,West,1,0,71,Two year,Mailed check,Fiber optic,1,0,89.43,6152.85,3,1
C03478,2018-07-23,West,0,0,72,Two year,Bank transfer,Fiber optic,1,1,105.88,7522.55,1,0
C03479,2022-06-17,West,0,0,24,Two year,Bank transfer,DSL,0,1,67.96,1566.38,0,0
C03480,2021-09-07,West,0,0,34,One year,Credit card,Fiber optic,0,0,80.4,2608.23,1,0
C03481,2024-01-11,West,0,0,5,Month-to-month,Mailed check,DSL,1,0,64.17,329.36,1,0
C03482,2019-08-23,East,0,0,59,One year,Electronic check,DSL,0,1,66.75,3809.36,0,0
C03483,2018-07-25,East,0,0,72,Two year,Electronic check,No,0,0,21.81,1587.85,1,0
C03484,2022-04-14,East,0,0,26,One year,Electronic check,Fiber optic,1,0,88.63,2259.37,5,1
C03485,2020-08-23,South,0,1,46,One year,Mailed check,Fiber optic,0,0,82.62,3734.52,2,0
C03486,2023-08-30,West,0,0,10,One year,Credit card,No,0,0,20.7,199.92,0,0
C03487,2021-05-03,East,0,0,38,One year,Mailed check,No,0,0,18.41,680.68,0,0
C03488,2023-03-21,East,0,0,15,One year,Electronic check,DSL,0,1,62.61,945.93,0,0
C03489,2023-06-11,East,0,1,12,Month-to-month,Mailed check,Fiber optic,0,1,100.74,1219.48,0,1
C03490,2023-10-22,North,1,1,8,Month-to-month,Credit card,Fiber optic,0,1,100.88,789.83,2,1
C03491,2023-01-11,West,0,0,17,One year,Electronic check,DSL,0,1,70.01,1155.69,2,1
C03492,2018-07-16,East,0,0,72,Month-to-month,Credit card,No,0,0,18.54,1313.97,0,0
C03493,2018-07-24,West,1,1,72,Two year,Credit card,Fiber optic,0,0,84.18,5811.17,1,0
C03494,2022-10-22,North,0,0,20,One year,Mailed check,No,0,0,24.99,501.27,0,0
C03495,2023-06-04,North,0,0,13,Month-to-month,Bank transfer,Fiber optic,1,1,110.21,1479.05,2,1
C03496,2023-06-21,West,0,1,12,Two year,Mailed check,Fiber optic,0,0,90.06,1094.75,4,0
C03497,2020-05-20,East,0,0,50,One year,Electronic check,DSL,1,1,77.34,3682.11,0,0
C03498,2021-10-05,East,0,1,33,One year,Mailed check,No,0,0,22.44,723.69,1,0
C03499,2021-02-25,South,0,0,40,Month-to-month,Electronic check,Fiber optic,0,0,87.66,3496.39,0,0
C03500,2018-07-22,East,0,1,72,Two year,Bank transfer,DSL,0,0,60.77,4554.91,0,1
C03501,2022-08-11,East,0,1,22,Month-to-month,Credit card,DSL,0,0,45.88,976.09,0,1
C03502,2022-10-04,North,0,0,21,One year,Electronic check,Fiber optic,0,1,97.49,1960.1,0,1
C03503,2023-06-10,East,0,1,12,Month-to-month,Bank transfer,DSL,0,0,58.81,707.81,0,0
C03504,2024-02-19,East,0,0,4,One year,Electronic check,Fiber optic,0,1,101.71,409.26,1,1
C03505,2022-03-24,South,0,0,27,One year,Electronic check,Fiber optic,0,1,95.19,2694.02,2,1
C03506,2022-12-28,South,0,1,18,One year,Bank transfer,DSL,0,0,56.56,1022.26,1,0
C03507,2024-04-17,West,0,0,2,Month-to-month,Electronic check,Fiber optic,0,0,87.94,167.38,1,1
C03508,2021-11-14,East,0,1,31,Two year,Credit card,DSL,0,0,60.02,1892.11,0,0
C03509,2022-08-05,South,0,0,23,One year,Electronic check,No,0,0,21.42,478.15,0,0
C03510,2023-06-04,east,0,0,13,Month-to-month,Credit card,No,0,0,21.03,281.97,1,0
C03511,2018-07-16,North,0,0,72,Two year,Mailed check,DSL,0,0,53.92,3859.5,2,0
C03512,2019-04-11,South,0,1,63,One year,Mailed check,Fiber optic,0,0,89.49,5842.48,2,0
C03513,2018-07-06,East,0,0,72,Two year,Bank transfer,Fiber optic,1,0,99.97,6964.31,0,0
C03514,2018-07-03,South,0,0,72,Two year,Mailed check,No,0,0,24.17,1757.06,1,0
C03515,2019-11-07,North,0,1,56,Two year,Electronic check,DSL,0,1,69.97,3997.55,1,0
C03516,2018-07-05,East,0,0,72,One year,Credit card,Fiber optic,1,0,95.98,6594.93,2,1
C03517,2020-06-19,West,0,1,49,One year,Mailed check,No,0,0,17.65,862.63,2,0
C03518,2023-09-14,South,0,1,9,Month-to-month,Electronic check,DSL,0,0,52.04,476.79,0,0
C03519,2024-01-17,West,0,1,5,Month-to-month,Mailed check,Fiber optic,0,0,89.12,,2,0
C03520,2024-02-20,West,0,1,4,One year,Bank transfer,DSL,1,1,81.53,313.28,0,0
C03521,2023-11-08,East,0,0,7,Month-to-month,Bank transfer,Fiber optic,0,1,97.98,653.85,1,1
C03522,2019-11-03,West,0,1,56,Two year,Credit card,DSL,0,0,55.98,3046.21,1,0
C03523,2023-04-05,South,1,1,15,Month-to-month,Bank transfer,No,0,0,20.85,304.62,0,0
C03524,2022-02-13,West,0,1,28,Month-to-month,Electronic check,Fiber optic,0,1,101.79,2878.07,2,0
C03525,2019-11-10,North,0,1,56,Month-to-month,Electronic check,DSL,1,1,80.03,4268.27,0,1
C03526,2023-10-18,South,0,0,8,Month-to-month,Electronic check,No,0,0,18.28,142.91,0,0
C03527,2023-02-01,East,0,0,17,Month-to-month,Bank transfer,No,0,0,22.04,364.68,0,0
C03528,2024-02-21,North,0,1,4,Month-to-month,Electronic check,Fiber optic,0,0,78.67,325.26,0,0
C03529,2018-11-08,West,0,1,68,Two year,Bank transfer,Fiber optic,1,1,104.53,7004.93,2,0
C03530,2023-01-07,West,0,1,18,Month-to-month,Bank transfer,DSL,0,1,60.0,1103.85,1,0
C03531,2024-04-20,North,0,0,2,Month-to-month,Credit card,Fiber optic,0,1,93.57,193.22,2,0
C03532,2022-11-23,West,0,1,19,Month-to-month,Electronic check,DSL,0,1,63.94,1240.12,0,0
C03533,2023-11-06,North,1,0,7,Month-to-month,Electronic check,DSL,0,1,58.67,394.77,1,1
C03534,2023-07-04,North,0,0,12,Month-to-month,Credit card,No,0,0,24.69,303.36,1,0
C03535,2022-03-17,West,0,1,27,One year,Bank transfer,Fiber optic,0,0,82.97,2318.38,1,0
C03536,2022-01-03,East,1,1,30,One year,Mailed check,DSL,1,0,63.71,1887.41,1,0
C03537,2022-05-05,West,0,1,26,Month-to-month,Bank transfer,DSL,1,1,73.56,1986.71,0,0
C03538,2020-06-03,South,0,1,49,One year,Credit card,No,0,0,22.26,1111.41,0,0
C03539,2024-02-18,East,0,1,4,Month-to-month,Electronic check,DSL,1,0,70.52,288.01,0,1
C03540,2023-10-26,North,0,0,8,Month-to-month,Credit card,DSL,1,1,79.09,635.66,0,0
C03541,2018-07-26,East,0,1,72,Two year,Electronic check,DSL,0,0,56.39,4012.76,1,0
C03542,2019-01-22,West,0,1,66,Month-to-month,Credit card,DSL,0,1,59.1,3830.8,1,0
C03543,2018-07-26,east,0,0,72,Two year,Electronic check,DSL,1,0,64.59,4789.31,0,0
C03544,2024-02-14,West,0,0,4,Month-to-month,Electronic check,No,0,0,22.59,93.43,1,0
C03545,2024-05-18,South,0,1,1,Month-to-month,Electronic check,DSL,0,0,59.8,58.79,1,0
C03546,2023-12-31,West,0,0,6,Month-to-month,Credit card,Fiber optic,1,0,97.43,592.27,2,1
C03547,2023-03-01,East,0,1,16,Month-to-month,Credit card,Fiber optic,1,0,103.35,1690.48,0,0
C03548,2021-10-17,North,0,0,32,Two year,Electronic check,Fiber optic,0,0,82.09,2551.87,1,0
C03549,2022-11-14,south,1,0,19,Month-to-month,Electronic check,Fiber optic,0,1,94.09,1810.99,0,0
C03550,2019-06-28,South,0,1,60,Two year,Electronic check,Fiber optic,0,0,86.53,5108.39,1,0
C03551,2018-07-12,North,0,1,72,Two year,Electronic check,Fiber optic,1,1,112.11,,0,0
C03552,2021-10-15,West,0,1,32,One year,Credit card,Fiber optic,0,1,102.76,3227.8,3,0
C03553,2022-06-21,North,0,0,24,Month-to-month,Electronic check,Fiber optic,0,0,76.86,1812.55,1,1
C03554,2023-04-07,East,0,1,15,Month-to-month,Credit card,Fiber optic,1,0,95.44,1430.9,2,0
C03555,2023-12-17,West,1,0,6,Month-to-month,Credit card,Fiber optic,0,0,88.81,525.11,3,1
C03556,2021-08-15,South,0,1,35,One year,Electronic check,DSL,0,1,70.7,2528.75,0,0
C03557,2022-08-06,East,0,0,23,Month-to-month,Mailed check,Fiber optic,1,1,109.26,2613.37,4,1
C03558,2018-07-29,East,0,1,72,Two year,Credit card,Fiber optic,0,1,96.66,7149.37,1,0
C03559,2020-12-17,West,0,0,43,One year,Credit card,DSL,1,0,52.86,2284.49,1,0
C03560,2022-10-12,North,1,1,20,Month-to-month,Bank transfer,No,0,0,28.23,574.88,1,1
C03561,2021-01-13,south,0,1,42,One year,Electronic check,DSL,0,1,69.45,3032.87,1,0
C03562,2023-10-08,East,0,1,8,Month-to-month,Electronic check,DSL,1,0,61.47,496.29,0,0
C03563,2019-08-17,North,0,0,59,Two year,Credit card,No,0,0,18.7,1054.04,1,0
C03564,2024-05-31,West,0,1,1,Month-to-month,Mailed check,DSL,1,0,66.04,64.7,0,0
C03565,2018-07-22,East,0,1,72,Two year,Bank transfer,Fiber optic,1,1,108.9,7708.03,2,0
C03566,2018-10-28,North,0,1,69,Two year,Bank transfer,DSL,1,0,59.44,4299.79,0,0
C03567,2021-11-04,North,1,1,32,Two year,Mailed check,No,0,0,16.04,525.5,2,0
C03568,2023-10-25,North,0,0,8,Month-to-month,Electronic check,Fiber optic,0,1,99.0,786.3,1,1
C03569,2018-07-31,East,0,1,72,Two year,Mailed check,Fiber optic,1,0,92.69,6574.99,0,0
C03570,2023-11-25,East,0,0,7,Month-to-month,Credit card,Fiber optic,0,1,89.89,658.28,2,0
C03571,2018-10-27,South,0,0,69,One year,Electronic check,Fiber optic,0,1,93.83,6646.19,2,1
C03572,2023-10-04,East,1,0,9,Month-to-month,Electronic check,No,0,0,19.95,174.26,1,0
C03573,2022-10-21,South,0,1,20,Month-to-month,Credit card,Fiber optic,1,0,88.44,1764.28,2,0
C03574,2023-07-04,South,0,0,12,Month-to-month,Bank transfer,Fiber optic,0,0,91.54,1068.37,1,1
C03575,2023-10-14,North,1,0,8,Month-to-month,Bank transfer,No,0,0,24.75,207.7,0,1
C03576,2023-03-18,North,1,1,15,Month-to-month,Credit card,Fiber optic,1,0,98.67,1490.72,3,1
C03577,2019-08-31,East,0,1,58,Two year,Mailed check,DSL,0,0,55.36,3076.48,0,0
C03578,2023-08-18,East,1,1,10,Month-to-month,Credit card,DSL,0,0,50.06,491.15,0,0
C03579,2023-07-24,North,0,1,11,One year,Credit card,Fiber optic,0,1,93.64,1033.26,3,1
C03580,2022-10-29,North,0,1,20,Month-to-month,Electronic check,DSL,0,0,60.29,1207.36,0,1
C03581,2021-11-06,South,0,1,32,One year,Mailed check,Fiber optic,0,0,81.83,2545.35,0,0
C03582,2021-10-07,East,0,0,33,One year,Electronic check,DSL,0,1,66.87,2247.6,1,0
C03583,2023-07-31,East,0,1,11,Month-to-month,Bank transfer,Fiber optic,0,0,83.84,897.64,0,1
C03584,2022-02-27,East,0,1,28,One year,Bank transfer,DSL,1,0,64.37,1889.41,0,0
C03585,2021-05-28,North,0,0,37,Two year,Mailed check,No,0,0,19.5,744.92,1,0
C03586,2022-06-22,South,0,1,24,Two year,Credit card,DSL,0,1,66.05,1576.85,1,0
C03587,2023-05-16,West,0,1,13,Month-to-month,Mailed check,DSL,0,1,65.19,836.15,0,1
C03588,2023-06-27,East,0,1,12,Month-to-month,Credit card,Fiber optic,0,0,83.72,972.15,2,1
C03589,2021-09-16,West,0,1,33,One year,Bank transfer,Fiber optic,0,1,96.17,3041.66,1,0
C03590,2024-01-29,East,0,0,5,Month-to-month,Mailed check,Fiber optic,0,1,93.22,477.97,0,0
C03591,2020-08-29,West,0,1,46,Two year,Electronic check,Fiber optic,0,1,91.4,4367.11,1,0
C03592,2024-04-04,East,0,0,2,Month-to-month,Bank transfer,DSL,0,1,65.52,131.03,3,1
C03593,2022-11-13,East,0,0,19,Two year,Bank transfer,No,0,0,16.5,325.89,0,0
C03594,2024-06-27,East,0,1,0,Month-to-month,Electronic check,Fiber optic,0,0,84.74,,3,1
C03595,2023-01-17,South,0,0,17,Month-to-month,Credit card,DSL,0,1,62.73,1076.05,0,0
C03596,2018-07-07,south,1,0,72,Two year,Mailed check,Fiber optic,0,1,89.43,6280.76,1,0
C03597,2018-07-22,North,0,0,72,Two year,Electronic check,Fiber optic,1,1,112.82,8380.58,1,0
C03598,2019-01-12,South,0,1,66,Two year,Credit card,Fiber optic,0,0,82.47,5290.01,2,0
C03599,2022-08-26,North,0,0,22,Two year,Mailed check,Fiber optic,1,0,86.1,1975.52,3,0
C03600,2023-03-24,South,0,1,15,Month-to-month,Bank transfer,Fiber optic,0,0,87.97,1278.74,0,0
C03601,2024-01-13,West,1,1,5,Month-to-month,Bank transfer,Fiber optic,0,0,83.03,409.13,1,1
C03602,2022-12-31,South,0,0,18,Month-to-month,Electronic check,DSL,1,1,76.73,1328.77,0,0
C03603,2023-06-27,East,0,1,12,Month-to-month,Mailed check,DSL,1,1,77.47,909.48,0,0
C03604,2022-04-22,South,0,1,26,Month-to-month,Electronic check,No,0,0,23.68,615.93,0,0
C03605,2019-03-26,West,0,1,64,Two year,Electronic check,Fiber optic,0,1,97.86,6193.08,0,0
C03606,2023-09-20,North,1,0,9,Month-to-month,Bank transfer,Fiber optic,0,1,91.03,829.82,3,1
C03607,2023-10-12,West,0,1,8,Month-to-month,Electronic check,DSL,0,1,61.85,488.17,0,0
C03608,2022-09-06,East,0,1,22,Month-to-month,Credit card,Fiber optic,1,0,88.89,1969.17,1,1
C03609,2021-11-06,West,0,0,32,Month-to-month,Mailed check,DSL,1,0,62.65,2030.75,0,0
C03610,2023-02-12,North,0,1,16,Month-to-month,Electronic check,DSL,1,0,66.19,1104.11,0,0
C03611,2018-07-17,West,1,1,72,One year,Credit card,DSL,0,1,63.39,,1,1
C03612,2022-04-22,West,0,0,26,Month-to-month,Mailed check,Fiber optic,1,0,91.92,2333.7,1,0
C03613,2021-02-21,South,0,0,40,One year,Bank transfer,Fiber optic,0,0,81.76,3260.92,1,0
C03614,2022-11-15,East,0,0,19,Two year,Bank transfer,DSL,0,0,52.3,953.89,0,1
C03615,2023-06-26,East,0,1,12,One year,Credit card,DSL,0,0,57.36,669.21,1,0
C03616,2021-05-11,North,0,1,38,One year,Electronic check,Fiber optic,0,0,83.5,3107.65,2,0
C03617,2024-03-13,East,0,0,3,Month-to-month,Electronic check,Fiber optic,0,0,999.0,279.44,0,1
C03618,2023-08-26,East,0,1,10,Month-to-month,Credit card,Fiber optic,1,1,104.55,1072.25,3,1
C03619,2019-03-21,North,0,0,64,Month-to-month,Electronic check,DSL,0,1,66.8,4444.77,1,0
C03620,2018-10-21,South,0,1,69,Two year,Bank transfer,Fiber optic,0,0,83.91,5673.2,1,0
C03621,2023-07-22,East,1,0,11,One year,Bank transfer,No,0,0,20.85,237.58,1,0
C03622,2023-03-04,West,0,1,16,Month-to-month,Bank transfer,Fiber optic,0,0,86.84,1427.23,2,1
C03623,2024-01-26,North,0,0,5,Month-to-month,Credit card,DSL,1,0,64.82,312.61,0,1
C03624,2020-02-26,West,0,1,52,Two year,Credit card,Fiber optic,1,1,117.5,6000.99,3,0
C03625,2021-12-17,West,0,0,30,One year,Electronic check,DSL,0,0,60.84,1863.77,0,0
C03626,2018-07-22,West,0,1,72,One year,Bank transfer,DSL,0,1,64.58,,1,0
C03627,2021-11-12,North,0,0,32,Two year,Bank transfer,DSL,1,1,82.15,2563.53,0,0
C03628,2021-08-06,East,0,1,35,One year,Electronic check,No,0,0,24.72,907.72,1,0
C03629,2022-06-29,South,0,1,24,One year,Credit card,Fiber optic,1,0,89.62,2147.47,1,0
C03630,2018-07-18,West,1,1,72,Month-to-month,Mailed check,No,0,0,15.0,1063.61,0,0
C03631,2022-03-02,East,0,1,28,Month-to-month,Electronic check,Fiber optic,1,1,107.75,2973.81,2,0
C03632,2020-08-22,East,0,0,46,Two year,Credit card,Fiber optic,1,0,94.36,4391.87,2,0
C03633,2019-12-01,North,0,0,55,One year,Credit card,DSL,0,0,44.98,2509.77,1,0
C03634,2022-04-02,West,0,0,27,Month-to-month,Electronic check,Fiber optic,0,0,85.41,2390.34,2,1
C03635,2023-08-06,South,0,1,10,One year,Bank transfer,DSL,0,1,67.08,681.35,1,0
C03636,2022-11-11,North,0,1,19,Month-to-month,Electronic check,Fiber optic,1,1,104.46,2071.54,2,1
C03637,2018-07-22,West,1,1,72,Two year,Electronic check,DSL,1,0,71.21,5165.26,1,0
C03638,2023-03-11,West,0,1,15,Month-to-month,Electronic check,DSL,0,1,66.0,989.35,0,0
C03639,2019-05-31,South,1,0,61,Two year,Credit card,Fiber optic,1,0,93.32,5855.03,0,0
C03640,2022-11-29,East,0,0,19,Month-to-month,Electronic check,DSL,0,1,66.9,1234.66,0,0
C03641,2024-04-22,East,0,1,2,Month-to-month,Electronic check,DSL,1,0,59.45,120.5,0,1
C03642,2021-08-28,South,0,1,34,Month-to-month,Bank transfer,No,0,0,16.23,546.32,2,0
C03643,2023-04-13,East,0,1,14,Two year,Mailed check,DSL,1,0,53.62,723.21,0,1
C03644,2021-10-25,West,0,1,32,Month-to-month,Electronic check,DSL,1,0,66.44,2087.38,1,0
C03645,2024-01-14,West,0,1,5,Month-to-month,Electronic check,DSL,0,1,70.56,357.47,1,1
C03646,2023-10-26,East,1,1,8,One year,Credit card,DSL,0,1,68.02,568.2,0,0
C03647,2023-06-15,South,1,1,12,Month-to-month,Bank transfer,Fiber optic,0,0,85.71,1033.87,3,1
C03648,2022-10-10,West,0,1,20,Month-to-month,Bank transfer,DSL,1,0,64.53,1279.37,0,1
C03649,2020-10-25,West,0,0,44,Month-to-month,Electronic check,Fiber optic,0,0,90.89,4157.11,2,0
C03650,2018-10-13,North,1,0,69,Two year,Mailed check,Fiber optic,0,1,96.26,6442.16,3,1
C03651,2019-09-23,South,0,1,58,Month-to-month,Credit card,DSL,1,1,80.43,4469.54,0,0
C03652,2023-09-13,East,0,1,9,Month-to-month,Electronic check,No,0,0,23.02,203.52,2,1
C03653,2022-08-24,East,0,1,22,Month-to-month,Electronic check,No,0,0,15.0,316.38,1,0
C03654,2024-04-11,East,0,0,2,Month-to-month,Mailed check,DSL,1,1,79.45,157.62,0,0
C03655,2022-01-22,East,0,0,29,Month-to-month,Electronic check,DSL,0,0,50.37,1422.91,1,0
C03656,2021-01-11,North,0,0,42,Month-to-month,Electronic check,DSL,1,1,74.58,3034.49,0,0
C03657,2022-11-22,North,0,0,19,Month-to-month,Credit card,DSL,0,1,66.11,1217.47,1,0
C03658,2024-02-14,West,0,0,4,Month-to-month,Mailed check,Fiber optic,0,0,89.84,,1,1
C03659,2021-04-02,East,0,1,39,Two year,Bank transfer,Fiber optic,0,0,81.96,3209.24,4,0
C03660,2023-09-09,East,0,1,9,Month-to-month,Electronic check,Fiber optic,1,1,108.15,924.85,4,1
C03661,2023-08-17,South,0,1,10,Month-to-month,Bank transfer,DSL,0,0,48.59,491.59,0,1
C03662,2018-07-10,South,0,0,72,Two year,Bank transfer,DSL,0,0,54.08,3973.18,1,0
C03663,2023-08-15,South,0,1,10,Two year,Credit card,No,0,0,17.92,183.05,1,0
C03664,2019-05-15,East,1,0,62,One year,Mailed check,No,0,0,24.88,1543.75,0,0
C03665,2023-08-16,East,1,0,10,Month-to-month,Credit card,DSL,1,0,61.83,616.09,1,1
C03666,2022-09-23,North,0,0,21,Month-to-month,Electronic check,Fiber optic,0,1,90.58,1921.54,1,0
C03667,2022-09-22,South,0,0,21,Month-to-month,Bank transfer,Fiber optic,1,0,93.11,1916.0,0,1
C03668,2024-01-13,West,0,0,5,Month-to-month,Credit card,Fiber optic,1,1,104.37,501.73,1,1
C03669,2023-07-19,East,0,0,11,Month-to-month,Bank transfer,Fiber optic,0,1,97.82,1076.91,5,1
C03670,2020-06-10,West,0,0,49,One year,Bank transfer,No,0,0,25.13,1276.58,0,0
C03671,2023-04-17,East,0,1,14,Month-to-month,Credit card,DSL,0,1,65.51,915.87,1,1
C03672,2018-07-23,South,0,0,72,One year,Credit card,DSL,1,0,66.32,4669.79,0,0
C03673,2023-10-18,West,0,0,8,Month-to-month,Electronic check,No,0,0,19.46,151.19,0,1
C03674,2023-07-23,East,0,0,11,Month-to-month,Electronic check,DSL,1,1,78.86,829.83,0,1
C03675,2021-10-28,North,1,0,32,One year,Bank transfer,DSL,0,0,50.95,1699.65,0,0
C03676,2018-07-03,South,0,1,72,Two year,Credit card,Fiber optic,0,0,84.77,5998.29,0,0
C03677,2022-02-23,East,1,0,28,Month-to-month,Mailed check,Fiber optic,0,1,100.64,2930.12,2,1
C03678,2020-09-29,South,0,1,45,One year,Electronic check,Fiber optic,0,0,81.82,3845.76,1,1
C03679,2023-07-25,South,1,0,11,Month-to-month,Mailed check,Fiber optic,0,1,96.17,1052.01,3,1
C03680,2023-03-05,West,0,0,16,Month-to-month,Electronic check,Fiber optic,1,1,106.59,1692.15,2,0
C03681,2023-02-08,South,0,0,16,One year,Electronic check,DSL,0,0,48.93,768.46,1,0
C03682,2024-02-28,South,1,1,4,Month-to-month,Electronic check,Fiber optic,0,0,87.74,355.8,3,1
C03683,2024-01-13,North,0,0,5,Month-to-month,Electronic check,Fiber optic,0,1,94.58,459.37,2,1
C03684,2023-12-29,South,1,1,6,Month-to-month,Bank transfer,No,0,0,19.67,116.11,1,0
C03685,2023-07-15,West,0,1,11,Month-to-month,Electronic check,DSL,0,0,57.32,617.56,1,0
C03686,2023-05-11,South,0,1,13,Month-to-month,Electronic check,DSL,0,0,57.72,740.94,1,1
C03687,2021-05-17,South,0,0,38,Month-to-month,Mailed check,Fiber optic,1,0,90.1,3278.1,2,1
C03688,2018-07-28,east,0,1,72,Two year,Electronic check,DSL,0,0,56.52,4081.23,2,0
C03689,2019-10-11,West,0,1,57,One year,Mailed check,DSL,0,0,58.8,3214.71,1,0
C03690,2021-09-01,West,0,0,34,Month-to-month,Electronic check,No,0,0,17.23,602.43,1,1
C03691,2023-10-01,South,0,1,9,Month-to-month,Electronic check,Fiber optic,0,1,100.04,893.18,3,1
C03692,2021-09-25,North,0,0,33,One year,Bank transfer,DSL,0,0,56.52,1909.19,2,0
C03693,2022-01-05,East,0,0,30,Month-to-month,Electronic check,DSL,0,1,68.84,1988.86,0,0
C03694,2023-01-13,South,0,1,17,Month-to-month,Electronic check,DSL,0,0,58.33,999.42,1,0
C03695,2023-09-26,South,0,0,9,One year,Electronic check,Fiber optic,1,1,103.34,901.35,1,1
C03696,2023-11-24,North,0,1,7,Month-to-month,Electronic check,Fiber optic,0,1,93.1,656.89,3,1
C03697,2023-11-13,West,0,0,7,Month-to-month,Electronic check,DSL,0,0,59.53,413.49,0,1
C03698,2021-12-07,North,0,1,31,Month-to-month,Mailed check,DSL,0,0,53.66,1687.83,1,0
C03699,2022-10-31,South,0,0,20,Month-to-month,Electronic check,DSL,0,0,49.1,941.81,0,0
C03700,2021-12-10,South,0,0,31,Month-to-month,Electronic check,DSL,0,0,54.28,1750.29,1,1
C03701,2022-08-04,North,1,0,23,Two year,Credit card,DSL,0,0,54.5,1251.28,1,0
C03702,2021-07-14,West,1,1,36,Month-to-month,Electronic check,Fiber optic,1,1,107.92,3952.32,0,0
C03703,2021-02-13,East,0,0,41,One year,Electronic check,DSL,0,0,53.4,2136.13,0,0
C03704,2023-09-30,East,0,1,9,One year,Mailed check,DSL,0,1,73.89,679.85,1,1
C03705,2024-02-14,North,0,0,4,Month-to-month,Electronic check,Fiber optic,1,0,91.36,381.52,1,1
C03706,2022-04-22,North,0,1,26,Month-to-month,Credit card,Fiber optic,1,1,99.18,2696.43,2,1
C03707,2023-01-22,North,0,1,17,Month-to-month,Electronic check,DSL,1,0,59.07,1034.05,0,0
C03708,2022-06-09,East,0,0,25,One year,Mailed check,DSL,1,1,74.0,1831.54,1,0
C03709,2021-12-14,East,0,1,30,Month-to-month,Credit card,DSL,1,0,66.84,1941.74,1,0
C03710,2022-10-20,West,1,0,20,One year,Electronic check,DSL,1,0,64.12,1252.38,1,0
C03711,2018-07-07,West,0,0,72,Two year,Electronic check,Fiber optic,0,1,98.32,7257.67,2,0
C03712,2022-09-14,South,0,1,21,One year,Bank transfer,DSL,0,0,52.25,1073.45,0,0
C03713,2022-02-01,North,0,0,29,Two year,Credit card,Fiber optic,0,1,98.58,2796.22,2,0
C03714,2022-12-23,North,1,1,18,One year,Mailed check,Fiber optic,0,0,78.59,1382.63,4,0
C03715,2020-08-18,West,0,0,47,Two year,Bank transfer,DSL,0,0,55.56,2564.56,1,0
C03716,2019-08-28,West,0,1,58,Two year,Electronic check,DSL,0,1,69.31,4038.02,0,0
C03717,2018-07-03,East,0,1,72,One year,Bank transfer,DSL,1,0,61.23,4494.95,1,0
C03718,2021-10-01,North,0,0,33,Two year,Electronic check,DSL,0,0,61.64,2011.6,0,0
C03719,2021-09-23,West,0,0,33,Two year,Bank transfer,Fiber optic,0,0,77.42,2525.76,2,0
C03720,2023-11-19,West,0,0,7,Month-to-month,Electronic check,DSL,0,0,57.72,417.41,0,0
C03721,2022-03-07,North,1,0,28,One year,Mailed check,Fiber optic,0,1,100.26,2722.59,3,1
C03722,2023-03-04,West,0,1,16,Month-to-month,Electronic check,Fiber optic,0,1,93.45,1511.76,2,1
C03723,2020-08-23,East,0,1,46,Two year,Bank transfer,Fiber optic,0,1,98.18,4541.36,1,0
C03724,2023-12-14,West,0,1,6,Month-to-month,Bank transfer,Fiber optic,1,0,91.48,546.68,2,1
C03725,2018-07-26,East,0,0,72,Two year,Credit card,Fiber optic,1,1,108.08,8094.7,3,0
C03726,2021-12-21,North,1,1,30,One year,Credit card,No,0,0,19.02,542.74,0,0
C03727,2020-07-23,East,0,0,47,Two year,Mailed check,No,0,0,19.91,964.09,0,0
C03728,2023-05-31,North,0,1,13,Month-to-month,Bank transfer,DSL,1,0,62.57,805.91,0,0
C03729,2018-07-25,South,1,1,72,One year,Electronic check,DSL,1,0,62.59,4652.61,1,0
C03730,2022-05-24,West,0,0,25,One year,Credit card,DSL,0,1,63.81,1587.62,1,0
C03731,2022-03-08,West,1,1,28,Two year,Bank transfer,DSL,0,0,57.48,1558.21,2,0
C03732,2018-07-20,South,0,1,72,Two year,Mailed check,Fiber optic,0,0,91.58,6636.55,3,0
C03733,2019-05-09,South,0,0,62,One year,Mailed check,DSL,0,0,64.02,4157.1,3,0
C03734,2023-05-08,South,0,0,13,One year,Bank transfer,Fiber optic,0,0,88.65,1107.27,2,1
C03735,2022-04-15,north,0,1,26,Month-to-month,Credit card,Fiber optic,0,1,96.89,2616.08,3,1
C03736,2022-01-10,East,0,1,30,Two year,Credit card,DSL,0,1,70.9,2153.15,0,0
C03737,2022-04-25,South,0,1,26,Month-to-month,Mailed check,Fiber optic,0,1,98.32,2638.65,2,1
C03738,2023-10-23,North,0,0,8,One year,Mailed check,DSL,1,0,63.54,524.83,0,0
C03739,2020-11-11,East,0,1,44,One year,Credit card,Fiber optic,0,1,104.81,4437.68,0,0
C03740,2021-10-02,East,0,0,33,Month-to-month,Bank transfer,Fiber optic,0,0,88.84,2901.65,6,1
C03741,2024-01-03,East,1,1,5,Month-to-month,Bank transfer,DSL,0,0,51.96,261.69,1,1
C03742,2023-05-23,West,0,0,13,Month-to-month,Bank transfer,Fiber optic,1,0,98.79,1325.07,2,1
C03743,2022-09-22,East,0,0,21,Two year,Bank transfer,DSL,1,1,79.24,1630.78,0,0
C03744,2021-12-04,East,0,0,31,Month-to-month,Bank transfer,Fiber optic,0,0,81.19,2633.64,1,0
C03745,2022-06-14,North,0,0,24,Month-to-month,Bank transfer,Fiber optic,1,0,95.24,2181.23,2,1
C03746,2023-02-28,South,0,1,16,One year,Credit card,Fiber optic,0,0,84.72,1365.26,3,1
C03747,2021-11-07,South,0,1,32,Month-to-month,Credit card,Fiber optic,0,0,74.56,2421.48,3,0
C03748,2018-07-22,West,0,0,72,Two year,Mailed check,No,0,0,15.0,1088.17,0,0
C03749,2023-08-27,South,0,1,10,Month-to-month,Electronic check,Fiber optic,0,0,89.32,853.88,2,1
C03750,2024-05-27,East,0,1,1,Month-to-month,Bank transfer,Fiber optic,0,0,82.09,81.71,0,1
C03751,2024-02-11,East,0,1,4,Month-to-month,Bank transfer,Fiber optic,1,0,97.33,377.35,2,1
C03752,2023-07-03,North,0,1,12,Month-to-month,Mailed check,Fiber optic,0,1,102.05,1229.99,1,1
C03753,2024-01-27,West,0,1,5,Month-to-month,Credit card,Fiber optic,1,1,98.71,486.93,1,0
C03754,2019-07-31,East,0,0,59,One year,Electronic check,No,0,0,26.44,1610.83,1,0
C03755,2023-12-30,North,0,0,6,Month-to-month,Electronic check,DSL,0,0,54.31,311.65,1,1
C03756,2020-09-04,North,1,1,46,Month-to-month,Credit card,DSL,1,1,78.54,3586.42,0,0
C03757,2024-02-04,West,1,0,4,Month-to-month,Credit card,DSL,0,1,74.75,309.73,0,0
C03758,2022-01-19,South,0,1,29,Month-to-month,Mailed check,DSL,0,0,58.85,1733.18,1,1
C03759,2019-04-02,North,0,0,63,Two year,Electronic check,DSL,0,1,66.29,4041.0,0,0
C03760,2023-05-27,East,0,0,13,Month-to-month,Mailed check,DSL,0,1,64.86,869.15,0,0
C03761,2019-02-28,North,0,1,64,Two year,Mailed check,Fiber optic,0,0,83.2,5237.24,2,0
C03762,2023-03-11,North,0,0,15,Month-to-month,Mailed check,DSL,0,1,64.74,973.23,0,0
C03763,2023-10-23,West,1,1,8,Month-to-month,Electronic check,DSL,0,0,60.05,,2,0
C03764,2018-08-07,North,0,1,71,Month-to-month,Electronic check,Fiber optic,1,1,109.16,7454.32,0,0
C03765,2023-04-05,West,0,1,15,Month-to-month,Bank transfer,DSL,0,0,55.84,851.12,0,0
C03766,2022-03-15,East,0,0,27,One year,Bank transfer,Fiber optic,0,1,96.12,2642.99,0,0
C03767,2021-06-07,South,0,0,37,Month-to-month,Bank transfer,Fiber optic,0,0,87.91,3296.38,4,0
C03768,2022-06-18,South,0,0,24,Month-to-month,Mailed check,No,0,0,15.0,366.36,1,0
C03769,2020-08-13,South,0,0,47,One year,Electronic check,Fiber optic,1,1,114.45,5239.47,3,1
C03770,2021-09-23,East,0,1,33,One year,Mailed check,DSL,0,0,53.93,1731.69,1,0
C03771,2018-07-09,West,0,0,72,Two year,Credit card,DSL,0,0,51.19,3593.07,0,0
C03772,2018-09-13,South,0,1,70,Two year,Mailed check,No,0,0,24.59,1680.63,0,0
C03773,2023-03-08,East,0,1,16,One year,Bank transfer,Fiber optic,0,0,89.49,1412.14,1,1
C03774,2021-05-24,East,0,0,37,Two year,Mailed check,Fiber optic,1,1,106.7,3849.24,1,0
C03775,2021-06-18,North,0,0,36,One year,Credit card,Fiber optic,0,0,90.31,3403.04,1,1
C03776,2023-08-26,West,0,0,10,Month-to-month,Mailed check,DSL,0,0,59.01,565.53,1,0
C03777,2021-02-17,West,1,0,40,One year,Mailed check,Fiber optic,0,0,86.52,3581.42,2,0
C03778,2023-03-06,North,0,1,16,Month-to-month,Credit card,Fiber optic,0,1,90.44,1426.32,5,1
C03779,2023-10-23,South,0,0,8,One year,Electronic check,No,0,0,20.51,165.84,1,0
C03780,2019-03-19,West,0,1,64,Two year,Bank transfer,DSL,1,1,77.04,4840.26,0,0
C03781,2021-10-25,West,0,0,32,Month-to-month,Mailed check,Fiber optic,0,1,96.0,3195.51,0,0
C03782,2018-07-09,North,0,1,72,Two year,Credit card,DSL,0,0,53.52,3686.29,1,0
C03783,2020-01-29,West,0,0,53,Two year,Bank transfer,No,0,0,23.01,1190.79,1,0
C03784,2024-03-29,South,1,0,3,Month-to-month,Electronic check,DSL,1,1,72.02,226.02,0,1
C03785,2022-08-14,South,0,1,22,Month-to-month,Credit card,Fiber optic,0,1,101.78,2207.33,1,0
C03786,2018-07-06,South,1,1,72,Two year,Bank transfer,DSL,0,1,66.8,4690.08,1,0
C03787,2021-10-04,East,0,1,33,Two year,Bank transfer,Fiber optic,1,0,91.63,2962.34,1,0
C03788,2022-03-27,North,0,1,27,Month-to-month,Electronic check,Fiber optic,1,0,93.84,2436.12,0,0
C03789,2018-07-15,East,0,0,72,Month-to-month,Electronic check,DSL,0,0,55.8,3953.18,0,1
C03790,2018-07-09,North,0,1,72,One year,Bank transfer,Fiber optic,0,0,90.77,6416.76,5,0
C03791,2024-01-22,North,0,1,5,Month-to-month,Mailed check,No,0,0,22.84,111.68,0,1
C03792,2022-07-26,West,0,1,23,Month-to-month,Credit card,No,0,0,24.72,544.76,0,0
C03793,2021-09-24,South,1,1,33,Month-to-month,Electronic check,DSL,0,0,54.75,1823.82,0,1
C03794,2023-08-10,West,1,1,10,Month-to-month,Bank transfer,Fiber optic,0,1,96.15,979.45,3,1
C03795,2021-08-06,East,0,0,35,One year,Electronic check,Fiber optic,0,1,104.43,3729.1,2,0
C03796,2023-12-04,West,0,0,6,One year,Bank transfer,Fiber optic,1,0,94.45,547.51,1,1
C03797,2021-01-22,North,0,0,41,One year,Electronic check,Fiber optic,1,1,104.81,4360.48,1,1
C03798,2021-09-20,West,0,1,33,One year,Mailed check,Fiber optic,0,0,82.4,2825.03,1,0
C03799,2022-08-22,West,0,1,22,Month-to-month,Electronic check,DSL,1,1,78.18,1802.18,1,0
C03800,2022-07-15,South,0,1,23,Month-to-month,Bank transfer,Fiber optic,1,0,90.66,2167.35,0,0
C03801,2021-05-24,North,1,0,37,Month-to-month,Electronic check,DSL,1,1,77.73,2771.63,2,1
C03802,2019-08-02,North,0,1,59,Month-to-month,Credit card,DSL,1,0,65.66,4049.74,0,0
C03803,2023-12-31,East,0,1,6,Month-to-month,Electronic check,DSL,1,0,67.36,397.05,0,0
C03804,2023-06-23,North,0,0,12,Month-to-month,Bank transfer,DSL,1,0,58.0,663.27,2,0
C03805,2021-01-22,North,0,1,41,Month-to-month,Bank transfer,Fiber optic,0,1,89.01,3599.87,2,1
C03806,2023-02-26,East,0,0,16,Month-to-month,Electronic check,Fiber optic,0,1,95.25,1494.63,3,1
C03807,2021-07-05,East,0,0,36,One year,Electronic check,DSL,0,0,54.44,1994.34,1,0
C03808,2021-06-30,West,0,0,36,One year,Electronic check,Fiber optic,1,0,90.53,3416.78,1,0
C03809,2018-07-10,West,0,1,72,Two year,Bank transfer,No,0,0,15.0,1104.52,1,0
C03810,2022-12-02,South,0,0,19,One year,Credit card,No,0,0,21.73,420.21,1,0
C03811,2021-09-25,South,0,1,33,One year,Electronic check,No,0,0,18.75,598.3,0,0
C03812,2023-06-23,North,0,1,12,Month-to-month,Bank transfer,No,0,0,23.23,284.88,0,1
C03813,2020-09-21,North,0,1,45,One year,Bank transfer,Fiber optic,0,0,79.5,3495.93,1,1
C03814,2021-11-10,South,1,1,32,Month-to-month,Bank transfer,No,0,0,19.57,612.39,0,0
C03815,2023-08-04,West,0,1,11,Month-to-month,Mailed check,No,0,0,26.69,291.63,0,1
C03816,2021-08-06,West,0,0,35,Month-to-month,Credit card,DSL,1,0,63.81,2321.17,1,0
C03817,2022-05-14,West,0,0,25,Month-to-month,Mailed check,No,0,0,17.67,429.25,1,0
C03818,2022-10-18,South,0,1,20,Month-to-month,Credit card,Fiber optic,1,1,110.65,2299.81,2,1
C03819,2021-12-01,East,0,1,31,One year,Electronic check,Fiber optic,0,0,89.87,2784.95,1,1
C03820,2018-07-30,East,0,1,72,Two year,Credit card,No,0,0,17.46,1202.93,0,0
C03821,2023-04-19,North,0,0,14,One year,Credit card,DSL,0,1,64.75,922.23,1,0
C03822,2020-08-23,South,0,1,46,One year,Credit card,Fiber optic,0,0,88.46,4138.85,0,0
C03823,2023-07-14,East,0,1,11,Month-to-month,Electronic check,Fiber optic,0,1,98.2,1130.52,1,1
C03824,2022-08-09,South,0,1,23,Month-to-month,Credit card,Fiber optic,0,0,86.29,1948.9,2,1
C03825,2021-02-21,South,0,0,40,One year,Electronic check,No,0,0,20.95,804.37,0,0
C03826,2023-06-29,South,0,1,12,Month-to-month,Bank transfer,No,0,0,19.8,236.27,0,0
C03827,2022-12-15,North,0,1,18,Month-to-month,Mailed check,Fiber optic,0,0,89.01,1567.18,2,1
C03828,2021-01-19,West,0,1,41,Month-to-month,Bank transfer,No,0,0,25.55,1052.49,1,1
C03829,2018-07-22,West,0,0,72,Two year,Mailed check,DSL,0,0,50.88,3688.45,0,0
C03830,2020-09-23,West,0,1,45,One year,Electronic check,No,0,0,23.55,1043.09,0,0
C03831,2022-03-25,West,0,0,27,Month-to-month,Electronic check,DSL,0,0,54.82,1547.22,0,0
C03832,2020-07-19,South,1,0,48,One year,Electronic check,Fiber optic,0,0,79.86,3708.19,1,0
C03833,2023-08-24,North,0,0,10,Month-to-month,Mailed check,DSL,0,1,63.3,615.09,2,1
C03834,2023-03-12,South,0,0,15,Month-to-month,Credit card,Fiber optic,0,1,95.36,1413.97,1,0
C03835,2022-04-30,West,0,0,26,Month-to-month,Bank transfer,DSL,0,0,59.23,1546.03,0,0
C03836,2022-10-14,North,0,1,20,Month-to-month,Credit card,DSL,0,1,62.86,,1,0
C03837,2023-02-23,East,0,0,16,One year,Credit card,Fiber optic,1,1,99.8,1629.66,1,0
C03838,2022-12-24,North,0,0,18,Month-to-month,Mailed check,Fiber optic,1,0,93.94,1621.04,2,0
C03839,2022-10-10,South,0,0,20,One year,Mailed check,DSL,0,1,65.09,1359.59,0,0
C03840,2023-03-12,North,0,0,15,Month-to-month,Mailed check,Fiber optic,0,0,89.28,1279.62,3,0
C03841,2022-12-13,North,0,0,18,One year,Electronic check,DSL,0,1,68.03,1241.33,0,0
C03842,2021-09-30,North,0,0,33,One year,Bank transfer,DSL,0,0,57.85,1913.91,1,0
C03843,2022-01-24,East,0,1,29,One year,Bank transfer,DSL,1,0,63.43,1793.12,1,0
C03844,2022-08-06,East,0,0,23,One year,Bank transfer,Fiber optic,1,0,90.13,,1,0
C03845,2022-03-17,South,0,0,27,Two year,Bank transfer,Fiber optic,1,0,100.25,2704.25,3,0
C03846,2023-03-02,West,0,0,16,Month-to-month,Electronic check,Fiber optic,1,1,104.64,1599.61,2,1
C03847,2020-04-22,South,0,1,51,One year,Bank transfer,Fiber optic,0,1,99.59,5008.48,3,1
C03848,2022-01-03,East,0,1,30,One year,Electronic check,Fiber optic,0,0,83.53,2484.97,2,1
C03849,2022-10-30,East,0,1,20,Month-to-month,Credit card,Fiber optic,0,0,87.63,1751.22,0,0
C03850,2022-03-03,East,0,1,28,Month-to-month,Electronic check,No,0,0,21.21,592.85,1,0
C03851,2022-08-05,West,1,1,23,Month-to-month,Mailed check,DSL,0,0,55.51,1337.27,0,0
C03852,2024-01-10,West,0,1,5,Month-to-month,Mailed check,DSL,0,0,56.65,294.09,1,1
C03853,2022-11-04,East,0,1,20,Month-to-month,Electronic check,DSL,1,0,64.04,1306.6,0,0
C03854,2022-12-02,West,0,0,19,Month-to-month,Mailed check,Fiber optic,0,0,78.18,1556.23,2,1
C03855,2022-01-19,East,1,1,29,One year,Electronic check,Fiber optic,0,1,98.16,2797.87,2,1
C03856,2022-05-20,South,1,1,25,Month-to-month,Bank transfer,DSL,0,1,71.58,1754.27,1,1
C03857,2020-04-23,West,0,0,50,Two year,Credit card,No,0,0,19.82,987.47,1,0
C03858,2022-09-23,North,0,1,21,Month-to-month,Electronic check,No,0,0,18.75,400.88,0,0
C03859,2020-03-16,South,1,0,52,One year,Mailed check,DSL,1,0,66.04,3504.89,0,0
C03860,2022-12-21,North,1,0,18,Month-to-month,Credit card,DSL,1,1,80.92,1478.77,1,0
C03861,2021-11-11,West,0,1,32,Month-to-month,Mailed check,DSL,1,0,63.88,1981.3,1,1
C03862,2023-02-15,west,0,1,16,Month-to-month,Credit card,DSL,0,0,49.02,762.2,0,0
C03863,2021-01-05,West,0,1,42,One year,Mailed check,No,0,0,20.63,850.26,2,0
C03864,2022-03-20,North,0,1,27,Month-to-month,Mailed check,Fiber optic,0,0,86.46,2319.14,0,0
C03865,2018-07-24,South,0,0,72,Two year,Electronic check,DSL,0,0,55.7,3955.79,1,0
C03866,2023-08-24,South,0,1,10,Month-to-month,Electronic check,Fiber optic,0,1,95.02,966.06,4,1
C03867,2021-12-03,North,0,1,31,One year,Bank transfer,DSL,1,0,66.34,2091.04,0,0
C03868,2021-06-26,East,0,0,36,Month-to-month,Credit card,Fiber optic,1,0,94.08,3325.47,0,1
C03869,2020-11-29,North,0,1,43,One year,Electronic check,Fiber optic,0,0,83.25,3667.53,3,0
C03870,2024-03-01,East,0,1,4,Month-to-month,Credit card,Fiber optic,1,0,93.86,370.47,1,1
C03871,2023-05-11,East,0,0,13,Month-to-month,Mailed check,Fiber optic,0,1,97.69,1210.86,1,0
C03872,2023-11-10,East,0,1,7,Month-to-month,Mailed check,No,0,0,21.12,150.11,2,1
C03873,2023-03-14,West,0,0,15,Month-to-month,Credit card,DSL,0,0,52.95,817.17,2,0
C03874,2021-12-21,West,0,0,30,Month-to-month,Credit card,Fiber optic,1,1,107.8,3291.57,2,1
C03875,2022-09-28,South,0,0,21,Two year,Mailed check,DSL,1,0,66.53,1353.57,0,0
C03876,2024-03-03,East,0,1,3,Month-to-month,Electronic check,DSL,0,0,57.23,170.5,1,1
C03877,2024-01-10,West,0,1,5,Month-to-month,Electronic check,No,0,0,21.93,112.94,1,1
C03878,2018-07-27,West,1,0,72,Two year,Electronic check,Fiber optic,0,0,90.21,6218.04,4,1
C03879,2022-11-30,East,0,0,19,Month-to-month,Credit card,DSL,0,0,57.74,1145.77,0,1
C03880,2021-05-14,North,0,0,38,Month-to-month,Electronic check,Fiber optic,0,0,93.02,3372.17,3,1
C03881,2023-08-13,South,0,0,10,One year,Bank transfer,Fiber optic,1,1,111.13,1076.52,1,0
C03882,2019-03-02,West,0,1,64,Two year,Electronic check,No,0,0,24.0,1553.38,0,0
C03883,2023-06-14,North,0,1,12,One year,Mailed check,Fiber optic,1,1,102.09,1221.83,1,0
C03884,2023-07-26,East,0,0,11,Month-to-month,Mailed check,DSL,0,0,58.03,644.74,2,1
C03885,2021-01-21,east,0,0,41,Two year,Mailed check,Fiber optic,1,0,98.4,4015.46,0,0
C03886,2022-11-20,North,0,0,19,Month-to-month,Bank transfer,DSL,0,0,54.82,1076.3,0,0
C03887,2018-07-21,South,0,0,72,Two year,Credit card,DSL,0,1,58.81,4431.27,0,0
C03888,2019-06-29,West,0,0,60,Two year,Credit card,Fiber optic,0,0,75.68,4663.74,2,0
C03889,2018-07-17,East,0,0,72,Two year,Bank transfer,Fiber optic,0,0,83.88,6096.7,4,0
C03890,2021-10-24,West,0,0,32,Month-to-month,Electronic check,DSL,0,1,64.85,2050.19,0,0
C03891,2022-01-25,South,0,0,29,Month-to-month,Credit card,Fiber optic,0,1,91.03,2674.85,3,1
C03892,2018-10-23,West,0,0,69,One year,Credit card,Fiber optic,0,0,86.55,6147.44,0,0
C03893,2022-03-22,East,0,0,27,Month-to-month,Credit card,Fiber optic,0,0,80.47,2235.17,2,1
C03894,2023-04-04,West,1,0,15,Month-to-month,Mailed check,DSL,0,1,60.34,860.59,0,0
C03895,2020-02-09,South,0,0,53,Two year,Electronic check,DSL,0,1,75.25,4067.87,0,0
C03896,2018-07-22,South,0,0,72,One year,Bank transfer,DSL,1,0,67.02,4681.93,0,0
C03897,2023-04-12,North,1,0,14,Month-to-month,Mailed check,DSL,0,1,65.3,917.23,0,0
C03898,2023-08-15,North,0,0,10,Month-to-month,Mailed check,DSL,1,1,71.35,731.01,0,0
C03899,2023-07-25,North,0,0,11,Month-to-month,Mailed check,DSL,0,1,63.46,,1,0
C03900,2020-10-21,North,1,1,44,Month-to-month,Bank transfer,DSL,0,1,64.51,2706.74,0,0
C03901,2023-08-09,South,0,0,10,Month-to-month,Electronic check,DSL,0,1,64.83,637.13,2,1
C03902,2021-02-15,West,0,0,41,Two year,Bank transfer,No,0,0,18.71,733.48,2,0
C03903,2022-09-21,South,0,0,21,One year,Bank transfer,Fiber optic,0,1,92.28,1990.39,5,1
C03904,2022-12-25,West,0,1,18,Month-to-month,Mailed check,DSL,1,0,61.51,1070.88,0,0
C03905,2022-10-08,West,1,0,21,Month-to-month,Electronic check,No,0,0,15.0,303.17,3,0
C03906,2023-10-10,West,1,0,8,One year,Credit card,DSL,1,1,69.08,530.34,0,0
C03907,2018-07-23,East,0,1,72,Two year,Mailed check,Fiber optic,0,0,78.86,5797.29,3,1
C03908,2023-07-10,West,0,0,11,Two year,Mailed check,Fiber optic,1,1,104.56,1103.02,3,0
C03909,2024-03-20,South,0,0,3,Month-to-month,Mailed check,Fiber optic,0,0,83.77,250.01,3,1
C03910,2023-05-12,East,0,0,13,Two year,Mailed check,DSL,1,0,66.86,839.65,0,0
C03911,2023-09-14,West,0,1,9,Month-to-month,Bank transfer,DSL,0,1,68.66,626.05,0,1
C03912,2023-11-10,North,0,1,7,Month-to-month,Electronic check,Fiber optic,1,0,97.5,658.22,0,1
C03913,2020-10-31,North,0,0,44,Two year,Credit card,Fiber optic,0,1,95.78,4101.81,4,0
C03914,2023-09-29,North,0,0,9,Month-to-month,Electronic check,Fiber optic,1,1,109.62,1021.81,1,0
C03915,2022-10-25,East,0,1,20,Month-to-month,Credit card,Fiber optic,0,1,88.43,1683.13,2,1
C03916,2020-07-11,South,0,0,48,Month-to-month,Bank transfer,DSL,1,0,67.42,3085.59,1,0
C03917,2024-05-26,South,0,1,1,Month-to-month,Electronic check,Fiber optic,0,0,84.84,86.83,2,1
C03918,2022-05-25,West,0,1,25,Month-to-month,Bank transfer,DSL,0,0,58.85,1428.85,2,0
C03919,2023-02-17,North,0,0,16,One year,Electronic check,No,0,0,15.0,233.57,0,0
C03920,2023-08-31,north,0,1,10,Month-to-month,Credit card,Fiber optic,1,0,98.65,937.94,0,0
C03921,2022-08-13,South,0,1,22,Month-to-month,Bank transfer,Fiber optic,1,1,100.5,2213.39,2,0
C03922,2021-06-05,West,0,0,37,Two year,Mailed check,Fiber optic,0,0,89.48,3276.36,4,1
C03923,2022-03-29,East,0,0,27,Month-to-month,Mailed check,DSL,0,1,63.63,1775.28,0,1
C03924,2018-10-24,East,0,1,69,Two year,Credit card,DSL,0,0,56.66,3754.61,1,0
C03925,2023-06-30,East,0,0,12,Month-to-month,Bank transfer,Fiber optic,0,1,96.66,1217.71,2,1
C03926,2019-09-17,South,0,0,58,One year,Mailed check,Fiber optic,1,1,111.06,6155.1,8,1
C03927,2023-02-01,South,1,0,17,Month-to-month,Mailed check,Fiber optic,0,1,97.6,1612.81,2,1
C03928,2018-07-09,West,0,1,72,Two year,Electronic check,No,0,0,26.28,1824.03,0,0
C03929,2023-01-01,East,0,1,18,Month-to-month,Bank transfer,DSL,0,0,52.12,964.11,0,1
C03930,2018-07-12,East,1,0,72,Two year,Bank transfer,DSL,0,1,62.86,4428.03,0,0
C03931,2023-06-29,North,0,0,12,Month-to-month,Credit card,Fiber optic,1,1,104.39,1192.96,1,0
C03932,2023-09-04,East,0,0,10,One year,Bank transfer,DSL,0,0,57.53,577.06,0,0
C03933,2021-12-30,South,1,1,30,Month-to-month,Bank transfer,DSL,0,0,57.7,1685.76,0,0
C03934,2021-10-16,South,0,0,32,Month-to-month,Mailed check,No,0,0,15.0,485.74,1,0
C03935,2024-02-27,East,0,0,4,Month-to-month,Bank transfer,Fiber optic,0,0,81.61,324.7,2,1
C03936,2023-04-22,South,0,1,14,Month-to-month,Mailed check,No,0,0,21.15,283.83,1,0
C03937,2022-07-26,East,0,1,23,Month-to-month,Credit card,DSL,1,1,81.98,1961.0,0,1
C03938,2021-02-27,north,1,0,40,One year,Electronic check,DSL,1,1,74.19,2886.5,0,1
C03939,2023-04-24,North,0,0,14,Month-to-month,Bank transfer,Fiber optic,0,1,91.29,1215.17,3,1
C03940,2019-02-09,East,0,1,65,Month-to-month,Credit card,No,0,0,24.01,1573.52,0,0
C03941,2023-11-29,West,1,1,7,Month-to-month,Bank transfer,DSL,0,0,48.01,347.08,1,1
C03942,2023-12-01,West,0,0,7,Month-to-month,Mailed check,DSL,0,1,69.16,483.77,0,0
C03943,2023-03-03,South,1,0,16,Month-to-month,Bank transfer,DSL,1,0,56.33,932.78,2,0
C03944,2022-01-16,West,0,1,29,One year,Electronic check,Fiber optic,1,0,94.52,2624.21,0,1
C03945,2023-05-27,South,0,1,13,Month-to-month,Electronic check,Fiber optic,1,1,105.59,1343.19,2,1
C03946,2023-02-16,West,0,1,16,Two year,Credit card,Fiber optic,0,0,81.87,1328.49,4,1
C03947,2024-04-04,South,1,0,2,Month-to-month,Credit card,DSL,0,1,72.76,149.49,0,1
C03948,2023-11-26,North,0,0,7,Month-to-month,Electronic check,Fiber optic,1,0,94.67,,1,1
C03949,2020-01-19,North,0,1,54,Two year,Credit card,Fiber optic,0,1,96.33,5260.03,0,0
C03950,2021-05-15,West,0,0,38,Month-to-month,Mailed check,DSL,0,0,53.97,2106.15,0,0
C03951,2023-08-14,East,1,0,10,Month-to-month,Credit card,DSL,0,0,51.93,499.91,0,0
C03952,2018-07-03,North,1,0,72,Two year,Credit card,Fiber optic,0,0,92.31,6412.08,4,0
C03953,2019-05-14,West,0,1,62,Two year,Credit card,DSL,0,1,65.49,4063.44,3,0
C03954,2020-11-20,North,0,1,43,One year,Credit card,No,0,0,27.42,1171.11,0,0
C03955,2024-04-16,South,0,1,2,Month-to-month,Credit card,Fiber optic,0,1,93.7,186.0,1,1
C03956,2018-07-11,East,0,1,72,One year,Bank transfer,DSL,0,0,55.07,,0,0
C03957,2018-07-25,North,0,0,72,Two year,Electronic check,Fiber optic,0,0,83.09,,1,0
C03958,2018-07-16,West,0,0,72,Two year,Mailed check,Fiber optic,0,0,81.79,6027.7,1,0
C03959,2022-05-09,East,0,1,26,Month-to-month,Bank transfer,DSL,1,1,76.24,,1,0
C03960,2024-01-15,West,1,0,5,Month-to-month,Electronic check,Fiber optic,0,0,91.66,453.0,1,1
C03961,2024-03-25,West,1,0,3,Month-to-month,Credit card,DSL,0,0,60.15,183.93,0,1
C03962,2022-09-25,West,0,0,21,Month-to-month,Electronic check,DSL,1,1,77.1,1633.17,1,0
C03963,2023-08-27,North,0,1,10,One year,Credit card,Fiber optic,0,1,91.53,893.78,0,0
C03964,2023-02-11,North,0,0,16,Month-to-month,Mailed check,Fiber optic,1,0,96.29,1542.47,3,1
C03965,2022-08-17,North,1,0,22,Month-to-month,Credit card,DSL,0,1,64.88,1364.25,1,0
C03966,2023-03-16,North,0,0,15,Month-to-month,Credit card,DSL,0,1,63.14,976.43,2,1
C03967,2023-08-14,East,0,0,10,Month-to-month,Mailed check,Fiber optic,0,0,87.55,836.62,2,1
C03968,2023-07-04,North,0,0,12,Month-to-month,Bank transfer,DSL,0,0,49.88,586.07,2,1
C03969,2022-01-01,South,0,1,30,Month-to-month,Electronic check,No,0,0,20.42,607.06,1,1
C03970,2023-03-29,East,1,0,15,Month-to-month,Credit card,Fiber optic,0,0,86.79,1301.79,4,1
C03971,2018-07-28,East,0,1,72,Two year,Credit card,No,0,0,22.64,1635.46,0,0
C03972,2022-12-17,South,0,0,18,Month-to-month,Electronic check,DSL,0,1,61.87,1125.18,2,1
C03973,2023-09-14,North,0,1,9,Month-to-month,Electronic check,No,0,0,26.69,250.22,0,1
C03974,2022-07-12,North,0,1,23,Month-to-month,Mailed check,DSL,0,0,56.07,1286.72,0,0
C03975,2023-03-10,West,0,0,15,Month-to-month,Electronic check,DSL,1,0,64.89,988.18,0,1
C03976,2021-06-24,South,1,0,36,Month-to-month,Credit card,DSL,1,1,71.59,2471.37,0,0
C03977,2023-11-08,East,0,0,7,Month-to-month,Electronic check,DSL,1,0,61.59,445.86,0,0
C03978,2024-04-17,East,1,0,2,Month-to-month,Credit card,No,0,0,18.46,36.32,1,0
C03979,2022-06-06,South,0,0,25,Month-to-month,Credit card,Fiber optic,0,1,96.77,2441.25,3,1
C03980,2023-01-14,East,1,0,17,One year,Credit card,Fiber optic,0,1,98.26,1750.74,1,0
C03981,2021-12-02,South,0,1,31,Month-to-month,Bank transfer,Fiber optic,0,0,83.47,2654.21,2,1
C03982,2020-10-28,South,0,0,44,Month-to-month,Electronic check,Fiber optic,1,1,112.67,4910.5,0,0
C03983,2021-10-23,West,0,0,32,One year,Credit card,Fiber optic,0,0,83.36,2654.56,2,0
C03984,2023-05-16,South,0,1,13,Month-to-month,Bank transfer,No,0,0,20.65,258.94,0,0
C03985,2023-12-24,east,0,1,6,Month-to-month,Credit card,Fiber optic,0,0,89.43,543.63,1,1
C03986,2024-06-02,East,0,1,0,Month-to-month,Mailed check,Fiber optic,0,0,82.68,,3,1
C03987,2024-04-04,North,0,0,2,Month-to-month,Electronic check,DSL,0,1,61.41,123.96,0,1
C03988,2022-06-23,East,0,0,24,Month-to-month,Credit card,No,0,0,18.22,427.12,0,0
C03989,2018-07-03,West,0,1,72,Two year,Credit card,DSL,0,0,58.53,4302.82,1,0
C03990,2018-07-17,South,0,1,72,Two year,Electronic check,DSL,0,0,55.15,3890.8,0,0
C03991,2019-11-25,West,0,1,55,Two year,Bank transfer,No,0,0,22.58,,0,0
C03992,2023-02-14,North,0,0,16,Month-to-month,Electronic check,DSL,0,1,61.63,951.5,0,0
C03993,2023-06-24,North,0,1,12,Month-to-month,Bank transfer,DSL,0,1,60.42,740.63,0,1
C03994,2023-11-07,West,0,0,7,Month-to-month,Mailed check,DSL,1,0,67.2,455.15,0,0
C03995,2020-08-22,West,0,0,46,Month-to-month,Mailed check,Fiber optic,0,0,86.28,4003.52,2,0
C03996,2023-11-15,West,0,0,7,Month-to-month,Electronic check,No,0,0,16.22,117.23,1,0
C03997,2023-06-28,East,0,0,12,Month-to-month,Electronic check,No,0,0,15.3,185.25,1,1
C03998,2023-08-05,North,0,0,11,Month-to-month,Mailed check,Fiber optic,0,0,84.23,936.25,2,1
C03999,2022-04-07,South,0,0,27,Month-to-month,Electronic check,No,0,0,19.71,552.38,0,0
C04000,2023-01-05,East,0,0,18,Month-to-month,Mailed check,Fiber optic,0,0,80.01,,3,1
C04001,2024-05-06,North,0,0,1,One year,Bank transfer,No,0,0,19.61,19.01,2,0
C04002,2022-01-18,East,0,0,29,Month-to-month,Bank transfer,DSL,0,0,49.08,1419.95,0,0
C04003,2020-02-07,North,0,1,53,Two year,Bank transfer,Fiber optic,0,1,94.34,4931.27,0,0
C04004,2022-10-24,North,0,1,20,Month-to-month,Electronic check,DSL,0,1,61.63,1179.57,0,0
C04005,2020-11-26,North,0,0,43,Month-to-month,Electronic check,DSL,1,1,76.45,3243.58,0,0
C04006,2023-10-05,North,1,0,8,Month-to-month,Credit card,Fiber optic,0,0,82.33,671.78,2,1
C04007,2023-09-17,North,0,0,9,Month-to-month,Credit card,DSL,0,1,72.29,673.47,0,0
C04008,2023-05-31,West,0,1,13,Month-to-month,Credit card,Fiber optic,0,1,98.11,1316.54,3,1
C04009,2023-04-22,West,0,0,14,Month-to-month,Credit card,Fiber optic,0,0,79.64,1061.46,1,1
C04010,2023-11-12,East,0,0,7,One year,Bank transfer,DSL,0,0,58.54,405.48,1,0
C04011,2022-06-20,South,0,0,24,Month-to-month,Credit card,Fiber optic,1,0,94.1,2359.72,0,1
C04012,2023-12-21,North,0,0,6,Month-to-month,Mailed check,Fiber optic,1,1,109.91,662.98,1,1
C04013,2020-02-18,West,0,1,53,Two year,Credit card,No,0,0,15.0,833.18,1,0
C04014,2024-02-01,West,0,1,5,Month-to-month,Credit card,DSL,1,1,79.29,390.27,0,0
C04015,2021-09-24,West,0,0,33,One year,Credit card,No,0,0,28.09,917.69,1,0
C04016,2021-09-04,South,0,1,34,Month-to-month,Mailed check,No,0,0,22.23,752.47,1,0
C04017,2023-07-07,North,0,0,11,Month-to-month,Mailed check,Fiber optic,0,0,82.52,939.77,0,1
C04018,2023-02-01,East,0,1,17,Month-to-month,Electronic check,DSL,0,0,59.49,990.1,1,0
C04019,2021-02-02,South,0,0,41,Month-to-month,Mailed check,Fiber optic,0,1,94.16,3836.36,3,1
C04020,2022-11-22,South,0,1,19,One year,Credit card,Fiber optic,0,0,86.82,1696.69,3,0
C04021,2024-02-01,South,0,0,5,Month-to-month,Bank transfer,DSL,0,0,63.88,313.99,1,1
C04022,2024-03-06,North,0,0,3,Month-to-month,Electronic check,No,0,0,17.58,52.25,2,0
C04023,2023-11-24,West,0,0,7,Month-to-month,Bank transfer,No,0,0,21.94,159.42,1,0
C04024,2021-10-15,North,0,0,32,Two year,Mailed check,Fiber optic,0,0,92.92,2929.52,0,0
C04025,2022-01-06,West,0,1,30,One year,Bank transfer,Fiber optic,0,0,88.83,2677.48,1,0
C04026,2018-07-16,West,0,1,72,Two year,Mailed check,Fiber optic,0,1,99.75,6871.52,1,0
C04027,2021-11-19,North,0,1,31,One year,Mailed check,Fiber optic,0,0,77.04,2495.88,3,0
C04028,2023-06-09,East,0,0,12,One year,Bank transfer,No,0,0,16.05,195.72,0,0
C04029,2023-06-02,North,0,0,13,Month-to-month,Bank transfer,DSL,1,1,80.37,1093.17,0,1
C04030,2018-07-06,West,0,1,72,Two year,Bank transfer,DSL,0,1,65.66,4875.07,1,0
C04031,2023-06-17,East,0,0,12,Month-to-month,Mailed check,DSL,0,0,52.92,651.77,1,0
C04032,2023-02-01,North,0,1,17,Month-to-month,Bank transfer,No,0,0,24.6,402.94,0,0
C04033,2019-09-13,West,0,1,58,One year,Electronic check,DSL,0,0,57.54,3332.85,1,0
C04034,2023-06-06,West,0,1,13,Month-to-month,Mailed check,No,0,0,16.61,205.46,0,0
C04035,2018-07-04,West,0,0,72,Month-to-month,Bank transfer,Fiber optic,1,0,97.94,7095.09,0,0
C04036,2022-10-14,South,0,1,20,Month-to-month,Bank transfer,DSL,1,1,73.05,1527.76,0,0
C04037,2022-02-04,West,0,0,29,Month-to-month,Credit card,No,0,0,15.0,430.06,1,0
C04038,2020-12-31,East,0,0,42,Two year,Electronic check,Fiber optic,0,1,98.15,4059.63,2,1
C04039,2020-08-02,East,1,0,47,Month-to-month,Credit card,DSL,1,1,71.92,3307.87,0,0
C04040,2019-03-06,South,1,1,64,Two year,Electronic check,DSL,1,1,71.85,4633.05,0,0
C04041,2024-03-19,South,0,0,3,Month-to-month,Bank transfer,DSL,0,1,62.79,195.99,2,1
C04042,2023-12-14,East,0,0,6,One year,Credit card,DSL,0,0,55.52,336.08,1,0
C04043,2023-05-20,East,1,0,13,Month-to-month,Bank transfer,DSL,0,0,58.0,773.15,0,1
C04044,2022-06-05,North,1,1,25,Two year,Credit card,Fiber optic,0,0,83.68,2064.43,3,0
C04045,2022-07-18,South,0,1,23,Month-to-month,Credit card,DSL,1,1,72.03,1635.19,1,0
C04046,2023-03-25,North,1,1,15,Month-to-month,Electronic check,DSL,1,1,72.34,1056.57,0,0
C04047,2022-12-01,South,0,1,19,Month-to-month,Credit card,DSL,1,0,58.62,1068.87,0,0
C04048,2022-10-29,West,0,0,20,Month-to-month,Credit card,Fiber optic,0,0,87.7,1812.87,3,1
C04049,2021-09-21,East,0,1,33,Month-to-month,Mailed check,No,0,0,16.22,547.41,0,0
C04050,2019-09-05,North,0,0,58,One year,Electronic check,DSL,0,0,55.74,3113.75,0,0
C04051,2018-07-04,East,1,1,72,Two year,Electronic check,DSL,0,1,59.6,4307.45,0,0
C04052,2021-02-15,North,0,0,41,One year,Credit card,Fiber optic,1,0,99.91,4147.57,3,0
C04053,2023-10-21,North,0,0,8,Month-to-month,Credit card,No,0,0,19.77,163.93,0,0
C04054,2022-09-26,West,1,1,21,Month-to-month,Credit card,Fiber optic,0,0,78.54,1590.11,0,0
C04055,2021-10-28,North,1,1,32,Two year,Mailed check,No,0,0,17.4,535.26,0,0
C04056,2018-08-24,South,0,0,71,Two year,Electronic check,No,0,0,20.55,1423.68,0,0
C04057,2022-10-21,North,1,0,20,Month-to-month,Mailed check,Fiber optic,0,1,93.27,1816.67,2,1
C04058,2018-07-11,East,1,0,72,Two year,Mailed check,No,0,0,21.27,1477.41,0,0
C04059,2020-11-17,East,0,0,44,Month-to-month,Electronic check,DSL,0,1,71.93,3284.34,0,0
C04060,2018-07-19,West,0,0,72,Two year,Electronic check,No,0,0,23.47,1773.22,0,0
C04061,2020-11-22,West,0,0,43,Two year,Electronic check,No,0,0,19.71,860.67,0,0
C04062,2020-09-28,East,0,1,45,One year,Electronic check,No,0,0,25.52,1177.94,1,0
C04063,2024-02-18,South,1,1,4,Month-to-month,Bank transfer,Fiber optic,0,0,85.59,343.2,5,1
C04064,2021-09-21,North,0,1,33,One year,Mailed check,Fiber optic,0,1,96.3,3217.5,2,1
C04065,2023-04-12,West,0,0,14,Month-to-month,Mailed check,DSL,0,1,66.41,962.34,0,1
C04066,2021-12-20,East,0,1,30,One year,Bank transfer,Fiber optic,0,1,97.16,3027.28,1,0
C04067,2021-01-18,North,0,1,41,Month-to-month,Credit card,DSL,1,0,66.54,2680.7,0,0
C04068,2021-09-17,East,0,0,33,One year,Bank transfer,Fiber optic,1,1,103.22,3507.59,2,1
C04069,2019-03-24,South,0,1,64,Two year,Bank transfer,Fiber optic,1,0,99.33,6049.47,3,0
C04070,2022-10-07,South,0,1,21,Month-to-month,Bank transfer,DSL,0,0,59.99,1212.14,1,0
C04071,2020-01-17,South,0,1,54,Month-to-month,Bank transfer,DSL,0,0,64.69,3421.03,2,0
C04072,2022-08-08,West,0,1,23,One year,Bank transfer,DSL,1,1,69.94,1607.52,0,0
C04073,2022-10-21,North,0,1,20,Month-to-month,Mailed check,Fiber optic,0,0,84.94,1653.35,1,1
C04074,2022-01-06,West,0,1,30,Month-to-month,Bank transfer,Fiber optic,0,1,93.6,2912.1,2,1
C04075,2021-06-29,North,0,1,36,Month-to-month,Mailed check,Fiber optic,1,0,97.4,3521.07,0,0
C04076,2021-02-03,North,0,0,41,Month-to-month,Mailed check,DSL,0,1,71.7,2914.25,0,1
C04077,2021-04-10,East,0,1,39,One year,Electronic check,Fiber optic,0,0,84.97,3411.25,0,0
C04078,2021-09-30,North,0,0,33,One year,Mailed check,Fiber optic,1,1,105.6,3556.42,1,0
C04079,2023-11-12,west,0,0,7,Month-to-month,Mailed check,DSL,0,1,64.9,465.83,2,1
C04080,2022-11-12,East,1,0,19,Month-to-month,Bank transfer,DSL,1,1,76.07,1419.85,0,1
C04081,2020-07-28,South,0,0,47,Month-to-month,Mailed check,Fiber optic,1,1,108.35,4997.55,1,0
C04082,2024-05-02,South,0,0,1,Month-to-month,Electronic check,DSL,0,1,68.32,66.95,1,1
C04083,2019-02-15,West,0,1,65,One year,Electronic check,DSL,1,0,70.84,4738.36,0,0
C04084,2022-12-28,West,0,1,18,Month-to-month,Mailed check,DSL,0,1,66.22,1177.88,1,0
C04085,2021-10-23,East,1,1,32,Month-to-month,Bank transfer,DSL,1,0,68.52,2109.94,0,0
C04086,2018-07-04,North,0,0,72,Two year,Electronic check,DSL,1,1,73.33,5280.6,0,0
C04087,2023-03-05,East,0,0,16,Month-to-month,Electronic check,DSL,0,1,61.83,,0,0
C04088,2022-04-05,North,1,1,27,One year,Electronic check,Fiber optic,1,1,110.93,3018.17,2,1
C04089,2022-05-11,South,0,1,26,Month-to-month,Mailed check,Fiber optic,0,0,86.57,2256.44,0,0
C04090,2023-11-28,East,0,0,7,Month-to-month,Electronic check,Fiber optic,1,0,92.84,635.02,0,0
C04091,2023-02-26,South,0,0,16,Month-to-month,Mailed check,Fiber optic,0,0,81.27,1355.69,0,0
C04092,2023-08-15,West,0,1,10,One year,Bank transfer,Fiber optic,1,1,105.06,1044.33,4,1
C04093,2020-06-02,West,1,0,49,Two year,Credit card,DSL,1,0,65.83,3236.04,0,0
C04094,2022-05-01,North,0,0,26,Month-to-month,Bank transfer,DSL,0,0,55.59,,2,0
C04095,2023-06-26,West,0,1,12,Month-to-month,Electronic check,DSL,1,0,59.18,719.94,0,0
C04096,2023-01-14,West,0,1,17,Month-to-month,Mailed check,Fiber optic,0,0,79.89,1295.65,1,0
C04097,2022-12-14,North,0,0,18,One year,Credit card,Fiber optic,0,1,97.52,1754.13,0,1
C04098,2022-03-16,South,0,1,27,One year,Electronic check,DSL,0,0,57.32,1609.9,1,0
C04099,2023-01-21,West,0,0,17,One year,Credit card,Fiber optic,1,1,103.82,1833.59,1,0
C04100,2019-09-08,North,0,0,58,Two year,Mailed check,No,0,0,15.0,837.73,1,0
C04101,2023-01-31,North,0,0,17,Month-to-month,Electronic check,DSL,1,1,77.12,1284.49,0,0
C04102,2018-07-06,East,0,0,72,One year,Electronic check,Fiber optic,1,0,86.17,6064.69,1,0
C04103,2022-03-16,West,0,0,27,One year,Credit card,Fiber optic,0,0,83.44,2346.59,2,0
C04104,2023-01-28,South,0,1,17,Month-to-month,Credit card,Fiber optic,1,1,109.37,1946.36,2,1
C04105,2019-12-16,West,0,1,55,Two year,Credit card,Fiber optic,0,0,84.01,4592.27,2,0
C04106,2023-10-03,East,0,0,9,Month-to-month,Electronic check,Fiber optic,0,1,90.73,832.53,1,1
C04107,2021-01-25,North,0,1,41,One year,Bank transfer,DSL,1,1,83.02,3290.46,0,1
C04108,2022-01-26,South,0,0,29,One year,Electronic check,Fiber optic,1,1,107.02,3153.19,1,0
C04109,2022-05-03,East,0,0,26,Two year,Mailed check,Fiber optic,0,0,85.83,2130.7,2,0
C04110,2020-05-24,South,0,1,49,Month-to-month,Bank transfer,DSL,0,0,58.51,2746.08,0,0
C04111,2022-12-02,North,1,1,19,Month-to-month,Credit card,No,0,0,19.27,362.24,1,1
C04112,2018-07-14,North,0,0,72,Two year,Mailed check,DSL,0,0,53.9,4019.31,0,0
C04113,2020-02-19,East,0,1,53,One year,Mailed check,Fiber optic,0,1,101.91,5138.1,4,0
C04114,2022-12-17,West,0,1,18,Month-to-month,Electronic check,Fiber optic,0,1,93.73,1658.54,1,0
C04115,2022-10-09,South,0,1,21,One year,Mailed check,Fiber optic,1,0,98.66,2099.71,1,0
C04116,2024-01-05,West,0,1,5,Month-to-month,Electronic check,No,0,0,15.48,75.9,0,1
C04117,2022-09-26,East,1,0,21,One year,Credit card,DSL,1,0,62.09,1239.62,1,0
C04118,2020-12-25,South,0,0,42,Two year,Electronic check,Fiber optic,0,1,98.17,4135.88,0,0
C04119,2020-05-17,East,0,0,50,Month-to-month,Bank transfer,Fiber optic,1,0,100.71,4845.75,2,1
C04120,2022-06-23,South,0,0,24,Month-to-month,Electronic check,No,0,0,20.59,485.03,0,0
C04121,2021-03-15,West,0,1,40,Two year,Mailed check,Fiber optic,1,0,89.4,3718.77,0,1
C04122,2023-02-12,West,1,0,16,One year,Electronic check,No,0,0,22.84,368.85,0,0
C04123,2018-08-01,West,1,0,72,Two year,Mailed check,No,0,0,16.82,1239.13,0,0
C04124,2024-03-22,North,0,0,3,Month-to-month,Bank transfer,DSL,0,0,57.53,166.7,2,1
C04125,2022-12-10,North,0,1,18,Two year,Bank transfer,No,0,0,21.15,390.14,1,0
C04126,2023-05-20,West,0,1,13,Month-to-month,Credit card,No,0,0,15.0,188.55,0,0
C04127,2019-09-14,West,0,1,58,Month-to-month,Electronic check,DSL,0,1,68.44,4119.0,1,0
C04128,2024-04-05,East,0,1,2,Month-to-month,Bank transfer,Fiber optic,0,0,80.06,163.16,1,1
C04129,2023-10-31,North,0,1,8,One year,Credit card,DSL,1,0,70.41,572.89,0,0
C04130,2019-02-15,West,1,0,65,Two year,Electronic check,Fiber optic,0,0,78.71,4973.0,1,0
C04131,2021-02-24,South,1,1,40,One year,Credit card,DSL,0,0,54.36,2159.55,3,0
C04132,2022-07-17,South,1,1,23,One year,Credit card,Fiber optic,1,0,91.22,2001.49,1,0
C04133,2023-10-14,South,0,0,8,Month-to-month,Credit card,Fiber optic,1,0,100.64,792.72,1,1
C04134,2022-02-20,South,0,0,28,Month-to-month,Bank transfer,Fiber optic,0,1,90.81,2421.33,3,1
C04135,2022-02-08,South,0,1,29,Month-to-month,Bank transfer,DSL,1,1,86.32,2379.59,0,0
C04136,2022-08-01,South,0,1,23,Month-to-month,Mailed check,Fiber optic,0,1,95.55,2127.51,0,0
C04137,2023-08-13,East,1,0,10,Month-to-month,Bank transfer,Fiber optic,1,0,92.74,943.81,0,1
C04138,2019-08-07,North,0,0,59,Two year,Credit card,Fiber optic,0,0,88.09,5058.74,0,0
C04139,2020-07-23,South,0,0,47,One year,Electronic check,DSL,0,0,54.86,2681.62,0,0
C04140,2022-01-29,North,0,1,29,One year,Credit card,DSL,0,0,51.6,1504.3,0,0
C04141,2023-11-04,East,0,0,7,Month-to-month,Mailed check,Fiber optic,1,0,91.94,640.29,4,1
C04142,2023-11-23,West,0,0,7,Month-to-month,Electronic check,No,0,0,18.01,125.11,0,0
C04143,2020-07-16,West,0,1,48,Month-to-month,Bank transfer,DSL,0,1,64.23,3067.22,0,1
C04144,2024-06-10,North,0,1,0,Month-to-month,Credit card,Fiber optic,1,0,98.24,,1,1
C04145,2023-05-11,East,1,0,13,Month-to-month,Bank transfer,DSL,0,0,55.34,713.55,0,1
C04146,2024-02-27,North,0,0,4,Month-to-month,Credit card,Fiber optic,1,1,108.85,414.23,1,1
C04147,2022-12-12,South,0,1,18,Month-to-month,Mailed check,DSL,0,1,65.33,1165.99,0,0
C04148,2018-07-13,South,1,0,72,One year,Credit card,Fiber optic,0,1,99.58,7085.04,3,1
C04149,2024-02-18,East,0,0,4,Month-to-month,Bank transfer,DSL,0,0,52.22,199.33,2,0
C04150,2023-08-01,South,0,1,11,Month-to-month,Credit card,DSL,0,0,51.32,570.64,0,0
C04151,2023-12-27,East,0,1,6,Month-to-month,Electronic check,DSL,1,1,74.96,462.62,0,0
C04152,2023-12-19,East,0,1,6,Month-to-month,Mailed check,DSL,0,0,60.7,352.94,0,0
C04153,2022-06-01,West,0,0,25,Month-to-month,Credit card,Fiber optic,0,1,94.7,2358.26,0,0
C04154,2024-03-10,North,0,1,3,Month-to-month,Electronic check,No,0,0,17.88,55.86,1,1
C04155,2018-07-23,West,1,0,72,One year,Mailed check,Fiber optic,0,0,85.87,6429.69,2,0
C04156,2023-05-18,West,0,0,13,Month-to-month,Credit card,No,0,0,19.48,247.16,0,0
C04157,2018-07-18,East,1,0,72,Two year,Bank transfer,Fiber optic,1,1,102.65,7184.07,1,0
C04158,2022-05-31,West,0,0,25,Month-to-month,Credit card,DSL,0,0,50.27,1221.45,1,0
C04159,2020-03-29,North,0,0,51,Month-to-month,Bank transfer,DSL,1,1,80.0,4116.33,0,0
C04160,2023-03-25,North,0,0,15,Month-to-month,Credit card,Fiber optic,1,1,102.25,1585.84,0,1
C04161,2023-03-25,North,0,1,15,Month-to-month,Mailed check,DSL,1,1,80.54,,0,0
C04162,2024-01-25,West,0,1,5,Month-to-month,Bank transfer,No,0,0,18.13,91.94,0,1
C04163,2022-07-22,South,0,1,23,Two year,Credit card,Fiber optic,1,0,85.71,2012.72,2,0
C04164,2023-04-25,South,0,0,14,Month-to-month,Bank transfer,Fiber optic,0,0,87.59,,2,0
C04165,2023-03-08,East,0,1,16,One year,Electronic check,Fiber optic,1,0,98.21,1506.82,2,0
C04166,2024-04-04,South,0,1,2,Month-to-month,Mailed check,DSL,1,1,79.33,152.13,0,1
C04167,2022-09-26,East,0,1,21,Month-to-month,Bank transfer,Fiber optic,1,1,105.14,2197.02,0,0
C04168,2024-03-07,West,0,0,3,Month-to-month,Bank transfer,DSL,0,1,65.58,191.95,1,0
C04169,2022-09-08,South,0,1,22,Month-to-month,Bank transfer,DSL,0,0,53.18,1153.2,0,1
C04170,2021-05-15,West,0,1,38,Month-to-month,Credit card,DSL,0,0,52.12,2074.71,1,0
C04171,2022-11-27,East,0,0,19,Two year,Credit card,DSL,0,0,56.12,1047.5,0,0
C04172,2018-11-24,South,0,0,68,One year,Electronic check,Fiber optic,1,0,94.18,6294.65,3,0
C04173,2018-08-01,West,0,0,72,Two year,Bank transfer,DSL,1,1,75.14,5540.04,0,0
C04174,2023-03-07,South,1,0,16,Month-to-month,Bank transfer,DSL,0,0,52.15,871.23,4,0
C04175,2021-08-25,North,0,0,34,One year,Electronic check,No,0,0,20.59,710.22,0,0
C04176,2020-08-08,South,0,1,47,One year,Mailed check,No,0,0,25.07,1210.04,1,0
C04177,2024-05-27,West,0,1,1,One year,Bank transfer,Fiber optic,1,1,107.48,104.56,2,1
C04178,2018-07-08,East,1,0,72,Two year,Credit card,Fiber optic,0,1,91.58,6387.62,0,0
C04179,2021-08-04,East,1,1,35,One year,Mailed check,Fiber optic,1,0,94.9,3486.77,1,0
C04180,2020-03-06,East,0,0,52,Two year,Electronic check,DSL,0,1,68.93,3751.22,1,0
C04181,2023-05-29,North,0,0,13,One year,Mailed check,Fiber optic,0,0,87.84,,1,0
C04182,2022-10-02,North,0,1,21,Month-to-month,Credit card,DSL,1,0,67.06,1451.09,1,0
C04183,2021-10-15,South,0,0,32,One year,Bank transfer,Fiber optic,1,0,95.54,2990.66,3,0
C04184,2022-11-27,West,0,1,19,Month-to-month,Electronic check,No,0,0,30.84,559.82,1,0
C04185,2018-07-07,North,1,1,72,Two year,Credit card,Fiber optic,0,0,80.24,5889.33,7,0
C04186,2020-08-18,East,0,1,47,Two year,Electronic check,No,0,0,25.96,1224.81,0,0
C04187,2022-01-05,West,0,0,30,Month-to-month,Electronic check,Fiber optic,0,1,99.21,2843.12,1,1
C04188,2022-11-27,North,0,0,19,Month-to-month,Mailed check,Fiber optic,0,0,94.18,1775.72,1,0
C04189,2022-08-29,North,0,1,22,Month-to-month,Bank transfer,Fiber optic,0,0,79.21,1757.59,1,0
C04190,2018-10-19,West,0,0,69,Month-to-month,Credit card,Fiber optic,0,1,103.15,7042.38,1,0
C04191,2023-12-20,North,1,1,6,Month-to-month,Electronic check,Fiber optic,1,1,113.55,650.2,1,1
C04192,2023-12-25,East,0,1,6,One year,Credit card,DSL,0,0,54.37,340.47,0,1
C04193,2020-04-02,West,0,0,51,One year,Bank transfer,Fiber optic,0,0,81.6,4339.7,2,1
C04194,2020-01-17,South,0,0,54,Two year,Credit card,DSL,1,0,73.49,4121.95,0,0
C04195,2023-01-16,South,0,0,17,Month-to-month,Credit card,Fiber optic,0,1,93.7,1624.36,2,1
C04196,2022-11-02,East,0,0,20,Month-to-month,Credit card,DSL,0,0,59.19,1231.74,1,0
C04197,2023-07-19,East,0,1,11,Month-to-month,Electronic check,Fiber optic,1,0,100.98,1150.27,0,1
C04198,2019-03-25,West,0,0,64,Two year,Electronic check,DSL,0,0,54.36,3494.52,2,0
C04199,2021-08-27,East,0,1,34,Month-to-month,Credit card,DSL,1,0,64.33,2189.85,0,0
C04200,2023-10-30,West,0,0,8,Month-to-month,Bank transfer,Fiber optic,1,0,102.06,826.09,2,1
C04201,2023-09-25,North,0,1,9,Month-to-month,Mailed check,DSL,1,0,63.77,561.51,0,0
C04202,2018-07-03,South,0,1,72,Two year,Credit card,No,0,0,17.77,1230.67,3,0
C04203,2022-12-03,North,0,0,19,Month-to-month,Credit card,Fiber optic,1,0,84.2,1668.44,1,1
C04204,2020-03-04,East,0,1,52,One year,Bank transfer,DSL,1,0,69.49,3610.42,0,0
C04205,2023-03-09,North,0,0,15,One year,Credit card,DSL,0,1,65.51,941.94,0,0
C04206,2021-09-25,West,0,0,33,One year,Electronic check,No,0,0,23.13,797.3,1,0
C04207,2019-05-15,West,0,1,62,Month-to-month,Bank transfer,Fiber optic,0,1,96.41,6161.75,1,1
C04208,2018-07-21,West,0,0,72,Month-to-month,Credit card,Fiber optic,0,1,102.34,7476.36,1,0
C04209,2022-09-28,West,0,0,21,Month-to-month,Electronic check,DSL,1,0,70.5,1553.22,0,1
C04210,2021-12-08,North,0,0,31,Month-to-month,Electronic check,Fiber optic,1,0,91.02,2912.2,1,0
C04211,2019-07-15,East,0,1,60,One year,Credit card,No,0,0,18.14,1042.64,0,0
C04212,2023-04-23,East,0,0,14,Month-to-month,Mailed check,DSL,0,1,69.32,,1,0
C04213,2022-08-28,East,0,0,22,Month-to-month,Electronic check,DSL,0,1,72.63,1537.07,0,0
C04214,2023-04-26,West,0,0,14,Month-to-month,Electronic check,DSL,1,0,65.45,941.46,0,0
C04215,2020-02-23,East,0,0,52,One year,Electronic check,DSL,1,0,65.86,3345.89,2,0
C04216,2023-03-31,North,0,1,15,Month-to-month,Electronic check,Fiber optic,1,0,96.39,1423.98,0,1
C04217,2023-05-13,West,0,0,13,One year,Credit card,No,0,0,16.5,221.63,2,0
C04218,2023-10-12,South,0,1,8,Month-to-month,Bank transfer,No,0,0,18.19,140.16,1,1
C04219,2018-07-10,South,0,0,72,Two year,Bank transfer,Fiber optic,0,1,96.26,7238.25,3,0
C04220,2023-06-29,East,0,0,12,One year,Electronic check,DSL,0,1,71.0,820.21,1,0
C04221,2023-10-06,West,0,0,8,Month-to-month,Mailed check,No,0,0,27.18,207.12,0,0
C04222,2023-04-16,East,0,1,14,Month-to-month,Electronic check,DSL,0,0,51.36,684.93,1,1
C04223,2024-02-01,North,0,1,5,Month-to-month,Credit card,DSL,0,0,57.89,298.42,1,0
C04224,2023-01-04,East,0,1,18,Month-to-month,Credit card,Fiber optic,1,0,95.87,1722.17,2,0
C04225,2021-09-25,East,0,1,33,Month-to-month,Mailed check,DSL,0,0,52.99,1750.07,0,0
C04226,2021-05-03,North,1,1,38,Two year,Credit card,No,0,0,16.16,634.62,1,0
C04227,2020-06-05,East,0,0,49,One year,Electronic check,No,0,0,20.91,1025.93,0,0
C04228,2023-03-18,West,0,1,15,Month-to-month,Electronic check,Fiber optic,0,0,82.66,1296.55,3,1
C04229,2023-10-18,West,0,0,8,One year,Credit card,Fiber optic,1,1,108.49,824.87,2,0
C04230,2023-10-14,South,0,1,8,Month-to-month,Mailed check,DSL,1,0,60.99,471.45,1,0
C04231,2019-02-23,East,0,1,65,Two year,Credit card,DSL,0,1,62.58,4184.89,2,0
C04232,2022-01-13,West,0,0,29,Month-to-month,Electronic check,Fiber optic,0,0,89.3,2697.28,1,1
C04233,2021-10-30,East,0,1,32,One year,Credit card,Fiber optic,1,1,107.78,3520.05,1,1
C04234,2020-11-05,South,1,0,44,One year,Electronic check,No,0,0,20.69,891.98,1,1
C04235,2022-08-12,North,0,0,22,Month-to-month,Electronic check,DSL,1,0,62.98,1432.75,0,1
C04236,2022-12-27,North,0,0,18,Month-to-month,Mailed check,DSL,0,0,58.03,1015.3,1,1
C04237,2023-12-14,East,1,0,6,Month-to-month,Credit card,DSL,0,1,66.27,395.18,0,1
C04238,2019-09-03,West,1,0,58,Two year,Bank transfer,Fiber optic,0,1,100.11,5971.49,2,0
C04239,2024-02-15,East,1,0,4,Month-to-month,Bank transfer,Fiber optic,0,0,83.19,329.57,7,1
C04240,2023-04-06,West,0,1,15,One year,Electronic check,No,0,0,15.75,243.92,0,0
C04241,2022-09-02,East,0,0,22,One year,Electronic check,DSL,1,0,62.09,1380.1,0,0
C04242,2019-09-11,South,0,0,58,Two year,Electronic check,Fiber optic,0,1,98.69,5931.01,3,1
C04243,2022-09-19,East,1,1,21,Month-to-month,Credit card,DSL,1,0,61.05,1248.06,0,0
C04244,2022-10-13,South,0,0,20,Month-to-month,Electronic check,DSL,0,0,62.25,1261.87,2,0
C04245,2022-12-04,North,0,0,19,One year,Electronic check,DSL,0,1,61.56,1188.63,0,0
C04246,2024-01-25,East,0,1,5,Month-to-month,Bank transfer,Fiber optic,0,1,96.4,477.88,4,1
C04247,2021-12-27,East,0,1,30,Two year,Bank transfer,Fiber optic,0,1,101.76,3032.28,1,0
C04248,2023-06-21,West,0,0,12,Month-to-month,Mailed check,DSL,0,1,68.14,851.8,0,0
C04249,2023-03-06,North,0,1,16,Month-to-month,Electronic check,Fiber optic,0,0,83.59,1300.2,1,1
C04250,2021-02-12,South,0,1,41,Two year,Mailed check,No,0,0,24.6,967.82,1,0
C04251,2023-04-23,North,0,0,14,Month-to-month,Bank transfer,DSL,0,0,51.29,719.21,0,1
C04252,2021-09-16,West,0,0,33,Month-to-month,Electronic check,DSL,1,0,63.85,2187.17,0,0
C04253,2022-02-09,West,0,0,29,Month-to-month,Bank transfer,Fiber optic,1,0,88.53,2689.72,1,0
C04254,2018-07-07,South,1,1,72,Month-to-month,Electronic check,Fiber optic,0,0,88.54,6628.54,1,0
C04255,2018-07-08,West,0,1,72,Two year,Credit card,No,0,0,22.24,1644.72,0,0
C04256,2024-03-10,East,0,0,3,Month-to-month,Credit card,DSL,0,1,69.25,199.62,2,1
C04257,2023-04-03,South,0,1,15,Month-to-month,Electronic check,Fiber optic,1,1,107.52,1632.33,5,1
C04258,2021-02-12,South,0,0,41,Month-to-month,Mailed check,No,0,0,20.33,846.11,0,0
C04259,2022-12-28,East,0,0,18,Two year,Mailed check,DSL,0,1,67.43,1213.12,0,0
C04260,2023-07-21,north,0,1,11,Month-to-month,Credit card,Fiber optic,0,1,98.22,1117.39,2,1
C04261,2019-10-05,North,0,0,57,Two year,Bank transfer,No,0,0,20.52,1226.08,0,0
C04262,2020-06-15,West,0,0,49,Two year,Bank transfer,DSL,1,1,73.27,3759.83,1,0
C04263,2022-02-17,North,0,0,28,Month-to-month,Electronic check,Fiber optic,1,1,97.97,2611.59,1,0
C04264,2018-07-05,North,1,0,72,Two year,Electronic check,No,0,0,28.35,1946.47,1,0
C04265,2023-09-08,West,0,1,9,One year,Bank transfer,DSL,0,0,52.41,450.62,0,0
C04266,2021-08-18,West,0,0,34,Month-to-month,Bank transfer,Fiber optic,0,0,84.3,2812.45,1,1
C04267,2021-04-18,West,0,0,38,Month-to-month,Credit card,Fiber optic,0,1,101.45,3949.76,0,1
C04268,2018-08-10,North,0,0,71,Two year,Credit card,No,0,0,21.35,,0,0
C04269,2022-10-07,West,0,1,21,One year,Bank transfer,No,0,0,15.0,314.56,1,0
C04270,2021-01-28,South,0,0,41,One year,Mailed check,No,0,0,15.34,643.71,1,0
C04271,2020-02-01,North,0,0,53,Two year,Credit card,DSL,1,0,68.52,3543.2,0,0
C04272,2024-04-24,West,0,1,2,Month-to-month,Credit card,Fiber optic,1,0,97.39,204.35,2,1
C04273,2022-02-11,South,0,1,29,Two year,Credit card,No,0,0,17.93,506.84,0,0
C04274,2018-07-30,East,0,1,72,Two year,Credit card,Fiber optic,0,1,96.83,6882.65,0,0
C04275,2023-01-14,north,0,1,17,Month-to-month,Mailed check,Fiber optic,1,1,107.15,1885.7,1,1
C04276,2023-12-08,North,1,1,6,Month-to-month,Bank transfer,DSL,0,1,67.99,419.7,1,1
C04277,2021-02-14,West,1,0,41,Month-to-month,Bank transfer,No,0,0,21.68,858.0,1,1
C04278,2019-09-18,East,0,1,58,Two year,Electronic check,DSL,0,0,53.44,2963.73,0,0
C04279,2023-11-16,West,0,1,7,Month-to-month,Bank transfer,DSL,0,0,57.8,410.83,2,0
C04280,2022-09-01,North,0,1,22,One year,Mailed check,No,0,0,22.38,501.99,0,0
C04281,2023-06-20,West,0,1,12,Month-to-month,Mailed check,No,0,0,23.49,292.95,1,1
C04282,2022-05-05,West,0,1,26,Month-to-month,Electronic check,No,0,0,23.08,571.88,0,0
C04283,2020-02-06,West,0,1,53,One year,Bank transfer,Fiber optic,0,1,99.98,5494.33,4,1
C04284,2023-12-23,North,0,0,6,Month-to-month,Bank transfer,DSL,0,1,65.18,384.72,0,0
C04285,2020-02-21,North,0,0,53,Two year,Mailed check,Fiber optic,0,0,84.5,4416.66,1,0
C04286,2023-06-27,East,0,0,12,Month-to-month,Electronic check,DSL,0,1,63.59,774.12,1,1
C04287,2022-02-20,North,0,1,28,Two year,Bank transfer,No,0,0,20.8,603.36,0,0
C04288,2022-12-31,North,0,1,18,Month-to-month,Electronic check,Fiber optic,1,0,91.79,1637.89,3,1
C04289,2022-07-03,West,0,1,24,Two year,Electronic check,Fiber optic,0,0,86.88,1982.26,0,0
C04290,2023-05-04,East,0,1,14,One year,Mailed check,DSL,1,0,69.8,991.67,0,0
C04291,2023-08-02,West,0,0,11,Month-to-month,Credit card,Fiber optic,0,1,97.0,1072.71,5,1
C04292,2023-11-10,West,0,0,7,Month-to-month,Mailed check,No,0,0,17.83,130.69,1,1
C04293,2022-03-13,North,0,0,28,Month-to-month,Bank transfer,Fiber optic,1,0,96.98,2723.04,0,1
C04294,2023-05-09,West,0,1,13,One year,Credit card,DSL,0,0,59.13,778.71,1,0
C04295,2021-02-17,North,0,1,40,Two year,Mailed check,DSL,0,0,52.01,2158.14,0,0
C04296,2023-03-04,South,0,0,16,Month-to-month,Credit card,DSL,0,0,55.46,866.96,1,0
C04297,2023-01-15,South,0,1,17,Month-to-month,Electronic check,DSL,1,0,66.25,1071.54,2,1
C04298,2023-04-20,North,0,1,14,One year,Mailed check,No,0,0,18.89,271.05,2,0
C04299,2022-12-13,East,1,1,18,Month-to-month,Electronic check,Fiber optic,0,1,99.05,1815.52,2,1
C04300,2023-04-24,North,0,0,14,One year,Bank transfer,DSL,0,0,48.45,704.13,1,0
C04301,2020-09-17,West,0,0,46,Month-to-month,Credit card,Fiber optic,1,0,96.38,4315.13,2,1
C04302,2023-11-20,West,0,1,7,One year,Bank transfer,DSL,0,1,74.17,515.55,2,0
C04303,2023-11-02,East,0,1,8,Two year,Bank transfer,DSL,0,0,57.24,437.25,0,1
C04304,2021-05-25,North,1,0,37,Month-to-month,Electronic check,Fiber optic,1,0,95.15,3595.46,2,1
C04305,2022-08-30,East,0,1,22,Month-to-month,Credit card,DSL,0,0,50.14,1068.97,0,0
C04306,2020-10-27,East,0,1,44,Month-to-month,Mailed check,Fiber optic,1,1,105.63,4672.82,4,1
C04307,2023-06-15,South,1,1,12,One year,Electronic check,No,0,0,21.24,255.0,1,0
C04308,2023-05-06,South,0,1,14,Month-to-month,Credit card,No,0,0,20.37,282.58,1,1
C04309,2020-05-05,South,0,1,50,Two year,Mailed check,DSL,0,1,62.06,2962.95,1,0
C04310,2021-10-18,West,0,0,32,One year,Mailed check,Fiber optic,0,0,86.0,2781.19,1,0
C04311,2024-02-10,North,0,0,4,Month-to-month,Electronic check,DSL,1,0,61.57,246.56,0,1
C04312,2020-03-23,East,1,0,52,One year,Electronic check,Fiber optic,0,1,94.7,4797.46,3,1
C04313,2022-01-28,South,0,1,29,Month-to-month,Credit card,DSL,0,0,58.59,1726.65,1,0
C04314,2021-07-03,East,0,1,36,Two year,Mailed check,Fiber optic,0,1,96.05,3620.94,1,0
C04315,2022-04-11,North,0,0,27,Month-to-month,Credit card,DSL,0,1,64.42,1814.26,2,0
C04316,2019-10-23,West,0,1,57,One year,Electronic check,No,0,0,16.06,950.98,1,0
C04317,2021-06-27,South,0,1,36,Two year,Bank transfer,No,0,0,17.14,632.57,0,0
C04318,2021-02-27,West,0,1,40,One year,Bank transfer,DSL,1,0,62.84,2589.19,0,0
C04319,2018-07-16,North,0,1,72,Two year,Bank transfer,Fiber optic,0,0,88.43,6502.58,1,0
C04320,2023-10-22,East,0,0,8,Month-to-month,Mailed check,DSL,0,1,66.87,530.12,1,0
C04321,2018-07-25,East,1,1,72,Two year,Bank transfer,Fiber optic,0,0,89.82,6265.44,2,0
C04322,2022-03-09,West,0,0,28,One year,Bank transfer,DSL,1,0,60.33,1732.67,0,0
C04323,2023-05-15,North,0,1,13,One year,Credit card,DSL,0,0,60.16,791.18,1,0
C04324,2023-06-26,East,0,0,12,Month-to-month,Electronic check,Fiber optic,0,1,96.4,1192.38,2,1
C04325,2023-11-13,North,1,0,7,Month-to-month,Mailed check,Fiber optic,0,1,96.1,703.21,1,1
C04326,2021-12-06,South,0,1,31,One year,Bank transfer,Fiber optic,0,0,84.05,2577.81,1,0
C04327,2023-02-23,North,1,0,16,Month-to-month,Electronic check,Fiber optic,1,0,104.04,1731.87,0,1
C04328,2019-10-06,North,1,0,57,One year,Electronic check,DSL,1,1,75.09,4095.64,2,0
C04329,2020-06-30,West,0,1,48,Two year,Credit card,DSL,0,0,63.28,2963.18,0,0
C04330,2020-04-02,East,0,0,51,Two year,Electronic check,Fiber optic,0,1,100.45,5106.21,3,0
C04331,2022-09-20,West,1,0,21,Month-to-month,Electronic check,Fiber optic,0,0,80.58,1766.53,1,1
C04332,2018-07-16,East,0,0,72,Two year,Bank transfer,DSL,0,1,63.15,4761.71,1,0
C04333,2022-10-13,east,0,1,20,Month-to-month,Electronic check,DSL,0,0,55.77,1116.62,1,0
C04334,2021-01-24,North,0,1,41,Month-to-month,Electronic check,Fiber optic,0,1,97.42,4027.33,0,0
C04335,2018-08-01,West,0,1,72,Two year,Electronic check,Fiber optic,0,0,83.41,5975.17,0,0
C04336,2022-03-13,North,0,1,28,Month-to-month,Electronic check,No,0,0,17.86,519.72,0,0
C04337,2024-01-09,North,0,1,5,Month-to-month,Mailed check,Fiber optic,1,1,113.2,586.01,1,1
C04338,2023-04-18,East,0,0,14,Month-to-month,Credit card,Fiber optic,0,1,97.62,1332.95,0,1
C04339,2023-08-31,East,0,1,10,Month-to-month,Mailed check,Fiber optic,0,0,86.88,831.2,2,1
C04340,2019-02-08,North,0,1,65,Two year,Mailed check,DSL,1,1,77.47,4820.64,0,0
C04341,2022-08-04,East,0,1,23,Month-to-month,Bank transfer,DSL,0,1,67.17,1606.81,2,1
C04342,2022-09-26,East,0,1,21,Month-to-month,Electronic check,DSL,1,0,73.62,1581.23,0,1
C04343,2019-07-24,South,0,0,60,One year,Mailed check,No,0,0,22.29,1293.53,0,0
C04344,2023-09-09,East,0,0,9,Month-to-month,Mailed check,DSL,0,0,65.52,601.62,0,0
C04345,2022-07-11,East,0,1,24,One year,Mailed check,Fiber optic,1,0,98.11,2333.29,0,0
C04346,2021-06-14,South,0,1,37,Two year,Mailed check,Fiber optic,1,1,104.39,3894.95,1,0
C04347,2018-07-03,North,1,1,72,One year,Electronic check,DSL,0,1,71.98,5233.61,0,0
C04348,2021-12-21,South,1,0,30,Two year,Credit card,No,0,0,19.69,601.44,0,0
C04349,2023-08-27,West,0,1,10,Month-to-month,Credit card,Fiber optic,0,0,91.1,891.22,1,0
C04350,2019-04-19,South,0,1,63,Two year,Credit card,DSL,0,1,64.3,4223.09,0,0
C04351,2024-02-28,East,0,1,4,Month-to-month,Electronic check,Fiber optic,1,0,88.66,368.05,1,1
C04352,2023-01-07,South,0,1,18,Month-to-month,Bank transfer,Fiber optic,1,0,95.41,1633.61,2,0
C04353,2019-03-28,East,1,1,64,One year,Bank transfer,DSL,0,0,60.87,3968.32,0,0
C04354,2023-06-06,East,0,0,13,Month-to-month,Electronic check,Fiber optic,0,1,94.48,1233.18,2,0
C04355,2022-03-19,South,0,1,27,Two year,Credit card,Fiber optic,1,1,109.32,2953.79,1,0
C04356,2020-11-11,East,0,1,44,One year,Credit card,DSL,1,0,62.3,2634.99,0,0
C04357,2018-07-19,West,0,1,72,Two year,Electronic check,No,0,0,23.78,1718.7,0,0
C04358,2022-04-25,West,0,1,26,Month-to-month,Credit card,Fiber optic,1,0,93.54,2489.68,1,1
C04359,2022-02-21,West,0,0,28,Month-to-month,Electronic check,Fiber optic,0,1,98.07,2612.66,2,1
C04360,2022-03-25,North,0,0,27,One year,Mailed check,DSL,0,0,53.67,1438.06,1,0
C04361,2024-02-17,West,0,0,4,Month-to-month,Electronic check,DSL,1,1,74.0,299.58,0,1
C04362,2023-10-31,East,0,0,8,Month-to-month,Electronic check,Fiber optic,0,0,77.31,596.74,1,0
C04363,2023-12-20,South,0,0,6,One year,Credit card,Fiber optic,0,0,79.8,502.19,1,0
C04364,2021-05-09,South,0,0,38,Two year,Bank transfer,Fiber optic,0,1,95.89,3712.36,1,0
C04365,2022-02-03,North,0,0,29,One year,Electronic check,Fiber optic,1,0,96.8,2858.94,1,0
C04366,2023-10-31,West,1,0,8,Month-to-month,Credit card,DSL,1,0,72.42,576.56,0,0
C04367,2022-09-03,West,0,0,22,Month-to-month,Credit card,Fiber optic,1,1,104.92,2212.38,2,1
C04368,2019-06-02,North,0,0,61,One year,Credit card,Fiber optic,0,1,94.45,5993.35,4,0
C04369,2019-05-12,East,0,1,62,Month-to-month,Credit card,Fiber optic,0,0,79.7,4722.19,4,1
C04370,2023-04-12,East,0,0,14,Month-to-month,Credit card,Fiber optic,0,0,88.42,1272.33,1,1
C04371,2023-10-11,North,0,1,8,Month-to-month,Bank transfer,No,0,0,22.29,172.41,0,0
C04372,2021-03-12,East,0,0,40,Month-to-month,Mailed check,DSL,1,1,78.79,3220.48,0,0
C04373,2023-05-08,West,0,0,13,Month-to-month,Credit card,Fiber optic,1,0,96.38,1251.55,2,1
C04374,2022-09-13,South,0,0,21,Month-to-month,Electronic check,No,0,0,18.51,386.91,0,0
C04375,2020-07-01,East,0,0,48,One year,Electronic check,Fiber optic,1,1,112.43,5665.9,2,0
C04376,2021-10-12,West,0,0,33,Month-to-month,Mailed check,DSL,1,1,73.89,2559.66,0,0
C04377,2023-11-11,South,0,0,7,One year,Electronic check,No,0,0,18.1,121.06,1,0
C04378,2024-01-16,North,1,1,5,Month-to-month,Bank transfer,DSL,0,1,62.93,327.13,0,1
C04379,2019-07-30,South,0,1,59,Two year,Credit card,DSL,0,1,66.48,3728.42,0,0
C04380,2023-11-12,North,0,1,7,Month-to-month,Mailed check,DSL,0,1,63.9,451.81,0,0
C04381,2024-01-02,South,0,1,6,Month-to-month,Bank transfer,Fiber optic,0,1,94.48,585.04,3,1
C04382,2024-02-19,East,0,1,4,Month-to-month,Mailed check,Fiber optic,0,0,80.2,315.08,3,1
C04383,2023-09-02,North,0,0,10,Month-to-month,Bank transfer,Fiber optic,0,1,93.17,950.51,3,1
C04384,2023-12-01,East,0,0,7,Month-to-month,Electronic check,No,0,0,15.0,106.1,0,0
C04385,2019-07-27,West,0,1,60,Two year,Electronic check,Fiber optic,0,0,86.43,5164.69,0,0
C04386,2020-05-30,South,0,0,49,Two year,Bank transfer,Fiber optic,0,0,81.55,4136.24,2,0
C04387,2023-09-27,West,0,1,9,Month-to-month,Mailed check,No,0,0,26.44,242.32,0,1
C04388,2023-10-11,South,0,0,8,Month-to-month,Mailed check,Fiber optic,0,1,100.79,830.14,2,1
C04389,2023-12-11,East,0,1,6,One year,Electronic check,DSL,0,0,55.28,317.62,0,1
C04390,2021-12-04,North,0,0,31,One year,Electronic check,DSL,0,0,57.28,,1,0
C04391,2023-04-18,South,1,1,14,Month-to-month,Bank transfer,Fiber optic,0,0,88.43,1250.39,2,0
C04392,2022-01-12,West,0,1,30,One year,Mailed check,No,0,0,18.02,558.15,0,0
C04393,2023-03-02,East,0,1,16,Month-to-month,Mailed check,Fiber optic,1,1,106.19,1745.11,2,1
C04394,2022-03-16,East,1,0,27,One year,Credit card,DSL,0,1,71.31,1919.25,1,1
C04395,2022-07-10,East,0,0,24,Month-to-month,Bank transfer,Fiber optic,1,0,99.57,2466.31,0,1
C04396,2022-08-08,North,0,0,23,Month-to-month,Electronic check,Fiber optic,1,1,103.91,2482.29,2,1
C04397,2023-12-14,West,0,0,6,Month-to-month,Bank transfer,Fiber optic,0,0,94.18,570.32,1,1
C04398,2022-12-31,South,0,1,18,One year,Electronic check,No,0,0,15.0,260.54,1,0
C04399,2022-12-30,North,0,0,18,Month-to-month,Electronic check,Fiber optic,0,0,75.86,1379.93,1,1
C04400,2023-12-20,West,0,0,6,One year,Bank transfer,Fiber optic,0,0,91.89,541.07,0,1
C04401,2018-12-01,North,1,1,67,One year,Electronic check,Fiber optic,1,0,97.91,6466.71,1,0
C04402,2022-05-29,West,0,0,25,One year,Electronic check,Fiber optic,0,1,97.74,2539.68,1,0
C04403,2023-04-26,South,0,1,14,Month-to-month,Credit card,Fiber optic,0,0,88.24,1295.32,4,1
C04404,2023-06-21,North,0,1,12,Month-to-month,Bank transfer,Fiber optic,0,1,94.28,1155.09,1,1
C04405,2022-03-27,North,0,1,27,Month-to-month,Credit card,Fiber optic,0,1,90.05,2386.0,2,1
C04406,2021-08-09,East,0,0,35,One year,Credit card,Fiber optic,1,1,105.2,3600.96,4,1
C04407,2021-07-14,East,1,0,36,Two year,Electronic check,Fiber optic,1,0,92.21,3167.58,1,0
C04408,2023-01-26,North,0,1,17,Month-to-month,Bank transfer,DSL,0,1,63.05,1024.66,0,0
C04409,2018-07-17,South,0,0,72,Two year,Mailed check,Fiber optic,1,1,104.59,7210.2,0,0
C04410,2021-08-18,North,1,0,34,Month-to-month,Bank transfer,Fiber optic,1,1,104.65,3620.87,1,0
C04411,2021-05-09,East,0,0,38,Month-to-month,Mailed check,DSL,1,0,63.11,2323.94,1,0
C04412,2023-03-12,West,0,0,15,Month-to-month,Electronic check,DSL,0,0,56.52,812.34,1,0
C04413,2023-02-24,South,0,0,16,One year,Electronic check,DSL,0,0,57.23,960.6,1,0
C04414,2023-12-01,West,0,1,7,Month-to-month,Credit card,No,0,0,21.2,151.58,0,0
C04415,2024-03-31,South,1,0,3,Month-to-month,Electronic check,No,0,0,15.0,45.46,2,0
C04416,2023-03-15,North,1,1,15,One year,Bank transfer,Fiber optic,1,1,102.93,1551.26,1,1
C04417,2023-12-18,South,0,1,6,Month-to-month,Credit card,Fiber optic,1,1,102.99,646.2,3,1
C04418,2024-03-16,West,0,1,3,Month-to-month,Bank transfer,Fiber optic,0,0,89.79,272.48,0,1
C04419,2023-11-10,West,0,0,7,Month-to-month,Mailed check,Fiber optic,0,0,81.61,544.77,3,1
C04420,2023-10-03,East,0,0,9,Month-to-month,Electronic check,No,0,0,15.0,136.21,0,0
C04421,2024-04-29,South,0,1,2,Month-to-month,Credit card,DSL,0,1,69.76,138.55,1,1
C04422,2023-07-13,West,0,0,11,Month-to-month,Bank transfer,DSL,1,0,65.36,754.85,0,0
C04423,2021-12-31,East,0,1,30,One year,Mailed check,Fiber optic,0,0,95.06,2847.61,3,1
C04424,2023-04-03,West,0,0,15,Month-to-month,Credit card,DSL,1,0,59.48,917.45,0,0
C04425,2019-09-04,East,0,1,58,One year,Electronic check,Fiber optic,0,0,84.13,5034.9,2,0
C04426,2022-01-05,East,1,0,30,Month-to-month,Mailed check,Fiber optic,1,0,90.85,2603.36,0,0
C04427,2024-03-17,West,0,0,3,Month-to-month,Electronic check,DSL,0,1,62.86,197.32,0,1
C04428,2023-12-01,West,0,1,7,Month-to-month,Electronic check,Fiber optic,0,0,81.71,573.09,3,0
C04429,2023-09-26,East,0,0,9,Month-to-month,Mailed check,Fiber optic,1,0,90.61,842.36,2,1
C04430,2021-02-24,North,0,0,40,Month-to-month,Bank transfer,No,0,0,20.74,841.29,0,0
C04431,2023-08-05,South,0,1,11,Month-to-month,Electronic check,Fiber optic,1,0,95.25,1042.61,3,1
C04432,2020-10-28,East,0,0,44,Two year,Bank transfer,DSL,0,0,54.87,2359.69,0,0
C04433,2021-05-16,East,0,0,38,Two year,Credit card,Fiber optic,1,0,100.07,3684.01,1,0
C04434,2023-08-10,South,0,1,10,Month-to-month,Credit card,Fiber optic,0,0,87.23,890.8,4,1
C04435,2021-09-18,North,0,1,33,One year,Electronic check,Fiber optic,0,0,88.34,2792.07,1,0
C04436,2022-08-25,West,0,0,22,One year,Credit card,Fiber optic,0,1,97.65,2093.17,2,0
C04437,2019-01-04,West,1,0,66,Two year,Electronic check,DSL,0,1,68.24,4515.29,3,0
C04438,2024-02-19,North,1,0,4,Month-to-month,Bank transfer,Fiber optic,0,0,88.71,344.9,1,1
C04439,2024-02-11,South,1,0,4,Month-to-month,Mailed check,Fiber optic,0,0,80.43,323.32,5,1
C04440,2021-11-27,South,0,0,31,Month-to-month,Bank transfer,DSL,0,0,52.38,,3,0
C04441,2021-08-29,West,0,1,34,Month-to-month,Electronic check,Fiber optic,1,1,107.29,3563.68,2,0
C04442,2021-12-13,West,0,1,31,Month-to-month,Bank transfer,No,0,0,20.17,638.77,0,0
C04443,2018-07-14,South,0,1,72,Two year,Electronic check,Fiber optic,1,1,101.32,7107.23,1,0
C04444,2021-07-23,South,0,1,35,Two year,Electronic check,DSL,1,1,80.05,2716.9,0,0
C04445,2022-03-14,South,0,0,27,Month-to-month,Bank transfer,Fiber optic,0,0,90.76,2369.57,3,1
C04446,2022-10-15,North,0,0,20,Month-to-month,Electronic check,DSL,0,0,60.45,1173.06,0,0
C04447,2023-07-25,South,0,1,11,Month-to-month,Bank transfer,Fiber optic,0,0,82.23,860.44,2,1
C04448,2022-11-07,South,0,0,20,Month-to-month,Bank transfer,Fiber optic,0,1,100.4,2051.25,0,0
C04449,2023-04-06,North,0,1,15,One year,Bank transfer,DSL,0,1,65.39,987.27,0,0
C04450,2022-02-14,East,0,1,28,Month-to-month,Bank transfer,DSL,0,0,55.28,1477.84,2,1
C04451,2018-07-11,West,0,0,72,Two year,Credit card,No,0,0,24.41,1754.46,0,0
C04452,2019-12-12,South,0,1,55,Two year,Credit card,DSL,0,0,60.36,3431.01,0,0
C04453,2023-05-05,South,0,0,14,One year,Electronic check,Fiber optic,1,1,105.23,1470.18,8,1
C04454,2021-08-08,South,0,1,35,One year,Bank transfer,Fiber optic,1,1,104.92,3855.76,0,0
C04455,2022-03-07,North,1,1,28,Month-to-month,Bank transfer,Fiber optic,0,0,90.99,2446.41,3,1
C04456,2024-03-01,East,0,0,4,Month-to-month,Electronic check,DSL,1,0,64.6,261.34,0,1
C04457,2024-01-25,South,0,0,5,Month-to-month,Electronic check,DSL,1,1,65.0,325.86,1,1
C04458,2021-08-16,West,0,0,34,One year,Electronic check,DSL,0,0,56.76,1946.38,1,0
C04459,2024-03-05,South,0,0,3,Month-to-month,Bank transfer,Fiber optic,1,1,103.79,311.94,0,1
C04460,2019-05-09,West,0,0,62,Two year,Mailed check,No,0,0,18.86,1176.62,0,0
C04461,2021-01-09,South,0,0,42,Month-to-month,Bank transfer,No,0,0,22.37,978.04,1,0
C04462,2022-03-25,North,0,1,27,Month-to-month,Bank transfer,DSL,0,0,47.6,1267.77,3,0
C04463,2020-07-15,South,0,1,48,Month-to-month,Bank transfer,DSL,0,0,58.06,2831.47,0,0
C04464,2022-07-07,West,1,0,24,Two year,Electronic check,DSL,0,0,48.94,1141.91,1,0
C04465,2022-02-04,South,0,0,29,Month-to-month,Bank transfer,No,0,0,17.03,486.72,0,0
C04466,2021-12-19,West,0,1,30,Month-to-month,Bank transfer,DSL,1,1,78.27,2356.93,1,0
C04467,2024-03-08,East,0,1,3,Month-to-month,Electronic check,DSL,0,0,50.08,153.38,1,1
C04468,2019-12-07,East,0,1,55,One year,Electronic check,Fiber optic,0,0,80.09,4587.07,2,0
C04469,2019-05-02,West,0,1,62,Two year,Electronic check,Fiber optic,0,0,86.34,5462.15,5,0
C04470,2021-08-05,East,0,1,35,Month-to-month,Credit card,DSL,1,1,79.12,2821.63,1,0
C04471,2020-03-22,East,0,0,52,Two year,Electronic check,Fiber optic,0,1,96.29,4970.86,2,0
C04472,2020-09-01,North,1,0,46,Month-to-month,Electronic check,DSL,0,0,57.48,2574.5,1,0
C04473,2022-10-17,East,0,0,20,One year,Electronic check,DSL,0,0,71.11,1452.07,0,0
C04474,2022-08-06,East,0,0,23,Month-to-month,Electronic check,DSL,1,0,59.04,1340.77,0,0
C04475,2023-08-02,North,0,1,11,Month-to-month,Mailed check,DSL,1,0,56.04,639.54,0,0
C04476,2021-02-04,East,0,0,41,One year,Credit card,No,0,0,24.49,1040.41,3,0
C04477,2020-08-31,East,0,0,46,Month-to-month,Mailed check,Fiber optic,0,1,92.27,4065.5,2,1
C04478,2021-12-09,South,1,0,31,Month-to-month,Credit card,Fiber optic,0,1,98.48,2911.97,1,1
C04479,2020-05-03,North,1,0,50,Two year,Electronic check,DSL,0,1,69.43,3457.86,1,0
C04480,2018-07-29,North,0,0,72,Two year,Mailed check,Fiber optic,1,1,106.86,7481.82,3,0
C04481,2023-10-25,North,0,1,8,Month-to-month,Credit card,No,0,0,21.11,164.48,0,0
C04482,2018-07-03,North,0,1,72,One year,Bank transfer,DSL,0,0,61.84,4412.7,1,0
C04483,2023-07-05,North,0,1,12,One year,Credit card,No,0,0,17.55,216.53,0,0
C04484,2022-03-05,East,0,1,28,Month-to-month,Electronic check,Fiber optic,0,1,102.11,2763.38,2,1
C04485,2019-07-18,South,1,0,60,Two year,Mailed check,Fiber optic,1,1,101.76,6381.61,1,0
C04486,2022-02-11,North,1,1,29,Month-to-month,Bank transfer,DSL,1,0,66.4,1946.0,0,0
C04487,2023-04-18,North,1,1,14,One year,Electronic check,Fiber optic,1,1,108.95,1565.78,2,0
C04488,2022-02-05,East,1,0,29,Month-to-month,Credit card,Fiber optic,1,0,94.69,2652.13,2,1
C04489,2022-08-29,West,0,0,22,Month-to-month,Electronic check,No,0,0,23.88,506.97,0,0
C04490,2022-07-31,West,1,0,23,Month-to-month,Electronic check,No,0,0,20.17,455.39,1,1
C04491,2022-03-19,West,1,1,27,Month-to-month,Bank transfer,DSL,0,0,56.33,,2,0
C04492,2018-10-30,South,1,1,69,Two year,Bank transfer,No,0,0,17.18,1225.36,0,0
C04493,2020-10-07,East,0,0,45,Two year,Credit card,No,0,0,16.01,703.59,0,0
C04494,2024-05-13,North,1,0,1,Month-to-month,Credit card,Fiber optic,0,0,80.91,80.23,1,1
C04495,2023-04-12,North,0,1,14,Month-to-month,Electronic check,DSL,1,1,74.55,1043.68,0,1
C04496,2023-12-18,North,0,0,6,Month-to-month,Bank transfer,DSL,0,1,61.88,364.77,1,0
C04497,2022-12-04,North,0,0,19,Month-to-month,Credit card,DSL,0,0,62.47,1240.36,0,0
C04498,2023-03-28,South,0,0,15,Month-to-month,Electronic check,DSL,0,0,53.77,,0,0
C04499,2022-05-04,North,0,1,26,Two year,Mailed check,No,0,0,19.96,515.39,0,0
C04500,2023-04-11,West,0,0,14,One year,Credit card,DSL,0,1,62.41,830.74,0,1
C04501,2023-09-14,East,0,0,9,Month-to-month,Electronic check,Fiber optic,1,0,103.18,887.56,1,0
C04502,2023-11-26,East,0,1,7,Month-to-month,Credit card,Fiber optic,0,0,83.98,590.68,3,1
C04503,2022-05-22,North,0,1,25,One year,Mailed check,Fiber optic,1,0,92.64,2375.18,2,0
C04504,2024-01-30,West,1,1,5,Month-to-month,Credit card,DSL,0,1,65.01,328.84,0,0
C04505,2024-01-09,North,0,1,5,Month-to-month,Bank transfer,Fiber optic,0,1,96.16,495.77,1,1
C04506,2022-05-09,West,0,1,26,Month-to-month,Bank transfer,Fiber optic,1,1,105.78,2825.63,0,0
C04507,2023-01-06,East,0,1,18,Month-to-month,Credit card,Fiber optic,0,0,79.62,1476.64,0,0
C04508,2023-04-14,North,0,0,14,Month-to-month,Electronic check,DSL,0,0,58.44,827.09,0,0
C04509,2020-08-04,North,0,0,47,One year,Bank transfer,Fiber optic,1,0,90.54,4409.68,2,0
C04510,2024-01-22,East,0,0,5,Month-to-month,Credit card,DSL,0,0,58.24,286.46,1,1
C04511,2022-10-03,West,0,0,21,One year,Credit card,Fiber optic,0,1,91.68,1858.65,3,1
C04512,2024-01-05,South,0,1,5,Month-to-month,Credit card,Fiber optic,0,1,97.69,503.13,1,1
C04513,2018-07-13,North,0,1,72,Two year,Bank transfer,DSL,1,1,72.9,5142.88,0,0
C04514,2023-11-01,South,0,0,8,Month-to-month,Bank transfer,Fiber optic,1,0,92.09,716.83,2,0
C04515,2019-07-21,South,0,0,60,Month-to-month,Bank transfer,DSL,1,0,66.92,4037.92,0,0
C04516,2022-04-26,South,0,1,26,Month-to-month,Bank transfer,No,0,0,24.72,646.68,2,0
C04517,2024-05-13,West,1,0,1,Month-to-month,Bank transfer,No,0,0,27.29,26.13,0,1
C04518,2024-05-23,South,0,0,1,Month-to-month,Electronic check,DSL,0,0,56.49,57.19,1,1
C04519,2021-07-14,North,0,0,36,One year,Electronic check,DSL,0,1,66.98,2345.65,1,0
C04520,2023-08-07,East,0,0,10,Month-to-month,Bank transfer,DSL,0,1,63.15,608.34,0,1
C04521,2024-02-05,East,1,1,4,Month-to-month,Electronic check,No,0,0,15.0,62.79,0,0
C04522,2021-08-01,East,1,0,35,Month-to-month,Electronic check,Fiber optic,0,1,99.48,3409.25,2,1
C04523,2023-03-30,East,0,0,15,One year,Electronic check,DSL,0,1,65.99,981.1,2,0
C04524,2018-07-24,South,0,0,72,Two year,Credit card,Fiber optic,0,1,97.04,6737.58,2,0
C04525,2021-09-09,South,0,0,34,One year,Credit card,DSL,0,0,53.41,1897.05,1,0
C04526,2018-08-01,North,0,0,72,One year,Bank transfer,Fiber optic,1,0,92.13,6312.04,0,0
C04527,2020-07-22,North,0,0,47,One year,Credit card,Fiber optic,1,0,97.71,4367.06,1,1
C04528,2021-07-02,East,0,1,36,One year,Credit card,DSL,0,0,61.82,2204.54,0,1
C04529,2022-08-04,South,0,0,23,Month-to-month,Electronic check,Fiber optic,1,0,90.2,1995.97,3,1
C04530,2022-09-05,East,0,0,22,One year,Electronic check,DSL,1,0,57.5,1226.37,0,1
C04531,2022-12-24,West,0,0,18,One year,Electronic check,Fiber optic,1,1,106.06,1868.53,2,0
C04532,2021-06-14,East,0,0,37,Month-to-month,Electronic check,Fiber optic,0,0,82.13,3029.43,4,1
C04533,2022-04-18,North,0,0,26,One year,Bank transfer,No,0,0,24.73,668.06,0,0
C04534,2024-05-27,North,0,0,1,Month-to-month,Electronic check,Fiber optic,1,0,97.02,96.27,0,1
C04535,2022-05-14,North,0,1,25,Month-to-month,Credit card,No,0,0,27.58,,0,1
C04536,2023-10-19,South,0,1,8,Month-to-month,Bank transfer,DSL,1,1,81.31,680.45,0,0
C04537,2021-12-30,North,0,0,30,One year,Mailed check,No,0,0,20.42,633.67,0,0
C04538,2018-07-25,West,0,1,72,Two year,Credit card,DSL,1,1,77.59,5783.77,0,0
C04539,2023-01-19,South,0,1,17,Month-to-month,Credit card,Fiber optic,0,0,86.57,1515.7,2,0
C04540,2022-03-31,East,0,0,27,Month-to-month,Credit card,DSL,0,0,51.36,1333.28,1,0
C04541,2023-08-27,North,0,0,10,Month-to-month,Credit card,No,0,0,21.74,210.24,0,1
C04542,2023-12-18,North,0,1,6,Month-to-month,Credit card,No,0,0,25.48,149.43,1,0
C04543,2019-08-25,North,0,1,59,Two year,Bank transfer,Fiber optic,0,0,82.47,4950.77,2,1
C04544,2022-07-10,south,1,1,24,Month-to-month,Credit card,Fiber optic,0,1,96.03,2286.05,1,0
C04545,2023-04-08,South,0,0,14,Month-to-month,Electronic check,Fiber optic,0,1,99.63,1395.18,0,1
C04546,2018-11-13,South,1,1,68,Month-to-month,Bank transfer,DSL,0,1,73.0,5119.24,0,0
C04547,2020-07-25,West,0,1,47,Two year,Mailed check,Fiber optic,1,0,92.03,4123.4,2,0
C04548,2023-12-20,East,0,0,6,Month-to-month,Electronic check,Fiber optic,1,1,107.98,671.57,3,1
C04549,2020-03-27,East,0,0,51,One year,Electronic check,Fiber optic,1,1,106.87,5485.43,3,0
C04550,2022-04-26,North,0,1,26,Month-to-month,Electronic check,DSL,0,1,65.9,,1,1
C04551,2022-09-21,South,0,0,21,Month-to-month,Electronic check,No,0,0,15.0,308.08,1,0
C04552,2019-12-04,East,0,0,55,One year,Electronic check,DSL,1,1,74.02,3934.66,0,0
C04553,2022-06-04,East,0,1,25,Month-to-month,Mailed check,Fiber optic,0,0,80.09,2016.66,3,0
C04554,2022-07-20,West,0,0,23,One year,Credit card,DSL,0,0,54.46,1295.45,0,1
C04555,2020-05-21,South,0,1,50,Month-to-month,Bank transfer,DSL,1,1,75.19,3855.64,0,0
C04556,2022-09-19,South,1,1,21,One year,Bank transfer,DSL,1,1,72.24,1562.51,0,0
C04557,2022-11-24,West,0,1,19,One year,Electronic check,DSL,1,1,75.93,,0,0
C04558,2023-05-05,South,0,1,14,One year,Credit card,Fiber optic,1,0,102.46,1452.91,1,0
C04559,2019-01-21,East,0,0,66,Month-to-month,Electronic check,Fiber optic,0,0,82.35,5470.62,2,0
C04560,2023-03-11,North,0,0,15,One year,Electronic check,Fiber optic,0,0,83.45,1200.28,0,0
C04561,2020-03-10,North,0,0,52,Two year,Mailed check,Fiber optic,0,0,84.1,4390.26,5,1
C04562,2023-05-13,North,0,0,13,Month-to-month,Credit card,DSL,1,0,62.09,766.94,0,1
C04563,2024-02-09,South,0,1,4,Month-to-month,Credit card,DSL,0,0,48.69,199.35,0,1
C04564,2021-11-17,West,0,0,31,Two year,Credit card,Fiber optic,1,1,114.24,3679.18,2,0
C04565,2023-01-15,North,0,0,17,Month-to-month,Bank transfer,Fiber optic,0,0,77.68,1371.76,2,1
C04566,2019-09-20,West,0,1,58,One year,Mailed check,Fiber optic,1,0,88.14,5022.08,2,0
C04567,2022-03-25,West,0,0,27,One year,Bank transfer,DSL,0,0,58.0,1583.32,1,0
C04568,2022-10-22,North,0,0,20,Month-to-month,Electronic check,Fiber optic,0,0,76.8,1573.8,1,1
C04569,2023-10-05,North,1,0,8,One year,Electronic check,DSL,1,0,68.08,552.29,0,0
C04570,2021-10-17,West,0,1,32,One year,Credit card,Fiber optic,0,0,88.44,2692.46,0,0
C04571,2024-04-15,East,0,1,2,Month-to-month,Credit card,DSL,0,0,51.79,103.84,1,0
C04572,2022-11-11,North,1,0,19,Two year,Electronic check,Fiber optic,0,0,85.17,1620.64,1,1
C04573,2023-11-05,West,0,0,7,Month-to-month,Electronic check,Fiber optic,0,1,96.8,698.57,3,1
C04574,2020-12-07,East,0,0,43,Month-to-month,Electronic check,Fiber optic,1,1,103.78,4598.22,2,0
C04575,2022-01-03,East,0,0,30,Two year,Mailed check,DSL,0,0,52.54,1601.23,1,0
C04576,2020-11-23,East,0,1,43,Month-to-month,Electronic check,Fiber optic,1,0,94.37,3917.94,3,1
C04577,2018-07-13,North,0,0,72,Two year,Bank transfer,DSL,0,0,53.13,3848.14,0,0
C04578,2023-12-20,South,0,0,6,Month-to-month,Electronic check,Fiber optic,1,1,109.3,681.12,2,1
C04579,2023-04-10,North,0,0,14,Month-to-month,Electronic check,DSL,0,0,54.4,735.93,0,1
C04580,2023-11-01,East,0,1,8,Month-to-month,Electronic check,DSL,0,1,68.81,570.16,0,1
C04581,2023-07-18,West,0,1,11,One year,Credit card,Fiber optic,0,0,83.45,879.66,2,0
C04582,2018-07-03,East,1,1,72,One year,Electronic check,DSL,0,0,57.56,4336.31,2,0
C04583,2018-07-07,East,0,1,72,Two year,Mailed check,DSL,1,0,68.54,5164.37,0,0
C04584,2018-07-23,North,0,1,72,Two year,Bank transfer,No,0,0,15.0,1132.27,0,0
C04585,2022-08-15,East,0,1,22,One year,Credit card,Fiber optic,0,0,86.51,1872.9,2,0
C04586,2023-09-26,West,0,0,9,One year,Electronic check,No,0,0,17.22,160.46,2,0
C04587,2022-06-11,North,0,0,25,Month-to-month,Bank transfer,DSL,1,0,63.24,,1,0
C04588,2018-07-06,North,1,1,72,Two year,Electronic check,Fiber optic,0,1,98.25,6791.7,1,0
C04589,2020-12-22,East,0,1,42,One year,Bank transfer,Fiber optic,0,1,97.49,4066.4,3,0
C04590,2021-05-25,North,0,0,37,Two year,Mailed check,DSL,1,0,64.07,2442.21,0,0
C04591,2022-12-12,North,0,0,18,Month-to-month,Credit card,Fiber optic,0,1,99.65,1708.4,1,1
C04592,2024-04-21,West,0,0,2,Month-to-month,Credit card,DSL,0,0,55.72,110.78,0,0
C04593,2020-11-14,North,0,0,44,One year,Credit card,No,0,0,16.97,754.36,0,0
C04594,2023-10-11,South,0,1,8,Month-to-month,Credit card,Fiber optic,1,1,111.39,919.24,2,1
C04595,2024-01-21,South,0,0,5,Month-to-month,Electronic check,Fiber optic,0,1,101.26,493.61,1,1
C04596,2018-08-01,South,0,0,72,Two year,Bank transfer,Fiber optic,1,1,107.05,7406.8,2,0
C04597,2023-09-24,South,0,0,9,Month-to-month,Electronic check,DSL,1,1,74.77,652.92,0,1
C04598,2023-10-17,South,0,0,8,Month-to-month,Electronic check,DSL,1,0,61.91,500.84,0,0
C04599,2022-09-21,West,0,0,21,Month-to-month,Mailed check,Fiber optic,1,0,101.69,2160.7,0,1
C04600,2023-11-25,North,1,1,7,Month-to-month,Bank transfer,Fiber optic,0,1,96.26,664.38,1,1
C04601,2022-10-29,North,0,1,20,One year,Bank transfer,Fiber optic,1,0,95.58,1914.92,0,0
C04602,2022-02-25,South,1,1,28,Two year,Credit card,DSL,1,0,66.69,1843.61,0,0
C04603,2019-08-02,West,0,0,59,Two year,Bank transfer,Fiber optic,0,0,73.95,4184.49,1,0
C04604,2023-10-25,South,0,0,8,One year,Credit card,DSL,0,0,51.34,393.88,0,0
C04605,2022-06-29,North,0,1,24,One year,Credit card,DSL,0,0,63.81,1532.7,2,1
C04606,2023-12-12,East,0,1,6,Month-to-month,Credit card,No,0,0,15.0,93.87,2,0
C04607,2020-11-14,East,0,0,44,Two year,Electronic check,Fiber optic,1,1,101.01,4416.69,1,1
C04608,2022-06-22,South,1,1,24,Month-to-month,Mailed check,Fiber optic,0,1,95.2,2289.78,0,1
C04609,2023-01-03,North,0,0,18,Month-to-month,Bank transfer,No,0,0,16.03,297.45,0,0
C04610,2021-03-27,West,0,1,39,Two year,Credit card,DSL,1,1,74.0,2899.0,0,0
C04611,2018-07-04,West,0,0,72,Two year,Electronic check,No,0,0,15.38,1058.03,0,0
C04612,2023-07-15,West,0,0,11,Month-to-month,Electronic check,Fiber optic,0,1,96.31,1046.28,1,1
C04613,2020-04-05,West,1,1,51,One year,Mailed check,Fiber optic,1,1,108.43,5265.74,1,1
C04614,2023-02-14,South,0,0,16,Month-to-month,Electronic check,DSL,1,1,78.6,1310.37,0,1
C04615,2023-05-20,South,0,0,13,Month-to-month,Credit card,DSL,1,0,61.71,840.72,0,0
C04616,2023-02-07,West,0,1,16,Month-to-month,Electronic check,Fiber optic,0,0,88.89,,3,1
C04617,2023-10-01,South,0,1,9,Month-to-month,Mailed check,DSL,0,0,55.57,502.37,2,0
C04618,2022-04-29,West,0,0,26,Month-to-month,Bank transfer,DSL,0,0,59.28,1475.95,0,0
C04619,2022-09-22,East,0,0,21,Month-to-month,Mailed check,Fiber optic,0,1,98.15,2003.65,2,1
C04620,2023-05-15,West,0,0,13,Month-to-month,Electronic check,Fiber optic,0,0,83.95,1046.34,2,0
C04621,2024-01-23,North,0,1,5,Month-to-month,Bank transfer,DSL,1,0,64.05,304.36,0,1
C04622,2022-05-06,East,0,0,26,Two year,Mailed check,Fiber optic,1,0,96.41,2545.07,0,0
C04623,2023-05-29,West,0,0,13,One year,Credit card,No,0,0,25.05,323.58,1,0
C04624,2022-12-10,North,1,1,18,Two year,Bank transfer,Fiber optic,0,0,85.5,1569.06,1,0
C04625,2023-08-16,East,0,1,10,Month-to-month,Credit card,Fiber optic,0,0,85.84,898.72,2,0
C04626,2020-05-27,North,0,1,49,One year,Electronic check,Fiber optic,0,0,87.26,4444.97,1,0
C04627,2021-10-24,West,1,0,32,Two year,Bank transfer,DSL,0,1,59.9,1827.87,0,0
C04628,2023-12-01,West,0,1,7,Month-to-month,Bank transfer,DSL,0,0,49.28,341.82,1,0
C04629,2022-11-17,North,0,0,19,Month-to-month,Bank transfer,No,0,0,20.87,413.8,2,1
C04630,2024-01-08,East,0,1,5,Month-to-month,Mailed check,Fiber optic,0,1,93.18,487.44,0,0
C04631,2022-12-11,South,0,0,18,Month-to-month,Electronic check,Fiber optic,1,0,93.94,1728.73,1,1
C04632,2022-11-21,West,0,1,19,Month-to-month,Electronic check,No,0,0,19.95,369.69,1,0
C04633,2023-07-27,South,0,0,11,Month-to-month,Credit card,DSL,1,1,86.65,946.54,0,0
C04634,2023-05-25,East,1,0,13,Month-to-month,Credit card,DSL,1,0,64.29,817.57,0,0
C04635,2020-02-01,North,0,0,53,One year,Electronic check,Fiber optic,1,1,98.54,5094.07,3,1
C04636,2018-11-26,North,1,0,68,Month-to-month,Bank transfer,DSL,0,1,67.82,4500.47,0,0
C04637,2022-02-17,West,0,1,28,Month-to-month,Bank transfer,Fiber optic,0,0,89.07,2541.12,3,0
C04638,2023-10-16,south,1,1,8,One year,Bank transfer,Fiber optic,0,0,87.13,711.27,2,1
C04639,2023-09-21,West,0,1,9,Month-to-month,Electronic check,Fiber optic,0,1,98.86,895.94,0,1
C04640,2022-04-27,West,0,0,26,Month-to-month,Credit card,DSL,0,1,64.05,1738.67,0,0
C04641,2022-05-12,West,0,0,26,Month-to-month,Bank transfer,Fiber optic,0,1,95.32,,0,1
C04642,2023-12-08,North,0,1,6,Month-to-month,Bank transfer,DSL,0,1,63.6,378.56,0,0
C04643,2024-03-04,North,0,0,3,Month-to-month,Bank transfer,No,0,0,17.06,52.83,1,0
C04644,2023-09-23,East,0,1,9,Month-to-month,Bank transfer,DSL,0,0,54.17,474.97,0,0
C04645,2023-10-14,West,0,0,8,Month-to-month,Electronic check,No,0,0,23.68,187.84,0,0
C04646,2021-10-29,West,0,1,32,Two year,Credit card,Fiber optic,1,1,118.52,3623.01,2,0
C04647,2020-08-16,East,0,0,47,Two year,Electronic check,Fiber optic,0,0,85.59,4189.67,0,0
C04648,2024-01-20,North,1,0,5,Month-to-month,Credit card,Fiber optic,1,0,97.16,474.92,0,1
C04649,2021-07-23,East,0,0,35,Month-to-month,Credit card,DSL,0,0,45.35,1524.21,0,0
C04650,2023-01-05,South,0,0,18,Month-to-month,Bank transfer,Fiber optic,0,0,83.24,1539.19,1,0
C04651,2018-07-16,West,0,1,72,Two year,Bank transfer,No,0,0,26.13,1965.05,0,0
C04652,2018-07-19,East,0,0,72,Two year,Electronic check,Fiber optic,0,0,85.37,6355.01,3,0
C04653,2024-01-18,North,0,0,5,Month-to-month,Mailed check,DSL,0,0,54.58,268.08,1,0
C04654,2022-09-11,West,0,1,21,Month-to-month,Bank transfer,Fiber optic,1,1,118.6,2614.57,1,1
C04655,2023-08-23,West,0,1,10,Month-to-month,Electronic check,No,0,0,24.76,242.05,0,0
C04656,2018-12-29,East,0,0,67,Two year,Electronic check,Fiber optic,0,0,88.09,5742.87,5,1
C04657,2023-04-21,West,1,0,14,Two year,Credit card,Fiber optic,1,0,94.75,1286.8,2,1
C04658,2021-02-24,North,0,1,40,Month-to-month,Electronic check,DSL,1,0,66.09,2515.37,0,0
C04659,2022-11-14,South,1,0,19,One year,Mailed check,No,0,0,28.55,546.84,1,0
C04660,2023-05-25,North,0,1,13,Month-to-month,Electronic check,DSL,1,0,73.93,983.7,0,0
C04661,2021-01-07,South,1,1,42,One year,Bank transfer,DSL,0,0,52.85,2243.78,0,0
C04662,2020-07-16,South,0,1,48,Two year,Mailed check,Fiber optic,1,1,100.5,4839.75,3,0
C04663,2023-09-27,South,1,1,9,Month-to-month,Credit card,DSL,0,0,55.2,503.83,0,0
C04664,2022-06-21,South,0,0,24,Month-to-month,Mailed check,No,0,0,23.05,573.73,1,0
C04665,2021-08-28,East,0,1,34,One year,Electronic check,DSL,0,1,74.22,2475.19,0,0
C04666,2023-12-22,North,0,1,6,Month-to-month,Mailed check,Fiber optic,0,1,96.58,578.09,0,1
C04667,2021-02-19,South,0,1,40,Two year,Electronic check,No,0,0,18.61,774.38,0,0
C04668,2024-03-03,West,0,0,3,Month-to-month,Credit card,No,0,0,24.45,71.67,2,1
C04669,2019-06-07,East,0,0,61,Two year,Electronic check,No,0,0,16.31,949.87,0,0
C04670,2021-10-29,North,0,0,32,Month-to-month,Electronic check,No,0,0,19.05,599.41,2,0
C04671,2019-11-03,South,0,0,56,Month-to-month,Mailed check,DSL,0,0,55.02,3131.62,0,0
C04672,2023-08-23,West,0,1,10,Month-to-month,Electronic check,No,0,0,19.71,188.49,0,0
C04673,2021-09-08,North,0,0,34,Month-to-month,Mailed check,No,0,0,25.12,828.15,1,0
C04674,2020-08-22,West,1,1,46,Month-to-month,Mailed check,Fiber optic,1,0,97.14,4437.64,0,0
C04675,2021-08-20,South,1,1,34,One year,Credit card,Fiber optic,1,0,92.84,3117.14,3,0
C04676,2024-04-23,East,1,1,2,Month-to-month,Electronic check,DSL,0,1,66.06,137.7,1,0
C04677,2023-09-03,South,0,1,10,Month-to-month,Bank transfer,Fiber optic,0,1,108.19,1085.12,4,1
C04678,2021-03-19,East,1,1,39,Month-to-month,Bank transfer,Fiber optic,1,0,89.23,3615.11,0,0
C04679,2022-05-13,West,0,0,25,Month-to-month,Electronic check,Fiber optic,1,1,99.49,2462.41,3,1
C04680,2019-03-06,North,0,1,64,Two year,Bank transfer,Fiber optic,0,1,92.03,5938.73,3,0
C04681,2021-06-29,South,0,1,36,Two year,Credit card,Fiber optic,1,1,108.22,3921.12,2,0
C04682,2022-11-22,East,0,0,19,Month-to-month,Credit card,DSL,0,0,59.55,1093.07,0,0
C04683,2021-09-12,South,0,0,34,One year,Credit card,No,0,0,19.54,632.13,0,0
C04684,2022-05-01,South,0,0,26,One year,Bank transfer,DSL,0,1,64.74,1644.33,0,0
C04685,2019-01-19,West,0,1,66,Two year,Mailed check,DSL,0,1,64.06,4038.35,0,0
C04686,2023-02-04,North,1,0,17,Month-to-month,Credit card,DSL,0,0,48.07,837.27,1,0
C04687,2023-10-02,North,0,0,9,Month-to-month,Electronic check,No,0,0,26.4,245.81,1,0
C04688,2023-11-05,East,0,0,7,Month-to-month,Bank transfer,No,0,0,19.19,132.19,1,0
C04689,2020-08-18,North,0,1,47,Two year,Bank transfer,DSL,1,0,65.89,2996.32,1,0
C04690,2020-12-29,North,0,1,42,One year,Credit card,DSL,1,0,68.41,2772.52,0,0
C04691,2023-10-06,West,0,1,8,Month-to-month,Credit card,Fiber optic,0,0,90.55,725.08,0,0
C04692,2022-11-23,South,0,0,19,Month-to-month,Electronic check,DSL,0,0,54.1,1022.0,0,0
C04693,2020-10-12,North,1,0,45,One year,Bank transfer,Fiber optic,0,1,93.35,4387.17,1,0
C04694,2018-07-13,East,1,1,72,Two year,Electronic check,DSL,1,1,76.91,5763.2,2,0
C04695,2022-10-05,South,1,1,21,Month-to-month,Credit card,Fiber optic,0,0,84.47,1853.53,1,0
C04696,2022-08-14,South,0,0,22,One year,Bank transfer,DSL,1,0,62.77,1402.05,1,0
C04697,2021-12-05,South,0,1,31,Month-to-month,Electronic check,Fiber optic,0,1,91.95,2949.87,3,1
C04698,2022-03-05,North,1,0,28,Month-to-month,Credit card,Fiber optic,0,0,86.56,2498.14,0,0
C04699,2024-04-14,West,1,0,2,Month-to-month,Mailed check,DSL,0,0,60.3,118.16,1,1
C04700,2022-11-23,North,0,1,19,One year,Bank transfer,DSL,0,0,62.01,1191.82,2,0
C04701,2019-07-30,South,0,0,59,Two year,Credit card,DSL,0,1,63.97,3776.61,0,0
C04702,2023-12-09,South,0,0,6,Month-to-month,Bank transfer,DSL,0,0,62.03,374.77,0,0
C04703,2023-12-26,East,1,1,6,Month-to-month,Bank transfer,No,0,0,15.6,93.03,1,0
C04704,2023-09-08,East,0,1,9,Month-to-month,Electronic check,DSL,1,1,77.6,680.9,0,0
C04705,2021-05-10,South,1,0,38,Month-to-month,Electronic check,DSL,0,1,71.18,2784.77,0,0
C04706,2024-01-11,East,0,1,5,Month-to-month,Electronic check,DSL,1,1,79.21,382.35,0,1
C04707,2022-02-17,North,0,1,28,Month-to-month,Electronic check,Fiber optic,1,0,100.65,2753.39,1,0
C04708,2020-10-02,North,0,1,45,Month-to-month,Mailed check,No,0,0,15.9,738.08,0,1
C04709,2023-09-27,West,1,0,9,Month-to-month,Mailed check,Fiber optic,1,0,94.27,882.17,3,1
C04710,2021-01-06,East,0,1,42,Month-to-month,Bank transfer,Fiber optic,0,1,96.19,4215.87,1,0
C04711,2023-03-12,East,0,1,15,One year,Electronic check,Fiber optic,0,0,89.56,1404.41,0,0
C04712,2023-07-29,West,0,1,11,Month-to-month,Bank transfer,Fiber optic,0,0,84.07,891.93,2,1
C04713,2021-06-12,West,0,1,37,One year,Credit card,No,0,0,20.93,777.47,1,0
C04714,2019-12-05,East,0,0,55,Two year,Electronic check,Fiber optic,1,1,105.97,5641.36,2,0
C04715,2022-09-14,West,1,0,21,One year,Bank transfer,DSL,0,1,68.45,1435.5,1,1
C04716,2018-07-11,East,0,1,72,Month-to-month,Electronic check,Fiber optic,0,0,82.0,6044.78,2,0
C04717,2023-02-27,North,0,0,16,Month-to-month,Mailed check,DSL,0,0,50.52,846.73,0,0
C04718,2020-08-06,East,0,0,47,One year,Bank transfer,DSL,0,0,53.01,2608.3,0,0
C04719,2024-04-20,West,0,0,2,Month-to-month,Electronic check,No,0,0,16.33,32.91,0,0
C04720,2022-09-11,West,0,0,21,Month-to-month,Electronic check,DSL,1,1,76.19,1582.73,0,1
C04721,2023-12-16,East,0,1,6,Month-to-month,Credit card,Fiber optic,0,1,100.13,592.33,1,0
C04722,2024-02-27,West,0,0,4,Month-to-month,Electronic check,No,0,0,15.0,60.28,2,0
C04723,2022-11-07,North,1,0,20,Month-to-month,Bank transfer,Fiber optic,0,0,83.34,1603.03,4,1
C04724,2021-01-02,North,1,0,42,One year,Bank transfer,DSL,0,0,63.68,2641.79,0,0
C04725,2022-01-29,South,0,1,29,Month-to-month,Electronic check,Fiber optic,1,0,87.82,2453.46,1,1
C04726,2024-04-11,North,0,1,2,Month-to-month,Bank transfer,Fiber optic,1,1,102.53,196.07,0,1
C04727,2021-03-03,West,0,1,40,Two year,Mailed check,DSL,0,1,68.21,2854.12,0,0
C04728,2020-04-24,North,0,1,50,Month-to-month,Electronic check,DSL,0,0,48.58,2384.69,1,0
C04729,2021-11-21,East,1,1,31,One year,Credit card,Fiber optic,1,0,94.48,2920.96,3,0
C04730,2022-01-05,West,0,1,30,Month-to-month,Mailed check,No,0,0,26.69,816.4,0,0
C04731,2023-10-09,North,0,1,8,Month-to-month,Bank transfer,DSL,1,0,62.5,,0,0
C04732,2021-11-06,North,0,1,32,Two year,Electronic check,DSL,1,0,61.42,2043.95,0,0
C04733,2022-08-19,East,0,0,22,Month-to-month,Electronic check,No,0,0,15.0,343.52,0,0
C04734,2022-12-24,West,0,0,18,Month-to-month,Bank transfer,DSL,1,0,61.48,1082.06,0,0
C04735,2020-05-09,North,0,1,50,Two year,Bank transfer,DSL,0,0,54.04,2682.67,1,0
C04736,2022-11-17,North,0,0,19,One year,Electronic check,Fiber optic,0,1,105.54,1945.14,1,0
C04737,2020-09-10,West,0,1,46,One year,Bank transfer,DSL,0,1,66.25,3178.88,0,0
C04738,2023-07-27,East,1,1,11,Month-to-month,Mailed check,DSL,0,1,66.44,698.7,1,0
C04739,2020-10-19,East,0,0,45,Month-to-month,Mailed check,Fiber optic,1,0,94.81,4397.19,2,0
C04740,2021-09-29,South,1,1,33,One year,Credit card,Fiber optic,1,0,91.51,3119.8,1,0
C04741,2023-12-04,South,0,0,6,Month-to-month,Bank transfer,Fiber optic,1,1,97.56,607.53,1,1
C04742,2022-02-08,South,0,1,29,Month-to-month,Mailed check,DSL,1,1,82.77,2436.33,1,1
C04743,2019-04-06,North,1,0,63,One year,Credit card,Fiber optic,0,0,87.41,5515.54,2,0
C04744,2020-03-26,South,0,1,51,Month-to-month,Bank transfer,Fiber optic,1,1,111.44,5742.3,2,0
C04745,2022-04-22,West,0,1,26,Month-to-month,Credit card,Fiber optic,0,1,97.94,2467.83,1,1
C04746,2023-07-01,East,0,0,12,Month-to-month,Credit card,Fiber optic,0,0,89.64,1040.77,2,1
C04747,2022-09-01,West,1,1,22,Month-to-month,Mailed check,Fiber optic,1,1,100.83,2283.12,3,1
C04748,2019-11-17,South,0,1,56,One year,Mailed check,No,0,0,20.2,1136.3,0,0
C04749,2019-08-26,West,0,1,59,Two year,Credit card,No,0,0,22.06,1357.79,2,0
C04750,2022-12-26,South,0,0,18,Month-to-month,Credit card,DSL,0,1,72.27,1270.63,0,0
C04751,2023-05-21,East,0,0,13,Month-to-month,Electronic check,No,0,0,21.66,275.46,0,0
C04752,2023-09-30,East,0,0,9,Month-to-month,Electronic check,No,0,0,21.67,195.23,1,0
C04753,2023-12-07,West,0,0,6,Month-to-month,Mailed check,DSL,1,1,77.9,447.72,1,0
C04754,2023-11-05,West,0,0,7,Month-to-month,Credit card,DSL,0,0,49.09,351.97,0,0
C04755,2021-01-15,North,0,1,42,Two year,Credit card,Fiber optic,0,0,82.63,3354.84,0,0
C04756,2024-03-13,West,0,0,3,Month-to-month,Credit card,Fiber optic,1,1,104.98,316.9,1,1
C04757,2023-07-15,East,0,1,11,Month-to-month,Electronic check,Fiber optic,1,0,98.33,1038.23,1,1
C04758,2021-07-27,East,0,1,35,Two year,Credit card,Fiber optic,0,1,99.06,3435.6,3,1
C04759,2022-08-19,North,1,0,22,Month-to-month,Electronic check,DSL,0,0,61.02,1350.32,1,0
C04760,2020-06-15,South,1,0,49,Two year,Mailed check,DSL,0,1,68.95,3388.77,0,0
C04761,2023-12-01,West,0,0,7,Month-to-month,Mailed check,No,0,0,19.15,140.42,0,0
C04762,2023-03-28,West,0,1,15,Month-to-month,Mailed check,DSL,0,1,72.13,1100.37,0,0
C04763,2021-07-23,North,0,0,35,Two year,Bank transfer,Fiber optic,0,1,92.02,3231.37,0,0
C04764,2022-10-04,South,0,1,21,Month-to-month,Electronic check,DSL,0,1,65.84,1403.86,0,0
C04765,2024-04-12,West,0,0,2,Month-to-month,Electronic check,Fiber optic,1,1,103.21,211.36,3,1
C04766,2022-09-07,West,0,1,22,Month-to-month,Credit card,Fiber optic,1,0,90.52,2081.99,0,0
C04767,2021-03-16,South,0,1,40,One year,Electronic check,DSL,0,1,62.65,,0,0
C04768,2023-12-21,West,0,1,6,One year,Mailed check,Fiber optic,1,1,104.35,639.51,3,0
C04769,2023-06-28,West,0,0,12,Month-to-month,Electronic check,Fiber optic,1,0,95.76,1093.14,0,0
C04770,2022-01-29,North,0,1,29,One year,Electronic check,DSL,1,1,75.6,2084.17,0,0
C04771,2023-07-30,North,0,1,11,One year,Electronic check,DSL,0,1,68.04,764.44,0,0
C04772,2023-05-17,North,0,1,13,Month-to-month,Bank transfer,Fiber optic,0,0,85.88,1122.5,1,1
C04773,2023-11-01,North,0,0,8,Month-to-month,Mailed check,Fiber optic,0,1,87.65,722.21,0,0
C04774,2024-04-18,East,0,1,2,Month-to-month,Electronic check,Fiber optic,0,0,85.62,169.14,1,1
C04775,2023-03-20,South,0,0,15,Month-to-month,Credit card,Fiber optic,0,1,94.0,1361.03,3,1
C04776,2021-09-15,East,0,1,33,Month-to-month,Electronic check,DSL,0,1,60.43,2022.79,0,0
C04777,2020-09-28,North,0,1,45,Month-to-month,Bank transfer,DSL,0,0,55.91,2521.17,1,0
C04778,2023-12-19,East,0,1,6,Month-to-month,Electronic check,Fiber optic,0,0,85.25,501.19,0,1
C04779,2023-02-14,East,1,1,16,Month-to-month,Credit card,Fiber optic,0,0,85.59,1364.74,1,1
C04780,2018-07-19,West,0,0,72,One year,Electronic check,Fiber optic,0,1,99.77,7218.19,1,0
C04781,2023-09-01,South,0,1,10,Month-to-month,Bank transfer,DSL,0,0,52.27,507.34,0,0
C04782,2021-01-10,East,0,0,42,Two year,Bank transfer,Fiber optic,0,0,81.03,3482.82,0,1
C04783,2018-07-29,South,0,1,72,Two year,Bank transfer,Fiber optic,0,0,84.84,6174.11,1,0
C04784,2020-01-05,South,0,1,54,One year,Credit card,DSL,0,0,53.15,2745.51,1,0
C04785,2019-10-22,East,0,1,57,Two year,Electronic check,Fiber optic,1,0,105.79,6030.34,3,1
C04786,2022-04-18,East,0,0,26,Two year,Mailed check,Fiber optic,1,0,94.36,2396.89,4,0
C04787,2024-01-31,West,0,1,5,Month-to-month,Credit card,DSL,1,1,76.87,399.29,1,1
C04788,2022-10-11,North,1,0,20,One year,Credit card,DSL,0,0,51.34,1021.73,0,0
C04789,2023-03-13,North,1,0,15,Month-to-month,Mailed check,DSL,1,0,60.67,,0,0
C04790,2022-04-08,East,0,1,27,One year,Bank transfer,No,0,0,15.0,411.72,0,0
C04791,2022-05-01,East,1,1,26,Month-to-month,Bank transfer,DSL,1,0,63.44,1610.55,1,1
C04792,2023-10-04,West,0,1,9,Month-to-month,Credit card,DSL,1,0,63.91,601.61,0,0
C04793,2020-03-28,East,0,1,51,Month-to-month,Credit card,DSL,0,0,59.11,2874.51,0,0
C04794,2019-07-28,North,0,1,59,Two year,Credit card,DSL,1,0,63.7,3619.71,0,0
C04795,2019-04-12,South,0,0,63,Month-to-month,Mailed check,DSL,1,0,63.07,4169.25,1,0
C04796,2023-08-23,West,0,0,10,Month-to-month,Bank transfer,Fiber optic,1,0,95.62,999.05,1,0
C04797,2022-07-21,West,0,0,23,Month-to-month,Mailed check,DSL,0,0,54.23,1192.54,0,0
C04798,2024-06-10,West,0,1,0,Month-to-month,Electronic check,DSL,1,0,68.46,,0,0
C04799,2022-08-28,South,0,1,22,Two year,Credit card,DSL,0,0,60.37,1386.66,0,0
C04800,2018-07-04,North,0,0,72,One year,Bank transfer,Fiber optic,1,1,106.46,7489.41,4,1
C04801,2023-08-07,North,0,1,10,Month-to-month,Electronic check,DSL,1,0,60.72,629.02,0,0
C04802,2024-04-01,West,1,0,3,Month-to-month,Bank transfer,Fiber optic,1,0,94.02,282.66,3,1
C04803,2022-09-15,South,1,0,21,Month-to-month,Electronic check,Fiber optic,1,0,95.44,2065.9,3,1
C04804,2023-09-29,West,0,1,9,Month-to-month,Electronic check,Fiber optic,0,1,91.2,834.22,1,1
C04805,2018-07-04,North,0,1,72,Two year,Bank transfer,DSL,0,0,53.43,3964.07,0,0
C04806,2022-03-20,South,0,0,27,One year,Bank transfer,No,0,0,15.0,398.7,1,0
C04807,2022-12-26,West,1,0,18,Month-to-month,Mailed check,Fiber optic,0,0,86.26,1627.92,0,0
C04808,2022-11-18,North,0,1,19,One year,Electronic check,DSL,1,0,60.16,1131.1,0,0
C04809,2023-06-27,North,0,1,12,Month-to-month,Bank transfer,Fiber optic,0,0,83.3,953.44,2,1
C04810,2022-01-29,South,0,1,29,One year,Electronic check,Fiber optic,0,0,83.98,2500.69,1,1
C04811,2022-08-31,North,0,0,22,Month-to-month,Credit card,DSL,0,1,61.45,1313.73,0,1
C04812,2021-03-20,East,0,1,39,One year,Electronic check,DSL,0,0,54.78,2049.41,2,0
C04813,2023-06-08,North,0,0,12,Month-to-month,Credit card,Fiber optic,1,0,90.28,1103.41,4,0
C04814,2021-05-28,North,0,0,37,Two year,Electronic check,DSL,0,0,60.55,2303.02,0,0
C04815,2023-09-25,East,0,0,9,Month-to-month,Electronic check,No,0,0,24.95,227.54,0,0
C04816,2022-10-09,South,0,1,21,Month-to-month,Mailed check,DSL,0,0,59.33,1214.19,0,0
C04817,2023-07-01,East,0,0,12,Month-to-month,Bank transfer,DSL,1,0,65.22,759.92,0,0
C04818,2023-06-03,West,0,0,13,Month-to-month,Credit card,DSL,1,0,65.99,841.84,0,1
C04819,2020-10-11,West,0,0,45,Month-to-month,Mailed check,DSL,0,0,53.93,2472.48,0,0
C04820,2022-06-15,East,0,1,24,One year,Mailed check,No,0,0,21.79,499.91,2,0
C04821,2022-07-22,West,0,0,23,One year,Electronic check,Fiber optic,1,0,101.19,2411.42,0,0
C04822,2024-02-03,East,0,0,4,Month-to-month,Bank transfer,No,0,0,15.72,65.79,0,0
C04823,2022-08-02,North,0,0,23,One year,Mailed check,Fiber optic,0,0,86.4,2063.7,1,0
C04824,2022-11-01,West,1,0,20,One year,Credit card,Fiber optic,1,0,87.79,1742.36,1,1
C04825,2021-08-01,East,0,0,35,Month-to-month,Mailed check,DSL,1,0,62.99,2210.64,0,0
C04826,2022-07-05,North,0,0,24,Month-to-month,Bank transfer,DSL,0,1,66.39,1595.6,3,0
C04827,2018-09-04,East,0,1,70,Month-to-month,Credit card,No,0,0,20.91,1477.92,1,0
C04828,2020-09-18,North,0,0,46,Month-to-month,Electronic check,Fiber optic,1,0,97.35,4636.99,1,0
C04829,2021-09-25,East,0,0,33,One year,Mailed check,Fiber optic,0,0,89.88,3074.45,1,0
C04830,2021-06-13,East,0,0,37,Two year,Credit card,Fiber optic,1,1,101.04,3667.79,2,0
C04831,2020-07-31,North,0,1,47,One year,Mailed check,Fiber optic,1,0,98.12,4432.23,0,0
C04832,2021-04-10,South,0,0,39,Month-to-month,Bank transfer,DSL,0,1,73.86,2896.63,0,1
C04833,2023-05-15,North,0,0,13,One year,Credit card,Fiber optic,0,1,95.15,1179.87,1,1
C04834,2023-03-11,North,0,0,15,One year,Electronic check,Fiber optic,0,1,94.65,1444.95,1,0
C04835,2023-05-30,North,0,0,13,Month-to-month,Credit card,No,0,0,20.48,271.91,1,0
C04836,2019-06-23,West,0,1,61,Two year,Mailed check,DSL,0,1,66.4,4119.81,1,0
C04837,2022-04-28,South,0,0,26,Month-to-month,Bank transfer,DSL,0,1,66.13,1677.86,0,0
C04838,2023-10-02,North,0,0,9,Month-to-month,Electronic check,Fiber optic,0,1,102.74,947.08,3,1
C04839,2024-05-07,East,0,0,1,Month-to-month,Mailed check,No,0,0,29.51,28.9,1,0
C04840,2019-08-27,East,0,1,58,Month-to-month,Electronic check,No,0,0,18.7,1076.4,1,0
C04841,2018-09-01,North,1,0,70,Two year,Electronic check,Fiber optic,0,0,94.25,6728.87,2,0
C04842,2022-04-09,East,0,0,27,Month-to-month,Mailed check,DSL,1,0,63.58,1684.1,1,0
C04843,2021-10-15,North,1,0,32,Month-to-month,Electronic check,DSL,1,0,68.03,2261.24,0,1
C04844,2024-02-26,East,0,0,4,Month-to-month,Bank transfer,Fiber optic,0,1,92.82,364.82,2,1
C04845,2020-09-15,West,0,0,46,Month-to-month,Electronic check,DSL,1,1,73.47,3501.3,0,0
C04846,2024-02-16,South,0,0,4,Month-to-month,Electronic check,Fiber optic,1,0,93.7,391.3,2,1
C04847,2022-06-25,East,0,0,24,Month-to-month,Electronic check,No,0,0,23.33,552.89,0,0
C04848,2022-02-03,North,0,0,29,One year,Mailed check,DSL,0,0,55.83,1546.46,2,0
C04849,2023-04-17,South,0,0,14,Month-to-month,Electronic check,DSL,0,0,48.42,661.2,1,0
C04850,2021-05-05,West,0,0,38,One year,Electronic check,DSL,0,1,61.67,2406.79,1,0
C04851,2020-11-24,North,1,0,43,Month-to-month,Bank transfer,DSL,0,1,60.09,2479.28,0,0
C04852,2020-11-06,West,0,1,44,One year,Bank transfer,Fiber optic,0,0,86.27,3938.4,1,0
C04853,2023-03-20,North,0,1,15,Two year,Bank transfer,DSL,0,0,55.59,,0,0
C04854,2019-05-11,South,0,1,62,Month-to-month,Electronic check,DSL,0,0,55.51,3543.84,1,0
C04855,2019-10-31,North,0,0,56,Month-to-month,Credit card,DSL,1,0,65.47,3761.32,0,0
C04856,2021-03-18,North,0,0,40,Two year,Bank transfer,DSL,0,0,51.96,2130.99,1,0
C04857,2023-12-29,South,0,0,6,Month-to-month,Bank transfer,Fiber optic,1,1,107.67,615.3,0,0
C04858,2023-04-13,east,0,0,14,One year,Electronic check,Fiber optic,0,0,90.73,1300.57,2,1
C04859,2023-09-28,East,0,1,9,Month-to-month,Electronic check,Fiber optic,1,1,109.27,1000.9,1,1
C04860,2021-04-07,South,0,1,39,Month-to-month,Mailed check,Fiber optic,0,0,80.32,3164.35,1,1
C04861,2023-05-22,South,0,0,13,Month-to-month,Electronic check,DSL,0,1,65.66,884.05,0,0
C04862,2019-10-26,North,0,1,56,Two year,Bank transfer,Fiber optic,0,0,82.48,4632.27,2,0
C04863,2023-06-10,East,0,0,12,Month-to-month,Electronic check,DSL,0,0,58.52,707.18,2,1
C04864,2020-11-23,North,0,0,43,One year,Electronic check,No,0,0,15.77,679.32,1,0
C04865,2018-07-15,West,0,1,72,One year,Electronic check,DSL,0,0,55.72,4109.91,1,0
C04866,2024-03-02,North,0,0,4,Month-to-month,Electronic check,Fiber optic,1,0,93.62,390.6,1,0
C04867,2023-03-03,East,0,0,16,Month-to-month,Mailed check,DSL,0,0,51.88,838.31,1,1
C04868,2021-04-22,South,1,0,38,Month-to-month,Electronic check,Fiber optic,1,1,107.83,4037.49,1,0
C04869,2023-04-27,West,0,0,14,Month-to-month,Bank transfer,DSL,0,0,54.11,758.42,0,0
C04870,2022-04-06,South,0,0,27,One year,Electronic check,No,0,0,22.97,647.83,0,0
C04871,2023-03-03,West,1,0,16,Month-to-month,Bank transfer,DSL,1,1,75.05,1162.79,0,0
C04872,2024-04-01,West,1,1,3,Month-to-month,Credit card,No,0,0,15.27,47.67,0,1
C04873,2022-10-26,South,0,0,20,One year,Credit card,Fiber optic,1,1,106.17,2193.83,1,0
C04874,2023-03-07,South,0,0,16,One year,Bank transfer,DSL,1,0,66.0,1042.12,0,0
C04875,2023-12-27,South,0,0,6,Month-to-month,Mailed check,DSL,1,0,67.44,419.92,0,0
C04876,2021-06-21,South,0,1,36,One year,Bank transfer,DSL,1,1,76.25,2813.36,1,0
C04877,2023-04-20,South,0,1,14,Month-to-month,Credit card,No,0,0,23.37,341.85,2,0
C04878,2021-09-04,North,0,0,34,One year,Mailed check,No,0,0,15.0,510.43,0,0
C04879,2023-06-20,South,0,0,12,Month-to-month,Electronic check,DSL,1,0,68.92,844.96,0,1
C04880,2023-01-28,West,0,0,17,Month-to-month,Bank transfer,DSL,1,1,79.28,1327.98,0,1
C04881,2022-10-17,West,0,1,20,Month-to-month,Electronic check,DSL,1,0,63.23,1249.77,0,0
C04882,2019-09-01,North,0,0,58,One year,Bank transfer,DSL,0,0,59.19,3323.23,0,0
C04883,2022-05-27,East,0,0,25,One year,Electronic check,Fiber optic,0,1,98.24,2474.53,5,1
C04884,2024-06-01,North,0,0,0,Month-to-month,Electronic check,DSL,1,0,70.11,,0,0
C04885,2019-07-26,East,0,0,60,Two year,Credit card,DSL,0,0,51.89,3243.74,0,0
C04886,2019-08-30,East,1,1,58,Two year,Bank transfer,No,0,0,17.27,984.78,2,0
C04887,2022-10-22,West,0,0,20,Month-to-month,Bank transfer,Fiber optic,0,0,87.2,1765.34,2,1
C04888,2023-02-08,East,0,1,16,One year,Credit card,Fiber optic,0,0,85.27,1429.01,2,1
C04889,2023-12-18,West,1,0,6,Month-to-month,Credit card,DSL,1,1,71.24,423.96,0,0
C04890,2018-07-30,West,0,1,72,Two year,Mailed check,No,0,0,27.48,1893.77,1,0
C04891,2023-01-18,East,0,0,17,Month-to-month,Credit card,Fiber optic,0,0,92.01,1544.67,1,1
C04892,2023-07-24,South,0,1,11,Month-to-month,Mailed check,Fiber optic,0,0,85.77,988.8,0,0
C04893,2024-04-04,South,0,1,2,Month-to-month,Electronic check,DSL,0,1,64.25,134.38,0,1
C04894,2022-12-01,South,1,0,19,Month-to-month,Credit card,No,0,0,17.34,335.47,0,0
C04895,2023-02-05,South,0,1,17,One year,Mailed check,Fiber optic,0,1,98.55,1705.47,2,1
C04896,2020-04-04,South,1,1,51,Month-to-month,Credit card,No,0,0,25.75,1311.04,1,1
C04897,2021-08-01,South,0,0,35,Month-to-month,Electronic check,Fiber optic,0,1,107.58,3767.12,4,1
C04898,2023-06-07,East,0,1,12,Month-to-month,Electronic check,Fiber optic,1,0,93.79,1131.46,0,0
C04899,2022-10-22,South,0,0,20,Two year,Electronic check,Fiber optic,0,0,83.58,1654.29,0,0
C04900,2018-07-04,South,0,0,72,One year,Bank transfer,No,0,0,19.34,1436.62,0,0
C04901,2023-06-11,East,0,0,12,Month-to-month,Credit card,DSL,1,1,78.63,982.09,0,0
C04902,2021-07-27,South,0,1,35,Month-to-month,Mailed check,DSL,0,0,51.58,1870.78,1,0
C04903,2022-07-16,North,0,0,23,Month-to-month,Electronic check,Fiber optic,0,1,91.55,,3,1
C04904,2020-02-29,North,0,0,52,Two year,Mailed check,Fiber optic,1,1,106.07,5350.81,3,0
C04905,2023-12-16,west,0,1,6,One year,Mailed check,Fiber optic,1,0,96.24,604.91,3,0
C04906,2023-11-07,West,0,0,7,One year,Bank transfer,Fiber optic,0,0,91.86,620.96,1,1
C04907,2020-06-10,East,0,1,49,Two year,Bank transfer,Fiber optic,0,1,92.68,4483.78,0,0
C04908,2023-12-20,North,0,1,6,Month-to-month,Electronic check,Fiber optic,0,0,89.52,,2,1
C04909,2023-02-28,East,0,1,16,One year,Mailed check,DSL,0,1,66.59,1034.54,1,0
C04910,2022-06-25,South,0,0,24,Month-to-month,Bank transfer,No,0,0,19.02,453.16,0,0
C04911,2023-12-16,South,0,1,6,Month-to-month,Electronic check,DSL,0,0,48.79,279.89,1,0
C04912,2022-07-15,West,0,1,23,Month-to-month,Mailed check,Fiber optic,1,1,108.57,2515.61,2,1
C04913,2023-06-06,West,0,0,13,Month-to-month,Bank transfer,No,0,0,21.1,272.39,0,0
C04914,2018-07-21,East,0,1,72,Two year,Mailed check,DSL,0,0,64.07,4581.15,0,0
C04915,2024-03-24,East,0,0,3,Month-to-month,Electronic check,DSL,0,0,53.97,166.16,0,1
C04916,2018-07-21,East,0,0,72,Two year,Electronic check,DSL,0,0,61.21,4360.99,0,0
C04917,2023-03-22,West,0,1,15,One year,Credit card,Fiber optic,1,1,105.78,1518.22,1,0
C04918,2020-07-26,East,0,1,47,One year,Electronic check,Fiber optic,0,0,83.63,,2,1
C04919,2019-07-19,East,1,1,60,Two year,Credit card,DSL,0,0,48.28,2953.92,0,0
C04920,2024-01-06,North,1,1,5,Month-to-month,Mailed check,No,0,0,24.6,123.17,0,1
C04921,2024-04-03,West,0,1,2,Month-to-month,Mailed check,DSL,1,0,65.55,124.62,0,1
C04922,2023-08-13,West,0,1,10,Month-to-month,Credit card,Fiber optic,1,0,94.98,992.43,2,0
C04923,2022-12-08,South,0,1,19,Month-to-month,Mailed check,Fiber optic,0,1,95.84,1785.28,3,1
C04924,2020-05-08,South,0,0,50,Two year,Electronic check,DSL,0,0,55.94,2742.76,0,1
C04925,2023-03-24,West,0,1,15,Month-to-month,Electronic check,DSL,1,1,74.16,1077.34,0,1
C04926,2024-03-20,West,0,1,3,Month-to-month,Bank transfer,No,0,0,21.8,66.29,0,0
C04927,2022-11-12,South,0,1,19,Month-to-month,Mailed check,Fiber optic,1,1,103.18,1979.1,0,1
C04928,2023-02-03,North,0,1,17,Month-to-month,Credit card,DSL,1,0,64.46,1138.39,0,0
C04929,2023-08-02,West,0,0,11,One year,Mailed check,Fiber optic,1,0,96.99,1080.27,0,0
C04930,2021-07-07,East,0,0,36,Month-to-month,Mailed check,Fiber optic,0,1,102.63,3610.29,0,0
C04931,2019-01-22,West,0,1,66,One year,Electronic check,DSL,0,0,55.84,3790.41,0,0
C04932,2020-07-15,East,0,0,48,One year,Electronic check,Fiber optic,1,1,112.19,,0,0
C04933,2021-04-21,East,0,1,38,One year,Credit card,Fiber optic,0,1,96.95,3830.04,1,0
C04934,2021-05-12,North,0,0,38,Month-to-month,Electronic check,DSL,0,1,63.26,2309.23,1,0
C04935,2024-03-31,East,0,1,3,One year,Credit card,No,0,0,28.33,84.35,1,1
C04936,2022-08-18,South,0,0,22,Month-to-month,Electronic check,DSL,0,0,54.54,1257.46,3,0
C04937,2022-06-21,North,0,1,24,Month-to-month,Mailed check,DSL,1,1,80.79,1988.54,0,0
C04938,2018-07-13,West,1,1,72,One year,Electronic check,DSL,0,1,64.52,4573.19,0,0
C04939,2018-07-14,South,1,0,72,One year,Credit card,Fiber optic,1,1,109.08,8046.37,2,0
C04940,2024-01-30,North,0,1,5,Month-to-month,Electronic check,Fiber optic,0,1,98.38,468.05,2,1
C04941,2022-02-12,West,1,0,28,Two year,Bank transfer,No,0,0,20.0,533.0,0,0
C04942,2023-12-29,West,0,0,6,Month-to-month,Credit card,DSL,0,0,63.12,375.12,3,0
C04943,2024-03-28,South,0,1,3,One year,Bank transfer,Fiber optic,1,1,108.72,341.11,0,0
C04944,2018-07-22,South,0,0,72,Two year,Electronic check,Fiber optic,1,1,105.52,7648.32,1,0
C04945,2023-04-02,North,0,1,15,Month-to-month,Credit card,DSL,1,0,71.3,1026.82,1,0
C04946,2021-07-03,East,0,0,36,Two year,Mailed check,DSL,1,0,57.75,2095.14,0,0
C04947,2020-09-08,East,0,0,46,One year,Electronic check,Fiber optic,1,0,89.17,4266.82,1,1
C04948,2020-05-27,East,0,1,49,One year,Mailed check,DSL,1,0,68.52,3382.41,1,0
C04949,2018-08-01,West,1,1,72,One year,Credit card,Fiber optic,0,0,85.91,6051.37,1,0
C04950,2018-07-31,South,0,0,72,One year,Mailed check,Fiber optic,1,0,92.81,6998.5,1,0
C04951,2023-11-19,East,0,0,7,Month-to-month,Bank transfer,DSL,0,1,68.57,501.16,1,1
C04952,2023-01-31,East,0,0,17,One year,Bank transfer,No,0,0,24.27,,0,0
C04953,2022-03-24,West,1,1,27,Month-to-month,Mailed check,Fiber optic,1,0,90.77,2533.49,2,0
C04954,2020-04-26,East,0,1,50,Two year,Electronic check,Fiber optic,0,0,84.65,4150.8,3,1
C04955,2023-03-03,north,1,0,16,Month-to-month,Bank transfer,Fiber optic,0,0,85.15,1324.34,2,1
C04956,2023-10-23,East,0,0,8,Month-to-month,Mailed check,Fiber optic,0,1,98.23,782.04,1,1
C04957,2020-10-16,West,1,1,45,Two year,Electronic check,Fiber optic,0,0,87.58,4094.76,2,0
C04958,2021-08-09,East,0,0,35,Month-to-month,Electronic check,DSL,0,1,59.13,2124.49,0,0
C04959,2020-08-23,East,1,0,46,Month-to-month,Credit card,Fiber optic,0,1,99.14,4786.56,3,0
C04960,2021-11-26,East,0,0,31,One year,Electronic check,DSL,0,1,59.37,1893.48,1,0
C04961,2024-03-01,East,0,0,4,Month-to-month,Electronic check,Fiber optic,0,0,84.85,349.1,2,1
C04962,2023-04-09,South,0,1,14,Month-to-month,Electronic check,Fiber optic,0,1,92.78,1343.87,3,1
C04963,2023-11-12,West,0,1,7,Month-to-month,Electronic check,DSL,0,1,67.79,452.9,1,0
C04964,2021-11-15,North,0,0,31,Month-to-month,Credit card,No,0,0,22.66,717.46,2,0
C04965,2023-05-23,West,1,0,13,Month-to-month,Mailed check,DSL,0,1,67.23,837.14,1,0
C04966,2023-06-21,North,0,0,12,Month-to-month,Bank transfer,DSL,0,1,64.39,772.59,2,0
C04967,2023-07-06,North,0,1,12,Month-to-month,Credit card,DSL,0,0,49.74,595.56,0,0
C04968,2023-08-02,East,1,1,11,Month-to-month,Mailed check,Fiber optic,1,1,106.85,1205.17,1,1
C04969,2024-02-20,East,1,1,4,Month-to-month,Credit card,DSL,1,1,75.37,314.75,0,1
C04970,2022-11-04,West,0,0,20,One year,Credit card,Fiber optic,0,1,98.35,1902.54,1,0
C04971,2020-03-21,South,1,1,52,One year,Bank transfer,Fiber optic,0,1,95.28,5168.83,2,1
C04972,2023-12-24,North,0,1,6,Month-to-month,Bank transfer,DSL,1,1,82.61,506.06,0,1
C04973,2022-04-23,South,0,0,26,Month-to-month,Mailed check,No,0,0,20.19,530.84,1,0
C04974,2018-07-07,East,1,1,72,Two year,Credit card,DSL,0,1,70.68,5210.71,0,0
C04975,2023-11-27,South,0,1,7,One year,Electronic check,Fiber optic,0,0,83.0,564.68,4,1
C04976,2023-02-13,South,0,0,16,Month-to-month,Bank transfer,DSL,0,1,69.94,1070.0,1,1
C04977,2023-11-03,West,0,1,8,Month-to-month,Mailed check,Fiber optic,1,0,97.5,757.72,0,0
C04978,2023-11-04,East,0,1,7,Month-to-month,Bank transfer,No,0,0,17.28,119.18,3,0
C04979,2018-07-18,East,0,1,72,Two year,Credit card,DSL,1,1,71.01,5076.5,1,0
C04980,2021-07-01,East,0,1,36,Two year,Bank transfer,DSL,0,0,60.07,2080.47,0,0
C04981,2018-08-26,South,0,0,71,Two year,Electronic check,DSL,1,1,75.32,5484.66,0,0
C04982,2021-04-30,East,0,0,38,Month-to-month,Bank transfer,DSL,0,1,64.42,2460.66,1,1
C04983,2022-03-21,West,0,1,27,Month-to-month,Credit card,No,0,0,18.8,515.78,1,0
C04984,2023-06-27,East,0,1,12,Month-to-month,Bank transfer,Fiber optic,1,0,91.21,1049.12,5,1
C04985,2024-01-02,South,0,1,6,Month-to-month,Credit card,Fiber optic,0,1,99.52,597.14,1,1
C04986,2022-07-26,West,0,0,23,Month-to-month,Credit card,No,0,0,19.96,476.28,0,0
C04987,2022-04-18,North,1,0,26,One year,Credit card,No,0,0,20.21,544.4,0,1
C04988,2023-12-12,North,0,0,6,Month-to-month,Mailed check,Fiber optic,0,0,89.55,548.11,2,1
C04989,2019-05-11,South,0,1,62,Two year,Mailed check,DSL,1,0,65.4,4097.75,0,0
C04990,2023-12-02,East,0,0,7,Month-to-month,Credit card,DSL,1,0,71.3,520.29,0,0
C04991,2022-01-06,South,0,0,30,Month-to-month,Credit card,DSL,0,0,54.92,1582.87,1,0
C04992,2021-05-21,South,1,1,37,Two year,Electronic check,DSL,1,0,58.98,2082.01,0,0
C04993,2022-01-17,South,0,1,29,One year,Electronic check,DSL,0,1,63.45,1881.84,1,0
C04994,2023-11-15,West,0,1,7,Month-to-month,Mailed check,DSL,1,0,62.09,428.28,1,0
C04995,2022-10-10,South,0,0,20,One year,Credit card,DSL,0,1,67.45,1299.48,0,0
C04996,2023-03-29,West,0,1,15,Month-to-month,Credit card,Fiber optic,0,0,91.09,1426.0,3,1
C04997,2022-02-15,South,0,1,28,Month-to-month,Bank transfer,DSL,0,1,67.75,1805.97,0,0
C04998,2024-01-23,North,0,0,5,Month-to-month,Electronic check,DSL,1,1,76.09,391.47,0,1
C04999,2022-04-12,North,0,0,27,Month-to-month,Electronic check,DSL,0,1,65.79,1759.08,2,1
C05000,2021-09-15,North,0,1,33,One year,Credit card,Fiber optic,0,0,87.18,2842.5,1,0
C01502,2022-03-19,North,0,0,27,Two year,Mailed check,DSL,0,0,53.82,1438.13,2,0
C02587,2024-04-10,West,0,1,2,Month-to-month,Electronic check,DSL,1,0,61.04,123.65,0,1
C02654,2020-01-10,East,0,1,54,One year,Bank transfer,DSL,0,0,53.87,2895.45,0,0
C01056,2021-06-08,West,0,0,37,One year,Bank transfer,DSL,1,0,71.37,2543.43,1,0
C00706,2018-07-12,West,0,0,72,One year,Bank transfer,Fiber optic,0,1,97.44,7082.22,2,1
