timestamp,demand_mw,temperature_c,is_holiday
2022-01-01 00:00:00,523.8,-3.5,1
2022-01-01 01:00:00,504.8,-3.9,1
2022-01-01 02:00:00,525.3,-4.5,1
2022-01-01 03:00:00,534.5,-5.5,1
2022-01-01 04:00:00,541.8,-5.7,1
2022-01-01 05:00:00,548.1,-6.2,1
2022-01-01 06:00:00,592.0,-5.4,1
2022-01-01 07:00:00,609.1,-3.3,1
2022-01-01 08:00:00,618.7,-2.8,1
2022-01-01 09:00:00,615.8,-2.3,1
2022-01-01 10:00:00,522.6,-0.8,1
2022-01-01 11:00:00,485.1,0.6,1
2022-01-01 12:00:00,471.1,1.5,1
2022-01-01 13:00:00,477.4,1.3,1
2022-01-01 14:00:00,475.7,1.7,1
2022-01-01 15:00:00,495.2,2.5,1
2022-01-01 16:00:00,532.9,1.2,1
2022-01-01 17:00:00,570.3,0.5,1
2022-01-01 18:00:00,607.7,-1.8,1
2022-01-01 19:00:00,642.8,-3.7,1
2022-01-01 20:00:00,649.3,-6.2,1
2022-01-01 21:00:00,629.8,-7.2,1
2022-01-01 22:00:00,657.2,-9.2,1
2022-01-01 23:00:00,644.7,-9.7,1
2022-01-02 00:00:00,693.1,-10.2,0
2022-01-02 01:00:00,668.9,-10.8,0
2022-01-02 02:00:00,697.9,-13.3,0
2022-01-02 03:00:00,724.2,-13.6,0
2022-01-02 04:00:00,739.0,-13.3,0
2022-01-02 05:00:00,749.9,-12.5,0
2022-01-02 06:00:00,786.2,-13.0,0
2022-01-02 07:00:00,805.6,-12.3,0
2022-01-02 08:00:00,820.5,-11.9,0
2022-01-02 09:00:00,799.4,-11.3,0
2022-01-02 10:00:00,706.3,-9.0,0
2022-01-02 11:00:00,717.7,-8.5,0
2022-01-02 12:00:00,707.2,-7.4,0
2022-01-02 13:00:00,674.4,-5.7,0
2022-01-02 14:00:00,700.8,-5.6,0
2022-01-02 15:00:00,690.4,-5.3,0
2022-01-02 16:00:00,737.8,-5.1,0
2022-01-02 17:00:00,771.6,-5.2,0
2022-01-02 18:00:00,825.5,-6.7,0
2022-01-02 19:00:00,821.1,-7.2,0
2022-01-02 20:00:00,789.0,-6.6,0
2022-01-02 21:00:00,793.3,-8.9,0
2022-01-02 22:00:00,773.8,-8.9,0
2022-01-02 23:00:00,763.6,-9.5,0
2022-01-03 00:00:00,806.5,-10.8,0
2022-01-03 01:00:00,757.5,-9.4,0
2022-01-03 02:00:00,765.0,-8.9,0
2022-01-03 03:00:00,775.3,-10.0,0
2022-01-03 04:00:00,768.9,-9.7,0
2022-01-03 05:00:00,765.0,-8.6,0
2022-01-03 06:00:00,765.3,-8.0,0
2022-01-03 07:00:00,761.1,-6.4,0
2022-01-03 08:00:00,740.8,-5.4,0
2022-01-03 09:00:00,722.4,-3.7,0
2022-01-03 10:00:00,676.7,-1.2,0
2022-01-03 11:00:00,660.3,-0.8,0
2022-01-03 12:00:00,618.6,0.2,0
2022-01-03 13:00:00,612.9,0.5,0
2022-01-03 14:00:00,610.9,1.1,0
2022-01-03 15:00:00,664.1,0.2,0
2022-01-03 16:00:00,681.5,-0.4,0
2022-01-03 17:00:00,704.5,-0.8,0
2022-01-03 18:00:00,754.1,-0.6,0
2022-01-03 19:00:00,760.4,-0.3,0
2022-01-03 20:00:00,741.6,-2.4,0
2022-01-03 21:00:00,757.3,-4.1,0
2022-01-03 22:00:00,755.1,-4.4,0
2022-01-03 23:00:00,786.2,-7.1,0
2022-01-04 00:00:00,725.9,-8.2,0
2022-01-04 01:00:00,726.8,-8.8,0
2022-01-04 02:00:00,692.1,-8.0,0
2022-01-04 03:00:00,681.1,-7.4,0
2022-01-04 04:00:00,671.2,-7.5,0
2022-01-04 05:00:00,726.4,-7.3,0
2022-01-04 06:00:00,740.2,-6.8,0
2022-01-04 07:00:00,743.9,-4.5,0
2022-01-04 08:00:00,763.8,-3.9,0
2022-01-04 09:00:00,755.9,-3.1,0
2022-01-04 10:00:00,722.6,-1.6,0
2022-01-04 11:00:00,682.1,-0.7,0
2022-01-04 12:00:00,663.1,-0.0,0
2022-01-04 13:00:00,659.2,-0.3,0
2022-01-04 14:00:00,625.4,0.2,0
2022-01-04 15:00:00,669.8,-0.0,0
2022-01-04 16:00:00,681.2,1.0,0
2022-01-04 17:00:00,707.8,1.2,0
2022-01-04 18:00:00,736.0,0.6,0
2022-01-04 19:00:00,721.3,0.4,0
2022-01-04 20:00:00,702.8,-0.8,0
2022-01-04 21:00:00,651.5,-0.9,0
2022-01-04 22:00:00,654.4,-1.9,0
2022-01-04 23:00:00,667.1,-2.3,0
2022-01-05 00:00:00,660.9,-4.4,0
2022-01-05 01:00:00,639.2,-4.7,0
2022-01-05 02:00:00,684.0,-6.6,0
2022-01-05 03:00:00,706.7,-8.5,0
2022-01-05 04:00:00,694.0,-8.5,0
2022-01-05 05:00:00,698.1,-8.8,0
2022-01-05 06:00:00,729.2,-7.9,0
2022-01-05 07:00:00,746.1,-4.9,0
2022-01-05 08:00:00,752.9,-4.6,0
2022-01-05 09:00:00,733.2,-4.1,0
2022-01-05 10:00:00,697.3,-2.8,0
2022-01-05 11:00:00,649.7,-1.3,0
2022-01-05 12:00:00,626.0,-0.5,0
2022-01-05 13:00:00,628.0,-0.0,0
2022-01-05 14:00:00,616.5,1.1,0
2022-01-05 15:00:00,649.6,1.8,0
2022-01-05 16:00:00,679.2,0.7,0
2022-01-05 17:00:00,733.7,0.3,0
2022-01-05 18:00:00,769.9,-0.2,0
2022-01-05 19:00:00,785.2,-1.9,0
2022-01-05 20:00:00,767.0,-2.5,0
2022-01-05 21:00:00,752.7,-4.3,0
2022-01-05 22:00:00,750.8,-4.3,0
2022-01-05 23:00:00,723.9,-5.0,0
2022-01-06 00:00:00,713.8,-5.8,0
2022-01-06 01:00:00,730.7,-6.9,0
2022-01-06 02:00:00,717.0,-7.3,0
2022-01-06 03:00:00,765.0,-9.2,0
2022-01-06 04:00:00,741.5,-9.9,0
2022-01-06 05:00:00,755.5,-9.0,0
2022-01-06 06:00:00,806.4,-10.2,0
2022-01-06 07:00:00,808.0,-8.4,0
2022-01-06 08:00:00,842.1,-8.8,0
2022-01-06 09:00:00,799.2,-6.9,0
2022-01-06 10:00:00,770.5,-6.4,0
2022-01-06 11:00:00,742.5,-4.6,0
2022-01-06 12:00:00,709.7,-3.5,0
2022-01-06 13:00:00,696.7,-4.0,0
2022-01-06 14:00:00,692.3,-2.3,0
2022-01-06 15:00:00,690.2,-0.7,0
2022-01-06 16:00:00,713.2,-0.8,0
2022-01-06 17:00:00,764.1,-1.3,0
2022-01-06 18:00:00,782.8,-2.0,0
2022-01-06 19:00:00,790.3,-3.6,0
2022-01-06 20:00:00,765.6,-3.4,0
2022-01-06 21:00:00,752.2,-4.8,0
2022-01-06 22:00:00,739.3,-5.8,0
2022-01-06 23:00:00,725.3,-7.4,0
2022-01-07 00:00:00,739.1,-8.6,0
2022-01-07 01:00:00,763.6,-10.3,0
2022-01-07 02:00:00,740.7,-9.4,0
2022-01-07 03:00:00,742.7,-9.5,0
2022-01-07 04:00:00,693.8,-8.4,0
2022-01-07 05:00:00,729.0,-7.8,0
2022-01-07 06:00:00,744.3,-7.7,0
2022-01-07 07:00:00,776.3,-7.1,0
2022-01-07 08:00:00,765.9,-6.5,0
2022-01-07 09:00:00,764.8,-5.3,0
2022-01-07 10:00:00,728.0,-4.5,0
2022-01-07 11:00:00,696.8,-3.7,0
2022-01-07 12:00:00,715.1,-3.9,0
2022-01-07 13:00:00,724.8,-3.8,0
2022-01-07 14:00:00,679.3,-1.8,0
2022-01-07 15:00:00,693.2,-2.1,0
2022-01-07 16:00:00,742.0,-3.0,0
2022-01-07 17:00:00,772.7,-2.9,0
2022-01-07 18:00:00,799.7,-2.1,0
2022-01-07 19:00:00,814.6,-4.1,0
2022-01-07 20:00:00,777.4,-5.1,0
2022-01-07 21:00:00,756.3,-6.6,0
2022-01-07 22:00:00,766.9,-9.0,0
2022-01-07 23:00:00,763.0,-9.1,0
2022-01-08 00:00:00,688.2,-9.8,0
2022-01-08 01:00:00,703.7,-10.2,0
2022-01-08 02:00:00,709.9,-11.1,0
2022-01-08 03:00:00,694.9,-10.6,0
2022-01-08 04:00:00,717.3,-10.8,0
2022-01-08 05:00:00,727.6,-10.4,0
2022-01-08 06:00:00,751.6,-10.5,0
2022-01-08 07:00:00,773.8,-10.6,0
2022-01-08 08:00:00,766.9,-8.2,0
2022-01-08 09:00:00,771.5,-7.4,0
2022-01-08 10:00:00,745.7,-6.0,0
2022-01-08 11:00:00,676.5,-4.8,0
2022-01-08 12:00:00,670.9,-4.2,0
2022-01-08 13:00:00,641.0,-3.9,0
2022-01-08 14:00:00,628.0,-2.7,0
2022-01-08 15:00:00,657.5,-2.7,0
2022-01-08 16:00:00,667.9,-2.8,0
2022-01-08 17:00:00,688.7,-3.0,0
2022-01-08 18:00:00,698.4,-2.4,0
2022-01-08 19:00:00,733.2,-2.5,0
2022-01-08 20:00:00,734.4,-3.0,0
2022-01-08 21:00:00,702.8,-4.4,0
2022-01-08 22:00:00,704.8,-6.6,0
2022-01-08 23:00:00,685.4,-6.6,0
2022-01-09 00:00:00,649.3,-6.5,0
2022-01-09 01:00:00,635.8,-7.1,0
2022-01-09 02:00:00,648.4,-7.0,0
2022-01-09 03:00:00,628.4,-6.3,0
2022-01-09 04:00:00,636.5,-5.4,0
2022-01-09 05:00:00,611.8,-4.2,0
2022-01-09 06:00:00,648.3,-3.9,0
2022-01-09 07:00:00,651.4,-1.7,0
2022-01-09 08:00:00,689.7,-1.9,0
2022-01-09 09:00:00,617.3,-0.1,0
2022-01-09 10:00:00,595.2,1.3,0
2022-01-09 11:00:00,571.5,3.0,0
2022-01-09 12:00:00,529.4,5.5,0
2022-01-09 13:00:00,530.9,7.4,0
2022-01-09 14:00:00,575.1,6.6,0
2022-01-09 15:00:00,613.5,5.1,0
2022-01-09 16:00:00,641.7,5.6,0
2022-01-09 17:00:00,699.8,4.2,0
2022-01-09 18:00:00,723.9,3.5,0
2022-01-09 19:00:00,732.6,3.4,0
2022-01-09 20:00:00,733.8,0.9,0
2022-01-09 21:00:00,712.8,-2.1,0
2022-01-09 22:00:00,667.2,-2.8,0
2022-01-09 23:00:00,673.5,-3.7,0
2022-01-10 00:00:00,714.9,-4.8,0
2022-01-10 01:00:00,694.7,-5.3,0
2022-01-10 02:00:00,699.6,-6.5,0
2022-01-10 03:00:00,739.8,-7.9,0
2022-01-10 04:00:00,715.4,-7.9,0
2022-01-10 05:00:00,729.8,-8.2,0
2022-01-10 06:00:00,785.8,-9.0,0
2022-01-10 07:00:00,806.3,-7.5,0
2022-01-10 08:00:00,784.9,-6.5,0
2022-01-10 09:00:00,744.2,-5.0,0
2022-01-10 10:00:00,729.4,-4.7,0
2022-01-10 11:00:00,728.0,-4.2,0
2022-01-10 12:00:00,713.1,-4.1,0
2022-01-10 13:00:00,672.9,-4.1,0
2022-01-10 14:00:00,693.0,-3.3,0
2022-01-10 15:00:00,719.8,-3.7,0
2022-01-10 16:00:00,740.0,-3.3,0
2022-01-10 17:00:00,757.4,-3.2,0
2022-01-10 18:00:00,786.9,-1.8,0
2022-01-10 19:00:00,817.8,-3.8,0
2022-01-10 20:00:00,801.2,-3.8,0
2022-01-10 21:00:00,784.7,-4.8,0
2022-01-10 22:00:00,770.9,-5.8,0
2022-01-10 23:00:00,791.2,-7.9,0
2022-01-11 00:00:00,791.0,-9.0,0
2022-01-11 01:00:00,751.0,-8.8,0
2022-01-11 02:00:00,742.2,-9.2,0
2022-01-11 03:00:00,729.6,-9.1,0
2022-01-11 04:00:00,765.0,-9.1,0
2022-01-11 05:00:00,753.5,-7.5,0
2022-01-11 06:00:00,745.2,-6.8,0
2022-01-11 07:00:00,791.5,-7.9,0
2022-01-11 08:00:00,789.0,-7.4,0
2022-01-11 09:00:00,784.5,-8.0,0
2022-01-11 10:00:00,790.1,-9.7,0
2022-01-11 11:00:00,744.0,-8.9,0
2022-01-11 12:00:00,675.7,-6.6,0
2022-01-11 13:00:00,703.6,-5.6,0
2022-01-11 14:00:00,720.1,-6.0,0
2022-01-11 15:00:00,736.0,-6.5,0
2022-01-11 16:00:00,766.3,-5.3,0
2022-01-11 17:00:00,824.3,-5.3,0
2022-01-11 18:00:00,823.1,-5.7,0
2022-01-11 19:00:00,829.3,-6.3,0
2022-01-11 20:00:00,825.6,-7.0,0
2022-01-11 21:00:00,782.3,-7.1,0
2022-01-11 22:00:00,767.9,-7.5,0
2022-01-11 23:00:00,739.1,-8.1,0
2022-01-12 00:00:00,720.6,-9.7,0
2022-01-12 01:00:00,714.5,-9.7,0
2022-01-12 02:00:00,731.7,-10.6,0
2022-01-12 03:00:00,718.4,-9.6,0
2022-01-12 04:00:00,734.0,-10.4,0
2022-01-12 05:00:00,748.2,-10.0,0
2022-01-12 06:00:00,738.6,-9.2,0
2022-01-12 07:00:00,814.5,-9.4,0
2022-01-12 08:00:00,783.7,-6.7,0
2022-01-12 09:00:00,741.5,-4.2,0
2022-01-12 10:00:00,720.6,-3.5,0
2022-01-12 11:00:00,688.7,-1.7,0
2022-01-12 12:00:00,665.8,-0.5,0
2022-01-12 13:00:00,672.3,-2.1,0
2022-01-12 14:00:00,646.1,-1.4,0
2022-01-12 15:00:00,667.0,-1.1,0
2022-01-12 16:00:00,690.3,-1.1,0
2022-01-12 17:00:00,738.5,-2.3,0
2022-01-12 18:00:00,778.2,-3.1,0
2022-01-12 19:00:00,798.9,-3.9,0
2022-01-12 20:00:00,796.4,-3.7,0
2022-01-12 21:00:00,767.4,-4.3,0
2022-01-12 22:00:00,721.7,-5.2,0
2022-01-12 23:00:00,707.8,-4.7,0
2022-01-13 00:00:00,704.0,-6.0,0
2022-01-13 01:00:00,679.5,-6.9,0
2022-01-13 02:00:00,713.9,-8.9,0
2022-01-13 03:00:00,696.1,-7.5,0
2022-01-13 04:00:00,682.6,-6.4,0
2022-01-13 05:00:00,692.2,-5.1,0
2022-01-13 06:00:00,713.4,-3.9,0
2022-01-13 07:00:00,739.3,-2.9,0
2022-01-13 08:00:00,754.9,-1.8,0
2022-01-13 09:00:00,734.3,-1.0,0
2022-01-13 10:00:00,701.4,-0.1,0
2022-01-13 11:00:00,704.5,0.9,0
2022-01-13 12:00:00,640.9,3.1,0
2022-01-13 13:00:00,618.2,4.2,0
2022-01-13 14:00:00,615.1,4.5,0
2022-01-13 15:00:00,650.7,4.0,0
2022-01-13 16:00:00,703.6,3.3,0
2022-01-13 17:00:00,700.3,4.3,0
2022-01-13 18:00:00,744.1,4.1,0
2022-01-13 19:00:00,729.8,3.3,0
2022-01-13 20:00:00,762.5,1.9,0
2022-01-13 21:00:00,734.2,-0.2,0
2022-01-13 22:00:00,729.5,-1.3,0
2022-01-13 23:00:00,699.9,-1.5,0
2022-01-14 00:00:00,683.5,-2.7,0
2022-01-14 01:00:00,666.5,-3.6,0
2022-01-14 02:00:00,666.0,-4.2,0
2022-01-14 03:00:00,663.4,-4.3,0
2022-01-14 04:00:00,691.5,-5.6,0
2022-01-14 05:00:00,721.9,-5.4,0
2022-01-14 06:00:00,743.8,-5.5,0
2022-01-14 07:00:00,743.0,-3.8,0
2022-01-14 08:00:00,732.8,-3.5,0
2022-01-14 09:00:00,708.4,-1.9,0
2022-01-14 10:00:00,655.8,0.5,0
2022-01-14 11:00:00,646.9,1.2,0
2022-01-14 12:00:00,642.8,1.5,0
2022-01-14 13:00:00,618.6,2.3,0
2022-01-14 14:00:00,630.6,2.7,0
2022-01-14 15:00:00,679.4,1.9,0
2022-01-14 16:00:00,699.3,2.2,0
2022-01-14 17:00:00,696.7,3.7,0
2022-01-14 18:00:00,769.2,2.8,0
2022-01-14 19:00:00,782.7,1.7,0
2022-01-14 20:00:00,786.4,-0.2,0
2022-01-14 21:00:00,792.5,-0.9,0
2022-01-14 22:00:00,762.3,-3.1,0
2022-01-14 23:00:00,763.6,-5.0,0
2022-01-15 00:00:00,619.5,-4.6,0
2022-01-15 01:00:00,635.9,-6.1,0
2022-01-15 02:00:00,622.7,-5.4,0
2022-01-15 03:00:00,588.9,-4.2,0
2022-01-15 04:00:00,581.3,-3.8,0
2022-01-15 05:00:00,592.6,-3.0,0
2022-01-15 06:00:00,593.1,-0.6,0
2022-01-15 07:00:00,643.3,-0.1,0
2022-01-15 08:00:00,647.5,0.3,0
2022-01-15 09:00:00,641.8,0.0,0
2022-01-15 10:00:00,608.0,1.1,0
2022-01-15 11:00:00,538.5,3.3,0
2022-01-15 12:00:00,507.4,4.9,0
2022-01-15 13:00:00,492.8,4.6,0
2022-01-15 14:00:00,516.4,4.2,0
2022-01-15 15:00:00,512.8,3.8,0
2022-01-15 16:00:00,537.6,3.9,0
2022-01-15 17:00:00,595.5,3.3,0
2022-01-15 18:00:00,600.4,2.9,0
2022-01-15 19:00:00,597.0,2.3,0
2022-01-15 20:00:00,620.4,1.0,0
2022-01-15 21:00:00,588.4,-0.1,0
2022-01-15 22:00:00,579.8,-1.0,0
2022-01-15 23:00:00,586.9,-2.1,0
2022-01-16 00:00:00,543.7,-2.5,0
2022-01-16 01:00:00,502.2,-1.4,0
2022-01-16 02:00:00,529.2,-1.4,0
2022-01-16 03:00:00,526.7,-1.6,0
2022-01-16 04:00:00,570.0,-3.1,0
2022-01-16 05:00:00,574.8,-2.4,0
2022-01-16 06:00:00,632.2,-3.6,0
2022-01-16 07:00:00,649.7,-4.0,0
2022-01-16 08:00:00,625.7,-2.2,0
2022-01-16 09:00:00,592.5,-0.6,0
2022-01-16 10:00:00,564.4,0.3,0
2022-01-16 11:00:00,553.0,-0.3,0
2022-01-16 12:00:00,539.8,0.3,0
2022-01-16 13:00:00,553.0,0.3,0
2022-01-16 14:00:00,547.1,1.4,0
2022-01-16 15:00:00,564.2,3.6,0
2022-01-16 16:00:00,587.0,3.6,0
2022-01-16 17:00:00,647.7,2.5,0
2022-01-16 18:00:00,711.6,0.8,0
2022-01-16 19:00:00,745.7,-0.0,0
2022-01-16 20:00:00,697.0,-1.1,0
2022-01-16 21:00:00,715.9,-3.2,0
2022-01-16 22:00:00,663.0,-4.0,0
2022-01-16 23:00:00,692.3,-6.0,0
2022-01-17 00:00:00,708.5,-5.7,0
2022-01-17 01:00:00,694.8,-5.3,0
2022-01-17 02:00:00,659.7,-4.7,0
2022-01-17 03:00:00,681.2,-5.3,0
2022-01-17 04:00:00,690.9,-4.7,0
2022-01-17 05:00:00,697.0,-4.4,0
2022-01-17 06:00:00,713.0,-4.1,0
2022-01-17 07:00:00,749.0,-3.6,0
2022-01-17 08:00:00,780.2,-3.8,0
2022-01-17 09:00:00,785.1,-4.0,0
2022-01-17 10:00:00,730.1,-2.1,0
2022-01-17 11:00:00,696.0,-1.3,0
2022-01-17 12:00:00,682.1,-0.2,0
2022-01-17 13:00:00,668.7,1.4,0
2022-01-17 14:00:00,701.1,0.3,0
2022-01-17 15:00:00,720.6,-0.2,0
2022-01-17 16:00:00,731.7,-0.1,0
2022-01-17 17:00:00,766.0,-0.1,0
2022-01-17 18:00:00,803.0,-1.0,0
2022-01-17 19:00:00,787.8,-0.8,0
2022-01-17 20:00:00,778.8,-1.5,0
2022-01-17 21:00:00,755.5,-3.6,0
2022-01-17 22:00:00,753.1,-5.4,0
2022-01-17 23:00:00,723.8,-5.5,0
2022-01-18 00:00:00,724.3,-5.8,0
2022-01-18 01:00:00,759.8,-8.1,0
2022-01-18 02:00:00,733.4,-7.2,0
2022-01-18 03:00:00,697.3,-6.7,0
2022-01-18 04:00:00,666.5,-5.3,0
2022-01-18 05:00:00,701.7,-5.3,0
2022-01-18 06:00:00,724.9,-4.9,0
2022-01-18 07:00:00,761.4,-5.0,0
2022-01-18 08:00:00,706.5,-1.7,0
2022-01-18 09:00:00,671.4,-0.8,0
2022-01-18 10:00:00,633.8,1.6,0
2022-01-18 11:00:00,613.7,2.0,0
2022-01-18 12:00:00,576.0,2.9,0
2022-01-18 13:00:00,580.0,2.0,0
2022-01-18 14:00:00,609.4,2.1,0
2022-01-18 15:00:00,616.6,3.1,0
2022-01-18 16:00:00,676.3,1.8,0
2022-01-18 17:00:00,732.2,2.4,0
2022-01-18 18:00:00,761.0,2.1,0
2022-01-18 19:00:00,780.1,0.3,0
2022-01-18 20:00:00,761.6,-1.1,0
2022-01-18 21:00:00,763.7,-2.5,0
2022-01-18 22:00:00,719.0,-3.5,0
2022-01-18 23:00:00,701.0,-4.9,0
2022-01-19 00:00:00,687.7,-6.4,0
2022-01-19 01:00:00,669.2,-7.2,0
2022-01-19 02:00:00,701.8,-8.5,0
2022-01-19 03:00:00,711.8,-9.7,0
2022-01-19 04:00:00,730.8,-9.4,0
2022-01-19 05:00:00,730.2,-8.1,0
2022-01-19 06:00:00,769.4,-8.7,0
2022-01-19 07:00:00,786.8,-7.8,0
2022-01-19 08:00:00,765.2,-7.2,0
2022-01-19 09:00:00,746.4,-6.9,0
2022-01-19 10:00:00,702.2,-4.9,0
2022-01-19 11:00:00,717.9,-4.3,0
2022-01-19 12:00:00,688.0,-2.0,0
2022-01-19 13:00:00,694.4,-1.9,0
2022-01-19 14:00:00,671.5,-1.0,0
2022-01-19 15:00:00,705.2,-1.0,0
2022-01-19 16:00:00,762.0,-1.7,0
2022-01-19 17:00:00,798.5,-1.4,0
2022-01-19 18:00:00,863.6,-2.1,0
2022-01-19 19:00:00,830.8,-2.2,0
2022-01-19 20:00:00,795.9,-3.1,0
2022-01-19 21:00:00,781.5,-5.1,0
2022-01-19 22:00:00,748.1,-6.1,0
2022-01-19 23:00:00,741.7,-6.9,0
2022-01-20 00:00:00,710.4,-6.7,0
2022-01-20 01:00:00,719.0,-8.1,0
2022-01-20 02:00:00,716.7,-8.4,0
2022-01-20 03:00:00,745.5,-10.0,0
2022-01-20 04:00:00,752.6,-9.1,0
2022-01-20 05:00:00,768.3,-9.5,0
2022-01-20 06:00:00,801.2,-10.4,0
2022-01-20 07:00:00,835.3,-9.4,0
2022-01-20 08:00:00,809.6,-7.2,0
2022-01-20 09:00:00,793.2,-7.4,0
2022-01-20 10:00:00,777.5,-7.2,0
2022-01-20 11:00:00,745.8,-6.7,0
2022-01-20 12:00:00,736.6,-6.6,0
2022-01-20 13:00:00,716.7,-5.4,0
2022-01-20 14:00:00,737.2,-5.5,0
2022-01-20 15:00:00,774.3,-5.7,0
2022-01-20 16:00:00,779.6,-5.1,0
2022-01-20 17:00:00,806.2,-5.9,0
2022-01-20 18:00:00,857.4,-5.9,0
2022-01-20 19:00:00,865.8,-7.4,0
2022-01-20 20:00:00,846.0,-9.2,0
2022-01-20 21:00:00,825.1,-11.6,0
2022-01-20 22:00:00,787.8,-10.6,0
2022-01-20 23:00:00,780.7,-11.6,0
2022-01-21 00:00:00,727.2,-12.0,0
2022-01-21 01:00:00,720.8,-12.4,0
2022-01-21 02:00:00,708.8,-12.4,0
2022-01-21 03:00:00,734.5,-12.3,0
2022-01-21 04:00:00,723.0,-10.2,0
2022-01-21 05:00:00,757.1,-10.6,0
2022-01-21 06:00:00,782.2,-11.1,0
2022-01-21 07:00:00,814.0,-11.0,0
2022-01-21 08:00:00,845.5,-11.0,0
2022-01-21 09:00:00,815.3,-9.0,0
2022-01-21 10:00:00,785.5,-7.0,0
2022-01-21 11:00:00,761.2,-6.7,0
2022-01-21 12:00:00,761.3,-6.9,0
2022-01-21 13:00:00,754.5,-6.3,0
2022-01-21 14:00:00,723.0,-4.4,0
2022-01-21 15:00:00,793.6,-6.6,0
2022-01-21 16:00:00,816.1,-5.9,0
2022-01-21 17:00:00,873.7,-7.0,0
2022-01-21 18:00:00,864.5,-6.5,0
2022-01-21 19:00:00,868.1,-8.0,0
2022-01-21 20:00:00,858.3,-9.0,0
2022-01-21 21:00:00,846.4,-11.1,0
2022-01-21 22:00:00,854.7,-12.7,0
2022-01-21 23:00:00,831.4,-12.1,0
2022-01-22 00:00:00,745.8,-11.9,0
2022-01-22 01:00:00,752.3,-12.6,0
2022-01-22 02:00:00,736.4,-13.6,0
2022-01-22 03:00:00,776.1,-15.1,0
2022-01-22 04:00:00,771.2,-15.1,0
2022-01-22 05:00:00,770.3,-14.4,0
2022-01-22 06:00:00,789.9,-13.5,0
2022-01-22 07:00:00,803.1,-12.5,0
2022-01-22 08:00:00,831.1,-12.2,0
2022-01-22 09:00:00,847.1,-11.0,0
2022-01-22 10:00:00,804.3,-9.7,0
2022-01-22 11:00:00,761.2,-7.2,0
2022-01-22 12:00:00,694.1,-4.5,0
2022-01-22 13:00:00,678.3,-3.8,0
2022-01-22 14:00:00,671.6,-3.9,0
2022-01-22 15:00:00,676.4,-3.6,0
2022-01-22 16:00:00,732.4,-4.1,0
2022-01-22 17:00:00,779.1,-4.9,0
2022-01-22 18:00:00,809.0,-5.4,0
2022-01-22 19:00:00,812.1,-6.9,0
2022-01-22 20:00:00,815.5,-7.1,0
2022-01-22 21:00:00,784.4,-8.0,0
2022-01-22 22:00:00,746.3,-8.6,0
2022-01-22 23:00:00,736.8,-9.6,0
2022-01-23 00:00:00,726.5,-10.8,0
2022-01-23 01:00:00,744.2,-12.1,0
2022-01-23 02:00:00,759.5,-12.5,0
2022-01-23 03:00:00,739.5,-12.9,0
2022-01-23 04:00:00,729.6,-12.3,0
2022-01-23 05:00:00,765.1,-11.7,0
2022-01-23 06:00:00,831.7,-12.0,0
2022-01-23 07:00:00,820.9,-10.9,0
2022-01-23 08:00:00,826.6,-10.9,0
2022-01-23 09:00:00,779.8,-10.2,0
2022-01-23 10:00:00,732.7,-9.1,0
2022-01-23 11:00:00,712.1,-9.7,0
2022-01-23 12:00:00,684.5,-8.5,0
2022-01-23 13:00:00,651.9,-7.4,0
2022-01-23 14:00:00,673.8,-6.9,0
2022-01-23 15:00:00,695.4,-6.8,0
2022-01-23 16:00:00,727.8,-7.0,0
2022-01-23 17:00:00,793.6,-8.0,0
2022-01-23 18:00:00,820.3,-8.5,0
2022-01-23 19:00:00,816.7,-9.5,0
2022-01-23 20:00:00,807.0,-10.1,0
2022-01-23 21:00:00,838.6,-11.9,0
2022-01-23 22:00:00,812.5,-12.4,0
2022-01-23 23:00:00,804.5,-12.9,0
2022-01-24 00:00:00,831.1,-13.6,0
2022-01-24 01:00:00,826.0,-14.3,0
2022-01-24 02:00:00,816.8,-13.9,0
2022-01-24 03:00:00,794.4,-15.3,0
2022-01-24 04:00:00,776.5,-14.4,0
2022-01-24 05:00:00,783.3,-13.5,0
2022-01-24 06:00:00,799.9,-12.3,0
2022-01-24 07:00:00,836.5,-10.9,0
2022-01-24 08:00:00,881.5,-10.3,0
2022-01-24 09:00:00,863.7,-9.2,0
2022-01-24 10:00:00,816.7,-7.4,0
2022-01-24 11:00:00,778.4,-5.8,0
2022-01-24 12:00:00,765.2,-4.6,0
2022-01-24 13:00:00,744.4,-5.1,0
2022-01-24 14:00:00,724.3,-4.0,0
2022-01-24 15:00:00,725.6,-2.6,0
2022-01-24 16:00:00,746.5,-1.6,0
2022-01-24 17:00:00,748.6,-1.7,0
2022-01-24 18:00:00,806.8,-3.6,0
2022-01-24 19:00:00,780.9,-3.4,0
2022-01-24 20:00:00,788.9,-4.4,0
2022-01-24 21:00:00,815.7,-7.5,0
2022-01-24 22:00:00,755.7,-8.0,0
2022-01-24 23:00:00,781.6,-10.2,0
2022-01-25 00:00:00,777.4,-11.9,0
2022-01-25 01:00:00,774.8,-12.9,0
2022-01-25 02:00:00,768.3,-11.9,0
2022-01-25 03:00:00,802.4,-12.1,0
2022-01-25 04:00:00,804.5,-11.5,0
2022-01-25 05:00:00,769.4,-9.3,0
2022-01-25 06:00:00,743.0,-7.1,0
2022-01-25 07:00:00,744.9,-6.3,0
2022-01-25 08:00:00,737.7,-5.4,0
2022-01-25 09:00:00,758.2,-5.4,0
2022-01-25 10:00:00,739.7,-4.9,0
2022-01-25 11:00:00,701.0,-3.4,0
2022-01-25 12:00:00,686.5,-2.1,0
2022-01-25 13:00:00,672.0,-1.2,0
2022-01-25 14:00:00,662.3,0.2,0
2022-01-25 15:00:00,674.1,-0.3,0
2022-01-25 16:00:00,698.4,-0.3,0
2022-01-25 17:00:00,731.9,0.0,0
2022-01-25 18:00:00,739.6,-0.0,0
2022-01-25 19:00:00,768.7,0.2,0
2022-01-25 20:00:00,754.0,-0.4,0
2022-01-25 21:00:00,726.5,-1.7,0
2022-01-25 22:00:00,720.0,-2.4,0
2022-01-25 23:00:00,705.0,-4.2,0
2022-01-26 00:00:00,715.7,-6.5,0
2022-01-26 01:00:00,704.3,-6.5,0
2022-01-26 02:00:00,728.6,-6.9,0
2022-01-26 03:00:00,708.3,-6.7,0
2022-01-26 04:00:00,727.8,-8.0,0
2022-01-26 05:00:00,732.8,-7.8,0
2022-01-26 06:00:00,742.5,-7.6,0
2022-01-26 07:00:00,777.8,-7.5,0
2022-01-26 08:00:00,792.8,-8.4,0
2022-01-26 09:00:00,784.5,-7.5,0
2022-01-26 10:00:00,730.3,-5.4,0
2022-01-26 11:00:00,711.8,-3.9,0
2022-01-26 12:00:00,654.7,-3.5,0
2022-01-26 13:00:00,657.0,-2.7,0
2022-01-26 14:00:00,655.6,-1.5,0
2022-01-26 15:00:00,709.2,-3.7,0
2022-01-26 16:00:00,734.6,-3.7,0
2022-01-26 17:00:00,796.7,-3.4,0
2022-01-26 18:00:00,809.5,-3.3,0
2022-01-26 19:00:00,804.6,-2.4,0
2022-01-26 20:00:00,774.0,-2.2,0
2022-01-26 21:00:00,742.7,-2.9,0
2022-01-26 22:00:00,722.8,-3.6,0
2022-01-26 23:00:00,715.4,-3.8,0
2022-01-27 00:00:00,674.8,-5.1,0
2022-01-27 01:00:00,667.4,-5.7,0
2022-01-27 02:00:00,633.4,-5.2,0
2022-01-27 03:00:00,622.6,-3.6,0
2022-01-27 04:00:00,624.3,-3.6,0
2022-01-27 05:00:00,637.2,-3.3,0
2022-01-27 06:00:00,675.4,-2.5,0
2022-01-27 07:00:00,682.7,-0.5,0
2022-01-27 08:00:00,696.2,0.4,0
2022-01-27 09:00:00,663.9,2.6,0
2022-01-27 10:00:00,652.7,2.7,0
2022-01-27 11:00:00,626.8,3.4,0
2022-01-27 12:00:00,590.9,4.0,0
2022-01-27 13:00:00,582.3,5.3,0
2022-01-27 14:00:00,575.5,6.6,0
2022-01-27 15:00:00,607.2,5.2,0
2022-01-27 16:00:00,655.9,4.2,0
2022-01-27 17:00:00,684.2,4.1,0
2022-01-27 18:00:00,707.0,2.8,0
2022-01-27 19:00:00,756.3,0.6,0
2022-01-27 20:00:00,762.8,0.6,0
2022-01-27 21:00:00,725.2,-0.0,0
2022-01-27 22:00:00,716.1,-0.6,0
2022-01-27 23:00:00,713.1,-2.1,0
2022-01-28 00:00:00,656.9,-1.9,0
2022-01-28 01:00:00,641.8,-2.8,0
2022-01-28 02:00:00,622.0,-2.3,0
2022-01-28 03:00:00,628.7,-3.3,0
2022-01-28 04:00:00,645.1,-4.0,0
2022-01-28 05:00:00,661.2,-3.4,0
2022-01-28 06:00:00,677.8,-3.4,0
2022-01-28 07:00:00,707.4,-2.0,0
2022-01-28 08:00:00,691.4,-0.8,0
2022-01-28 09:00:00,672.6,-0.7,0
2022-01-28 10:00:00,662.8,0.4,0
2022-01-28 11:00:00,650.7,1.1,0
2022-01-28 12:00:00,642.7,2.7,0
2022-01-28 13:00:00,637.7,2.8,0
2022-01-28 14:00:00,632.1,2.8,0
2022-01-28 15:00:00,656.0,4.0,0
2022-01-28 16:00:00,662.9,5.9,0
2022-01-28 17:00:00,680.0,7.2,0
2022-01-28 18:00:00,693.8,6.5,0
2022-01-28 19:00:00,708.0,5.7,0
2022-01-28 20:00:00,644.9,6.0,0
2022-01-28 21:00:00,638.5,4.7,0
2022-01-28 22:00:00,601.6,2.6,0
2022-01-28 23:00:00,614.6,1.6,0
2022-01-29 00:00:00,499.7,1.1,0
2022-01-29 01:00:00,526.2,-0.4,0
2022-01-29 02:00:00,586.1,-2.4,0
2022-01-29 03:00:00,596.5,-3.9,0
2022-01-29 04:00:00,576.7,-3.2,0
2022-01-29 05:00:00,636.0,-3.5,0
2022-01-29 06:00:00,649.4,-3.0,0
2022-01-29 07:00:00,645.8,-2.0,0
2022-01-29 08:00:00,662.9,-0.5,0
2022-01-29 09:00:00,602.4,0.2,0
2022-01-29 10:00:00,550.8,1.6,0
2022-01-29 11:00:00,519.7,1.8,0
2022-01-29 12:00:00,503.5,2.3,0
2022-01-29 13:00:00,485.0,2.0,0
2022-01-29 14:00:00,506.4,3.4,0
2022-01-29 15:00:00,551.8,3.5,0
2022-01-29 16:00:00,595.8,2.7,0
2022-01-29 17:00:00,635.5,2.0,0
2022-01-29 18:00:00,647.9,1.2,0
2022-01-29 19:00:00,665.7,1.0,0
2022-01-29 20:00:00,666.2,-1.4,0
2022-01-29 21:00:00,673.0,-3.3,0
2022-01-29 22:00:00,678.4,-4.6,0
2022-01-29 23:00:00,638.4,-3.2,0
2022-01-30 00:00:00,564.9,-3.1,0
2022-01-30 01:00:00,555.4,-3.8,0
2022-01-30 02:00:00,572.8,-3.6,0
2022-01-30 03:00:00,555.5,-1.9,0
2022-01-30 04:00:00,590.7,-2.1,0
2022-01-30 05:00:00,574.8,-2.1,0
2022-01-30 06:00:00,587.3,-0.4,0
2022-01-30 07:00:00,603.1,0.8,0
2022-01-30 08:00:00,579.0,2.2,0
2022-01-30 09:00:00,566.5,2.7,0
2022-01-30 10:00:00,544.3,5.4,0
2022-01-30 11:00:00,515.6,7.7,0
2022-01-30 12:00:00,487.1,8.9,0
2022-01-30 13:00:00,485.0,9.9,0
2022-01-30 14:00:00,525.6,8.3,0
2022-01-30 15:00:00,521.8,8.8,0
2022-01-30 16:00:00,562.5,8.4,0
2022-01-30 17:00:00,614.4,8.2,0
2022-01-30 18:00:00,624.8,8.0,0
2022-01-30 19:00:00,656.0,6.7,0
2022-01-30 20:00:00,652.7,4.1,0
2022-01-30 21:00:00,641.0,3.2,0
2022-01-30 22:00:00,638.2,1.4,0
2022-01-30 23:00:00,629.5,0.1,0
2022-01-31 00:00:00,659.0,-1.3,0
2022-01-31 01:00:00,646.0,-2.3,0
2022-01-31 02:00:00,672.4,-4.9,0
2022-01-31 03:00:00,659.1,-3.9,0
2022-01-31 04:00:00,684.4,-3.5,0
2022-01-31 05:00:00,681.7,-2.2,0
2022-01-31 06:00:00,684.4,0.2,0
2022-01-31 07:00:00,726.4,0.9,0
2022-01-31 08:00:00,746.1,0.2,0
2022-01-31 09:00:00,737.9,0.3,0
2022-01-31 10:00:00,737.7,0.3,0
2022-01-31 11:00:00,702.2,0.8,0
2022-01-31 12:00:00,676.4,1.7,0
2022-01-31 13:00:00,690.7,0.5,0
2022-01-31 14:00:00,678.9,1.3,0
2022-01-31 15:00:00,688.5,0.2,0
2022-01-31 16:00:00,691.9,0.4,0
2022-01-31 17:00:00,730.7,-0.0,0
2022-01-31 18:00:00,784.4,-0.9,0
2022-01-31 19:00:00,808.8,-1.7,0
2022-01-31 20:00:00,824.8,-3.0,0
2022-01-31 21:00:00,816.4,-4.5,0
2022-01-31 22:00:00,799.9,-6.9,0
2022-01-31 23:00:00,762.8,-7.8,0
2022-02-01 00:00:00,700.7,-6.7,0
2022-02-01 01:00:00,669.4,-5.5,0
2022-02-01 02:00:00,639.6,-4.6,0
2022-02-01 03:00:00,649.8,-4.1,0
2022-02-01 04:00:00,654.7,-4.6,0
2022-02-01 05:00:00,666.2,-2.9,0
2022-02-01 06:00:00,702.9,-2.4,0
2022-02-01 07:00:00,693.4,-1.6,0
2022-02-01 08:00:00,696.8,-0.9,0
2022-02-01 09:00:00,702.2,0.2,0
2022-02-01 10:00:00,689.3,0.8,0
2022-02-01 11:00:00,658.7,1.7,0
2022-02-01 12:00:00,628.4,1.5,0
2022-02-01 13:00:00,612.9,1.8,0
2022-02-01 14:00:00,599.1,4.3,0
2022-02-01 15:00:00,641.1,4.4,0
2022-02-01 16:00:00,681.9,4.0,0
2022-02-01 17:00:00,710.9,4.0,0
2022-02-01 18:00:00,735.6,4.0,0
2022-02-01 19:00:00,765.4,2.1,0
2022-02-01 20:00:00,724.0,1.0,0
2022-02-01 21:00:00,678.7,0.7,0
2022-02-01 22:00:00,662.3,-0.1,0
2022-02-01 23:00:00,674.7,-1.0,0
2022-02-02 00:00:00,644.8,-0.4,0
2022-02-02 01:00:00,634.2,-1.7,0
2022-02-02 02:00:00,630.1,-2.1,0
2022-02-02 03:00:00,625.3,-2.8,0
2022-02-02 04:00:00,612.6,-1.4,0
2022-02-02 05:00:00,659.0,-2.8,0
2022-02-02 06:00:00,686.3,-2.8,0
2022-02-02 07:00:00,704.8,-2.5,0
2022-02-02 08:00:00,685.1,-0.9,0
2022-02-02 09:00:00,642.9,0.6,0
2022-02-02 10:00:00,606.2,2.9,0
2022-02-02 11:00:00,604.5,2.4,0
2022-02-02 12:00:00,592.6,3.8,0
2022-02-02 13:00:00,577.6,4.2,0
2022-02-02 14:00:00,582.4,3.9,0
2022-02-02 15:00:00,622.6,4.5,0
2022-02-02 16:00:00,671.9,3.6,0
2022-02-02 17:00:00,744.8,1.3,0
2022-02-02 18:00:00,766.6,0.4,0
2022-02-02 19:00:00,781.0,-1.8,0
2022-02-02 20:00:00,760.6,-3.2,0
2022-02-02 21:00:00,754.7,-3.8,0
2022-02-02 22:00:00,715.3,-4.5,0
2022-02-02 23:00:00,663.9,-3.9,0
2022-02-03 00:00:00,634.8,-4.8,0
2022-02-03 01:00:00,680.9,-6.8,0
2022-02-03 02:00:00,690.9,-7.8,0
2022-02-03 03:00:00,709.0,-8.6,0
2022-02-03 04:00:00,735.2,-9.5,0
2022-02-03 05:00:00,743.6,-8.5,0
2022-02-03 06:00:00,770.2,-8.3,0
2022-02-03 07:00:00,790.9,-9.1,0
2022-02-03 08:00:00,809.9,-7.3,0
2022-02-03 09:00:00,785.4,-6.2,0
2022-02-03 10:00:00,764.2,-4.7,0
2022-02-03 11:00:00,699.9,-3.5,0
2022-02-03 12:00:00,677.7,-1.9,0
2022-02-03 13:00:00,646.7,-1.1,0
2022-02-03 14:00:00,618.5,0.5,0
2022-02-03 15:00:00,642.7,1.1,0
2022-02-03 16:00:00,691.2,1.4,0
2022-02-03 17:00:00,746.9,1.4,0
2022-02-03 18:00:00,809.4,-0.5,0
2022-02-03 19:00:00,809.0,-1.3,0
2022-02-03 20:00:00,807.5,-2.5,0
2022-02-03 21:00:00,767.4,-3.2,0
2022-02-03 22:00:00,754.1,-5.4,0
2022-02-03 23:00:00,727.2,-4.8,0
2022-02-04 00:00:00,693.6,-5.4,0
2022-02-04 01:00:00,718.8,-7.0,0
2022-02-04 02:00:00,705.9,-8.9,0
2022-02-04 03:00:00,729.2,-9.1,0
2022-02-04 04:00:00,726.2,-8.9,0
2022-02-04 05:00:00,774.6,-9.0,0
2022-02-04 06:00:00,806.7,-8.1,0
2022-02-04 07:00:00,805.4,-7.7,0
2022-02-04 08:00:00,793.9,-6.1,0
2022-02-04 09:00:00,790.7,-5.6,0
2022-02-04 10:00:00,740.9,-4.4,0
2022-02-04 11:00:00,683.3,-2.4,0
2022-02-04 12:00:00,628.3,0.8,0
2022-02-04 13:00:00,643.3,0.6,0
2022-02-04 14:00:00,665.2,0.7,0
2022-02-04 15:00:00,682.5,0.1,0
2022-02-04 16:00:00,717.7,0.8,0
2022-02-04 17:00:00,787.9,-0.6,0
2022-02-04 18:00:00,830.0,-1.5,0
2022-02-04 19:00:00,819.3,-2.2,0
2022-02-04 20:00:00,801.5,-4.0,0
2022-02-04 21:00:00,795.1,-5.7,0
2022-02-04 22:00:00,793.4,-7.0,0
2022-02-04 23:00:00,815.7,-9.7,0
2022-02-05 00:00:00,733.1,-11.6,0
2022-02-05 01:00:00,717.5,-12.3,0
2022-02-05 02:00:00,729.8,-12.3,0
2022-02-05 03:00:00,723.9,-12.4,0
2022-02-05 04:00:00,781.2,-13.6,0
2022-02-05 05:00:00,774.3,-13.3,0
2022-02-05 06:00:00,771.2,-11.7,0
2022-02-05 07:00:00,764.4,-10.1,0
2022-02-05 08:00:00,791.7,-9.0,0
2022-02-05 09:00:00,794.1,-8.5,0
2022-02-05 10:00:00,733.2,-6.7,0
2022-02-05 11:00:00,669.8,-6.0,0
2022-02-05 12:00:00,678.0,-6.0,0
2022-02-05 13:00:00,673.9,-5.8,0
2022-02-05 14:00:00,635.6,-3.8,0
2022-02-05 15:00:00,627.3,-3.3,0
2022-02-05 16:00:00,656.6,-2.2,0
2022-02-05 17:00:00,700.1,-2.8,0
2022-02-05 18:00:00,724.0,-2.4,0
2022-02-05 19:00:00,748.9,-3.7,0
2022-02-05 20:00:00,733.8,-4.6,0
2022-02-05 21:00:00,678.6,-3.2,0
2022-02-05 22:00:00,663.1,-3.5,0
2022-02-05 23:00:00,658.6,-4.9,0
2022-02-06 00:00:00,626.4,-5.6,0
2022-02-06 01:00:00,630.1,-5.9,0
2022-02-06 02:00:00,578.9,-5.1,0
2022-02-06 03:00:00,609.8,-5.7,0
2022-02-06 04:00:00,647.3,-7.1,0
2022-02-06 05:00:00,653.6,-6.8,0
2022-02-06 06:00:00,672.9,-6.1,0
2022-02-06 07:00:00,708.6,-5.1,0
2022-02-06 08:00:00,699.1,-2.8,0
2022-02-06 09:00:00,645.2,-1.5,0
2022-02-06 10:00:00,591.6,0.3,0
2022-02-06 11:00:00,580.5,0.3,0
2022-02-06 12:00:00,580.7,2.0,0
2022-02-06 13:00:00,560.7,4.5,0
2022-02-06 14:00:00,551.2,5.6,0
2022-02-06 15:00:00,574.8,5.9,0
2022-02-06 16:00:00,602.8,5.8,0
2022-02-06 17:00:00,618.5,7.0,0
2022-02-06 18:00:00,660.4,5.4,0
2022-02-06 19:00:00,634.7,4.4,0
2022-02-06 20:00:00,638.4,3.8,0
2022-02-06 21:00:00,617.8,3.3,0
2022-02-06 22:00:00,595.2,1.8,0
2022-02-06 23:00:00,570.2,1.0,0
2022-02-07 00:00:00,591.4,-0.1,0
2022-02-07 01:00:00,598.3,-0.7,0
2022-02-07 02:00:00,603.6,-1.3,0
2022-02-07 03:00:00,623.8,-2.6,0
2022-02-07 04:00:00,661.3,-2.5,0
2022-02-07 05:00:00,631.3,-1.4,0
2022-02-07 06:00:00,659.0,-1.7,0
2022-02-07 07:00:00,674.2,-1.1,0
2022-02-07 08:00:00,691.4,0.4,0
2022-02-07 09:00:00,684.6,0.5,0
2022-02-07 10:00:00,640.6,1.6,0
2022-02-07 11:00:00,629.7,1.6,0
2022-02-07 12:00:00,606.9,3.5,0
2022-02-07 13:00:00,604.4,6.2,0
2022-02-07 14:00:00,594.5,8.3,0
2022-02-07 15:00:00,605.8,8.1,0
2022-02-07 16:00:00,624.4,8.5,0
2022-02-07 17:00:00,649.8,8.1,0
2022-02-07 18:00:00,688.8,7.4,0
2022-02-07 19:00:00,698.5,7.8,0
2022-02-07 20:00:00,691.0,5.5,0
2022-02-07 21:00:00,655.8,5.3,0
2022-02-07 22:00:00,657.9,4.0,0
2022-02-07 23:00:00,632.3,4.2,0
2022-02-08 00:00:00,605.5,3.4,0
2022-02-08 01:00:00,588.7,2.0,0
2022-02-08 02:00:00,573.9,1.6,0
2022-02-08 03:00:00,536.9,2.0,0
2022-02-08 04:00:00,534.0,2.0,0
2022-02-08 05:00:00,565.7,2.7,0
2022-02-08 06:00:00,623.9,2.6,0
2022-02-08 07:00:00,665.2,1.4,0
2022-02-08 08:00:00,645.2,3.0,0
2022-02-08 09:00:00,631.1,4.6,0
2022-02-08 10:00:00,624.8,5.6,0
2022-02-08 11:00:00,594.5,6.5,0
2022-02-08 12:00:00,583.1,8.1,0
2022-02-08 13:00:00,576.9,8.2,0
2022-02-08 14:00:00,567.7,7.8,0
2022-02-08 15:00:00,577.7,7.7,0
2022-02-08 16:00:00,603.0,8.5,0
2022-02-08 17:00:00,692.4,6.7,0
2022-02-08 18:00:00,718.0,7.0,0
2022-02-08 19:00:00,723.9,5.5,0
2022-02-08 20:00:00,723.4,3.4,0
2022-02-08 21:00:00,688.9,3.5,0
2022-02-08 22:00:00,660.7,2.2,0
2022-02-08 23:00:00,662.8,-0.0,0
2022-02-09 00:00:00,633.6,-1.1,0
2022-02-09 01:00:00,632.4,-1.0,0
2022-02-09 02:00:00,638.5,-0.4,0
2022-02-09 03:00:00,659.0,-1.0,0
2022-02-09 04:00:00,649.8,-0.6,0
2022-02-09 05:00:00,663.3,0.3,0
2022-02-09 06:00:00,677.2,0.3,0
2022-02-09 07:00:00,673.9,1.3,0
2022-02-09 08:00:00,681.1,2.2,0
2022-02-09 09:00:00,680.8,2.6,0
2022-02-09 10:00:00,654.5,3.1,0
2022-02-09 11:00:00,636.9,4.1,0
2022-02-09 12:00:00,626.3,4.9,0
2022-02-09 13:00:00,630.0,5.0,0
2022-02-09 14:00:00,629.8,4.9,0
2022-02-09 15:00:00,613.7,6.0,0
2022-02-09 16:00:00,673.4,6.0,0
2022-02-09 17:00:00,692.0,6.4,0
2022-02-09 18:00:00,720.3,6.7,0
2022-02-09 19:00:00,727.2,6.3,0
2022-02-09 20:00:00,685.2,7.3,0
2022-02-09 21:00:00,694.4,5.3,0
2022-02-09 22:00:00,669.9,4.8,0
2022-02-09 23:00:00,654.8,3.4,0
2022-02-10 00:00:00,594.9,4.2,0
2022-02-10 01:00:00,557.8,4.8,0
2022-02-10 02:00:00,554.6,2.4,0
2022-02-10 03:00:00,579.3,1.2,0
2022-02-10 04:00:00,577.2,1.8,0
2022-02-10 05:00:00,584.9,2.8,0
2022-02-10 06:00:00,615.4,3.9,0
2022-02-10 07:00:00,634.5,4.4,0
2022-02-10 08:00:00,649.6,5.6,0
2022-02-10 09:00:00,621.1,7.1,0
2022-02-10 10:00:00,589.9,7.8,0
2022-02-10 11:00:00,574.4,9.5,0
2022-02-10 12:00:00,562.5,8.1,0
2022-02-10 13:00:00,563.2,9.1,0
2022-02-10 14:00:00,584.5,8.4,0
2022-02-10 15:00:00,596.4,9.3,0
2022-02-10 16:00:00,604.3,8.8,0
2022-02-10 17:00:00,633.1,7.4,0
2022-02-10 18:00:00,649.9,7.0,0
2022-02-10 19:00:00,655.6,5.3,0
2022-02-10 20:00:00,676.3,3.4,0
2022-02-10 21:00:00,663.1,0.9,0
2022-02-10 22:00:00,633.2,-0.2,0
2022-02-10 23:00:00,620.9,-0.8,0
2022-02-11 00:00:00,588.5,-0.6,0
2022-02-11 01:00:00,570.0,-1.4,0
2022-02-11 02:00:00,576.1,-1.0,0
2022-02-11 03:00:00,595.9,-1.2,0
2022-02-11 04:00:00,600.9,-1.2,0
2022-02-11 05:00:00,630.6,-0.3,0
2022-02-11 06:00:00,621.3,1.2,0
2022-02-11 07:00:00,643.2,1.6,0
2022-02-11 08:00:00,654.5,2.2,0
2022-02-11 09:00:00,647.4,3.0,0
2022-02-11 10:00:00,640.4,4.0,0
2022-02-11 11:00:00,615.2,4.1,0
2022-02-11 12:00:00,571.7,5.8,0
2022-02-11 13:00:00,575.0,6.0,0
2022-02-11 14:00:00,581.5,6.7,0
2022-02-11 15:00:00,616.6,6.0,0
2022-02-11 16:00:00,641.3,6.2,0
2022-02-11 17:00:00,680.2,6.1,0
2022-02-11 18:00:00,705.0,5.0,0
2022-02-11 19:00:00,706.6,5.9,0
2022-02-11 20:00:00,680.2,5.2,0
2022-02-11 21:00:00,633.9,5.6,0
2022-02-11 22:00:00,627.1,5.3,0
2022-02-11 23:00:00,611.1,3.5,0
2022-02-12 00:00:00,525.1,2.3,0
2022-02-12 01:00:00,528.5,1.9,0
2022-02-12 02:00:00,520.0,1.4,0
2022-02-12 03:00:00,535.8,1.2,0
2022-02-12 04:00:00,537.8,0.9,0
2022-02-12 05:00:00,592.6,-0.5,0
2022-02-12 06:00:00,592.3,-0.1,0
2022-02-12 07:00:00,618.4,-1.4,0
2022-02-12 08:00:00,624.1,-0.1,0
2022-02-12 09:00:00,641.3,0.3,0
2022-02-12 10:00:00,642.4,0.7,0
2022-02-12 11:00:00,595.1,1.5,0
2022-02-12 12:00:00,568.5,2.6,0
2022-02-12 13:00:00,564.6,1.9,0
2022-02-12 14:00:00,553.5,0.8,0
2022-02-12 15:00:00,600.7,0.1,0
2022-02-12 16:00:00,652.5,-1.8,0
2022-02-12 17:00:00,725.9,-2.9,0
2022-02-12 18:00:00,739.1,-1.9,0
2022-02-12 19:00:00,750.6,-3.5,0
2022-02-12 20:00:00,719.9,-3.7,0
2022-02-12 21:00:00,714.5,-5.8,0
2022-02-12 22:00:00,700.8,-6.4,0
2022-02-12 23:00:00,688.6,-7.5,0
2022-02-13 00:00:00,704.2,-8.1,0
2022-02-13 01:00:00,688.6,-8.1,0
2022-02-13 02:00:00,636.5,-6.7,0
2022-02-13 03:00:00,632.9,-6.6,0
2022-02-13 04:00:00,654.4,-6.3,0
2022-02-13 05:00:00,684.8,-6.7,0
2022-02-13 06:00:00,687.8,-5.4,0
2022-02-13 07:00:00,694.1,-4.7,0
2022-02-13 08:00:00,671.9,-2.9,0
2022-02-13 09:00:00,636.9,-1.8,0
2022-02-13 10:00:00,583.3,0.8,0
2022-02-13 11:00:00,583.5,0.0,0
2022-02-13 12:00:00,559.2,0.7,0
2022-02-13 13:00:00,569.6,2.2,0
2022-02-13 14:00:00,581.3,2.3,0
2022-02-13 15:00:00,598.7,1.8,0
2022-02-13 16:00:00,632.7,1.5,0
2022-02-13 17:00:00,707.8,-0.1,0
2022-02-13 18:00:00,705.1,-0.5,0
2022-02-13 19:00:00,692.5,1.0,0
2022-02-13 20:00:00,709.9,1.1,0
2022-02-13 21:00:00,707.7,-0.9,0
2022-02-13 22:00:00,675.8,-2.7,0
2022-02-13 23:00:00,668.9,-4.0,0
2022-02-14 00:00:00,681.8,-3.7,0
2022-02-14 01:00:00,729.4,-5.1,0
2022-02-14 02:00:00,713.4,-6.0,0
2022-02-14 03:00:00,691.0,-5.3,0
2022-02-14 04:00:00,678.3,-4.3,0
2022-02-14 05:00:00,675.6,-4.2,0
2022-02-14 06:00:00,663.2,-4.6,0
2022-02-14 07:00:00,707.9,-5.1,0
2022-02-14 08:00:00,734.9,-4.6,0
2022-02-14 09:00:00,741.9,-5.5,0
2022-02-14 10:00:00,711.9,-3.6,0
2022-02-14 11:00:00,700.7,-3.1,0
2022-02-14 12:00:00,681.7,-1.6,0
2022-02-14 13:00:00,621.7,0.8,0
2022-02-14 14:00:00,639.7,2.4,0
2022-02-14 15:00:00,681.5,1.5,0
2022-02-14 16:00:00,713.1,2.3,0
2022-02-14 17:00:00,734.3,3.0,0
2022-02-14 18:00:00,767.1,1.7,0
2022-02-14 19:00:00,774.5,0.1,0
2022-02-14 20:00:00,768.9,-0.9,0
2022-02-14 21:00:00,777.7,-3.3,0
2022-02-14 22:00:00,727.5,-2.9,0
2022-02-14 23:00:00,759.3,-6.0,0
2022-02-15 00:00:00,732.6,-7.6,0
2022-02-15 01:00:00,739.7,-8.3,0
2022-02-15 02:00:00,732.3,-8.8,0
2022-02-15 03:00:00,739.4,-8.6,0
2022-02-15 04:00:00,766.8,-8.0,0
2022-02-15 05:00:00,778.5,-7.7,0
2022-02-15 06:00:00,767.7,-5.9,0
2022-02-15 07:00:00,799.7,-6.9,0
2022-02-15 08:00:00,805.0,-5.8,0
2022-02-15 09:00:00,780.5,-5.2,0
2022-02-15 10:00:00,757.2,-3.9,0
2022-02-15 11:00:00,720.4,-2.6,0
2022-02-15 12:00:00,715.8,-2.4,0
2022-02-15 13:00:00,695.9,-2.2,0
2022-02-15 14:00:00,669.8,-0.9,0
2022-02-15 15:00:00,671.5,-0.3,0
2022-02-15 16:00:00,719.0,-0.9,0
2022-02-15 17:00:00,722.6,0.7,0
2022-02-15 18:00:00,741.6,2.3,0
2022-02-15 19:00:00,734.8,0.2,0
2022-02-15 20:00:00,715.6,-0.5,0
2022-02-15 21:00:00,670.6,0.8,0
2022-02-15 22:00:00,621.4,0.5,0
2022-02-15 23:00:00,611.2,-0.3,0
2022-02-16 00:00:00,571.7,-1.3,0
2022-02-16 01:00:00,587.4,-2.4,0
2022-02-16 02:00:00,593.6,-3.0,0
2022-02-16 03:00:00,621.5,-3.7,0
2022-02-16 04:00:00,613.0,-2.8,0
2022-02-16 05:00:00,617.0,-2.8,0
2022-02-16 06:00:00,647.2,-2.6,0
2022-02-16 07:00:00,691.7,-2.8,0
2022-02-16 08:00:00,702.9,-1.9,0
2022-02-16 09:00:00,702.8,-1.6,0
2022-02-16 10:00:00,695.7,-0.6,0
2022-02-16 11:00:00,646.9,1.3,0
2022-02-16 12:00:00,618.8,2.5,0
2022-02-16 13:00:00,592.9,3.6,0
2022-02-16 14:00:00,588.3,4.4,0
2022-02-16 15:00:00,627.5,4.6,0
2022-02-16 16:00:00,667.5,4.3,0
2022-02-16 17:00:00,667.8,3.6,0
2022-02-16 18:00:00,716.3,3.7,0
2022-02-16 19:00:00,707.8,1.9,0
2022-02-16 20:00:00,683.4,2.2,0
2022-02-16 21:00:00,683.4,1.1,0
2022-02-16 22:00:00,677.7,-0.6,0
2022-02-16 23:00:00,685.0,-2.0,0
2022-02-17 00:00:00,677.0,-3.3,0
2022-02-17 01:00:00,674.0,-3.8,0
2022-02-17 02:00:00,656.9,-4.8,0
2022-02-17 03:00:00,649.7,-3.8,0
2022-02-17 04:00:00,656.7,-4.4,0
2022-02-17 05:00:00,667.1,-6.0,0
2022-02-17 06:00:00,702.0,-5.9,0
2022-02-17 07:00:00,760.5,-6.8,0
2022-02-17 08:00:00,766.3,-5.7,0
2022-02-17 09:00:00,735.2,-3.5,0
2022-02-17 10:00:00,723.6,-1.8,0
2022-02-17 11:00:00,707.2,-1.9,0
2022-02-17 12:00:00,702.4,-1.6,0
2022-02-17 13:00:00,670.5,0.8,0
2022-02-17 14:00:00,689.8,1.5,0
2022-02-17 15:00:00,692.5,1.8,0
2022-02-17 16:00:00,725.6,2.7,0
2022-02-17 17:00:00,759.6,4.5,0
2022-02-17 18:00:00,759.1,5.1,0
2022-02-17 19:00:00,773.8,4.3,0
2022-02-17 20:00:00,726.7,3.6,0
2022-02-17 21:00:00,698.9,3.1,0
2022-02-17 22:00:00,693.1,1.4,0
2022-02-17 23:00:00,677.0,-0.5,0
2022-02-18 00:00:00,617.4,-1.2,0
2022-02-18 01:00:00,630.6,-2.8,0
2022-02-18 02:00:00,626.0,-3.2,0
2022-02-18 03:00:00,631.6,-3.3,0
2022-02-18 04:00:00,619.4,-1.0,0
2022-02-18 05:00:00,661.4,-1.4,0
2022-02-18 06:00:00,708.8,-0.9,0
2022-02-18 07:00:00,730.4,-0.3,0
2022-02-18 08:00:00,699.3,1.0,0
2022-02-18 09:00:00,682.4,3.0,0
2022-02-18 10:00:00,662.2,3.5,0
2022-02-18 11:00:00,640.2,3.7,0
2022-02-18 12:00:00,657.0,3.0,0
2022-02-18 13:00:00,653.7,2.8,0
2022-02-18 14:00:00,640.3,3.8,0
2022-02-18 15:00:00,661.6,4.0,0
2022-02-18 16:00:00,674.4,2.9,0
2022-02-18 17:00:00,732.2,2.3,0
2022-02-18 18:00:00,760.3,1.7,0
2022-02-18 19:00:00,788.2,1.4,0
2022-02-18 20:00:00,786.3,-0.1,0
2022-02-18 21:00:00,765.3,-1.3,0
2022-02-18 22:00:00,763.8,-3.9,0
2022-02-18 23:00:00,744.6,-5.8,0
2022-02-19 00:00:00,628.5,-4.9,0
2022-02-19 01:00:00,657.4,-7.4,0
2022-02-19 02:00:00,670.7,-8.0,0
2022-02-19 03:00:00,668.6,-7.8,0
2022-02-19 04:00:00,685.7,-7.8,0
2022-02-19 05:00:00,715.9,-8.0,0
2022-02-19 06:00:00,721.2,-7.3,0
2022-02-19 07:00:00,737.0,-6.3,0
2022-02-19 08:00:00,729.6,-5.2,0
2022-02-19 09:00:00,709.8,-5.7,0
2022-02-19 10:00:00,654.7,-4.6,0
2022-02-19 11:00:00,648.9,-4.2,0
2022-02-19 12:00:00,653.9,-3.7,0
2022-02-19 13:00:00,657.0,-2.6,0
2022-02-19 14:00:00,630.8,-1.4,0
2022-02-19 15:00:00,657.8,-0.3,0
2022-02-19 16:00:00,711.8,-0.7,0
2022-02-19 17:00:00,717.0,-0.1,0
2022-02-19 18:00:00,735.1,0.4,0
2022-02-19 19:00:00,751.8,0.7,0
2022-02-19 20:00:00,716.0,1.1,0
2022-02-19 21:00:00,705.1,-0.1,0
2022-02-19 22:00:00,668.1,-1.2,0
2022-02-19 23:00:00,637.9,-1.4,0
2022-02-20 00:00:00,633.9,-3.4,0
2022-02-20 01:00:00,619.8,-3.8,0
2022-02-20 02:00:00,620.4,-4.6,0
2022-02-20 03:00:00,622.5,-5.0,0
2022-02-20 04:00:00,633.2,-6.4,0
2022-02-20 05:00:00,683.8,-6.7,0
2022-02-20 06:00:00,698.1,-5.9,0
2022-02-20 07:00:00,694.9,-4.2,0
2022-02-20 08:00:00,675.4,-2.2,0
2022-02-20 09:00:00,658.5,-1.2,0
2022-02-20 10:00:00,614.5,-0.3,0
2022-02-20 11:00:00,608.0,0.0,0
2022-02-20 12:00:00,575.2,1.3,0
2022-02-20 13:00:00,580.5,1.8,0
2022-02-20 14:00:00,562.3,2.8,0
2022-02-20 15:00:00,549.6,4.6,0
2022-02-20 16:00:00,572.4,4.4,0
2022-02-20 17:00:00,634.7,2.7,0
2022-02-20 18:00:00,656.9,1.4,0
2022-02-20 19:00:00,702.0,-0.7,0
2022-02-20 20:00:00,701.9,-2.6,0
2022-02-20 21:00:00,681.4,-2.4,0
2022-02-20 22:00:00,653.8,-3.1,0
2022-02-20 23:00:00,677.2,-5.3,0
2022-02-21 00:00:00,683.8,-5.3,0
2022-02-21 01:00:00,649.3,-4.7,0
2022-02-21 02:00:00,663.9,-5.4,0
2022-02-21 03:00:00,665.7,-6.0,0
2022-02-21 04:00:00,696.7,-6.1,0
2022-02-21 05:00:00,697.5,-5.3,0
2022-02-21 06:00:00,720.4,-4.0,0
2022-02-21 07:00:00,710.7,-2.1,0
2022-02-21 08:00:00,674.8,0.0,0
2022-02-21 09:00:00,674.5,2.1,0
2022-02-21 10:00:00,630.5,4.4,0
2022-02-21 11:00:00,613.2,5.8,0
2022-02-21 12:00:00,608.4,5.2,0
2022-02-21 13:00:00,573.4,5.7,0
2022-02-21 14:00:00,585.8,6.3,0
2022-02-21 15:00:00,627.0,6.1,0
2022-02-21 16:00:00,670.4,6.8,0
2022-02-21 17:00:00,731.6,6.0,0
2022-02-21 18:00:00,766.0,4.5,0
2022-02-21 19:00:00,751.1,4.9,0
2022-02-21 20:00:00,726.6,4.5,0
2022-02-21 21:00:00,678.1,3.6,0
2022-02-21 22:00:00,660.0,3.3,0
2022-02-21 23:00:00,648.2,3.2,0
2022-02-22 00:00:00,616.0,2.7,0
2022-02-22 01:00:00,622.8,-0.3,0
2022-02-22 02:00:00,635.9,-1.3,0
2022-02-22 03:00:00,630.5,-1.9,0
2022-02-22 04:00:00,669.2,-2.7,0
2022-02-22 05:00:00,670.6,-2.1,0
2022-02-22 06:00:00,670.5,-0.4,0
2022-02-22 07:00:00,690.7,-0.1,0
2022-02-22 08:00:00,691.7,-0.1,0
2022-02-22 09:00:00,643.8,2.7,0
2022-02-22 10:00:00,620.9,3.3,0
2022-02-22 11:00:00,571.2,3.1,0
2022-02-22 12:00:00,591.2,4.2,0
2022-02-22 13:00:00,588.3,5.2,0
2022-02-22 14:00:00,605.4,5.0,0
2022-02-22 15:00:00,604.4,5.8,0
2022-02-22 16:00:00,647.5,5.2,0
2022-02-22 17:00:00,695.9,4.0,0
2022-02-22 18:00:00,726.7,3.5,0
2022-02-22 19:00:00,706.0,3.4,0
2022-02-22 20:00:00,703.3,1.9,0
2022-02-22 21:00:00,652.7,1.2,0
2022-02-22 22:00:00,640.9,0.0,0
2022-02-22 23:00:00,595.7,1.6,0
2022-02-23 00:00:00,573.5,0.2,0
2022-02-23 01:00:00,560.1,0.8,0
2022-02-23 02:00:00,579.2,0.2,0
2022-02-23 03:00:00,605.0,-0.1,0
2022-02-23 04:00:00,606.6,0.6,0
2022-02-23 05:00:00,599.4,1.7,0
2022-02-23 06:00:00,638.4,3.4,0
2022-02-23 07:00:00,633.5,4.4,0
2022-02-23 08:00:00,639.5,4.6,0
2022-02-23 09:00:00,630.7,5.1,0
2022-02-23 10:00:00,591.6,6.4,0
2022-02-23 11:00:00,586.1,7.8,0
2022-02-23 12:00:00,565.2,9.8,0
2022-02-23 13:00:00,572.7,10.6,0
2022-02-23 14:00:00,565.1,11.8,0
2022-02-23 15:00:00,590.0,13.1,0
2022-02-23 16:00:00,615.2,12.9,0
2022-02-23 17:00:00,654.8,10.9,0
2022-02-23 18:00:00,693.4,9.0,0
2022-02-23 19:00:00,715.6,6.8,0
2022-02-23 20:00:00,694.8,7.1,0
2022-02-23 21:00:00,670.7,5.2,0
2022-02-23 22:00:00,613.5,5.1,0
2022-02-23 23:00:00,595.6,4.6,0
2022-02-24 00:00:00,511.3,5.2,0
2022-02-24 01:00:00,505.8,5.3,0
2022-02-24 02:00:00,500.9,4.6,0
2022-02-24 03:00:00,527.6,4.1,0
2022-02-24 04:00:00,501.1,4.1,0
2022-02-24 05:00:00,564.0,4.5,0
2022-02-24 06:00:00,594.3,4.4,0
2022-02-24 07:00:00,596.9,5.1,0
2022-02-24 08:00:00,605.7,7.3,0
2022-02-24 09:00:00,619.8,6.6,0
2022-02-24 10:00:00,601.2,7.7,0
2022-02-24 11:00:00,616.6,7.7,0
2022-02-24 12:00:00,578.6,8.6,0
2022-02-24 13:00:00,569.3,9.8,0
2022-02-24 14:00:00,576.0,10.0,0
2022-02-24 15:00:00,578.6,10.7,0
2022-02-24 16:00:00,626.6,9.0,0
2022-02-24 17:00:00,675.9,9.5,0
2022-02-24 18:00:00,691.3,8.2,0
2022-02-24 19:00:00,700.4,7.8,0
2022-02-24 20:00:00,698.8,6.9,0
2022-02-24 21:00:00,704.0,3.4,0
2022-02-24 22:00:00,661.3,1.6,0
2022-02-24 23:00:00,654.1,0.8,0
2022-02-25 00:00:00,601.0,1.5,0
2022-02-25 01:00:00,615.0,1.0,0
2022-02-25 02:00:00,604.0,0.7,0
2022-02-25 03:00:00,649.1,-0.7,0
2022-02-25 04:00:00,615.6,0.6,0
2022-02-25 05:00:00,621.5,2.6,0
2022-02-25 06:00:00,629.9,3.1,0
2022-02-25 07:00:00,681.3,3.6,0
2022-02-25 08:00:00,721.4,3.0,0
2022-02-25 09:00:00,674.3,4.7,0
2022-02-25 10:00:00,632.3,8.1,0
2022-02-25 11:00:00,595.1,9.6,0
2022-02-25 12:00:00,541.4,11.4,0
2022-02-25 13:00:00,519.3,12.3,0
2022-02-25 14:00:00,537.5,11.6,0
2022-02-25 15:00:00,562.9,12.7,0
2022-02-25 16:00:00,597.2,11.3,0
2022-02-25 17:00:00,642.8,10.5,0
2022-02-25 18:00:00,675.1,10.0,0
2022-02-25 19:00:00,680.4,9.8,0
2022-02-25 20:00:00,643.5,9.0,0
2022-02-25 21:00:00,620.9,8.1,0
2022-02-25 22:00:00,616.1,6.2,0
2022-02-25 23:00:00,594.2,3.9,0
2022-02-26 00:00:00,529.4,3.1,0
2022-02-26 01:00:00,555.3,1.7,0
2022-02-26 02:00:00,563.4,0.0,0
2022-02-26 03:00:00,606.1,-1.3,0
2022-02-26 04:00:00,597.7,-1.6,0
2022-02-26 05:00:00,616.7,-2.9,0
2022-02-26 06:00:00,643.9,-3.5,0
2022-02-26 07:00:00,670.4,-4.0,0
2022-02-26 08:00:00,699.8,-2.8,0
2022-02-26 09:00:00,672.4,-1.3,0
2022-02-26 10:00:00,615.0,1.7,0
2022-02-26 11:00:00,603.1,1.3,0
2022-02-26 12:00:00,609.6,1.6,0
2022-02-26 13:00:00,585.6,3.1,0
2022-02-26 14:00:00,579.1,3.4,0
2022-02-26 15:00:00,600.9,3.3,0
2022-02-26 16:00:00,632.5,4.8,0
2022-02-26 17:00:00,663.5,4.1,0
2022-02-26 18:00:00,721.1,2.5,0
2022-02-26 19:00:00,739.9,0.5,0
2022-02-26 20:00:00,713.2,-0.1,0
2022-02-26 21:00:00,689.2,-0.7,0
2022-02-26 22:00:00,710.6,-2.9,0
2022-02-26 23:00:00,698.4,-4.7,0
2022-02-27 00:00:00,674.3,-4.8,0
2022-02-27 01:00:00,661.4,-4.8,0
2022-02-27 02:00:00,657.3,-5.6,0
2022-02-27 03:00:00,640.6,-5.1,0
2022-02-27 04:00:00,646.1,-4.4,0
2022-02-27 05:00:00,686.1,-5.5,0
2022-02-27 06:00:00,708.1,-5.0,0
2022-02-27 07:00:00,721.4,-3.7,0
2022-02-27 08:00:00,707.0,-3.1,0
2022-02-27 09:00:00,698.2,-3.9,0
2022-02-27 10:00:00,650.5,-3.0,0
2022-02-27 11:00:00,604.5,-1.1,0
2022-02-27 12:00:00,563.0,1.3,0
2022-02-27 13:00:00,572.7,0.0,0
2022-02-27 14:00:00,559.4,2.9,0
2022-02-27 15:00:00,575.1,2.1,0
2022-02-27 16:00:00,597.3,3.0,0
2022-02-27 17:00:00,640.3,3.8,0
2022-02-27 18:00:00,686.7,4.1,0
2022-02-27 19:00:00,689.7,3.4,0
2022-02-27 20:00:00,703.2,1.4,0
2022-02-27 21:00:00,688.1,1.0,0
2022-02-27 22:00:00,651.0,-0.7,0
2022-02-27 23:00:00,670.4,-3.9,0
2022-02-28 00:00:00,647.6,-1.9,0
2022-02-28 01:00:00,629.7,-1.9,0
2022-02-28 02:00:00,612.5,-0.6,0
2022-02-28 03:00:00,603.6,-1.6,0
2022-02-28 04:00:00,607.4,-0.2,0
2022-02-28 05:00:00,608.2,1.6,0
2022-02-28 06:00:00,615.8,3.5,0
2022-02-28 07:00:00,648.1,4.2,0
2022-02-28 08:00:00,652.5,4.0,0
2022-02-28 09:00:00,615.7,4.8,0
2022-02-28 10:00:00,615.6,3.7,0
2022-02-28 11:00:00,597.1,3.1,0
2022-02-28 12:00:00,578.9,4.1,0
2022-02-28 13:00:00,568.2,3.9,0
2022-02-28 14:00:00,567.3,4.2,0
2022-02-28 15:00:00,580.4,4.2,0
2022-02-28 16:00:00,586.4,5.9,0
2022-02-28 17:00:00,613.6,6.7,0
2022-02-28 18:00:00,643.6,6.0,0
2022-02-28 19:00:00,654.3,6.2,0
2022-02-28 20:00:00,706.7,4.4,0
2022-02-28 21:00:00,675.5,3.1,0
2022-02-28 22:00:00,622.6,2.8,0
2022-02-28 23:00:00,639.9,0.7,0
2022-03-01 00:00:00,596.2,-0.3,0
2022-03-01 01:00:00,600.3,-2.1,0
2022-03-01 02:00:00,597.1,-2.4,0
2022-03-01 03:00:00,586.0,-1.0,0
2022-03-01 04:00:00,609.8,-1.6,0
2022-03-01 05:00:00,632.9,-1.0,0
2022-03-01 06:00:00,667.3,-1.2,0
2022-03-01 07:00:00,718.4,-1.4,0
2022-03-01 08:00:00,745.8,-1.5,0
2022-03-01 09:00:00,699.0,0.9,0
2022-03-01 10:00:00,640.8,4.1,0
2022-03-01 11:00:00,586.6,5.5,0
2022-03-01 12:00:00,587.1,5.6,0
2022-03-01 13:00:00,571.3,6.9,0
2022-03-01 14:00:00,610.0,7.0,0
2022-03-01 15:00:00,608.2,7.8,0
2022-03-01 16:00:00,660.5,7.9,0
2022-03-01 17:00:00,676.4,7.7,0
2022-03-01 18:00:00,673.0,7.5,0
2022-03-01 19:00:00,676.1,6.1,0
2022-03-01 20:00:00,677.3,4.7,0
2022-03-01 21:00:00,689.9,2.1,0
2022-03-01 22:00:00,661.1,0.6,0
2022-03-01 23:00:00,684.6,-1.6,0
2022-03-02 00:00:00,646.7,-2.4,0
2022-03-02 01:00:00,647.7,-3.8,0
2022-03-02 02:00:00,639.7,-4.0,0
2022-03-02 03:00:00,661.7,-3.7,0
2022-03-02 04:00:00,686.6,-4.8,0
2022-03-02 05:00:00,714.5,-5.0,0
2022-03-02 06:00:00,720.8,-5.1,0
2022-03-02 07:00:00,732.1,-3.5,0
2022-03-02 08:00:00,718.4,-0.9,0
2022-03-02 09:00:00,715.8,1.0,0
2022-03-02 10:00:00,670.5,1.8,0
2022-03-02 11:00:00,613.8,4.1,0
2022-03-02 12:00:00,594.3,3.6,0
2022-03-02 13:00:00,565.4,5.6,0
2022-03-02 14:00:00,591.0,5.4,0
2022-03-02 15:00:00,625.2,3.1,0
2022-03-02 16:00:00,656.0,5.4,0
2022-03-02 17:00:00,680.2,6.4,0
2022-03-02 18:00:00,703.8,4.9,0
2022-03-02 19:00:00,702.8,4.2,0
2022-03-02 20:00:00,674.6,3.0,0
2022-03-02 21:00:00,635.6,2.1,0
2022-03-02 22:00:00,659.7,-0.3,0
2022-03-02 23:00:00,675.9,-1.8,0
2022-03-03 00:00:00,625.8,-2.0,0
2022-03-03 01:00:00,616.7,-2.4,0
2022-03-03 02:00:00,627.8,-1.7,0
2022-03-03 03:00:00,614.7,-1.7,0
2022-03-03 04:00:00,601.5,0.5,0
2022-03-03 05:00:00,636.0,0.2,0
2022-03-03 06:00:00,653.1,1.0,0
2022-03-03 07:00:00,690.2,0.1,0
2022-03-03 08:00:00,701.8,-0.0,0
2022-03-03 09:00:00,673.2,2.2,0
2022-03-03 10:00:00,629.5,2.4,0
2022-03-03 11:00:00,600.2,3.9,0
2022-03-03 12:00:00,587.0,4.7,0
2022-03-03 13:00:00,570.2,4.4,0
2022-03-03 14:00:00,590.5,4.5,0
2022-03-03 15:00:00,603.0,4.2,0
2022-03-03 16:00:00,605.1,3.7,0
2022-03-03 17:00:00,618.6,4.1,0
2022-03-03 18:00:00,659.1,4.1,0
2022-03-03 19:00:00,694.2,2.8,0
2022-03-03 20:00:00,692.5,1.1,0
2022-03-03 21:00:00,652.2,0.3,0
2022-03-03 22:00:00,641.9,-0.7,0
2022-03-03 23:00:00,643.7,-0.7,0
2022-03-04 00:00:00,587.8,1.0,0
2022-03-04 01:00:00,557.0,1.1,0
2022-03-04 02:00:00,568.7,0.6,0
2022-03-04 03:00:00,573.1,0.3,0
2022-03-04 04:00:00,593.2,-0.4,0
2022-03-04 05:00:00,626.4,-0.9,0
2022-03-04 06:00:00,672.7,-1.1,0
2022-03-04 07:00:00,694.8,-0.6,0
2022-03-04 08:00:00,688.1,-0.0,0
2022-03-04 09:00:00,664.4,1.7,0
2022-03-04 10:00:00,643.6,2.4,0
2022-03-04 11:00:00,635.6,3.3,0
2022-03-04 12:00:00,605.5,3.0,0
2022-03-04 13:00:00,580.9,5.2,0
2022-03-04 14:00:00,569.8,6.1,0
2022-03-04 15:00:00,583.3,7.9,0
2022-03-04 16:00:00,604.6,8.4,0
2022-03-04 17:00:00,588.8,9.3,0
2022-03-04 18:00:00,646.4,8.3,0
2022-03-04 19:00:00,645.6,8.0,0
2022-03-04 20:00:00,602.8,9.4,0
2022-03-04 21:00:00,573.6,7.1,0
2022-03-04 22:00:00,538.9,7.0,0
2022-03-04 23:00:00,507.5,7.4,0
2022-03-05 00:00:00,422.9,6.9,0
2022-03-05 01:00:00,427.4,6.7,0
2022-03-05 02:00:00,422.1,7.2,0
2022-03-05 03:00:00,442.7,6.2,0
2022-03-05 04:00:00,442.5,6.5,0
2022-03-05 05:00:00,487.0,5.9,0
2022-03-05 06:00:00,521.8,5.7,0
2022-03-05 07:00:00,560.2,5.8,0
2022-03-05 08:00:00,579.1,6.5,0
2022-03-05 09:00:00,558.3,7.5,0
2022-03-05 10:00:00,548.7,8.8,0
2022-03-05 11:00:00,542.0,8.3,0
2022-03-05 12:00:00,500.0,10.9,0
2022-03-05 13:00:00,513.0,12.4,0
2022-03-05 14:00:00,535.2,13.3,0
2022-03-05 15:00:00,522.6,12.9,0
2022-03-05 16:00:00,517.2,12.5,0
2022-03-05 17:00:00,545.8,12.4,0
2022-03-05 18:00:00,582.9,12.0,0
2022-03-05 19:00:00,616.2,9.4,0
2022-03-05 20:00:00,605.5,9.0,0
2022-03-05 21:00:00,557.3,10.5,0
2022-03-05 22:00:00,561.2,7.5,0
2022-03-05 23:00:00,548.2,7.3,0
2022-03-06 00:00:00,501.6,6.7,0
2022-03-06 01:00:00,498.7,5.8,0
2022-03-06 02:00:00,496.8,6.5,0
2022-03-06 03:00:00,493.7,5.0,0
2022-03-06 04:00:00,490.5,5.1,0
2022-03-06 05:00:00,485.6,6.7,0
2022-03-06 06:00:00,539.5,6.9,0
2022-03-06 07:00:00,574.5,7.1,0
2022-03-06 08:00:00,590.6,8.0,0
2022-03-06 09:00:00,570.5,8.5,0
2022-03-06 10:00:00,531.6,10.8,0
2022-03-06 11:00:00,528.7,10.7,0
2022-03-06 12:00:00,497.9,12.1,0
2022-03-06 13:00:00,514.1,11.4,0
2022-03-06 14:00:00,510.8,12.3,0
2022-03-06 15:00:00,526.3,12.2,0
2022-03-06 16:00:00,579.1,9.5,0
2022-03-06 17:00:00,625.2,9.0,0
2022-03-06 18:00:00,682.4,7.3,0
2022-03-06 19:00:00,678.1,6.0,0
2022-03-06 20:00:00,669.4,6.4,0
2022-03-06 21:00:00,633.3,4.3,0
2022-03-06 22:00:00,604.2,2.2,0
2022-03-06 23:00:00,542.4,2.6,0
2022-03-07 00:00:00,590.8,1.9,0
2022-03-07 01:00:00,595.4,2.7,0
2022-03-07 02:00:00,567.1,2.5,0
2022-03-07 03:00:00,573.6,1.4,0
2022-03-07 04:00:00,581.6,1.4,0
2022-03-07 05:00:00,566.4,2.9,0
2022-03-07 06:00:00,590.4,4.3,0
2022-03-07 07:00:00,622.2,5.0,0
2022-03-07 08:00:00,623.8,5.9,0
2022-03-07 09:00:00,599.7,6.7,0
2022-03-07 10:00:00,586.3,7.1,0
2022-03-07 11:00:00,559.4,9.8,0
2022-03-07 12:00:00,523.0,10.4,0
2022-03-07 13:00:00,529.0,9.9,0
2022-03-07 14:00:00,552.1,9.7,0
2022-03-07 15:00:00,527.0,10.5,0
2022-03-07 16:00:00,571.4,10.8,0
2022-03-07 17:00:00,643.6,10.2,0
2022-03-07 18:00:00,657.7,8.8,0
2022-03-07 19:00:00,689.3,7.9,0
2022-03-07 20:00:00,684.8,5.3,0
2022-03-07 21:00:00,683.7,3.0,0
2022-03-07 22:00:00,651.6,2.7,0
2022-03-07 23:00:00,628.6,1.3,0
2022-03-08 00:00:00,570.7,1.0,0
2022-03-08 01:00:00,598.2,1.4,0
2022-03-08 02:00:00,566.2,1.6,0
2022-03-08 03:00:00,566.1,1.4,0
2022-03-08 04:00:00,578.8,3.4,0
2022-03-08 05:00:00,595.4,4.3,0
2022-03-08 06:00:00,625.4,4.5,0
2022-03-08 07:00:00,608.1,5.9,0
2022-03-08 08:00:00,606.8,7.1,0
2022-03-08 09:00:00,585.9,7.2,0
2022-03-08 10:00:00,540.2,8.1,0
2022-03-08 11:00:00,533.1,8.8,0
2022-03-08 12:00:00,551.4,7.7,0
2022-03-08 13:00:00,538.4,8.2,0
2022-03-08 14:00:00,542.1,8.2,0
2022-03-08 15:00:00,578.3,7.9,0
2022-03-08 16:00:00,642.0,6.3,0
2022-03-08 17:00:00,667.3,5.5,0
2022-03-08 18:00:00,718.2,4.9,0
2022-03-08 19:00:00,739.0,4.2,0
2022-03-08 20:00:00,734.0,2.2,0
2022-03-08 21:00:00,684.4,1.8,0
2022-03-08 22:00:00,687.8,-0.3,0
2022-03-08 23:00:00,690.2,-1.4,0
2022-03-09 00:00:00,668.1,-0.8,0
2022-03-09 01:00:00,656.0,-2.0,0
2022-03-09 02:00:00,678.1,-2.9,0
2022-03-09 03:00:00,651.1,-1.9,0
2022-03-09 04:00:00,666.3,-2.1,0
2022-03-09 05:00:00,679.3,-1.9,0
2022-03-09 06:00:00,696.1,-1.0,0
2022-03-09 07:00:00,721.7,0.8,0
2022-03-09 08:00:00,731.2,-0.3,0
2022-03-09 09:00:00,730.7,0.1,0
2022-03-09 10:00:00,700.3,0.3,0
2022-03-09 11:00:00,675.7,0.4,0
2022-03-09 12:00:00,647.7,0.5,0
2022-03-09 13:00:00,648.2,0.6,0
2022-03-09 14:00:00,615.4,1.4,0
2022-03-09 15:00:00,643.4,0.9,0
2022-03-09 16:00:00,693.6,1.1,0
2022-03-09 17:00:00,740.2,1.2,0
2022-03-09 18:00:00,750.2,0.1,0
2022-03-09 19:00:00,743.0,-0.4,0
2022-03-09 20:00:00,711.3,0.3,0
2022-03-09 21:00:00,719.5,-0.3,0
2022-03-09 22:00:00,699.8,-1.8,0
2022-03-09 23:00:00,691.1,-2.8,0
2022-03-10 00:00:00,668.1,-4.2,0
2022-03-10 01:00:00,666.4,-4.4,0
2022-03-10 02:00:00,636.6,-3.9,0
2022-03-10 03:00:00,653.0,-4.7,0
2022-03-10 04:00:00,671.1,-4.6,0
2022-03-10 05:00:00,688.8,-3.0,0
2022-03-10 06:00:00,699.7,-2.8,0
2022-03-10 07:00:00,728.5,-1.7,0
2022-03-10 08:00:00,768.7,-1.6,0
2022-03-10 09:00:00,762.6,-1.2,0
2022-03-10 10:00:00,737.3,-0.5,0
2022-03-10 11:00:00,635.2,2.6,0
2022-03-10 12:00:00,638.1,3.2,0
2022-03-10 13:00:00,658.8,3.4,0
2022-03-10 14:00:00,677.0,3.4,0
2022-03-10 15:00:00,693.2,3.5,0
2022-03-10 16:00:00,721.0,4.1,0
2022-03-10 17:00:00,792.1,3.9,0
2022-03-10 18:00:00,773.1,5.3,0
2022-03-10 19:00:00,760.7,4.6,0
2022-03-10 20:00:00,742.6,5.0,0
2022-03-10 21:00:00,710.1,4.2,0
2022-03-10 22:00:00,641.7,3.7,0
2022-03-10 23:00:00,649.0,1.4,0
2022-03-11 00:00:00,623.8,0.6,0
2022-03-11 01:00:00,604.7,-0.1,0
2022-03-11 02:00:00,610.8,-0.7,0
2022-03-11 03:00:00,639.6,-2.8,0
2022-03-11 04:00:00,608.2,-1.8,0
2022-03-11 05:00:00,642.7,-1.7,0
2022-03-11 06:00:00,705.9,-1.4,0
2022-03-11 07:00:00,749.2,-0.7,0
2022-03-11 08:00:00,727.1,0.1,0
2022-03-11 09:00:00,680.3,1.6,0
2022-03-11 10:00:00,664.6,1.5,0
2022-03-11 11:00:00,647.7,1.8,0
2022-03-11 12:00:00,601.2,3.0,0
2022-03-11 13:00:00,582.2,3.8,0
2022-03-11 14:00:00,615.5,4.0,0
2022-03-11 15:00:00,642.8,3.7,0
2022-03-11 16:00:00,697.8,2.9,0
2022-03-11 17:00:00,731.3,2.6,0
2022-03-11 18:00:00,761.3,3.2,0
2022-03-11 19:00:00,766.3,1.5,0
2022-03-11 20:00:00,726.4,2.0,0
2022-03-11 21:00:00,679.0,1.8,0
2022-03-11 22:00:00,636.4,0.4,0
2022-03-11 23:00:00,619.4,0.2,0
2022-03-12 00:00:00,528.7,-1.7,0
2022-03-12 01:00:00,548.6,-3.8,0
2022-03-12 02:00:00,571.7,-5.3,0
2022-03-12 03:00:00,585.4,-5.6,0
2022-03-12 04:00:00,606.9,-5.6,0
2022-03-12 05:00:00,625.2,-5.5,0
2022-03-12 06:00:00,646.7,-4.6,0
2022-03-12 07:00:00,710.1,-5.5,0
2022-03-12 08:00:00,698.7,-3.9,0
2022-03-12 09:00:00,694.3,-4.0,0
2022-03-12 10:00:00,628.5,-3.3,0
2022-03-12 11:00:00,588.2,-2.5,0
2022-03-12 12:00:00,602.1,-2.4,0
2022-03-12 13:00:00,594.8,-2.8,0
2022-03-12 14:00:00,595.2,-3.0,0
2022-03-12 15:00:00,632.9,-2.5,0
2022-03-12 16:00:00,639.5,-1.8,0
2022-03-12 17:00:00,690.8,-1.4,0
2022-03-12 18:00:00,731.0,-2.7,0
2022-03-12 19:00:00,740.2,-4.0,0
2022-03-12 20:00:00,709.6,-5.5,0
2022-03-12 21:00:00,709.7,-5.8,0
2022-03-12 22:00:00,691.2,-8.4,0
2022-03-12 23:00:00,651.9,-7.9,0
2022-03-13 00:00:00,648.2,-8.7,0
2022-03-13 01:00:00,639.9,-9.8,0
2022-03-13 02:00:00,644.4,-9.5,0
2022-03-13 03:00:00,631.2,-8.5,0
2022-03-13 04:00:00,631.0,-7.8,0
2022-03-13 05:00:00,618.5,-6.2,0
2022-03-13 06:00:00,632.7,-5.2,0
2022-03-13 07:00:00,644.7,-3.1,0
2022-03-13 08:00:00,620.4,-0.9,0
2022-03-13 09:00:00,619.4,0.2,0
2022-03-13 10:00:00,580.4,2.6,0
2022-03-13 11:00:00,559.1,3.8,0
2022-03-13 12:00:00,540.9,4.8,0
2022-03-13 13:00:00,548.3,4.6,0
2022-03-13 14:00:00,558.3,4.9,0
2022-03-13 15:00:00,579.6,5.8,0
2022-03-13 16:00:00,624.3,4.5,0
2022-03-13 17:00:00,655.6,4.8,0
2022-03-13 18:00:00,661.7,4.6,0
2022-03-13 19:00:00,638.9,4.0,0
2022-03-13 20:00:00,652.9,1.1,0
2022-03-13 21:00:00,648.9,0.1,0
2022-03-13 22:00:00,606.7,-0.2,0
2022-03-13 23:00:00,583.0,-1.8,0
2022-03-14 00:00:00,611.6,-2.2,0
2022-03-14 01:00:00,649.6,-4.9,0
2022-03-14 02:00:00,653.9,-4.5,0
2022-03-14 03:00:00,656.9,-5.1,0
2022-03-14 04:00:00,635.8,-4.1,0
2022-03-14 05:00:00,678.7,-5.2,0
2022-03-14 06:00:00,705.2,-3.8,0
2022-03-14 07:00:00,724.8,-3.0,0
2022-03-14 08:00:00,732.8,-1.2,0
2022-03-14 09:00:00,713.7,-0.8,0
2022-03-14 10:00:00,701.2,-0.2,0
2022-03-14 11:00:00,668.2,2.9,0
2022-03-14 12:00:00,631.5,3.1,0
2022-03-14 13:00:00,611.8,3.2,0
2022-03-14 14:00:00,628.0,3.5,0
2022-03-14 15:00:00,702.5,2.9,0
2022-03-14 16:00:00,719.1,3.9,0
2022-03-14 17:00:00,729.7,5.2,0
2022-03-14 18:00:00,777.1,4.0,0
2022-03-14 19:00:00,789.7,1.7,0
2022-03-14 20:00:00,730.8,1.9,0
2022-03-14 21:00:00,679.4,2.0,0
2022-03-14 22:00:00,673.3,1.8,0
2022-03-14 23:00:00,621.9,1.9,0
2022-03-15 00:00:00,580.8,0.4,0
2022-03-15 01:00:00,598.6,-0.3,0
2022-03-15 02:00:00,615.5,-1.9,0
2022-03-15 03:00:00,652.6,-3.3,0
2022-03-15 04:00:00,629.2,-2.2,0
2022-03-15 05:00:00,643.8,-2.3,0
2022-03-15 06:00:00,638.6,0.5,0
2022-03-15 07:00:00,641.7,1.4,0
2022-03-15 08:00:00,655.1,1.8,0
2022-03-15 09:00:00,634.0,3.6,0
2022-03-15 10:00:00,608.3,6.3,0
2022-03-15 11:00:00,577.2,7.7,0
2022-03-15 12:00:00,563.3,7.3,0
2022-03-15 13:00:00,563.5,8.3,0
2022-03-15 14:00:00,577.5,9.9,0
2022-03-15 15:00:00,613.8,9.6,0
2022-03-15 16:00:00,650.5,8.7,0
2022-03-15 17:00:00,669.6,9.2,0
2022-03-15 18:00:00,686.5,8.6,0
2022-03-15 19:00:00,680.9,6.8,0
2022-03-15 20:00:00,674.5,5.4,0
2022-03-15 21:00:00,659.6,3.7,0
2022-03-15 22:00:00,663.8,3.0,0
2022-03-15 23:00:00,652.0,2.1,0
2022-03-16 00:00:00,617.2,2.5,0
2022-03-16 01:00:00,621.8,2.4,0
2022-03-16 02:00:00,597.1,0.6,0
2022-03-16 03:00:00,582.3,0.8,0
2022-03-16 04:00:00,579.5,1.7,0
2022-03-16 05:00:00,597.4,2.5,0
2022-03-16 06:00:00,596.0,4.0,0
2022-03-16 07:00:00,640.5,4.3,0
2022-03-16 08:00:00,669.8,4.3,0
2022-03-16 09:00:00,652.5,6.2,0
2022-03-16 10:00:00,641.5,6.2,0
2022-03-16 11:00:00,609.9,5.2,0
2022-03-16 12:00:00,598.6,7.0,0
2022-03-16 13:00:00,583.2,7.0,0
2022-03-16 14:00:00,559.8,7.1,0
2022-03-16 15:00:00,597.1,6.0,0
2022-03-16 16:00:00,650.9,4.8,0
2022-03-16 17:00:00,689.9,3.4,0
2022-03-16 18:00:00,699.5,2.6,0
2022-03-16 19:00:00,693.4,2.3,0
2022-03-16 20:00:00,712.1,-0.7,0
2022-03-16 21:00:00,648.7,-0.8,0
2022-03-16 22:00:00,672.8,-2.8,0
2022-03-16 23:00:00,699.4,-4.5,0
2022-03-17 00:00:00,659.4,-4.4,0
2022-03-17 01:00:00,675.6,-4.9,0
2022-03-17 02:00:00,686.7,-6.5,0
2022-03-17 03:00:00,643.1,-4.8,0
2022-03-17 04:00:00,673.5,-5.2,0
2022-03-17 05:00:00,695.0,-4.4,0
2022-03-17 06:00:00,697.5,-3.5,0
2022-03-17 07:00:00,677.6,-1.2,0
2022-03-17 08:00:00,674.8,-0.5,0
2022-03-17 09:00:00,671.3,1.5,0
2022-03-17 10:00:00,645.8,2.0,0
2022-03-17 11:00:00,650.9,4.1,0
2022-03-17 12:00:00,620.2,4.3,0
2022-03-17 13:00:00,620.5,4.7,0
2022-03-17 14:00:00,608.8,6.9,0
2022-03-17 15:00:00,617.3,7.4,0
2022-03-17 16:00:00,658.9,7.4,0
2022-03-17 17:00:00,661.5,9.0,0
2022-03-17 18:00:00,685.1,8.7,0
2022-03-17 19:00:00,679.4,7.1,0
2022-03-17 20:00:00,628.1,6.7,0
2022-03-17 21:00:00,624.4,4.6,0
2022-03-17 22:00:00,582.4,4.6,0
2022-03-17 23:00:00,549.4,4.7,0
2022-03-18 00:00:00,544.1,3.4,0
2022-03-18 01:00:00,551.6,2.2,0
2022-03-18 02:00:00,558.4,1.9,0
2022-03-18 03:00:00,589.9,1.8,0
2022-03-18 04:00:00,609.6,1.0,0
2022-03-18 05:00:00,626.8,1.9,0
2022-03-18 06:00:00,650.4,0.7,0
2022-03-18 07:00:00,688.4,1.1,0
2022-03-18 08:00:00,707.3,1.8,0
2022-03-18 09:00:00,672.3,2.6,0
2022-03-18 10:00:00,649.7,4.0,0
2022-03-18 11:00:00,634.3,3.9,0
2022-03-18 12:00:00,601.8,5.4,0
2022-03-18 13:00:00,594.5,5.9,0
2022-03-18 14:00:00,640.6,5.8,0
2022-03-18 15:00:00,652.2,4.8,0
2022-03-18 16:00:00,684.6,3.7,0
2022-03-18 17:00:00,716.9,3.8,0
2022-03-18 18:00:00,749.3,2.4,0
2022-03-18 19:00:00,726.2,1.8,0
2022-03-18 20:00:00,716.1,1.9,0
2022-03-18 21:00:00,697.6,1.9,0
2022-03-18 22:00:00,686.5,2.4,0
2022-03-18 23:00:00,663.4,1.2,0
2022-03-19 00:00:00,557.7,-0.4,0
2022-03-19 01:00:00,553.6,-0.1,0
2022-03-19 02:00:00,528.6,-0.1,0
2022-03-19 03:00:00,518.6,0.8,0
2022-03-19 04:00:00,522.6,0.9,0
2022-03-19 05:00:00,534.3,2.4,0
2022-03-19 06:00:00,545.4,3.8,0
2022-03-19 07:00:00,574.0,5.2,0
2022-03-19 08:00:00,561.5,6.5,0
2022-03-19 09:00:00,585.2,7.8,0
2022-03-19 10:00:00,564.7,9.0,0
2022-03-19 11:00:00,521.1,10.1,0
2022-03-19 12:00:00,480.4,11.7,0
2022-03-19 13:00:00,475.4,11.7,0
2022-03-19 14:00:00,468.7,13.6,0
2022-03-19 15:00:00,478.8,13.5,0
2022-03-19 16:00:00,534.3,14.1,0
2022-03-19 17:00:00,585.2,13.5,0
2022-03-19 18:00:00,592.1,12.5,0
2022-03-19 19:00:00,597.3,13.3,0
2022-03-19 20:00:00,580.0,11.9,0
2022-03-19 21:00:00,571.8,9.5,0
2022-03-19 22:00:00,541.0,7.7,0
2022-03-19 23:00:00,564.7,6.3,0
2022-03-20 00:00:00,509.5,7.5,0
2022-03-20 01:00:00,529.1,6.9,0
2022-03-20 02:00:00,499.5,7.2,0
2022-03-20 03:00:00,523.1,6.0,0
2022-03-20 04:00:00,518.7,6.3,0
2022-03-20 05:00:00,552.3,7.1,0
2022-03-20 06:00:00,552.4,9.2,0
2022-03-20 07:00:00,556.5,9.2,0
2022-03-20 08:00:00,541.6,10.5,0
2022-03-20 09:00:00,520.3,11.6,0
2022-03-20 10:00:00,514.5,11.5,0
2022-03-20 11:00:00,496.9,12.3,0
2022-03-20 12:00:00,483.5,12.8,0
2022-03-20 13:00:00,505.5,11.2,0
2022-03-20 14:00:00,530.5,12.0,0
2022-03-20 15:00:00,523.9,12.5,0
2022-03-20 16:00:00,570.6,11.9,0
2022-03-20 17:00:00,645.6,10.2,0
2022-03-20 18:00:00,642.6,10.9,0
2022-03-20 19:00:00,630.5,10.2,0
2022-03-20 20:00:00,610.3,10.0,0
2022-03-20 21:00:00,573.9,10.1,0
2022-03-20 22:00:00,541.8,8.5,0
2022-03-20 23:00:00,520.6,8.1,0
2022-03-21 00:00:00,577.1,7.1,0
2022-03-21 01:00:00,581.8,6.3,0
2022-03-21 02:00:00,558.5,5.6,0
2022-03-21 03:00:00,529.4,5.4,0
2022-03-21 04:00:00,515.1,6.4,0
2022-03-21 05:00:00,543.0,6.8,0
2022-03-21 06:00:00,562.7,7.1,0
2022-03-21 07:00:00,580.6,7.5,0
2022-03-21 08:00:00,604.3,8.7,0
2022-03-21 09:00:00,597.5,8.8,0
2022-03-21 10:00:00,573.2,9.2,0
2022-03-21 11:00:00,555.3,10.1,0
2022-03-21 12:00:00,567.0,10.3,0
2022-03-21 13:00:00,564.2,10.8,0
2022-03-21 14:00:00,582.0,10.6,0
2022-03-21 15:00:00,588.2,12.4,0
2022-03-21 16:00:00,635.7,13.4,0
2022-03-21 17:00:00,643.4,13.3,0
2022-03-21 18:00:00,650.1,12.5,0
2022-03-21 19:00:00,639.2,13.5,0
2022-03-21 20:00:00,654.4,12.6,0
2022-03-21 21:00:00,647.2,11.3,0
2022-03-21 22:00:00,596.4,10.4,0
2022-03-21 23:00:00,571.3,9.5,0
2022-03-22 00:00:00,537.0,9.9,0
2022-03-22 01:00:00,531.0,9.0,0
2022-03-22 02:00:00,524.8,10.3,0
2022-03-22 03:00:00,519.8,9.1,0
2022-03-22 04:00:00,498.1,9.6,0
2022-03-22 05:00:00,539.8,8.9,0
2022-03-22 06:00:00,577.1,11.0,0
2022-03-22 07:00:00,577.5,11.2,0
2022-03-22 08:00:00,561.2,11.9,0
2022-03-22 09:00:00,549.1,13.5,0
2022-03-22 10:00:00,505.5,15.5,0
2022-03-22 11:00:00,504.8,15.2,0
2022-03-22 12:00:00,482.9,15.4,0
2022-03-22 13:00:00,503.1,14.6,0
2022-03-22 14:00:00,511.6,15.0,0
2022-03-22 15:00:00,540.0,14.8,0
2022-03-22 16:00:00,587.2,14.2,0
2022-03-22 17:00:00,623.9,13.0,0
2022-03-22 18:00:00,638.3,11.9,0
2022-03-22 19:00:00,667.0,10.3,0
2022-03-22 20:00:00,625.7,9.7,0
2022-03-22 21:00:00,616.9,10.0,0
2022-03-22 22:00:00,598.8,7.1,0
2022-03-22 23:00:00,581.6,5.9,0
2022-03-23 00:00:00,562.8,4.8,0
2022-03-23 01:00:00,562.1,4.6,0
2022-03-23 02:00:00,574.9,3.2,0
2022-03-23 03:00:00,552.2,2.9,0
2022-03-23 04:00:00,561.0,2.1,0
2022-03-23 05:00:00,583.3,3.1,0
2022-03-23 06:00:00,616.2,3.8,0
2022-03-23 07:00:00,638.7,4.4,0
2022-03-23 08:00:00,662.6,5.7,0
2022-03-23 09:00:00,644.6,6.5,0
2022-03-23 10:00:00,642.9,6.1,0
2022-03-23 11:00:00,622.6,7.6,0
2022-03-23 12:00:00,600.3,8.7,0
2022-03-23 13:00:00,584.8,9.2,0
2022-03-23 14:00:00,591.1,10.5,0
2022-03-23 15:00:00,605.0,11.7,0
2022-03-23 16:00:00,647.3,10.5,0
2022-03-23 17:00:00,669.2,9.3,0
2022-03-23 18:00:00,691.3,10.1,0
2022-03-23 19:00:00,709.9,10.5,0
2022-03-23 20:00:00,686.9,8.8,0
2022-03-23 21:00:00,667.5,6.6,0
2022-03-23 22:00:00,643.0,5.0,0
2022-03-23 23:00:00,647.3,3.5,0
2022-03-24 00:00:00,594.0,1.4,0
2022-03-24 01:00:00,616.9,0.9,0
2022-03-24 02:00:00,631.3,-0.6,0
2022-03-24 03:00:00,636.8,-1.8,0
2022-03-24 04:00:00,635.3,-0.7,0
2022-03-24 05:00:00,674.6,-0.9,0
2022-03-24 06:00:00,697.8,-0.2,0
2022-03-24 07:00:00,714.1,1.3,0
2022-03-24 08:00:00,721.1,3.1,0
2022-03-24 09:00:00,701.2,3.8,0
2022-03-24 10:00:00,675.2,5.0,0
2022-03-24 11:00:00,667.6,5.3,0
2022-03-24 12:00:00,630.4,7.7,0
2022-03-24 13:00:00,597.6,9.0,0
2022-03-24 14:00:00,616.1,8.4,0
2022-03-24 15:00:00,659.1,8.6,0
2022-03-24 16:00:00,668.7,9.1,0
2022-03-24 17:00:00,700.7,9.1,0
2022-03-24 18:00:00,714.5,10.2,0
2022-03-24 19:00:00,717.5,10.5,0
2022-03-24 20:00:00,689.7,9.0,0
2022-03-24 21:00:00,658.3,7.8,0
2022-03-24 22:00:00,672.7,5.5,0
2022-03-24 23:00:00,659.9,4.8,0
2022-03-25 00:00:00,606.9,4.2,0
2022-03-25 01:00:00,584.6,6.0,0
2022-03-25 02:00:00,573.5,5.6,0
2022-03-25 03:00:00,611.6,3.4,0
2022-03-25 04:00:00,592.5,2.9,0
2022-03-25 05:00:00,609.2,3.4,0
2022-03-25 06:00:00,659.0,2.9,0
2022-03-25 07:00:00,663.0,2.9,0
2022-03-25 08:00:00,659.0,3.6,0
2022-03-25 09:00:00,649.5,5.0,0
2022-03-25 10:00:00,623.3,5.9,0
2022-03-25 11:00:00,597.6,6.1,0
2022-03-25 12:00:00,577.2,7.7,0
2022-03-25 13:00:00,551.9,7.9,0
2022-03-25 14:00:00,551.7,7.9,0
2022-03-25 15:00:00,614.2,6.8,0
2022-03-25 16:00:00,641.9,6.1,0
2022-03-25 17:00:00,681.8,6.4,0
2022-03-25 18:00:00,723.4,4.3,0
2022-03-25 19:00:00,744.8,3.6,0
2022-03-25 20:00:00,726.2,3.4,0
2022-03-25 21:00:00,708.9,2.1,0
2022-03-25 22:00:00,699.8,1.4,0
2022-03-25 23:00:00,699.4,-0.4,0
2022-03-26 00:00:00,557.2,0.2,0
2022-03-26 01:00:00,530.8,0.7,0
2022-03-26 02:00:00,548.1,0.5,0
2022-03-26 03:00:00,581.1,-1.1,0
2022-03-26 04:00:00,591.3,-1.8,0
2022-03-26 05:00:00,568.3,-0.4,0
2022-03-26 06:00:00,563.8,1.8,0
2022-03-26 07:00:00,616.7,3.0,0
2022-03-26 08:00:00,624.7,5.1,0
2022-03-26 09:00:00,627.5,5.6,0
2022-03-26 10:00:00,567.0,6.4,0
2022-03-26 11:00:00,515.8,7.4,0
2022-03-26 12:00:00,487.0,8.7,0
2022-03-26 13:00:00,473.6,7.9,0
2022-03-26 14:00:00,480.9,9.2,0
2022-03-26 15:00:00,480.4,10.6,0
2022-03-26 16:00:00,535.2,9.4,0
2022-03-26 17:00:00,583.6,7.8,0
2022-03-26 18:00:00,604.7,7.5,0
2022-03-26 19:00:00,632.5,6.1,0
2022-03-26 20:00:00,649.2,3.1,0
2022-03-26 21:00:00,619.3,2.9,0
2022-03-26 22:00:00,590.9,2.1,0
2022-03-26 23:00:00,585.1,0.8,0
2022-03-27 00:00:00,501.9,2.1,0
2022-03-27 01:00:00,472.6,1.7,0
2022-03-27 02:00:00,477.1,0.6,0
2022-03-27 03:00:00,489.2,0.6,0
2022-03-27 04:00:00,544.3,-0.1,0
2022-03-27 05:00:00,577.4,-0.3,0
2022-03-27 06:00:00,580.4,0.7,0
2022-03-27 07:00:00,600.4,1.2,0
2022-03-27 08:00:00,592.0,1.8,0
2022-03-27 09:00:00,564.9,4.4,0
2022-03-27 10:00:00,532.9,6.3,0
2022-03-27 11:00:00,502.8,8.0,0
2022-03-27 12:00:00,488.7,9.3,0
2022-03-27 13:00:00,497.5,10.4,0
2022-03-27 14:00:00,505.1,12.1,0
2022-03-27 15:00:00,504.2,12.1,0
2022-03-27 16:00:00,543.0,13.6,0
2022-03-27 17:00:00,566.0,12.3,0
2022-03-27 18:00:00,602.0,11.3,0
2022-03-27 19:00:00,618.2,9.2,0
2022-03-27 20:00:00,631.4,7.9,0
2022-03-27 21:00:00,595.1,7.3,0
2022-03-27 22:00:00,556.1,7.5,0
2022-03-27 23:00:00,542.6,5.9,0
2022-03-28 00:00:00,585.1,5.2,0
2022-03-28 01:00:00,585.2,4.2,0
2022-03-28 02:00:00,580.1,3.1,0
2022-03-28 03:00:00,602.9,1.9,0
2022-03-28 04:00:00,638.8,2.1,0
2022-03-28 05:00:00,690.0,0.9,0
2022-03-28 06:00:00,722.3,1.7,0
2022-03-28 07:00:00,718.2,2.6,0
2022-03-28 08:00:00,716.5,3.1,0
2022-03-28 09:00:00,703.8,3.3,0
2022-03-28 10:00:00,653.6,3.1,0
2022-03-28 11:00:00,632.5,5.9,0
2022-03-28 12:00:00,595.6,5.6,0
2022-03-28 13:00:00,580.4,7.8,0
2022-03-28 14:00:00,560.5,8.8,0
2022-03-28 15:00:00,586.9,8.6,0
2022-03-28 16:00:00,642.3,7.5,0
2022-03-28 17:00:00,678.4,8.1,0
2022-03-28 18:00:00,678.1,9.1,0
2022-03-28 19:00:00,682.3,7.4,0
2022-03-28 20:00:00,686.9,6.2,0
2022-03-28 21:00:00,651.2,6.2,0
2022-03-28 22:00:00,627.9,5.4,0
2022-03-28 23:00:00,612.7,6.3,0
2022-03-29 00:00:00,543.3,5.1,0
2022-03-29 01:00:00,543.1,4.9,0
2022-03-29 02:00:00,573.4,3.3,0
2022-03-29 03:00:00,580.4,5.0,0
2022-03-29 04:00:00,600.6,4.4,0
2022-03-29 05:00:00,622.2,2.8,0
2022-03-29 06:00:00,659.2,3.3,0
2022-03-29 07:00:00,704.0,4.0,0
2022-03-29 08:00:00,672.2,6.7,0
2022-03-29 09:00:00,643.6,7.4,0
2022-03-29 10:00:00,611.8,8.4,0
2022-03-29 11:00:00,573.1,9.9,0
2022-03-29 12:00:00,515.7,12.1,0
2022-03-29 13:00:00,480.7,12.6,0
2022-03-29 14:00:00,476.1,13.9,0
2022-03-29 15:00:00,499.2,14.4,0
2022-03-29 16:00:00,551.8,13.9,0
2022-03-29 17:00:00,588.6,13.4,0
2022-03-29 18:00:00,626.4,12.7,0
2022-03-29 19:00:00,663.7,11.0,0
2022-03-29 20:00:00,687.4,11.0,0
2022-03-29 21:00:00,675.0,8.6,0
2022-03-29 22:00:00,619.3,8.6,0
2022-03-29 23:00:00,610.6,8.4,0
2022-03-30 00:00:00,572.0,7.6,0
2022-03-30 01:00:00,573.7,6.1,0
2022-03-30 02:00:00,581.1,5.4,0
2022-03-30 03:00:00,582.5,5.7,0
2022-03-30 04:00:00,557.5,6.4,0
2022-03-30 05:00:00,555.4,6.9,0
2022-03-30 06:00:00,580.3,8.3,0
2022-03-30 07:00:00,619.3,8.5,0
2022-03-30 08:00:00,656.6,9.6,0
2022-03-30 09:00:00,656.5,9.1,0
2022-03-30 10:00:00,612.8,10.8,0
2022-03-30 11:00:00,574.3,11.8,0
2022-03-30 12:00:00,546.5,12.1,0
2022-03-30 13:00:00,517.1,13.7,0
2022-03-30 14:00:00,507.0,14.7,0
2022-03-30 15:00:00,535.7,12.1,0
2022-03-30 16:00:00,576.8,12.0,0
2022-03-30 17:00:00,615.7,10.3,0
2022-03-30 18:00:00,643.7,10.6,0
2022-03-30 19:00:00,636.4,12.0,0
2022-03-30 20:00:00,624.3,10.4,0
2022-03-30 21:00:00,595.5,9.4,0
2022-03-30 22:00:00,584.2,8.0,0
2022-03-30 23:00:00,572.7,7.3,0
2022-03-31 00:00:00,496.9,7.2,0
2022-03-31 01:00:00,496.5,7.6,0
2022-03-31 02:00:00,509.4,6.2,0
2022-03-31 03:00:00,493.6,7.4,0
2022-03-31 04:00:00,520.2,6.6,0
2022-03-31 05:00:00,532.0,7.1,0
2022-03-31 06:00:00,558.0,8.7,0
2022-03-31 07:00:00,568.2,10.0,0
2022-03-31 08:00:00,599.7,10.0,0
2022-03-31 09:00:00,600.9,10.3,0
2022-03-31 10:00:00,558.0,10.8,0
2022-03-31 11:00:00,528.2,11.6,0
2022-03-31 12:00:00,524.6,13.4,0
2022-03-31 13:00:00,534.6,12.8,0
2022-03-31 14:00:00,543.2,13.5,0
2022-03-31 15:00:00,544.7,14.1,0
2022-03-31 16:00:00,568.7,14.4,0
2022-03-31 17:00:00,611.0,14.3,0
2022-03-31 18:00:00,641.1,14.9,0
2022-03-31 19:00:00,643.9,14.4,0
2022-03-31 20:00:00,610.7,14.0,0
2022-03-31 21:00:00,579.2,13.3,0
2022-03-31 22:00:00,542.3,13.7,0
2022-03-31 23:00:00,522.9,10.8,0
2022-04-01 00:00:00,472.3,11.1,0
2022-04-01 01:00:00,465.0,10.0,0
2022-04-01 02:00:00,449.2,9.2,0
2022-04-01 03:00:00,477.0,8.0,0
2022-04-01 04:00:00,522.4,6.3,0
2022-04-01 05:00:00,563.6,6.3,0
2022-04-01 06:00:00,584.5,6.2,0
2022-04-01 07:00:00,594.5,7.4,0
2022-04-01 08:00:00,621.6,7.0,0
2022-04-01 09:00:00,593.6,9.3,0
2022-04-01 10:00:00,565.8,10.5,0
2022-04-01 11:00:00,541.4,11.2,0
2022-04-01 12:00:00,508.1,11.3,0
2022-04-01 13:00:00,534.5,11.2,0
2022-04-01 14:00:00,527.8,10.6,0
2022-04-01 15:00:00,533.0,10.2,0
2022-04-01 16:00:00,587.5,10.1,0
2022-04-01 17:00:00,614.5,9.6,0
2022-04-01 18:00:00,676.6,7.7,0
2022-04-01 19:00:00,693.6,6.7,0
2022-04-01 20:00:00,693.4,5.0,0
2022-04-01 21:00:00,661.1,4.2,0
2022-04-01 22:00:00,601.7,5.0,0
2022-04-01 23:00:00,571.3,4.6,0
2022-04-02 00:00:00,488.6,3.7,0
2022-04-02 01:00:00,504.7,1.6,0
2022-04-02 02:00:00,501.6,-0.0,0
2022-04-02 03:00:00,509.9,-1.6,0
2022-04-02 04:00:00,504.7,-0.6,0
2022-04-02 05:00:00,539.2,-0.8,0
2022-04-02 06:00:00,575.6,0.0,0
2022-04-02 07:00:00,619.4,0.4,0
2022-04-02 08:00:00,616.2,1.6,0
2022-04-02 09:00:00,608.9,4.1,0
2022-04-02 10:00:00,593.9,4.6,0
2022-04-02 11:00:00,585.3,5.4,0
2022-04-02 12:00:00,550.0,5.6,0
2022-04-02 13:00:00,538.8,7.1,0
2022-04-02 14:00:00,563.0,6.7,0
2022-04-02 15:00:00,556.3,6.0,0
2022-04-02 16:00:00,613.5,4.8,0
2022-04-02 17:00:00,666.5,3.3,0
2022-04-02 18:00:00,699.8,3.3,0
2022-04-02 19:00:00,679.3,5.0,0
2022-04-02 20:00:00,686.4,3.3,0
2022-04-02 21:00:00,638.3,3.2,0
2022-04-02 22:00:00,601.5,2.5,0
2022-04-02 23:00:00,610.3,0.7,0
2022-04-03 00:00:00,587.5,-0.1,0
2022-04-03 01:00:00,559.3,-0.8,0
2022-04-03 02:00:00,579.8,-1.6,0
2022-04-03 03:00:00,570.7,0.1,0
2022-04-03 04:00:00,608.2,-1.4,0
2022-04-03 05:00:00,600.4,-0.5,0
2022-04-03 06:00:00,633.6,0.6,0
2022-04-03 07:00:00,658.3,1.0,0
2022-04-03 08:00:00,665.5,2.3,0
2022-04-03 09:00:00,629.9,4.2,0
2022-04-03 10:00:00,585.5,5.5,0
2022-04-03 11:00:00,537.9,6.9,0
2022-04-03 12:00:00,502.3,8.4,0
2022-04-03 13:00:00,524.3,7.3,0
2022-04-03 14:00:00,504.1,9.2,0
2022-04-03 15:00:00,500.6,11.4,0
2022-04-03 16:00:00,535.3,12.2,0
2022-04-03 17:00:00,564.1,12.6,0
2022-04-03 18:00:00,568.7,10.7,0
2022-04-03 19:00:00,572.7,9.7,0
2022-04-03 20:00:00,565.3,8.0,0
2022-04-03 21:00:00,576.4,6.5,0
2022-04-03 22:00:00,557.3,6.4,0
2022-04-03 23:00:00,536.1,4.7,0
2022-04-04 00:00:00,552.9,3.9,0
2022-04-04 01:00:00,565.5,1.6,0
2022-04-04 02:00:00,571.0,1.1,0
2022-04-04 03:00:00,561.2,1.2,0
2022-04-04 04:00:00,588.3,0.8,0
2022-04-04 05:00:00,594.6,0.6,0
2022-04-04 06:00:00,609.9,3.0,0
2022-04-04 07:00:00,663.8,2.8,0
2022-04-04 08:00:00,636.9,2.9,0
2022-04-04 09:00:00,634.9,3.4,0
2022-04-04 10:00:00,604.1,5.6,0
2022-04-04 11:00:00,569.9,8.5,0
2022-04-04 12:00:00,552.7,9.7,0
2022-04-04 13:00:00,550.9,9.7,0
2022-04-04 14:00:00,564.7,9.8,0
2022-04-04 15:00:00,579.3,10.9,0
2022-04-04 16:00:00,618.2,10.0,0
2022-04-04 17:00:00,669.7,11.0,0
2022-04-04 18:00:00,699.3,11.6,0
2022-04-04 19:00:00,711.0,10.8,0
2022-04-04 20:00:00,672.5,10.4,0
2022-04-04 21:00:00,628.6,10.0,0
2022-04-04 22:00:00,608.6,10.3,0
2022-04-04 23:00:00,581.5,8.2,0
2022-04-05 00:00:00,554.4,8.6,0
2022-04-05 01:00:00,528.0,7.5,0
2022-04-05 02:00:00,563.1,6.3,0
2022-04-05 03:00:00,576.0,6.2,0
2022-04-05 04:00:00,570.8,6.1,0
2022-04-05 05:00:00,587.0,5.5,0
2022-04-05 06:00:00,593.1,4.7,0
2022-04-05 07:00:00,626.0,4.7,0
2022-04-05 08:00:00,640.4,7.0,0
2022-04-05 09:00:00,621.3,9.8,0
2022-04-05 10:00:00,586.3,11.4,0
2022-04-05 11:00:00,586.8,13.3,0
2022-04-05 12:00:00,575.0,13.6,0
2022-04-05 13:00:00,570.1,14.1,0
2022-04-05 14:00:00,565.5,14.6,0
2022-04-05 15:00:00,592.6,13.7,0
2022-04-05 16:00:00,662.7,12.6,0
2022-04-05 17:00:00,693.1,12.3,0
2022-04-05 18:00:00,684.9,11.3,0
2022-04-05 19:00:00,696.3,9.5,0
2022-04-05 20:00:00,702.9,8.9,0
2022-04-05 21:00:00,688.0,7.6,0
2022-04-05 22:00:00,638.8,7.5,0
2022-04-05 23:00:00,624.7,6.5,0
2022-04-06 00:00:00,565.6,5.6,0
2022-04-06 01:00:00,568.6,5.1,0
2022-04-06 02:00:00,549.7,4.5,0
2022-04-06 03:00:00,548.6,3.8,0
2022-04-06 04:00:00,554.6,3.5,0
2022-04-06 05:00:00,558.7,4.6,0
2022-04-06 06:00:00,608.8,5.9,0
2022-04-06 07:00:00,641.7,7.8,0
2022-04-06 08:00:00,651.9,7.2,0
2022-04-06 09:00:00,639.1,7.9,0
2022-04-06 10:00:00,637.8,8.6,0
2022-04-06 11:00:00,597.9,9.7,0
2022-04-06 12:00:00,570.9,10.1,0
2022-04-06 13:00:00,551.8,10.3,0
2022-04-06 14:00:00,577.0,11.5,0
2022-04-06 15:00:00,593.8,11.8,0
2022-04-06 16:00:00,628.5,10.6,0
2022-04-06 17:00:00,647.9,11.4,0
2022-04-06 18:00:00,654.3,11.7,0
2022-04-06 19:00:00,679.0,10.3,0
2022-04-06 20:00:00,644.1,10.1,0
2022-04-06 21:00:00,615.9,8.4,0
2022-04-06 22:00:00,561.6,8.3,0
2022-04-06 23:00:00,540.9,7.1,0
2022-04-07 00:00:00,516.1,5.7,0
2022-04-07 01:00:00,515.9,4.8,0
2022-04-07 02:00:00,504.0,3.7,0
2022-04-07 03:00:00,504.1,3.7,0
2022-04-07 04:00:00,519.9,4.0,0
2022-04-07 05:00:00,507.7,4.5,0
2022-04-07 06:00:00,561.8,4.6,0
2022-04-07 07:00:00,623.5,2.2,0
2022-04-07 08:00:00,614.3,3.4,0
2022-04-07 09:00:00,622.5,2.8,0
2022-04-07 10:00:00,605.8,4.2,0
2022-04-07 11:00:00,572.2,6.4,0
2022-04-07 12:00:00,555.5,7.5,0
2022-04-07 13:00:00,554.4,7.9,0
2022-04-07 14:00:00,573.2,8.3,0
2022-04-07 15:00:00,572.6,8.4,0
2022-04-07 16:00:00,604.0,7.9,0
2022-04-07 17:00:00,656.5,7.1,0
2022-04-07 18:00:00,695.4,5.8,0
2022-04-07 19:00:00,678.0,6.2,0
2022-04-07 20:00:00,664.0,5.3,0
2022-04-07 21:00:00,624.5,5.3,0
2022-04-07 22:00:00,611.2,4.1,0
2022-04-07 23:00:00,578.3,3.3,0
2022-04-08 00:00:00,531.4,2.6,0
2022-04-08 01:00:00,511.9,2.5,0
2022-04-08 02:00:00,510.6,2.9,0
2022-04-08 03:00:00,556.9,3.0,0
2022-04-08 04:00:00,588.5,2.6,0
2022-04-08 05:00:00,631.1,2.3,0
2022-04-08 06:00:00,634.2,4.5,0
2022-04-08 07:00:00,677.7,5.1,0
2022-04-08 08:00:00,682.7,5.9,0
2022-04-08 09:00:00,650.0,8.3,0
2022-04-08 10:00:00,626.9,10.3,0
2022-04-08 11:00:00,572.0,11.7,0
2022-04-08 12:00:00,521.5,12.2,0
2022-04-08 13:00:00,495.7,14.9,0
2022-04-08 14:00:00,532.5,15.5,0
2022-04-08 15:00:00,568.0,16.1,0
2022-04-08 16:00:00,600.7,15.7,0
2022-04-08 17:00:00,632.0,13.9,0
2022-04-08 18:00:00,660.1,12.0,0
2022-04-08 19:00:00,668.6,11.5,0
2022-04-08 20:00:00,635.1,10.9,0
2022-04-08 21:00:00,622.9,9.6,0
2022-04-08 22:00:00,592.4,7.5,0
2022-04-08 23:00:00,614.7,5.2,0
2022-04-09 00:00:00,514.6,4.3,0
2022-04-09 01:00:00,509.0,2.4,0
2022-04-09 02:00:00,492.6,2.9,0
2022-04-09 03:00:00,469.5,3.8,0
2022-04-09 04:00:00,456.0,6.6,0
2022-04-09 05:00:00,445.7,7.7,0
2022-04-09 06:00:00,478.4,7.7,0
2022-04-09 07:00:00,517.6,7.7,0
2022-04-09 08:00:00,564.7,5.5,0
2022-04-09 09:00:00,552.6,6.1,0
2022-04-09 10:00:00,548.6,7.0,0
2022-04-09 11:00:00,487.5,9.0,0
2022-04-09 12:00:00,466.9,10.4,0
2022-04-09 13:00:00,454.7,11.6,0
2022-04-09 14:00:00,465.0,12.2,0
2022-04-09 15:00:00,482.1,12.9,0
2022-04-09 16:00:00,534.3,14.1,0
2022-04-09 17:00:00,573.3,12.7,0
2022-04-09 18:00:00,587.3,11.6,0
2022-04-09 19:00:00,641.2,9.5,0
2022-04-09 20:00:00,609.1,10.1,0
2022-04-09 21:00:00,566.7,10.2,0
2022-04-09 22:00:00,548.2,9.8,0
2022-04-09 23:00:00,529.2,7.7,0
2022-04-10 00:00:00,488.9,7.1,0
2022-04-10 01:00:00,497.7,6.3,0
2022-04-10 02:00:00,470.7,5.9,0
2022-04-10 03:00:00,466.3,5.6,0
2022-04-10 04:00:00,487.3,6.2,0
2022-04-10 05:00:00,536.2,6.2,0
2022-04-10 06:00:00,547.6,7.5,0
2022-04-10 07:00:00,562.1,8.5,0
2022-04-10 08:00:00,584.8,9.2,0
2022-04-10 09:00:00,544.5,10.1,0
2022-04-10 10:00:00,511.1,10.7,0
2022-04-10 11:00:00,471.6,12.4,0
2022-04-10 12:00:00,429.5,12.9,0
2022-04-10 13:00:00,389.0,13.8,0
2022-04-10 14:00:00,407.6,13.8,0
2022-04-10 15:00:00,461.5,12.5,0
2022-04-10 16:00:00,508.6,13.2,0
2022-04-10 17:00:00,573.9,11.8,0
2022-04-10 18:00:00,555.4,11.8,0
2022-04-10 19:00:00,564.2,11.4,0
2022-04-10 20:00:00,585.6,8.9,0
2022-04-10 21:00:00,555.0,7.0,0
2022-04-10 22:00:00,520.9,5.6,0
2022-04-10 23:00:00,528.6,4.0,0
2022-04-11 00:00:00,574.9,2.3,0
2022-04-11 01:00:00,575.6,2.5,0
2022-04-11 02:00:00,573.8,2.0,0
2022-04-11 03:00:00,588.8,2.3,0
2022-04-11 04:00:00,608.4,2.1,0
2022-04-11 05:00:00,622.2,2.9,0
2022-04-11 06:00:00,643.0,2.9,0
2022-04-11 07:00:00,671.1,3.8,0
2022-04-11 08:00:00,655.6,5.4,0
2022-04-11 09:00:00,653.2,6.5,0
2022-04-11 10:00:00,642.3,7.2,0
2022-04-11 11:00:00,630.2,7.3,0
2022-04-11 12:00:00,581.4,8.4,0
2022-04-11 13:00:00,575.3,9.5,0
2022-04-11 14:00:00,584.1,9.7,0
2022-04-11 15:00:00,617.5,9.2,0
2022-04-11 16:00:00,615.9,9.7,0
2022-04-11 17:00:00,628.7,11.6,0
2022-04-11 18:00:00,658.0,10.8,0
2022-04-11 19:00:00,684.4,10.3,0
2022-04-11 20:00:00,653.6,9.7,0
2022-04-11 21:00:00,660.0,6.3,0
2022-04-11 22:00:00,635.6,5.5,0
2022-04-11 23:00:00,656.5,4.0,0
2022-04-12 00:00:00,607.3,4.7,0
2022-04-12 01:00:00,572.4,3.8,0
2022-04-12 02:00:00,569.5,2.8,0
2022-04-12 03:00:00,574.9,2.5,0
2022-04-12 04:00:00,599.7,2.9,0
2022-04-12 05:00:00,628.6,2.9,0
2022-04-12 06:00:00,642.8,3.5,0
2022-04-12 07:00:00,652.4,3.2,0
2022-04-12 08:00:00,659.4,4.1,0
2022-04-12 09:00:00,634.9,6.0,0
2022-04-12 10:00:00,612.9,8.9,0
2022-04-12 11:00:00,592.6,10.5,0
2022-04-12 12:00:00,546.8,11.6,0
2022-04-12 13:00:00,500.5,13.3,0
2022-04-12 14:00:00,505.7,14.6,0
2022-04-12 15:00:00,536.8,16.2,0
2022-04-12 16:00:00,558.0,17.0,0
2022-04-12 17:00:00,591.2,16.3,0
2022-04-12 18:00:00,639.5,15.8,0
2022-04-12 19:00:00,652.7,15.0,0
2022-04-12 20:00:00,603.8,14.2,0
2022-04-12 21:00:00,582.9,13.3,0
2022-04-12 22:00:00,566.0,11.4,0
2022-04-12 23:00:00,564.2,8.4,0
2022-04-13 00:00:00,546.8,7.2,0
2022-04-13 01:00:00,568.1,4.7,0
2022-04-13 02:00:00,598.7,4.4,0
2022-04-13 03:00:00,592.8,4.3,0
2022-04-13 04:00:00,597.9,2.9,0
2022-04-13 05:00:00,597.4,4.0,0
2022-04-13 06:00:00,623.3,5.5,0
2022-04-13 07:00:00,669.8,6.5,0
2022-04-13 08:00:00,664.0,8.9,0
2022-04-13 09:00:00,640.0,11.6,0
2022-04-13 10:00:00,617.7,11.5,0
2022-04-13 11:00:00,574.4,13.4,0
2022-04-13 12:00:00,555.0,14.6,0
2022-04-13 13:00:00,529.5,15.5,0
2022-04-13 14:00:00,550.0,16.7,0
2022-04-13 15:00:00,575.8,16.0,0
2022-04-13 16:00:00,607.0,15.3,0
2022-04-13 17:00:00,627.0,14.1,0
2022-04-13 18:00:00,651.7,12.7,0
2022-04-13 19:00:00,648.7,11.8,0
2022-04-13 20:00:00,647.7,9.5,0
2022-04-13 21:00:00,625.6,7.6,0
2022-04-13 22:00:00,605.4,7.1,0
2022-04-13 23:00:00,607.9,6.1,0
2022-04-14 00:00:00,588.3,5.9,0
2022-04-14 01:00:00,578.8,3.6,0
2022-04-14 02:00:00,574.6,2.5,0
2022-04-14 03:00:00,562.2,2.0,0
2022-04-14 04:00:00,591.7,2.3,0
2022-04-14 05:00:00,600.6,2.2,0
2022-04-14 06:00:00,637.0,3.8,0
2022-04-14 07:00:00,646.9,4.7,0
2022-04-14 08:00:00,666.3,5.8,0
2022-04-14 09:00:00,638.8,6.9,0
2022-04-14 10:00:00,600.9,8.6,0
2022-04-14 11:00:00,578.5,9.2,0
2022-04-14 12:00:00,554.1,11.1,0
2022-04-14 13:00:00,542.7,12.2,0
2022-04-14 14:00:00,558.5,12.8,0
2022-04-14 15:00:00,594.3,13.0,0
2022-04-14 16:00:00,632.1,13.3,0
2022-04-14 17:00:00,650.2,13.9,0
2022-04-14 18:00:00,640.1,14.0,0
2022-04-14 19:00:00,646.1,13.5,0
2022-04-14 20:00:00,581.9,13.3,0
2022-04-14 21:00:00,572.5,12.3,0
2022-04-14 22:00:00,556.4,12.3,0
2022-04-14 23:00:00,525.6,11.2,0
2022-04-15 00:00:00,520.3,8.6,0
2022-04-15 01:00:00,498.0,9.1,0
2022-04-15 02:00:00,516.2,8.7,0
2022-04-15 03:00:00,513.4,7.4,0
2022-04-15 04:00:00,513.7,7.3,0
2022-04-15 05:00:00,534.7,6.9,0
2022-04-15 06:00:00,554.6,9.4,0
2022-04-15 07:00:00,563.2,10.6,0
2022-04-15 08:00:00,622.3,10.1,0
2022-04-15 09:00:00,600.0,11.5,0
2022-04-15 10:00:00,604.7,12.2,0
2022-04-15 11:00:00,565.3,14.8,0
2022-04-15 12:00:00,545.1,14.6,0
2022-04-15 13:00:00,534.7,13.2,0
2022-04-15 14:00:00,530.3,13.6,0
2022-04-15 15:00:00,561.0,13.4,0
2022-04-15 16:00:00,613.9,12.9,0
2022-04-15 17:00:00,659.8,10.6,0
2022-04-15 18:00:00,667.7,10.5,0
2022-04-15 19:00:00,666.8,11.2,0
2022-04-15 20:00:00,650.2,8.5,0
2022-04-15 21:00:00,576.2,8.6,0
2022-04-15 22:00:00,569.3,7.1,0
2022-04-15 23:00:00,518.8,8.3,0
2022-04-16 00:00:00,421.2,8.0,0
2022-04-16 01:00:00,429.2,7.2,0
2022-04-16 02:00:00,418.2,7.8,0
2022-04-16 03:00:00,418.7,8.1,0
2022-04-16 04:00:00,463.9,7.6,0
2022-04-16 05:00:00,494.5,8.6,0
2022-04-16 06:00:00,546.4,8.7,0
2022-04-16 07:00:00,579.5,7.9,0
2022-04-16 08:00:00,571.2,10.7,0
2022-04-16 09:00:00,583.9,11.3,0
2022-04-16 10:00:00,543.9,11.8,0
2022-04-16 11:00:00,517.6,13.0,0
2022-04-16 12:00:00,504.9,12.4,0
2022-04-16 13:00:00,505.4,11.9,0
2022-04-16 14:00:00,518.3,11.9,0
2022-04-16 15:00:00,536.5,11.6,0
2022-04-16 16:00:00,575.5,11.6,0
2022-04-16 17:00:00,586.7,12.3,0
2022-04-16 18:00:00,620.7,11.2,0
2022-04-16 19:00:00,603.3,10.9,0
2022-04-16 20:00:00,599.6,10.5,0
2022-04-16 21:00:00,591.8,8.5,0
2022-04-16 22:00:00,558.1,7.7,0
2022-04-16 23:00:00,541.3,5.9,0
2022-04-17 00:00:00,497.1,6.3,0
2022-04-17 01:00:00,495.2,6.1,0
2022-04-17 02:00:00,464.3,5.8,0
2022-04-17 03:00:00,463.3,4.4,0
2022-04-17 04:00:00,490.1,4.7,0
2022-04-17 05:00:00,513.4,4.5,0
2022-04-17 06:00:00,513.6,5.8,0
2022-04-17 07:00:00,507.1,6.6,0
2022-04-17 08:00:00,523.5,6.9,0
2022-04-17 09:00:00,485.5,8.8,0
2022-04-17 10:00:00,470.1,10.5,0
2022-04-17 11:00:00,457.0,11.0,0
2022-04-17 12:00:00,471.1,12.9,0
2022-04-17 13:00:00,449.4,13.2,0
2022-04-17 14:00:00,471.9,13.4,0
2022-04-17 15:00:00,474.9,13.6,0
2022-04-17 16:00:00,499.0,12.8,0
2022-04-17 17:00:00,541.3,12.1,0
2022-04-17 18:00:00,562.0,11.3,0
2022-04-17 19:00:00,594.1,11.9,0
2022-04-17 20:00:00,568.7,12.3,0
2022-04-17 21:00:00,530.8,11.0,0
2022-04-17 22:00:00,535.0,11.4,0
2022-04-17 23:00:00,503.7,10.3,0
2022-04-18 00:00:00,444.4,10.0,1
2022-04-18 01:00:00,429.5,10.1,1
2022-04-18 02:00:00,411.2,9.8,1
2022-04-18 03:00:00,409.5,11.8,1
2022-04-18 04:00:00,437.3,12.0,1
2022-04-18 05:00:00,442.1,11.1,1
2022-04-18 06:00:00,458.2,12.8,1
2022-04-18 07:00:00,483.0,13.1,1
2022-04-18 08:00:00,477.4,13.6,1
2022-04-18 09:00:00,467.3,11.9,1
2022-04-18 10:00:00,444.1,13.7,1
2022-04-18 11:00:00,416.7,15.4,1
2022-04-18 12:00:00,419.1,16.8,1
2022-04-18 13:00:00,436.2,18.2,1
2022-04-18 14:00:00,450.4,20.0,1
2022-04-18 15:00:00,477.0,19.9,1
2022-04-18 16:00:00,495.0,20.5,1
2022-04-18 17:00:00,523.4,19.2,1
2022-04-18 18:00:00,556.8,18.1,1
2022-04-18 19:00:00,567.8,18.1,1
2022-04-18 20:00:00,543.5,17.3,1
2022-04-18 21:00:00,517.7,14.9,1
2022-04-18 22:00:00,482.8,14.0,1
2022-04-18 23:00:00,448.6,12.8,1
2022-04-19 00:00:00,504.3,11.3,0
2022-04-19 01:00:00,490.7,10.9,0
2022-04-19 02:00:00,464.6,10.0,0
2022-04-19 03:00:00,495.8,8.4,0
2022-04-19 04:00:00,522.8,7.5,0
2022-04-19 05:00:00,542.4,9.4,0
2022-04-19 06:00:00,571.8,8.6,0
2022-04-19 07:00:00,616.6,9.6,0
2022-04-19 08:00:00,624.7,11.1,0
2022-04-19 09:00:00,621.2,12.7,0
2022-04-19 10:00:00,587.0,12.5,0
2022-04-19 11:00:00,556.5,13.2,0
2022-04-19 12:00:00,558.8,14.1,0
2022-04-19 13:00:00,549.3,15.4,0
2022-04-19 14:00:00,554.0,15.2,0
2022-04-19 15:00:00,595.0,14.3,0
2022-04-19 16:00:00,635.5,15.1,0
2022-04-19 17:00:00,664.1,15.6,0
2022-04-19 18:00:00,708.0,15.3,0
2022-04-19 19:00:00,675.8,13.8,0
2022-04-19 20:00:00,648.8,13.2,0
2022-04-19 21:00:00,606.7,12.2,0
2022-04-19 22:00:00,597.6,11.9,0
2022-04-19 23:00:00,608.5,9.7,0
2022-04-20 00:00:00,557.3,9.2,0
2022-04-20 01:00:00,548.9,8.3,0
2022-04-20 02:00:00,561.4,6.9,0
2022-04-20 03:00:00,560.5,7.0,0
2022-04-20 04:00:00,566.2,7.1,0
2022-04-20 05:00:00,597.4,7.1,0
2022-04-20 06:00:00,641.6,8.1,0
2022-04-20 07:00:00,664.2,7.7,0
2022-04-20 08:00:00,644.3,8.6,0
2022-04-20 09:00:00,621.9,10.1,0
2022-04-20 10:00:00,591.0,11.4,0
2022-04-20 11:00:00,553.4,13.3,0
2022-04-20 12:00:00,552.0,13.1,0
2022-04-20 13:00:00,561.3,12.4,0
2022-04-20 14:00:00,575.8,13.0,0
2022-04-20 15:00:00,594.7,13.6,0
2022-04-20 16:00:00,620.2,15.4,0
2022-04-20 17:00:00,633.2,15.6,0
2022-04-20 18:00:00,651.3,14.1,0
2022-04-20 19:00:00,638.4,14.0,0
2022-04-20 20:00:00,630.0,12.2,0
2022-04-20 21:00:00,609.6,9.8,0
2022-04-20 22:00:00,569.6,11.2,0
2022-04-20 23:00:00,561.9,10.4,0
2022-04-21 00:00:00,518.1,10.4,0
2022-04-21 01:00:00,524.7,10.2,0
2022-04-21 02:00:00,521.3,11.3,0
2022-04-21 03:00:00,500.4,11.3,0
2022-04-21 04:00:00,522.6,12.4,0
2022-04-21 05:00:00,538.9,11.7,0
2022-04-21 06:00:00,560.8,11.0,0
2022-04-21 07:00:00,574.2,13.0,0
2022-04-21 08:00:00,564.9,15.2,0
2022-04-21 09:00:00,569.3,16.5,0
2022-04-21 10:00:00,571.5,17.6,0
2022-04-21 11:00:00,527.8,18.5,0
2022-04-21 12:00:00,525.4,18.6,0
2022-04-21 13:00:00,533.3,20.5,0
2022-04-21 14:00:00,551.0,21.3,0
2022-04-21 15:00:00,578.6,21.7,0
2022-04-21 16:00:00,612.7,21.7,0
2022-04-21 17:00:00,635.6,22.0,0
2022-04-21 18:00:00,669.9,21.6,0
2022-04-21 19:00:00,670.5,21.2,0
2022-04-21 20:00:00,654.8,18.9,0
2022-04-21 21:00:00,619.0,18.1,0
2022-04-21 22:00:00,577.8,18.9,0
2022-04-21 23:00:00,552.1,17.1,0
2022-04-22 00:00:00,519.4,16.1,0
2022-04-22 01:00:00,519.8,16.1,0
2022-04-22 02:00:00,476.1,16.3,0
2022-04-22 03:00:00,456.3,16.4,0
2022-04-22 04:00:00,446.6,14.8,0
2022-04-22 05:00:00,469.7,15.5,0
2022-04-22 06:00:00,499.6,14.8,0
2022-04-22 07:00:00,540.7,14.7,0
2022-04-22 08:00:00,556.9,16.0,0
2022-04-22 09:00:00,577.6,16.6,0
2022-04-22 10:00:00,550.9,18.2,0
2022-04-22 11:00:00,523.4,21.8,0
2022-04-22 12:00:00,509.9,23.0,0
2022-04-22 13:00:00,522.2,24.1,0
2022-04-22 14:00:00,529.1,23.4,0
2022-04-22 15:00:00,539.2,22.7,0
2022-04-22 16:00:00,558.1,21.4,0
2022-04-22 17:00:00,578.5,20.3,0
2022-04-22 18:00:00,613.5,18.5,0
2022-04-22 19:00:00,612.1,16.9,0
2022-04-22 20:00:00,581.4,15.7,0
2022-04-22 21:00:00,554.9,13.6,0
2022-04-22 22:00:00,547.8,11.2,0
2022-04-22 23:00:00,577.8,9.0,0
2022-04-23 00:00:00,500.2,8.8,0
2022-04-23 01:00:00,474.2,8.2,0
2022-04-23 02:00:00,452.1,8.7,0
2022-04-23 03:00:00,415.1,9.5,0
2022-04-23 04:00:00,403.1,9.2,0
2022-04-23 05:00:00,401.7,10.2,0
2022-04-23 06:00:00,465.6,9.4,0
2022-04-23 07:00:00,482.7,12.3,0
2022-04-23 08:00:00,474.6,14.2,0
2022-04-23 09:00:00,468.1,15.0,0
2022-04-23 10:00:00,452.4,14.8,0
2022-04-23 11:00:00,432.5,16.1,0
2022-04-23 12:00:00,451.9,15.1,0
2022-04-23 13:00:00,424.2,15.0,0
2022-04-23 14:00:00,434.4,16.1,0
2022-04-23 15:00:00,466.6,16.3,0
2022-04-23 16:00:00,510.9,15.7,0
2022-04-23 17:00:00,515.9,16.1,0
2022-04-23 18:00:00,551.6,14.5,0
2022-04-23 19:00:00,541.0,13.9,0
2022-04-23 20:00:00,524.3,12.5,0
2022-04-23 21:00:00,485.6,10.7,0
2022-04-23 22:00:00,481.5,10.1,0
2022-04-23 23:00:00,528.2,8.2,0
2022-04-24 00:00:00,492.3,9.3,0
2022-04-24 01:00:00,480.3,8.1,0
2022-04-24 02:00:00,430.8,9.5,0
2022-04-24 03:00:00,453.9,8.3,0
2022-04-24 04:00:00,476.1,9.0,0
2022-04-24 05:00:00,484.1,8.3,0
2022-04-24 06:00:00,534.3,7.7,0
2022-04-24 07:00:00,525.9,8.7,0
2022-04-24 08:00:00,512.9,10.3,0
2022-04-24 09:00:00,517.1,10.2,0
2022-04-24 10:00:00,469.6,12.3,0
2022-04-24 11:00:00,468.2,12.6,0
2022-04-24 12:00:00,477.3,13.6,0
2022-04-24 13:00:00,472.1,14.6,0
2022-04-24 14:00:00,486.4,15.5,0
2022-04-24 15:00:00,530.7,14.0,0
2022-04-24 16:00:00,561.3,15.4,0
2022-04-24 17:00:00,608.5,15.5,0
2022-04-24 18:00:00,644.6,14.4,0
2022-04-24 19:00:00,623.8,12.7,0
2022-04-24 20:00:00,641.7,10.2,0
2022-04-24 21:00:00,630.2,8.0,0
2022-04-24 22:00:00,591.9,7.6,0
2022-04-24 23:00:00,583.1,6.4,0
2022-04-25 00:00:00,616.0,4.8,0
2022-04-25 01:00:00,608.9,3.8,0
2022-04-25 02:00:00,565.4,5.0,0
2022-04-25 03:00:00,557.9,4.6,0
2022-04-25 04:00:00,564.4,4.3,0
2022-04-25 05:00:00,586.4,6.0,0
2022-04-25 06:00:00,611.3,7.2,0
2022-04-25 07:00:00,634.7,8.1,0
2022-04-25 08:00:00,639.5,8.5,0
2022-04-25 09:00:00,652.4,8.2,0
2022-04-25 10:00:00,590.5,8.3,0
2022-04-25 11:00:00,554.5,9.0,0
2022-04-25 12:00:00,555.4,9.8,0
2022-04-25 13:00:00,540.4,10.9,0
2022-04-25 14:00:00,554.3,11.9,0
2022-04-25 15:00:00,595.7,12.3,0
2022-04-25 16:00:00,633.2,12.5,0
2022-04-25 17:00:00,645.9,11.3,0
2022-04-25 18:00:00,682.0,8.8,0
2022-04-25 19:00:00,674.1,7.7,0
2022-04-25 20:00:00,676.2,6.0,0
2022-04-25 21:00:00,672.6,4.6,0
2022-04-25 22:00:00,646.5,3.5,0
2022-04-25 23:00:00,652.8,1.7,0
2022-04-26 00:00:00,625.2,0.3,0
2022-04-26 01:00:00,647.4,-0.2,0
2022-04-26 02:00:00,634.5,-0.2,0
2022-04-26 03:00:00,636.8,-0.7,0
2022-04-26 04:00:00,639.9,0.1,0
2022-04-26 05:00:00,667.5,0.6,0
2022-04-26 06:00:00,702.0,0.5,0
2022-04-26 07:00:00,709.6,1.6,0
2022-04-26 08:00:00,687.2,4.5,0
2022-04-26 09:00:00,678.2,5.2,0
2022-04-26 10:00:00,641.7,7.4,0
2022-04-26 11:00:00,591.6,9.8,0
2022-04-26 12:00:00,552.5,12.1,0
2022-04-26 13:00:00,545.5,12.1,0
2022-04-26 14:00:00,551.0,14.4,0
2022-04-26 15:00:00,562.5,14.7,0
2022-04-26 16:00:00,578.5,14.3,0
2022-04-26 17:00:00,612.8,13.8,0
2022-04-26 18:00:00,632.3,13.7,0
2022-04-26 19:00:00,648.7,13.0,0
2022-04-26 20:00:00,625.1,11.9,0
2022-04-26 21:00:00,586.6,12.0,0
2022-04-26 22:00:00,596.8,10.3,0
2022-04-26 23:00:00,593.6,8.4,0
2022-04-27 00:00:00,536.4,8.6,0
2022-04-27 01:00:00,543.1,8.6,0
2022-04-27 02:00:00,520.8,9.2,0
2022-04-27 03:00:00,514.5,8.0,0
2022-04-27 04:00:00,526.6,9.1,0
2022-04-27 05:00:00,521.4,9.9,0
2022-04-27 06:00:00,541.6,12.1,0
2022-04-27 07:00:00,584.3,11.7,0
2022-04-27 08:00:00,605.1,12.8,0
2022-04-27 09:00:00,587.4,13.6,0
2022-04-27 10:00:00,563.7,13.1,0
2022-04-27 11:00:00,543.4,13.4,0
2022-04-27 12:00:00,546.9,15.3,0
2022-04-27 13:00:00,515.7,15.5,0
2022-04-27 14:00:00,540.0,15.3,0
2022-04-27 15:00:00,565.3,16.2,0
2022-04-27 16:00:00,616.5,16.9,0
2022-04-27 17:00:00,629.6,17.4,0
2022-04-27 18:00:00,669.6,16.0,0
2022-04-27 19:00:00,653.0,15.1,0
2022-04-27 20:00:00,634.0,15.0,0
2022-04-27 21:00:00,597.1,13.3,0
2022-04-27 22:00:00,537.9,11.6,0
2022-04-27 23:00:00,524.7,11.3,0
2022-04-28 00:00:00,493.8,12.1,0
2022-04-28 01:00:00,510.1,10.3,0
2022-04-28 02:00:00,514.0,7.5,0
2022-04-28 03:00:00,510.3,6.1,0
2022-04-28 04:00:00,543.1,5.4,0
2022-04-28 05:00:00,559.4,5.8,0
2022-04-28 06:00:00,597.4,7.0,0
2022-04-28 07:00:00,640.5,7.8,0
2022-04-28 08:00:00,643.6,8.2,0
2022-04-28 09:00:00,622.9,9.5,0
2022-04-28 10:00:00,589.9,9.7,0
2022-04-28 11:00:00,533.8,10.7,0
2022-04-28 12:00:00,525.9,11.1,0
2022-04-28 13:00:00,525.0,14.3,0
2022-04-28 14:00:00,550.0,15.4,0
2022-04-28 15:00:00,568.8,14.8,0
2022-04-28 16:00:00,629.0,13.9,0
2022-04-28 17:00:00,652.0,13.1,0
2022-04-28 18:00:00,682.0,11.1,0
2022-04-28 19:00:00,680.3,9.7,0
2022-04-28 20:00:00,661.5,8.2,0
2022-04-28 21:00:00,624.4,8.1,0
2022-04-28 22:00:00,595.2,6.8,0
2022-04-28 23:00:00,585.6,5.3,0
2022-04-29 00:00:00,572.1,3.6,0
2022-04-29 01:00:00,581.6,2.1,0
2022-04-29 02:00:00,561.7,1.8,0
2022-04-29 03:00:00,573.7,1.7,0
2022-04-29 04:00:00,558.5,3.0,0
2022-04-29 05:00:00,592.3,3.0,0
2022-04-29 06:00:00,608.2,4.8,0
2022-04-29 07:00:00,598.6,6.0,0
2022-04-29 08:00:00,594.7,7.1,0
2022-04-29 09:00:00,618.2,6.5,0
2022-04-29 10:00:00,593.8,6.5,0
2022-04-29 11:00:00,553.8,8.4,0
2022-04-29 12:00:00,524.7,10.6,0
2022-04-29 13:00:00,524.4,11.6,0
2022-04-29 14:00:00,539.8,12.8,0
2022-04-29 15:00:00,558.4,12.7,0
2022-04-29 16:00:00,619.3,12.3,0
2022-04-29 17:00:00,647.0,11.4,0
2022-04-29 18:00:00,660.3,11.8,0
2022-04-29 19:00:00,660.7,11.4,0
2022-04-29 20:00:00,648.2,10.3,0
2022-04-29 21:00:00,645.0,9.1,0
2022-04-29 22:00:00,647.9,8.6,0
2022-04-29 23:00:00,616.2,8.0,0
2022-04-30 00:00:00,516.3,6.7,0
2022-04-30 01:00:00,500.8,7.7,0
2022-04-30 02:00:00,485.3,7.6,0
2022-04-30 03:00:00,493.2,7.5,0
2022-04-30 04:00:00,469.1,9.0,0
2022-04-30 05:00:00,493.6,10.3,0
2022-04-30 06:00:00,485.0,10.8,0
2022-04-30 07:00:00,518.1,12.1,0
2022-04-30 08:00:00,544.3,12.1,0
2022-04-30 09:00:00,573.1,12.5,0
2022-04-30 10:00:00,538.2,11.5,0
2022-04-30 11:00:00,515.0,13.6,0
2022-04-30 12:00:00,511.1,12.8,0
2022-04-30 13:00:00,483.5,14.1,0
2022-04-30 14:00:00,494.8,13.8,0
2022-04-30 15:00:00,502.8,13.1,0
2022-04-30 16:00:00,518.3,12.9,0
2022-04-30 17:00:00,534.2,12.9,0
2022-04-30 18:00:00,561.7,12.9,0
2022-04-30 19:00:00,549.3,13.7,0
2022-04-30 20:00:00,506.0,13.1,0
2022-04-30 21:00:00,489.9,12.9,0
2022-04-30 22:00:00,450.6,11.3,0
2022-04-30 23:00:00,454.6,11.0,0
2022-05-01 00:00:00,352.4,10.5,1
2022-05-01 01:00:00,342.3,9.4,1
2022-05-01 02:00:00,320.6,8.9,1
2022-05-01 03:00:00,317.5,8.7,1
2022-05-01 04:00:00,316.1,9.0,1
2022-05-01 05:00:00,340.6,9.8,1
2022-05-01 06:00:00,376.9,9.9,1
2022-05-01 07:00:00,452.7,10.1,1
2022-05-01 08:00:00,426.3,11.8,1
2022-05-01 09:00:00,422.1,11.3,1
2022-05-01 10:00:00,416.5,11.8,1
2022-05-01 11:00:00,406.3,14.2,1
2022-05-01 12:00:00,421.0,12.6,1
2022-05-01 13:00:00,399.7,12.7,1
2022-05-01 14:00:00,415.7,13.8,1
2022-05-01 15:00:00,395.4,12.6,1
2022-05-01 16:00:00,422.3,14.9,1
2022-05-01 17:00:00,485.3,12.2,1
2022-05-01 18:00:00,517.7,13.0,1
2022-05-01 19:00:00,493.3,13.7,1
2022-05-01 20:00:00,461.9,13.6,1
2022-05-01 21:00:00,405.9,12.3,1
2022-05-01 22:00:00,377.9,11.6,1
2022-05-01 23:00:00,358.4,9.9,1
2022-05-02 00:00:00,477.3,10.0,0
2022-05-02 01:00:00,476.8,8.3,0
2022-05-02 02:00:00,492.3,7.7,0
2022-05-02 03:00:00,488.9,8.5,0
2022-05-02 04:00:00,506.4,7.7,0
2022-05-02 05:00:00,560.4,7.8,0
2022-05-02 06:00:00,601.6,8.6,0
2022-05-02 07:00:00,609.1,8.3,0
2022-05-02 08:00:00,629.8,10.4,0
2022-05-02 09:00:00,623.9,11.8,0
2022-05-02 10:00:00,622.1,11.5,0
2022-05-02 11:00:00,595.8,12.5,0
2022-05-02 12:00:00,547.3,12.7,0
2022-05-02 13:00:00,537.8,12.8,0
2022-05-02 14:00:00,507.1,13.4,0
2022-05-02 15:00:00,515.7,13.0,0
2022-05-02 16:00:00,543.6,13.8,0
2022-05-02 17:00:00,611.7,12.9,0
2022-05-02 18:00:00,638.4,13.2,0
2022-05-02 19:00:00,648.8,12.4,0
2022-05-02 20:00:00,639.7,12.3,0
2022-05-02 21:00:00,599.4,10.9,0
2022-05-02 22:00:00,596.8,9.4,0
2022-05-02 23:00:00,593.0,7.5,0
2022-05-03 00:00:00,537.7,7.5,0
2022-05-03 01:00:00,516.8,7.8,0
2022-05-03 02:00:00,494.8,9.3,0
2022-05-03 03:00:00,498.5,10.4,0
2022-05-03 04:00:00,528.9,10.7,0
2022-05-03 05:00:00,542.2,10.8,0
2022-05-03 06:00:00,562.4,11.8,0
2022-05-03 07:00:00,614.3,12.6,0
2022-05-03 08:00:00,663.8,14.8,0
2022-05-03 09:00:00,671.3,16.6,0
2022-05-03 10:00:00,638.6,16.8,0
2022-05-03 11:00:00,599.2,17.0,0
2022-05-03 12:00:00,587.1,19.0,0
2022-05-03 13:00:00,579.2,19.9,0
2022-05-03 14:00:00,566.3,20.0,0
2022-05-03 15:00:00,602.6,21.1,0
2022-05-03 16:00:00,664.8,20.5,0
2022-05-03 17:00:00,672.0,19.7,0
2022-05-03 18:00:00,674.1,18.6,0
2022-05-03 19:00:00,661.6,15.9,0
2022-05-03 20:00:00,616.9,15.7,0
2022-05-03 21:00:00,600.9,13.5,0
2022-05-03 22:00:00,553.7,12.0,0
2022-05-03 23:00:00,556.6,10.3,0
2022-05-04 00:00:00,524.6,10.4,0
2022-05-04 01:00:00,529.4,9.7,0
2022-05-04 02:00:00,498.2,9.3,0
2022-05-04 03:00:00,514.7,7.6,0
2022-05-04 04:00:00,529.8,7.7,0
2022-05-04 05:00:00,574.4,6.9,0
2022-05-04 06:00:00,600.5,7.9,0
2022-05-04 07:00:00,608.0,9.1,0
2022-05-04 08:00:00,632.3,10.1,0
2022-05-04 09:00:00,627.6,13.1,0
2022-05-04 10:00:00,617.5,14.6,0
2022-05-04 11:00:00,575.9,16.1,0
2022-05-04 12:00:00,566.2,17.0,0
2022-05-04 13:00:00,543.7,17.4,0
2022-05-04 14:00:00,547.5,18.7,0
2022-05-04 15:00:00,578.4,19.8,0
2022-05-04 16:00:00,584.4,18.4,0
2022-05-04 17:00:00,663.4,18.9,0
2022-05-04 18:00:00,698.3,18.7,0
2022-05-04 19:00:00,677.0,18.6,0
2022-05-04 20:00:00,639.8,18.0,0
2022-05-04 21:00:00,601.8,15.7,0
2022-05-04 22:00:00,570.0,13.5,0
2022-05-04 23:00:00,527.0,14.2,0
2022-05-05 00:00:00,490.7,13.7,0
2022-05-05 01:00:00,468.1,11.7,0
2022-05-05 02:00:00,457.7,11.5,0
2022-05-05 03:00:00,494.7,11.0,0
2022-05-05 04:00:00,515.2,9.5,0
2022-05-05 05:00:00,545.9,7.8,0
2022-05-05 06:00:00,609.7,7.1,0
2022-05-05 07:00:00,630.5,8.2,0
2022-05-05 08:00:00,643.2,9.3,0
2022-05-05 09:00:00,617.8,10.2,0
2022-05-05 10:00:00,605.4,11.6,0
2022-05-05 11:00:00,567.7,13.1,0
2022-05-05 12:00:00,570.9,12.2,0
2022-05-05 13:00:00,571.0,12.6,0
2022-05-05 14:00:00,601.3,12.4,0
2022-05-05 15:00:00,631.4,11.6,0
2022-05-05 16:00:00,654.1,11.1,0
2022-05-05 17:00:00,665.2,10.8,0
2022-05-05 18:00:00,684.3,10.1,0
2022-05-05 19:00:00,686.3,8.2,0
2022-05-05 20:00:00,697.3,7.0,0
2022-05-05 21:00:00,642.9,8.0,0
2022-05-05 22:00:00,589.7,6.2,0
2022-05-05 23:00:00,602.5,3.9,0
2022-05-06 00:00:00,581.2,3.7,0
2022-05-06 01:00:00,554.7,3.8,0
2022-05-06 02:00:00,557.8,4.0,0
2022-05-06 03:00:00,546.3,3.1,0
2022-05-06 04:00:00,551.4,4.3,0
2022-05-06 05:00:00,575.9,4.2,0
2022-05-06 06:00:00,616.9,3.9,0
2022-05-06 07:00:00,648.9,4.4,0
2022-05-06 08:00:00,642.1,5.5,0
2022-05-06 09:00:00,633.9,7.4,0
2022-05-06 10:00:00,592.2,9.2,0
2022-05-06 11:00:00,567.4,10.3,0
2022-05-06 12:00:00,566.5,12.1,0
2022-05-06 13:00:00,541.6,13.0,0
2022-05-06 14:00:00,545.9,14.3,0
2022-05-06 15:00:00,594.2,13.3,0
2022-05-06 16:00:00,646.7,11.8,0
2022-05-06 17:00:00,659.7,12.3,0
2022-05-06 18:00:00,678.9,10.6,0
2022-05-06 19:00:00,692.1,9.7,0
2022-05-06 20:00:00,662.3,8.8,0
2022-05-06 21:00:00,639.3,7.5,0
2022-05-06 22:00:00,597.1,6.2,0
2022-05-06 23:00:00,585.2,6.7,0
2022-05-07 00:00:00,486.6,3.9,0
2022-05-07 01:00:00,479.7,4.3,0
2022-05-07 02:00:00,468.0,6.1,0
2022-05-07 03:00:00,457.5,6.1,0
2022-05-07 04:00:00,444.2,6.4,0
2022-05-07 05:00:00,444.3,7.5,0
2022-05-07 06:00:00,437.2,9.9,0
2022-05-07 07:00:00,509.9,9.7,0
2022-05-07 08:00:00,492.6,10.8,0
2022-05-07 09:00:00,472.2,11.7,0
2022-05-07 10:00:00,463.5,13.3,0
2022-05-07 11:00:00,450.1,14.5,0
2022-05-07 12:00:00,460.2,15.9,0
2022-05-07 13:00:00,481.0,16.2,0
2022-05-07 14:00:00,494.4,16.7,0
2022-05-07 15:00:00,510.7,16.3,0
2022-05-07 16:00:00,531.0,15.6,0
2022-05-07 17:00:00,562.5,15.1,0
2022-05-07 18:00:00,601.8,14.4,0
2022-05-07 19:00:00,615.6,12.6,0
2022-05-07 20:00:00,595.8,13.1,0
2022-05-07 21:00:00,535.3,12.0,0
2022-05-07 22:00:00,507.0,9.8,0
2022-05-07 23:00:00,477.5,9.9,0
2022-05-08 00:00:00,444.4,8.7,0
2022-05-08 01:00:00,423.1,8.6,0
2022-05-08 02:00:00,435.7,8.2,0
2022-05-08 03:00:00,453.9,8.4,0
2022-05-08 04:00:00,489.8,8.7,0
2022-05-08 05:00:00,499.4,8.6,0
2022-05-08 06:00:00,520.7,9.3,0
2022-05-08 07:00:00,532.0,12.1,0
2022-05-08 08:00:00,550.9,11.0,0
2022-05-08 09:00:00,524.6,12.2,0
2022-05-08 10:00:00,513.5,13.6,0
2022-05-08 11:00:00,460.9,13.7,0
2022-05-08 12:00:00,447.8,13.4,0
2022-05-08 13:00:00,417.2,16.1,0
2022-05-08 14:00:00,446.2,16.2,0
2022-05-08 15:00:00,451.3,18.2,0
2022-05-08 16:00:00,474.2,18.6,0
2022-05-08 17:00:00,519.7,18.2,0
2022-05-08 18:00:00,535.5,18.0,0
2022-05-08 19:00:00,550.0,17.7,0
2022-05-08 20:00:00,528.4,17.7,0
2022-05-08 21:00:00,532.0,17.0,0
2022-05-08 22:00:00,480.9,16.0,0
2022-05-08 23:00:00,450.5,15.1,0
2022-05-09 00:00:00,488.9,15.6,0
2022-05-09 01:00:00,482.2,15.6,0
2022-05-09 02:00:00,484.0,14.1,0
2022-05-09 03:00:00,481.0,13.3,0
2022-05-09 04:00:00,505.7,13.6,0
2022-05-09 05:00:00,532.8,13.4,0
2022-05-09 06:00:00,581.3,13.6,0
2022-05-09 07:00:00,583.3,13.5,0
2022-05-09 08:00:00,598.9,14.2,0
2022-05-09 09:00:00,587.3,15.6,0
2022-05-09 10:00:00,574.8,17.5,0
2022-05-09 11:00:00,538.9,18.4,0
2022-05-09 12:00:00,541.3,21.0,0
2022-05-09 13:00:00,517.0,21.4,0
2022-05-09 14:00:00,571.7,24.6,0
2022-05-09 15:00:00,617.0,25.4,0
2022-05-09 16:00:00,620.2,25.5,0
2022-05-09 17:00:00,644.3,24.5,0
2022-05-09 18:00:00,612.4,21.1,0
2022-05-09 19:00:00,629.1,20.0,0
2022-05-09 20:00:00,585.1,19.1,0
2022-05-09 21:00:00,558.1,19.6,0
2022-05-09 22:00:00,529.4,17.2,0
2022-05-09 23:00:00,489.1,17.8,0
2022-05-10 00:00:00,431.4,16.8,0
2022-05-10 01:00:00,442.3,16.6,0
2022-05-10 02:00:00,438.6,13.8,0
2022-05-10 03:00:00,464.0,13.7,0
2022-05-10 04:00:00,478.6,13.4,0
2022-05-10 05:00:00,545.2,14.3,0
2022-05-10 06:00:00,572.4,14.9,0
2022-05-10 07:00:00,624.7,14.6,0
2022-05-10 08:00:00,634.8,16.4,0
2022-05-10 09:00:00,622.2,18.0,0
2022-05-10 10:00:00,605.0,19.4,0
2022-05-10 11:00:00,566.1,21.2,0
2022-05-10 12:00:00,545.1,22.9,0
2022-05-10 13:00:00,572.8,23.3,0
2022-05-10 14:00:00,563.9,22.3,0
2022-05-10 15:00:00,561.2,21.1,0
2022-05-10 16:00:00,601.2,22.1,0
2022-05-10 17:00:00,621.5,22.2,0
2022-05-10 18:00:00,647.0,21.5,0
2022-05-10 19:00:00,666.0,20.2,0
2022-05-10 20:00:00,660.5,19.1,0
2022-05-10 21:00:00,648.5,18.0,0
2022-05-10 22:00:00,624.7,16.6,0
2022-05-10 23:00:00,601.7,14.9,0
2022-05-11 00:00:00,559.5,16.1,0
2022-05-11 01:00:00,542.0,15.5,0
2022-05-11 02:00:00,523.8,14.4,0
2022-05-11 03:00:00,555.6,13.0,0
2022-05-11 04:00:00,554.1,12.4,0
2022-05-11 05:00:00,588.6,13.4,0
2022-05-11 06:00:00,600.9,14.7,0
2022-05-11 07:00:00,638.6,15.2,0
2022-05-11 08:00:00,596.4,16.1,0
2022-05-11 09:00:00,593.1,16.8,0
2022-05-11 10:00:00,563.9,16.8,0
2022-05-11 11:00:00,570.5,18.9,0
2022-05-11 12:00:00,578.1,20.0,0
2022-05-11 13:00:00,562.4,22.8,0
2022-05-11 14:00:00,562.4,22.3,0
2022-05-11 15:00:00,593.9,22.2,0
2022-05-11 16:00:00,628.4,22.8,0
2022-05-11 17:00:00,654.9,22.0,0
2022-05-11 18:00:00,688.9,20.0,0
2022-05-11 19:00:00,661.6,18.3,0
2022-05-11 20:00:00,662.8,17.3,0
2022-05-11 21:00:00,629.5,16.6,0
2022-05-11 22:00:00,546.3,15.4,0
2022-05-11 23:00:00,514.9,15.3,0
2022-05-12 00:00:00,481.0,15.4,0
2022-05-12 01:00:00,511.1,15.0,0
2022-05-12 02:00:00,500.2,14.5,0
2022-05-12 03:00:00,474.3,14.0,0
2022-05-12 04:00:00,507.6,14.5,0
2022-05-12 05:00:00,534.3,15.7,0
2022-05-12 06:00:00,563.1,16.2,0
2022-05-12 07:00:00,606.9,17.3,0
2022-05-12 08:00:00,610.7,17.9,0
2022-05-12 09:00:00,601.2,17.5,0
2022-05-12 10:00:00,597.0,17.5,0
2022-05-12 11:00:00,580.1,19.1,0
2022-05-12 12:00:00,578.4,20.3,0
2022-05-12 13:00:00,564.3,22.3,0
2022-05-12 14:00:00,597.0,22.6,0
2022-05-12 15:00:00,594.3,23.4,0
2022-05-12 16:00:00,614.9,24.3,0
2022-05-12 17:00:00,665.2,24.6,0
2022-05-12 18:00:00,663.2,23.3,0
2022-05-12 19:00:00,658.6,22.1,0
2022-05-12 20:00:00,636.3,21.1,0
2022-05-12 21:00:00,599.6,19.0,0
2022-05-12 22:00:00,551.9,18.3,0
2022-05-12 23:00:00,539.5,18.1,0
2022-05-13 00:00:00,523.4,16.8,0
2022-05-13 01:00:00,496.7,17.8,0
2022-05-13 02:00:00,518.6,17.0,0
2022-05-13 03:00:00,536.6,16.5,0
2022-05-13 04:00:00,524.4,16.2,0
2022-05-13 05:00:00,555.4,15.8,0
2022-05-13 06:00:00,563.3,16.7,0
2022-05-13 07:00:00,589.3,17.4,0
2022-05-13 08:00:00,586.0,19.7,0
2022-05-13 09:00:00,575.4,21.1,0
2022-05-13 10:00:00,533.7,22.5,0
2022-05-13 11:00:00,525.7,23.0,0
2022-05-13 12:00:00,499.6,22.4,0
2022-05-13 13:00:00,496.0,22.8,0
2022-05-13 14:00:00,480.3,22.3,0
2022-05-13 15:00:00,523.5,23.2,0
2022-05-13 16:00:00,593.3,22.9,0
2022-05-13 17:00:00,637.2,23.9,0
2022-05-13 18:00:00,659.6,23.8,0
2022-05-13 19:00:00,641.7,23.5,0
2022-05-13 20:00:00,607.8,22.5,0
2022-05-13 21:00:00,564.0,21.5,0
2022-05-13 22:00:00,515.8,20.9,0
2022-05-13 23:00:00,491.8,20.5,0
2022-05-14 00:00:00,393.7,19.0,0
2022-05-14 01:00:00,398.6,18.6,0
2022-05-14 02:00:00,392.4,20.3,0
2022-05-14 03:00:00,402.8,19.8,0
2022-05-14 04:00:00,438.3,19.5,0
2022-05-14 05:00:00,475.7,19.0,0
2022-05-14 06:00:00,497.5,18.1,0
2022-05-14 07:00:00,498.0,19.8,0
2022-05-14 08:00:00,514.5,20.7,0
2022-05-14 09:00:00,515.1,21.8,0
2022-05-14 10:00:00,538.7,24.3,0
2022-05-14 11:00:00,586.6,27.2,0
2022-05-14 12:00:00,610.1,27.0,0
2022-05-14 13:00:00,630.5,28.3,0
2022-05-14 14:00:00,663.6,28.9,0
2022-05-14 15:00:00,668.7,29.1,0
2022-05-14 16:00:00,681.1,29.1,0
2022-05-14 17:00:00,688.6,28.4,0
2022-05-14 18:00:00,732.1,28.9,0
2022-05-14 19:00:00,724.6,28.3,0
2022-05-14 20:00:00,621.6,27.3,0
2022-05-14 21:00:00,606.6,27.1,0
2022-05-14 22:00:00,586.7,26.5,0
2022-05-14 23:00:00,563.4,25.5,0
2022-05-15 00:00:00,517.0,24.8,0
2022-05-15 01:00:00,507.9,25.4,0
2022-05-15 02:00:00,495.3,25.0,0
2022-05-15 03:00:00,496.6,24.4,0
2022-05-15 04:00:00,467.4,23.4,0
2022-05-15 05:00:00,493.6,23.1,0
2022-05-15 06:00:00,521.9,22.5,0
2022-05-15 07:00:00,548.6,23.1,0
2022-05-15 08:00:00,599.0,24.0,0
2022-05-15 09:00:00,560.1,22.9,0
2022-05-15 10:00:00,531.0,23.7,0
2022-05-15 11:00:00,532.2,25.0,0
2022-05-15 12:00:00,525.2,25.8,0
2022-05-15 13:00:00,535.8,25.3,0
2022-05-15 14:00:00,546.2,26.7,0
2022-05-15 15:00:00,531.5,26.0,0
2022-05-15 16:00:00,544.9,24.5,0
2022-05-15 17:00:00,573.7,23.0,0
2022-05-15 18:00:00,573.4,22.2,0
2022-05-15 19:00:00,598.0,22.1,0
2022-05-15 20:00:00,544.0,22.1,0
2022-05-15 21:00:00,531.1,21.1,0
2022-05-15 22:00:00,486.7,18.8,0
2022-05-15 23:00:00,461.8,17.1,0
2022-05-16 00:00:00,518.5,15.5,0
2022-05-16 01:00:00,504.8,14.6,0
2022-05-16 02:00:00,492.0,12.5,0
2022-05-16 03:00:00,495.6,12.5,0
2022-05-16 04:00:00,532.2,13.2,0
2022-05-16 05:00:00,549.3,13.4,0
2022-05-16 06:00:00,560.3,14.4,0
2022-05-16 07:00:00,591.5,14.3,0
2022-05-16 08:00:00,586.0,13.9,0
2022-05-16 09:00:00,571.1,14.4,0
2022-05-16 10:00:00,547.0,16.5,0
2022-05-16 11:00:00,542.7,18.4,0
2022-05-16 12:00:00,524.9,18.8,0
2022-05-16 13:00:00,533.4,20.5,0
2022-05-16 14:00:00,561.0,20.6,0
2022-05-16 15:00:00,603.5,22.0,0
2022-05-16 16:00:00,601.8,22.2,0
2022-05-16 17:00:00,634.2,21.3,0
2022-05-16 18:00:00,639.0,21.3,0
2022-05-16 19:00:00,652.5,19.7,0
2022-05-16 20:00:00,634.0,17.9,0
2022-05-16 21:00:00,599.1,15.5,0
2022-05-16 22:00:00,559.4,14.7,0
2022-05-16 23:00:00,527.5,13.6,0
2022-05-17 00:00:00,469.3,12.9,0
2022-05-17 01:00:00,487.3,11.9,0
2022-05-17 02:00:00,474.8,12.8,0
2022-05-17 03:00:00,480.4,12.2,0
2022-05-17 04:00:00,501.6,11.7,0
2022-05-17 05:00:00,530.7,13.2,0
2022-05-17 06:00:00,585.4,15.1,0
2022-05-17 07:00:00,605.0,16.2,0
2022-05-17 08:00:00,625.0,15.5,0
2022-05-17 09:00:00,588.2,16.0,0
2022-05-17 10:00:00,563.9,17.5,0
2022-05-17 11:00:00,534.9,18.5,0
2022-05-17 12:00:00,516.3,20.7,0
2022-05-17 13:00:00,537.1,20.0,0
2022-05-17 14:00:00,547.4,21.0,0
2022-05-17 15:00:00,568.7,20.5,0
2022-05-17 16:00:00,601.0,21.5,0
2022-05-17 17:00:00,631.4,21.0,0
2022-05-17 18:00:00,651.3,21.2,0
2022-05-17 19:00:00,642.1,19.7,0
2022-05-17 20:00:00,613.2,17.4,0
2022-05-17 21:00:00,575.9,15.4,0
2022-05-17 22:00:00,548.6,13.8,0
2022-05-17 23:00:00,510.7,11.9,0
2022-05-18 00:00:00,479.5,12.4,0
2022-05-18 01:00:00,472.2,13.0,0
2022-05-18 02:00:00,476.6,12.8,0
2022-05-18 03:00:00,466.9,11.7,0
2022-05-18 04:00:00,468.5,11.7,0
2022-05-18 05:00:00,513.1,11.5,0
2022-05-18 06:00:00,527.4,13.5,0
2022-05-18 07:00:00,566.3,14.6,0
2022-05-18 08:00:00,572.7,16.0,0
2022-05-18 09:00:00,553.2,16.6,0
2022-05-18 10:00:00,519.3,15.8,0
2022-05-18 11:00:00,500.7,16.1,0
2022-05-18 12:00:00,491.4,16.0,0
2022-05-18 13:00:00,479.8,17.0,0
2022-05-18 14:00:00,522.0,17.6,0
2022-05-18 15:00:00,547.6,17.0,0
2022-05-18 16:00:00,569.0,16.6,0
2022-05-18 17:00:00,632.5,17.7,0
2022-05-18 18:00:00,668.5,16.3,0
2022-05-18 19:00:00,654.4,14.7,0
2022-05-18 20:00:00,618.6,13.6,0
2022-05-18 21:00:00,591.9,12.0,0
2022-05-18 22:00:00,582.7,10.7,0
2022-05-18 23:00:00,542.5,10.4,0
2022-05-19 00:00:00,519.9,11.4,0
2022-05-19 01:00:00,518.0,9.2,0
2022-05-19 02:00:00,526.1,8.8,0
2022-05-19 03:00:00,521.1,8.8,0
2022-05-19 04:00:00,537.0,9.0,0
2022-05-19 05:00:00,565.4,9.3,0
2022-05-19 06:00:00,610.2,9.7,0
2022-05-19 07:00:00,609.6,11.6,0
2022-05-19 08:00:00,647.2,12.2,0
2022-05-19 09:00:00,609.0,13.2,0
2022-05-19 10:00:00,588.8,14.3,0
2022-05-19 11:00:00,575.5,15.4,0
2022-05-19 12:00:00,559.2,16.2,0
2022-05-19 13:00:00,567.0,17.8,0
2022-05-19 14:00:00,544.6,18.2,0
2022-05-19 15:00:00,564.9,18.6,0
2022-05-19 16:00:00,612.3,18.4,0
2022-05-19 17:00:00,644.2,17.2,0
2022-05-19 18:00:00,648.0,15.8,0
2022-05-19 19:00:00,653.8,14.2,0
2022-05-19 20:00:00,636.7,13.5,0
2022-05-19 21:00:00,594.4,11.9,0
2022-05-19 22:00:00,598.3,10.0,0
2022-05-19 23:00:00,571.6,9.4,0
2022-05-20 00:00:00,517.6,9.4,0
2022-05-20 01:00:00,528.8,7.3,0
2022-05-20 02:00:00,501.8,8.5,0
2022-05-20 03:00:00,501.5,8.5,0
2022-05-20 04:00:00,518.1,8.7,0
2022-05-20 05:00:00,526.0,10.1,0
2022-05-20 06:00:00,564.8,10.9,0
2022-05-20 07:00:00,597.3,11.3,0
2022-05-20 08:00:00,616.8,14.3,0
2022-05-20 09:00:00,592.0,14.4,0
2022-05-20 10:00:00,573.6,15.4,0
2022-05-20 11:00:00,557.9,17.2,0
2022-05-20 12:00:00,549.3,17.1,0
2022-05-20 13:00:00,512.9,17.6,0
2022-05-20 14:00:00,510.1,18.5,0
2022-05-20 15:00:00,543.1,20.8,0
2022-05-20 16:00:00,588.4,19.8,0
2022-05-20 17:00:00,625.6,19.4,0
2022-05-20 18:00:00,653.2,19.3,0
2022-05-20 19:00:00,673.0,18.6,0
2022-05-20 20:00:00,641.2,16.5,0
2022-05-20 21:00:00,593.4,15.9,0
2022-05-20 22:00:00,586.2,14.9,0
2022-05-20 23:00:00,571.8,14.4,0
2022-05-21 00:00:00,461.9,14.7,0
2022-05-21 01:00:00,436.2,14.9,0
2022-05-21 02:00:00,452.0,14.8,0
2022-05-21 03:00:00,441.0,14.9,0
2022-05-21 04:00:00,437.4,14.0,0
2022-05-21 05:00:00,479.1,14.2,0
2022-05-21 06:00:00,482.3,15.0,0
2022-05-21 07:00:00,510.7,15.4,0
2022-05-21 08:00:00,536.7,16.4,0
2022-05-21 09:00:00,526.5,16.7,0
2022-05-21 10:00:00,500.5,19.1,0
2022-05-21 11:00:00,489.7,21.9,0
2022-05-21 12:00:00,459.9,22.3,0
2022-05-21 13:00:00,465.7,23.2,0
2022-05-21 14:00:00,490.2,23.3,0
2022-05-21 15:00:00,511.6,24.4,0
2022-05-21 16:00:00,570.8,24.6,0
2022-05-21 17:00:00,593.1,24.1,0
2022-05-21 18:00:00,601.9,23.1,0
2022-05-21 19:00:00,587.7,22.3,0
2022-05-21 20:00:00,574.1,20.3,0
2022-05-21 21:00:00,531.7,19.8,0
2022-05-21 22:00:00,504.6,18.0,0
2022-05-21 23:00:00,503.0,17.4,0
2022-05-22 00:00:00,479.6,16.8,0
2022-05-22 01:00:00,438.1,17.0,0
2022-05-22 02:00:00,449.5,16.5,0
2022-05-22 03:00:00,435.7,17.2,0
2022-05-22 04:00:00,448.3,16.3,0
2022-05-22 05:00:00,470.1,17.2,0
2022-05-22 06:00:00,503.3,17.5,0
2022-05-22 07:00:00,520.5,18.3,0
2022-05-22 08:00:00,543.9,19.3,0
2022-05-22 09:00:00,552.4,21.0,0
2022-05-22 10:00:00,520.3,20.1,0
2022-05-22 11:00:00,498.5,21.3,0
2022-05-22 12:00:00,497.4,20.7,0
2022-05-22 13:00:00,509.2,22.3,0
2022-05-22 14:00:00,515.4,20.9,0
2022-05-22 15:00:00,534.0,20.1,0
2022-05-22 16:00:00,567.2,18.5,0
2022-05-22 17:00:00,590.4,19.6,0
2022-05-22 18:00:00,614.9,17.8,0
2022-05-22 19:00:00,606.5,17.1,0
2022-05-22 20:00:00,575.5,15.7,0
2022-05-22 21:00:00,509.3,13.1,0
2022-05-22 22:00:00,462.6,11.9,0
2022-05-22 23:00:00,459.4,11.6,0
2022-05-23 00:00:00,507.0,10.8,0
2022-05-23 01:00:00,504.6,11.1,0
2022-05-23 02:00:00,503.4,10.5,0
2022-05-23 03:00:00,498.8,10.4,0
2022-05-23 04:00:00,520.4,10.2,0
2022-05-23 05:00:00,531.6,11.0,0
2022-05-23 06:00:00,551.4,13.4,0
2022-05-23 07:00:00,601.2,14.6,0
2022-05-23 08:00:00,590.0,15.7,0
2022-05-23 09:00:00,576.7,16.2,0
2022-05-23 10:00:00,557.3,16.6,0
2022-05-23 11:00:00,511.1,18.9,0
2022-05-23 12:00:00,489.0,18.7,0
2022-05-23 13:00:00,513.5,18.5,0
2022-05-23 14:00:00,534.9,18.9,0
2022-05-23 15:00:00,555.7,18.7,0
2022-05-23 16:00:00,609.7,20.4,0
2022-05-23 17:00:00,626.6,17.8,0
2022-05-23 18:00:00,680.7,17.6,0
2022-05-23 19:00:00,674.7,17.4,0
2022-05-23 20:00:00,638.5,15.5,0
2022-05-23 21:00:00,622.0,13.9,0
2022-05-23 22:00:00,596.2,13.4,0
2022-05-23 23:00:00,571.0,13.9,0
2022-05-24 00:00:00,531.8,12.5,0
2022-05-24 01:00:00,501.3,10.4,0
2022-05-24 02:00:00,459.6,11.0,0
2022-05-24 03:00:00,459.6,12.3,0
2022-05-24 04:00:00,492.6,12.1,0
2022-05-24 05:00:00,515.3,10.6,0
2022-05-24 06:00:00,541.0,12.6,0
2022-05-24 07:00:00,546.4,13.3,0
2022-05-24 08:00:00,540.8,15.3,0
2022-05-24 09:00:00,545.5,16.3,0
2022-05-24 10:00:00,546.6,17.0,0
2022-05-24 11:00:00,543.5,17.6,0
2022-05-24 12:00:00,551.5,19.8,0
2022-05-24 13:00:00,534.6,21.7,0
2022-05-24 14:00:00,541.0,20.1,0
2022-05-24 15:00:00,574.6,19.4,0
2022-05-24 16:00:00,588.5,20.9,0
2022-05-24 17:00:00,620.0,20.2,0
2022-05-24 18:00:00,645.4,18.3,0
2022-05-24 19:00:00,647.0,17.5,0
2022-05-24 20:00:00,639.0,16.5,0
2022-05-24 21:00:00,609.6,15.4,0
2022-05-24 22:00:00,570.8,14.0,0
2022-05-24 23:00:00,517.7,12.8,0
2022-05-25 00:00:00,503.1,11.7,0
2022-05-25 01:00:00,511.8,11.5,0
2022-05-25 02:00:00,517.1,10.4,0
2022-05-25 03:00:00,521.3,10.1,0
2022-05-25 04:00:00,534.9,10.2,0
2022-05-25 05:00:00,562.5,11.8,0
2022-05-25 06:00:00,574.2,12.8,0
2022-05-25 07:00:00,595.7,13.6,0
2022-05-25 08:00:00,588.8,15.1,0
2022-05-25 09:00:00,581.2,16.5,0
2022-05-25 10:00:00,551.5,18.5,0
2022-05-25 11:00:00,523.0,19.9,0
2022-05-25 12:00:00,486.7,22.3,0
2022-05-25 13:00:00,513.2,24.1,0
2022-05-25 14:00:00,550.1,24.4,0
2022-05-25 15:00:00,522.3,24.0,0
2022-05-25 16:00:00,595.1,24.6,0
2022-05-25 17:00:00,633.9,24.5,0
2022-05-25 18:00:00,638.1,23.7,0
2022-05-25 19:00:00,634.5,21.4,0
2022-05-25 20:00:00,611.3,18.7,0
2022-05-25 21:00:00,579.3,17.9,0
2022-05-25 22:00:00,572.9,17.6,0
2022-05-25 23:00:00,552.6,17.3,0
2022-05-26 00:00:00,517.3,15.4,0
2022-05-26 01:00:00,499.4,15.6,0
2022-05-26 02:00:00,487.0,14.7,0
2022-05-26 03:00:00,470.8,14.8,0
2022-05-26 04:00:00,481.4,15.3,0
2022-05-26 05:00:00,494.7,14.9,0
2022-05-26 06:00:00,548.0,15.0,0
2022-05-26 07:00:00,576.1,13.9,0
2022-05-26 08:00:00,602.4,14.1,0
2022-05-26 09:00:00,617.4,13.5,0
2022-05-26 10:00:00,605.7,15.1,0
2022-05-26 11:00:00,568.2,16.2,0
2022-05-26 12:00:00,578.1,17.9,0
2022-05-26 13:00:00,538.4,18.9,0
2022-05-26 14:00:00,568.2,18.8,0
2022-05-26 15:00:00,544.7,19.3,0
2022-05-26 16:00:00,565.9,18.9,0
2022-05-26 17:00:00,605.0,19.1,0
2022-05-26 18:00:00,622.0,18.8,0
2022-05-26 19:00:00,595.4,17.1,0
2022-05-26 20:00:00,560.5,16.2,0
2022-05-26 21:00:00,543.7,15.2,0
2022-05-26 22:00:00,497.9,14.0,0
2022-05-26 23:00:00,500.3,13.9,0
2022-05-27 00:00:00,485.7,14.8,0
2022-05-27 01:00:00,501.5,13.8,0
2022-05-27 02:00:00,498.2,13.1,0
2022-05-27 03:00:00,506.0,10.9,0
2022-05-27 04:00:00,508.1,11.0,0
2022-05-27 05:00:00,573.3,11.1,0
2022-05-27 06:00:00,623.4,9.8,0
2022-05-27 07:00:00,644.0,11.1,0
2022-05-27 08:00:00,644.8,12.7,0
2022-05-27 09:00:00,645.2,13.1,0
2022-05-27 10:00:00,583.3,14.0,0
2022-05-27 11:00:00,573.9,14.2,0
2022-05-27 12:00:00,546.6,15.8,0
2022-05-27 13:00:00,506.6,15.2,0
2022-05-27 14:00:00,537.7,15.5,0
2022-05-27 15:00:00,547.4,17.6,0
2022-05-27 16:00:00,588.8,17.6,0
2022-05-27 17:00:00,613.0,17.7,0
2022-05-27 18:00:00,633.2,17.0,0
2022-05-27 19:00:00,662.0,15.2,0
2022-05-27 20:00:00,643.1,14.4,0
2022-05-27 21:00:00,613.8,13.8,0
2022-05-27 22:00:00,563.0,11.9,0
2022-05-27 23:00:00,561.1,11.4,0
2022-05-28 00:00:00,445.1,12.0,0
2022-05-28 01:00:00,440.4,12.4,0
2022-05-28 02:00:00,426.0,10.6,0
2022-05-28 03:00:00,439.6,9.6,0
2022-05-28 04:00:00,468.7,8.4,0
2022-05-28 05:00:00,456.7,9.9,0
2022-05-28 06:00:00,488.5,11.2,0
2022-05-28 07:00:00,497.8,12.8,0
2022-05-28 08:00:00,535.3,13.0,0
2022-05-28 09:00:00,535.4,13.1,0
2022-05-28 10:00:00,512.2,14.4,0
2022-05-28 11:00:00,537.7,15.5,0
2022-05-28 12:00:00,528.1,15.7,0
2022-05-28 13:00:00,509.2,16.6,0
2022-05-28 14:00:00,523.8,17.7,0
2022-05-28 15:00:00,540.0,18.1,0
2022-05-28 16:00:00,584.6,17.2,0
2022-05-28 17:00:00,593.1,15.0,0
2022-05-28 18:00:00,642.7,14.3,0
2022-05-28 19:00:00,626.1,13.8,0
2022-05-28 20:00:00,594.7,12.7,0
2022-05-28 21:00:00,551.4,11.5,0
2022-05-28 22:00:00,523.6,10.0,0
2022-05-28 23:00:00,533.2,9.9,0
2022-05-29 00:00:00,495.4,9.3,0
2022-05-29 01:00:00,465.3,8.9,0
2022-05-29 02:00:00,462.5,7.8,0
2022-05-29 03:00:00,469.3,7.3,0
2022-05-29 04:00:00,489.5,7.7,0
2022-05-29 05:00:00,506.6,7.4,0
2022-05-29 06:00:00,541.8,7.1,0
2022-05-29 07:00:00,608.2,7.9,0
2022-05-29 08:00:00,592.6,10.1,0
2022-05-29 09:00:00,572.2,11.5,0
2022-05-29 10:00:00,516.7,14.0,0
2022-05-29 11:00:00,508.3,15.0,0
2022-05-29 12:00:00,484.6,15.7,0
2022-05-29 13:00:00,509.1,15.2,0
2022-05-29 14:00:00,529.0,15.3,0
2022-05-29 15:00:00,552.4,16.9,0
2022-05-29 16:00:00,565.8,17.2,0
2022-05-29 17:00:00,588.4,17.6,0
2022-05-29 18:00:00,601.4,17.7,0
2022-05-29 19:00:00,600.5,16.9,0
2022-05-29 20:00:00,569.9,15.8,0
2022-05-29 21:00:00,526.5,15.0,0
2022-05-29 22:00:00,498.1,14.6,0
2022-05-29 23:00:00,478.4,14.1,0
2022-05-30 00:00:00,497.8,13.9,0
2022-05-30 01:00:00,504.3,13.4,0
2022-05-30 02:00:00,515.2,12.4,0
2022-05-30 03:00:00,502.6,12.0,0
2022-05-30 04:00:00,548.2,11.4,0
2022-05-30 05:00:00,561.5,12.7,0
2022-05-30 06:00:00,610.9,11.5,0
2022-05-30 07:00:00,655.6,12.2,0
2022-05-30 08:00:00,625.0,15.4,0
2022-05-30 09:00:00,621.2,16.2,0
2022-05-30 10:00:00,610.2,16.3,0
2022-05-30 11:00:00,601.2,17.3,0
2022-05-30 12:00:00,591.1,19.3,0
2022-05-30 13:00:00,593.9,19.9,0
2022-05-30 14:00:00,567.3,20.8,0
2022-05-30 15:00:00,568.3,21.1,0
2022-05-30 16:00:00,607.9,20.6,0
2022-05-30 17:00:00,615.4,23.1,0
2022-05-30 18:00:00,629.1,22.4,0
2022-05-30 19:00:00,629.7,21.1,0
2022-05-30 20:00:00,617.1,19.6,0
2022-05-30 21:00:00,599.2,18.9,0
2022-05-30 22:00:00,570.7,18.2,0
2022-05-30 23:00:00,535.2,17.9,0
2022-05-31 00:00:00,482.9,17.2,0
2022-05-31 01:00:00,482.5,15.2,0
2022-05-31 02:00:00,484.9,15.3,0
2022-05-31 03:00:00,489.5,14.8,0
2022-05-31 04:00:00,500.9,14.7,0
2022-05-31 05:00:00,526.9,13.7,0
2022-05-31 06:00:00,534.7,13.8,0
2022-05-31 07:00:00,566.3,14.0,0
2022-05-31 08:00:00,593.6,15.0,0
2022-05-31 09:00:00,570.9,14.8,0
2022-05-31 10:00:00,562.3,16.0,0
2022-05-31 11:00:00,555.0,17.1,0
2022-05-31 12:00:00,578.2,17.0,0
2022-05-31 13:00:00,566.9,17.2,0
2022-05-31 14:00:00,565.3,16.9,0
2022-05-31 15:00:00,562.8,18.0,0
2022-05-31 16:00:00,577.6,15.7,0
2022-05-31 17:00:00,590.6,15.2,0
2022-05-31 18:00:00,598.7,13.2,0
2022-05-31 19:00:00,626.3,12.2,0
2022-05-31 20:00:00,610.3,12.3,0
2022-05-31 21:00:00,594.7,10.8,0
2022-05-31 22:00:00,546.8,10.1,0
2022-05-31 23:00:00,513.4,8.6,0
2022-06-01 00:00:00,450.1,9.9,0
2022-06-01 01:00:00,477.5,10.2,0
2022-06-01 02:00:00,489.0,11.0,0
2022-06-01 03:00:00,477.7,9.7,0
2022-06-01 04:00:00,501.2,9.0,0
2022-06-01 05:00:00,520.5,10.5,0
2022-06-01 06:00:00,536.2,11.1,0
2022-06-01 07:00:00,557.0,11.8,0
2022-06-01 08:00:00,586.3,13.2,0
2022-06-01 09:00:00,594.6,13.2,0
2022-06-01 10:00:00,584.7,15.1,0
2022-06-01 11:00:00,567.3,16.1,0
2022-06-01 12:00:00,553.6,17.5,0
2022-06-01 13:00:00,556.2,17.6,0
2022-06-01 14:00:00,558.3,18.6,0
2022-06-01 15:00:00,602.5,18.2,0
2022-06-01 16:00:00,630.1,19.0,0
2022-06-01 17:00:00,666.3,19.7,0
2022-06-01 18:00:00,681.2,20.0,0
2022-06-01 19:00:00,665.4,19.6,0
2022-06-01 20:00:00,639.3,19.2,0
2022-06-01 21:00:00,598.2,15.7,0
2022-06-01 22:00:00,553.8,15.5,0
2022-06-01 23:00:00,548.7,14.3,0
2022-06-02 00:00:00,541.9,13.8,0
2022-06-02 01:00:00,532.0,12.9,0
2022-06-02 02:00:00,524.0,11.3,0
2022-06-02 03:00:00,510.2,10.8,0
2022-06-02 04:00:00,491.0,11.6,0
2022-06-02 05:00:00,518.2,13.4,0
2022-06-02 06:00:00,559.0,13.5,0
2022-06-02 07:00:00,574.8,13.5,0
2022-06-02 08:00:00,588.7,15.9,0
2022-06-02 09:00:00,571.4,16.1,0
2022-06-02 10:00:00,578.7,19.1,0
2022-06-02 11:00:00,559.5,20.1,0
2022-06-02 12:00:00,552.7,20.1,0
2022-06-02 13:00:00,574.4,21.7,0
2022-06-02 14:00:00,554.0,23.6,0
2022-06-02 15:00:00,570.2,22.4,0
2022-06-02 16:00:00,617.8,23.6,0
2022-06-02 17:00:00,638.3,22.9,0
2022-06-02 18:00:00,669.3,23.6,0
2022-06-02 19:00:00,676.6,22.3,0
2022-06-02 20:00:00,638.3,19.9,0
2022-06-02 21:00:00,592.7,19.3,0
2022-06-02 22:00:00,589.0,19.0,0
2022-06-02 23:00:00,579.3,19.9,0
2022-06-03 00:00:00,541.2,20.6,0
2022-06-03 01:00:00,535.9,20.4,0
2022-06-03 02:00:00,520.7,19.6,0
2022-06-03 03:00:00,508.2,18.9,0
2022-06-03 04:00:00,511.9,18.6,0
2022-06-03 05:00:00,536.7,18.1,0
2022-06-03 06:00:00,557.7,18.4,0
2022-06-03 07:00:00,561.2,16.8,0
2022-06-03 08:00:00,577.5,17.9,0
2022-06-03 09:00:00,580.5,18.9,0
2022-06-03 10:00:00,562.9,22.2,0
2022-06-03 11:00:00,571.4,23.8,0
2022-06-03 12:00:00,567.8,24.1,0
2022-06-03 13:00:00,598.1,25.1,0
2022-06-03 14:00:00,589.8,24.3,0
2022-06-03 15:00:00,596.7,23.8,0
2022-06-03 16:00:00,618.2,22.0,0
2022-06-03 17:00:00,667.7,22.9,0
2022-06-03 18:00:00,677.2,22.7,0
2022-06-03 19:00:00,657.1,20.8,0
2022-06-03 20:00:00,654.8,19.7,0
2022-06-03 21:00:00,608.1,19.5,0
2022-06-03 22:00:00,580.7,18.9,0
2022-06-03 23:00:00,549.8,18.2,0
2022-06-04 00:00:00,450.8,16.7,0
2022-06-04 01:00:00,460.2,15.4,0
2022-06-04 02:00:00,472.4,15.1,0
2022-06-04 03:00:00,441.5,15.8,0
2022-06-04 04:00:00,426.0,15.1,0
2022-06-04 05:00:00,399.7,14.5,0
2022-06-04 06:00:00,451.3,16.1,0
2022-06-04 07:00:00,512.5,16.1,0
2022-06-04 08:00:00,532.6,18.1,0
2022-06-04 09:00:00,523.2,19.3,0
2022-06-04 10:00:00,518.7,21.1,0
2022-06-04 11:00:00,495.8,23.6,0
2022-06-04 12:00:00,517.3,24.9,0
2022-06-04 13:00:00,561.2,26.1,0
2022-06-04 14:00:00,571.4,25.6,0
2022-06-04 15:00:00,583.1,25.0,0
2022-06-04 16:00:00,605.6,25.3,0
2022-06-04 17:00:00,649.6,26.2,0
2022-06-04 18:00:00,667.4,26.7,0
2022-06-04 19:00:00,726.0,27.8,0
2022-06-04 20:00:00,691.5,26.9,0
2022-06-04 21:00:00,621.7,25.8,0
2022-06-04 22:00:00,574.8,25.4,0
2022-06-04 23:00:00,530.0,24.2,0
2022-06-05 00:00:00,462.3,23.2,0
2022-06-05 01:00:00,448.8,21.4,0
2022-06-05 02:00:00,444.9,21.7,0
2022-06-05 03:00:00,446.3,20.4,0
2022-06-05 04:00:00,452.9,20.8,0
2022-06-05 05:00:00,433.4,19.7,0
2022-06-05 06:00:00,466.7,21.2,0
2022-06-05 07:00:00,478.8,20.9,0
2022-06-05 08:00:00,477.7,22.5,0
2022-06-05 09:00:00,516.6,22.0,0
2022-06-05 10:00:00,494.9,22.5,0
2022-06-05 11:00:00,499.8,24.4,0
2022-06-05 12:00:00,485.9,24.4,0
2022-06-05 13:00:00,485.0,25.0,0
2022-06-05 14:00:00,521.5,24.9,0
2022-06-05 15:00:00,483.6,22.9,0
2022-06-05 16:00:00,528.9,23.0,0
2022-06-05 17:00:00,556.5,22.9,0
2022-06-05 18:00:00,597.5,21.3,0
2022-06-05 19:00:00,609.8,21.0,0
2022-06-05 20:00:00,584.5,19.3,0
2022-06-05 21:00:00,524.0,17.3,0
2022-06-05 22:00:00,506.8,16.3,0
2022-06-05 23:00:00,500.3,14.8,0
2022-06-06 00:00:00,530.7,16.2,0
2022-06-06 01:00:00,512.0,14.1,0
2022-06-06 02:00:00,509.3,14.4,0
2022-06-06 03:00:00,490.7,15.2,0
2022-06-06 04:00:00,507.6,13.5,0
2022-06-06 05:00:00,539.7,12.4,0
2022-06-06 06:00:00,559.8,13.6,0
2022-06-06 07:00:00,571.1,14.0,0
2022-06-06 08:00:00,582.6,15.4,0
2022-06-06 09:00:00,566.3,17.6,0
2022-06-06 10:00:00,534.1,18.3,0
2022-06-06 11:00:00,538.3,18.3,0
2022-06-06 12:00:00,526.4,16.8,0
2022-06-06 13:00:00,518.9,17.7,0
2022-06-06 14:00:00,523.1,17.4,0
2022-06-06 15:00:00,554.9,18.0,0
2022-06-06 16:00:00,583.7,18.2,0
2022-06-06 17:00:00,610.0,16.6,0
2022-06-06 18:00:00,641.8,17.7,0
2022-06-06 19:00:00,646.7,18.0,0
2022-06-06 20:00:00,611.3,17.8,0
2022-06-06 21:00:00,564.3,15.8,0
2022-06-06 22:00:00,560.2,14.5,0
2022-06-06 23:00:00,540.6,13.1,0
2022-06-07 00:00:00,527.0,12.1,0
2022-06-07 01:00:00,532.2,10.6,0
2022-06-07 02:00:00,517.9,10.7,0
2022-06-07 03:00:00,509.0,10.9,0
2022-06-07 04:00:00,539.5,11.5,0
2022-06-07 05:00:00,546.1,11.5,0
2022-06-07 06:00:00,559.2,13.4,0
2022-06-07 07:00:00,571.3,14.5,0
2022-06-07 08:00:00,590.4,13.0,0
2022-06-07 09:00:00,570.2,13.6,0
2022-06-07 10:00:00,554.9,14.8,0
2022-06-07 11:00:00,518.9,16.7,0
2022-06-07 12:00:00,521.3,17.4,0
2022-06-07 13:00:00,527.9,17.9,0
2022-06-07 14:00:00,541.5,17.9,0
2022-06-07 15:00:00,553.5,18.7,0
2022-06-07 16:00:00,607.3,18.3,0
2022-06-07 17:00:00,670.9,17.5,0
2022-06-07 18:00:00,684.2,16.3,0
2022-06-07 19:00:00,666.4,16.2,0
2022-06-07 20:00:00,651.0,14.8,0
2022-06-07 21:00:00,617.8,12.4,0
2022-06-07 22:00:00,587.4,12.1,0
2022-06-07 23:00:00,582.4,10.7,0
2022-06-08 00:00:00,519.8,10.5,0
2022-06-08 01:00:00,522.0,10.4,0
2022-06-08 02:00:00,490.4,11.2,0
2022-06-08 03:00:00,466.6,12.1,0
2022-06-08 04:00:00,478.1,11.8,0
2022-06-08 05:00:00,527.5,12.1,0
2022-06-08 06:00:00,551.6,11.7,0
2022-06-08 07:00:00,579.3,14.2,0
2022-06-08 08:00:00,578.2,15.6,0
2022-06-08 09:00:00,585.8,18.0,0
2022-06-08 10:00:00,572.9,18.7,0
2022-06-08 11:00:00,570.8,17.9,0
2022-06-08 12:00:00,557.4,20.2,0
2022-06-08 13:00:00,551.6,20.9,0
2022-06-08 14:00:00,528.1,21.5,0
2022-06-08 15:00:00,556.9,21.7,0
2022-06-08 16:00:00,602.7,22.2,0
2022-06-08 17:00:00,639.5,22.3,0
2022-06-08 18:00:00,663.3,20.2,0
2022-06-08 19:00:00,670.3,20.4,0
2022-06-08 20:00:00,657.4,18.9,0
2022-06-08 21:00:00,603.7,17.5,0
2022-06-08 22:00:00,569.5,18.1,0
2022-06-08 23:00:00,554.1,17.9,0
2022-06-09 00:00:00,517.0,16.9,0
2022-06-09 01:00:00,489.4,14.5,0
2022-06-09 02:00:00,451.5,14.3,0
2022-06-09 03:00:00,461.3,14.7,0
2022-06-09 04:00:00,487.1,14.7,0
2022-06-09 05:00:00,539.3,14.0,0
2022-06-09 06:00:00,573.4,14.0,0
2022-06-09 07:00:00,585.7,13.7,0
2022-06-09 08:00:00,603.5,15.0,0
2022-06-09 09:00:00,594.5,16.8,0
2022-06-09 10:00:00,564.3,18.9,0
2022-06-09 11:00:00,523.7,19.2,0
2022-06-09 12:00:00,488.6,20.3,0
2022-06-09 13:00:00,485.6,21.5,0
2022-06-09 14:00:00,497.7,21.4,0
2022-06-09 15:00:00,528.6,21.5,0
2022-06-09 16:00:00,576.8,23.3,0
2022-06-09 17:00:00,618.1,23.0,0
2022-06-09 18:00:00,676.2,23.2,0
2022-06-09 19:00:00,664.3,21.9,0
2022-06-09 20:00:00,660.4,20.9,0
2022-06-09 21:00:00,607.9,18.3,0
2022-06-09 22:00:00,562.6,17.3,0
2022-06-09 23:00:00,533.7,17.4,0
2022-06-10 00:00:00,468.8,18.6,0
2022-06-10 01:00:00,490.5,18.9,0
2022-06-10 02:00:00,486.3,19.0,0
2022-06-10 03:00:00,495.9,18.8,0
2022-06-10 04:00:00,530.5,18.3,0
2022-06-10 05:00:00,553.1,18.5,0
2022-06-10 06:00:00,602.6,19.6,0
2022-06-10 07:00:00,584.5,19.6,0
2022-06-10 08:00:00,617.8,21.3,0
2022-06-10 09:00:00,612.4,21.3,0
2022-06-10 10:00:00,580.5,20.7,0
2022-06-10 11:00:00,575.6,20.7,0
2022-06-10 12:00:00,558.8,20.1,0
2022-06-10 13:00:00,541.6,19.5,0
2022-06-10 14:00:00,518.7,21.0,0
2022-06-10 15:00:00,572.1,21.0,0
2022-06-10 16:00:00,561.5,21.2,0
2022-06-10 17:00:00,604.0,21.8,0
2022-06-10 18:00:00,658.6,22.4,0
2022-06-10 19:00:00,666.8,21.1,0
2022-06-10 20:00:00,631.3,21.3,0
2022-06-10 21:00:00,592.5,20.5,0
2022-06-10 22:00:00,552.0,19.5,0
2022-06-10 23:00:00,537.1,18.9,0
2022-06-11 00:00:00,435.2,16.8,0
2022-06-11 01:00:00,405.2,15.4,0
2022-06-11 02:00:00,378.6,14.9,0
2022-06-11 03:00:00,403.6,15.4,0
2022-06-11 04:00:00,397.3,15.1,0
2022-06-11 05:00:00,409.2,15.4,0
2022-06-11 06:00:00,485.8,16.9,0
2022-06-11 07:00:00,501.9,19.0,0
2022-06-11 08:00:00,498.6,20.6,0
2022-06-11 09:00:00,488.0,22.7,0
2022-06-11 10:00:00,495.0,23.3,0
2022-06-11 11:00:00,475.6,23.9,0
2022-06-11 12:00:00,484.2,24.9,0
2022-06-11 13:00:00,456.0,25.2,0
2022-06-11 14:00:00,463.2,25.0,0
2022-06-11 15:00:00,529.9,26.6,0
2022-06-11 16:00:00,560.3,26.2,0
2022-06-11 17:00:00,595.3,24.8,0
2022-06-11 18:00:00,622.2,24.5,0
2022-06-11 19:00:00,590.0,25.3,0
2022-06-11 20:00:00,530.7,24.2,0
2022-06-11 21:00:00,492.9,24.2,0
2022-06-11 22:00:00,449.4,22.6,0
2022-06-11 23:00:00,436.7,21.1,0
2022-06-12 00:00:00,415.8,19.6,0
2022-06-12 01:00:00,382.9,18.7,0
2022-06-12 02:00:00,348.2,19.9,0
2022-06-12 03:00:00,373.4,18.6,0
2022-06-12 04:00:00,376.8,20.1,0
2022-06-12 05:00:00,373.0,19.4,0
2022-06-12 06:00:00,405.0,19.7,0
2022-06-12 07:00:00,442.9,21.2,0
2022-06-12 08:00:00,455.4,22.6,0
2022-06-12 09:00:00,459.5,23.8,0
2022-06-12 10:00:00,465.0,23.2,0
2022-06-12 11:00:00,454.5,24.4,0
2022-06-12 12:00:00,454.9,24.2,0
2022-06-12 13:00:00,526.4,27.1,0
2022-06-12 14:00:00,536.7,27.2,0
2022-06-12 15:00:00,604.8,27.3,0
2022-06-12 16:00:00,579.2,26.0,0
2022-06-12 17:00:00,636.1,25.1,0
2022-06-12 18:00:00,607.8,23.2,0
2022-06-12 19:00:00,601.4,23.3,0
2022-06-12 20:00:00,572.9,22.0,0
2022-06-12 21:00:00,554.1,21.4,0
2022-06-12 22:00:00,528.5,19.7,0
2022-06-12 23:00:00,495.7,18.2,0
2022-06-13 00:00:00,510.4,18.6,0
2022-06-13 01:00:00,516.0,17.0,0
2022-06-13 02:00:00,526.2,15.0,0
2022-06-13 03:00:00,507.5,15.2,0
2022-06-13 04:00:00,532.7,14.3,0
2022-06-13 05:00:00,556.3,14.4,0
2022-06-13 06:00:00,582.4,15.9,0
2022-06-13 07:00:00,587.1,16.0,0
2022-06-13 08:00:00,579.7,17.8,0
2022-06-13 09:00:00,583.4,18.2,0
2022-06-13 10:00:00,521.6,20.6,0
2022-06-13 11:00:00,507.3,22.8,0
2022-06-13 12:00:00,514.2,23.1,0
2022-06-13 13:00:00,496.4,23.5,0
2022-06-13 14:00:00,535.9,23.1,0
2022-06-13 15:00:00,589.0,23.5,0
2022-06-13 16:00:00,614.0,24.4,0
2022-06-13 17:00:00,625.7,22.6,0
2022-06-13 18:00:00,649.6,22.8,0
2022-06-13 19:00:00,637.8,20.8,0
2022-06-13 20:00:00,609.7,19.0,0
2022-06-13 21:00:00,586.5,16.4,0
2022-06-13 22:00:00,582.5,17.4,0
2022-06-13 23:00:00,558.6,16.5,0
2022-06-14 00:00:00,517.8,16.0,0
2022-06-14 01:00:00,505.9,14.8,0
2022-06-14 02:00:00,483.3,15.4,0
2022-06-14 03:00:00,496.1,13.3,0
2022-06-14 04:00:00,495.7,13.6,0
2022-06-14 05:00:00,499.5,16.0,0
2022-06-14 06:00:00,544.3,16.3,0
2022-06-14 07:00:00,544.8,17.1,0
2022-06-14 08:00:00,557.9,18.7,0
2022-06-14 09:00:00,553.2,19.0,0
2022-06-14 10:00:00,539.2,20.1,0
2022-06-14 11:00:00,501.2,21.9,0
2022-06-14 12:00:00,488.8,22.9,0
2022-06-14 13:00:00,506.3,23.8,0
2022-06-14 14:00:00,534.0,23.9,0
2022-06-14 15:00:00,564.2,24.3,0
2022-06-14 16:00:00,595.1,24.2,0
2022-06-14 17:00:00,636.4,25.1,0
2022-06-14 18:00:00,665.0,25.0,0
2022-06-14 19:00:00,606.5,23.9,0
2022-06-14 20:00:00,588.9,20.6,0
2022-06-14 21:00:00,577.6,20.2,0
2022-06-14 22:00:00,549.0,19.8,0
2022-06-14 23:00:00,515.3,18.0,0
2022-06-15 00:00:00,502.5,15.5,0
2022-06-15 01:00:00,483.5,13.8,0
2022-06-15 02:00:00,496.6,14.3,0
2022-06-15 03:00:00,492.1,13.3,0
2022-06-15 04:00:00,490.2,13.1,0
2022-06-15 05:00:00,508.7,13.7,0
2022-06-15 06:00:00,528.3,15.5,0
2022-06-15 07:00:00,558.8,16.4,0
2022-06-15 08:00:00,584.9,17.3,0
2022-06-15 09:00:00,577.0,17.9,0
2022-06-15 10:00:00,553.3,20.4,0
2022-06-15 11:00:00,537.5,22.3,0
2022-06-15 12:00:00,539.7,23.0,0
2022-06-15 13:00:00,532.9,22.4,0
2022-06-15 14:00:00,549.3,22.1,0
2022-06-15 15:00:00,581.9,22.8,0
2022-06-15 16:00:00,610.7,22.0,0
2022-06-15 17:00:00,655.1,22.5,0
2022-06-15 18:00:00,672.3,22.2,0
2022-06-15 19:00:00,685.9,21.6,0
2022-06-15 20:00:00,662.3,21.2,0
2022-06-15 21:00:00,634.3,20.6,0
2022-06-15 22:00:00,591.7,18.8,0
2022-06-15 23:00:00,542.7,17.5,0
2022-06-16 00:00:00,496.6,18.9,0
2022-06-16 01:00:00,487.5,17.1,0
2022-06-16 02:00:00,485.4,16.2,0
2022-06-16 03:00:00,483.2,17.0,0
2022-06-16 04:00:00,516.1,17.0,0
2022-06-16 05:00:00,514.1,16.6,0
2022-06-16 06:00:00,518.4,16.0,0
2022-06-16 07:00:00,550.7,17.4,0
2022-06-16 08:00:00,560.1,19.3,0
2022-06-16 09:00:00,561.8,21.5,0
2022-06-16 10:00:00,561.0,22.6,0
2022-06-16 11:00:00,608.7,24.4,0
2022-06-16 12:00:00,566.1,24.2,0
2022-06-16 13:00:00,558.9,24.9,0
2022-06-16 14:00:00,563.7,24.7,0
2022-06-16 15:00:00,568.0,24.9,0
2022-06-16 16:00:00,603.9,25.4,0
2022-06-16 17:00:00,676.6,25.9,0
2022-06-16 18:00:00,668.6,24.3,0
2022-06-16 19:00:00,674.1,24.6,0
2022-06-16 20:00:00,648.3,23.1,0
2022-06-16 21:00:00,577.8,21.0,0
2022-06-16 22:00:00,551.5,19.8,0
2022-06-16 23:00:00,531.9,17.5,0
2022-06-17 00:00:00,499.1,16.8,0
2022-06-17 01:00:00,473.4,16.4,0
2022-06-17 02:00:00,461.8,15.8,0
2022-06-17 03:00:00,463.2,16.1,0
2022-06-17 04:00:00,488.6,16.0,0
2022-06-17 05:00:00,501.1,16.4,0
2022-06-17 06:00:00,545.0,15.7,0
2022-06-17 07:00:00,542.0,16.6,0
2022-06-17 08:00:00,570.3,16.8,0
2022-06-17 09:00:00,581.5,17.5,0
2022-06-17 10:00:00,550.1,18.5,0
2022-06-17 11:00:00,529.7,19.7,0
2022-06-17 12:00:00,521.4,19.1,0
2022-06-17 13:00:00,526.7,18.5,0
2022-06-17 14:00:00,555.4,18.7,0
2022-06-17 15:00:00,576.4,19.4,0
2022-06-17 16:00:00,601.9,19.7,0
2022-06-17 17:00:00,632.0,20.3,0
2022-06-17 18:00:00,658.9,20.9,0
2022-06-17 19:00:00,669.7,20.5,0
2022-06-17 20:00:00,647.1,19.6,0
2022-06-17 21:00:00,600.6,17.7,0
2022-06-17 22:00:00,562.6,15.8,0
2022-06-17 23:00:00,530.1,14.5,0
2022-06-18 00:00:00,418.3,14.1,0
2022-06-18 01:00:00,405.6,13.8,0
2022-06-18 02:00:00,394.5,13.4,0
2022-06-18 03:00:00,411.8,13.2,0
2022-06-18 04:00:00,403.4,14.0,0
2022-06-18 05:00:00,431.5,14.7,0
2022-06-18 06:00:00,448.9,15.6,0
2022-06-18 07:00:00,497.5,16.8,0
2022-06-18 08:00:00,520.2,17.3,0
2022-06-18 09:00:00,536.2,17.4,0
2022-06-18 10:00:00,523.6,19.0,0
2022-06-18 11:00:00,484.8,20.3,0
2022-06-18 12:00:00,473.5,21.0,0
2022-06-18 13:00:00,461.8,21.3,0
2022-06-18 14:00:00,480.8,23.8,0
2022-06-18 15:00:00,481.6,23.3,0
2022-06-18 16:00:00,510.7,23.0,0
2022-06-18 17:00:00,550.7,22.8,0
2022-06-18 18:00:00,576.8,21.1,0
2022-06-18 19:00:00,617.3,20.5,0
2022-06-18 20:00:00,586.2,21.2,0
2022-06-18 21:00:00,549.0,20.9,0
2022-06-18 22:00:00,512.6,20.4,0
2022-06-18 23:00:00,485.1,20.0,0
2022-06-19 00:00:00,440.3,19.3,0
2022-06-19 01:00:00,430.1,19.4,0
2022-06-19 02:00:00,418.2,18.8,0
2022-06-19 03:00:00,428.5,18.2,0
2022-06-19 04:00:00,443.4,18.3,0
2022-06-19 05:00:00,450.2,19.5,0
2022-06-19 06:00:00,482.3,20.3,0
2022-06-19 07:00:00,516.8,21.6,0
2022-06-19 08:00:00,526.9,20.7,0
2022-06-19 09:00:00,522.4,22.7,0
2022-06-19 10:00:00,552.7,25.8,0
2022-06-19 11:00:00,595.5,27.8,0
2022-06-19 12:00:00,595.8,28.2,0
2022-06-19 13:00:00,575.5,27.9,0
2022-06-19 14:00:00,599.2,28.4,0
2022-06-19 15:00:00,612.9,27.5,0
2022-06-19 16:00:00,638.3,27.9,0
2022-06-19 17:00:00,655.4,26.9,0
2022-06-19 18:00:00,676.2,27.0,0
2022-06-19 19:00:00,739.0,27.3,0
2022-06-19 20:00:00,647.6,24.3,0
2022-06-19 21:00:00,589.7,23.4,0
2022-06-19 22:00:00,535.9,21.7,0
2022-06-19 23:00:00,484.6,19.3,0
2022-06-20 00:00:00,499.8,18.0,0
2022-06-20 01:00:00,519.8,17.1,0
2022-06-20 02:00:00,511.1,17.6,0
2022-06-20 03:00:00,499.9,16.1,0
2022-06-20 04:00:00,506.6,17.2,0
2022-06-20 05:00:00,527.5,19.3,0
2022-06-20 06:00:00,542.3,20.4,0
2022-06-20 07:00:00,574.4,21.6,0
2022-06-20 08:00:00,599.4,22.5,0
2022-06-20 09:00:00,570.1,22.4,0
2022-06-20 10:00:00,566.6,23.8,0
2022-06-20 11:00:00,530.4,25.0,0
2022-06-20 12:00:00,534.8,26.4,0
2022-06-20 13:00:00,641.3,29.2,0
2022-06-20 14:00:00,707.1,30.1,0
2022-06-20 15:00:00,770.7,30.5,0
2022-06-20 16:00:00,820.1,31.5,0
2022-06-20 17:00:00,787.2,29.7,0
2022-06-20 18:00:00,748.1,27.8,0
2022-06-20 19:00:00,730.7,26.5,0
2022-06-20 20:00:00,673.8,24.8,0
2022-06-20 21:00:00,629.0,24.3,0
2022-06-20 22:00:00,585.4,22.8,0
2022-06-20 23:00:00,559.0,23.3,0
2022-06-21 00:00:00,539.4,23.8,0
2022-06-21 01:00:00,517.2,23.6,0
2022-06-21 02:00:00,512.4,22.7,0
2022-06-21 03:00:00,510.8,22.9,0
2022-06-21 04:00:00,527.4,23.5,0
2022-06-21 05:00:00,520.4,22.8,0
2022-06-21 06:00:00,537.0,23.5,0
2022-06-21 07:00:00,567.7,24.8,0
2022-06-21 08:00:00,617.9,25.8,0
2022-06-21 09:00:00,644.2,28.0,0
2022-06-21 10:00:00,717.8,29.9,0
2022-06-21 11:00:00,696.3,29.8,0
2022-06-21 12:00:00,693.6,30.5,0
2022-06-21 13:00:00,691.8,30.2,0
2022-06-21 14:00:00,713.0,30.9,0
2022-06-21 15:00:00,710.8,30.1,0
2022-06-21 16:00:00,762.8,30.6,0
2022-06-21 17:00:00,811.8,30.3,0
2022-06-21 18:00:00,850.6,30.3,0
2022-06-21 19:00:00,821.9,29.2,0
2022-06-21 20:00:00,714.6,26.7,0
2022-06-21 21:00:00,706.7,27.0,0
2022-06-21 22:00:00,634.4,25.6,0
2022-06-21 23:00:00,612.4,25.7,0
2022-06-22 00:00:00,563.8,25.1,0
2022-06-22 01:00:00,547.4,24.9,0
2022-06-22 02:00:00,535.2,25.9,0
2022-06-22 03:00:00,541.5,25.7,0
2022-06-22 04:00:00,553.2,26.8,0
2022-06-22 05:00:00,556.9,25.6,0
2022-06-22 06:00:00,616.1,26.7,0
2022-06-22 07:00:00,656.6,27.1,0
2022-06-22 08:00:00,671.8,27.6,0
2022-06-22 09:00:00,708.8,28.4,0
2022-06-22 10:00:00,723.8,29.5,0
2022-06-22 11:00:00,798.5,31.7,0
2022-06-22 12:00:00,730.4,30.6,0
2022-06-22 13:00:00,734.6,31.0,0
2022-06-22 14:00:00,729.3,30.6,0
2022-06-22 15:00:00,804.4,31.5,0
2022-06-22 16:00:00,786.3,30.8,0
2022-06-22 17:00:00,807.6,30.6,0
2022-06-22 18:00:00,784.9,29.4,0
2022-06-22 19:00:00,771.5,29.0,0
2022-06-22 20:00:00,737.6,28.7,0
2022-06-22 21:00:00,676.8,27.1,0
2022-06-22 22:00:00,626.6,25.9,0
2022-06-22 23:00:00,560.2,23.4,0
2022-06-23 00:00:00,525.7,22.8,0
2022-06-23 01:00:00,526.2,22.8,0
2022-06-23 02:00:00,498.3,21.7,0
2022-06-23 03:00:00,484.6,22.4,0
2022-06-23 04:00:00,503.7,20.5,0
2022-06-23 05:00:00,556.3,19.1,0
2022-06-23 06:00:00,544.3,18.4,0
2022-06-23 07:00:00,565.1,18.8,0
2022-06-23 08:00:00,594.0,19.7,0
2022-06-23 09:00:00,576.5,20.7,0
2022-06-23 10:00:00,573.2,21.6,0
2022-06-23 11:00:00,564.8,23.2,0
2022-06-23 12:00:00,537.1,23.6,0
2022-06-23 13:00:00,524.5,23.1,0
2022-06-23 14:00:00,536.4,22.4,0
2022-06-23 15:00:00,570.3,24.4,0
2022-06-23 16:00:00,588.8,22.2,0
2022-06-23 17:00:00,629.0,21.7,0
2022-06-23 18:00:00,649.4,22.4,0
2022-06-23 19:00:00,654.8,22.0,0
2022-06-23 20:00:00,625.9,20.3,0
2022-06-23 21:00:00,595.5,19.3,0
2022-06-23 22:00:00,548.8,19.1,0
2022-06-23 23:00:00,551.8,19.2,0
2022-06-24 00:00:00,507.0,17.6,0
2022-06-24 01:00:00,512.6,17.6,0
2022-06-24 02:00:00,532.1,17.4,0
2022-06-24 03:00:00,544.8,18.3,0
2022-06-24 04:00:00,542.4,19.6,0
2022-06-24 05:00:00,557.8,19.6,0
2022-06-24 06:00:00,580.3,18.8,0
2022-06-24 07:00:00,607.9,20.0,0
2022-06-24 08:00:00,606.2,22.5,0
2022-06-24 09:00:00,589.2,24.0,0
2022-06-24 10:00:00,599.2,25.2,0
2022-06-24 11:00:00,658.4,28.2,0
2022-06-24 12:00:00,662.1,27.9,0
2022-06-24 13:00:00,724.1,29.2,0
2022-06-24 14:00:00,694.7,28.9,0
2022-06-24 15:00:00,700.0,28.9,0
2022-06-24 16:00:00,737.6,28.7,0
2022-06-24 17:00:00,815.1,29.6,0
2022-06-24 18:00:00,782.9,27.9,0
2022-06-24 19:00:00,740.2,26.5,0
2022-06-24 20:00:00,634.9,23.9,0
2022-06-24 21:00:00,628.4,23.2,0
2022-06-24 22:00:00,572.5,21.7,0
2022-06-24 23:00:00,558.0,21.0,0
2022-06-25 00:00:00,458.1,19.2,0
2022-06-25 01:00:00,430.1,18.2,0
2022-06-25 02:00:00,434.2,18.7,0
2022-06-25 03:00:00,452.2,18.3,0
2022-06-25 04:00:00,455.2,19.0,0
2022-06-25 05:00:00,475.4,19.8,0
2022-06-25 06:00:00,512.4,20.0,0
2022-06-25 07:00:00,551.1,19.4,0
2022-06-25 08:00:00,571.6,21.2,0
2022-06-25 09:00:00,545.6,22.3,0
2022-06-25 10:00:00,529.8,24.2,0
2022-06-25 11:00:00,488.7,23.2,0
2022-06-25 12:00:00,430.9,22.5,0
2022-06-25 13:00:00,415.7,21.3,0
2022-06-25 14:00:00,432.6,20.9,0
2022-06-25 15:00:00,453.0,22.1,0
2022-06-25 16:00:00,483.8,22.6,0
2022-06-25 17:00:00,539.8,22.2,0
2022-06-25 18:00:00,573.3,21.7,0
2022-06-25 19:00:00,589.1,21.6,0
2022-06-25 20:00:00,563.6,20.4,0
2022-06-25 21:00:00,523.5,19.7,0
2022-06-25 22:00:00,480.6,18.8,0
2022-06-25 23:00:00,467.2,15.9,0
2022-06-26 00:00:00,403.6,14.9,0
2022-06-26 01:00:00,386.7,15.5,0
2022-06-26 02:00:00,395.6,14.8,0
2022-06-26 03:00:00,412.5,14.6,0
2022-06-26 04:00:00,424.2,14.2,0
2022-06-26 05:00:00,431.2,14.3,0
2022-06-26 06:00:00,474.7,16.0,0
2022-06-26 07:00:00,495.1,16.6,0
2022-06-26 08:00:00,511.9,16.7,0
2022-06-26 09:00:00,495.7,15.0,0
2022-06-26 10:00:00,510.3,15.7,0
2022-06-26 11:00:00,512.4,15.1,0
2022-06-26 12:00:00,483.1,14.5,0
2022-06-26 13:00:00,461.0,16.1,0
2022-06-26 14:00:00,471.0,17.4,0
2022-06-26 15:00:00,502.9,16.0,0
2022-06-26 16:00:00,552.9,16.9,0
2022-06-26 17:00:00,582.5,17.1,0
2022-06-26 18:00:00,584.0,16.0,0
2022-06-26 19:00:00,589.7,16.0,0
2022-06-26 20:00:00,573.5,13.8,0
2022-06-26 21:00:00,523.0,11.9,0
2022-06-26 22:00:00,505.0,9.8,0
2022-06-26 23:00:00,496.4,8.1,0
2022-06-27 00:00:00,507.2,8.4,0
2022-06-27 01:00:00,519.1,6.9,0
2022-06-27 02:00:00,541.2,5.7,0
2022-06-27 03:00:00,561.9,5.1,0
2022-06-27 04:00:00,549.7,5.7,0
2022-06-27 05:00:00,560.4,6.1,0
2022-06-27 06:00:00,589.0,7.9,0
2022-06-27 07:00:00,609.2,8.4,0
2022-06-27 08:00:00,618.7,8.5,0
2022-06-27 09:00:00,641.4,9.4,0
2022-06-27 10:00:00,569.4,10.8,0
2022-06-27 11:00:00,540.8,11.2,0
2022-06-27 12:00:00,513.1,12.6,0
2022-06-27 13:00:00,508.8,15.2,0
2022-06-27 14:00:00,548.2,15.3,0
2022-06-27 15:00:00,565.7,15.8,0
2022-06-27 16:00:00,592.6,17.1,0
2022-06-27 17:00:00,630.1,16.3,0
2022-06-27 18:00:00,648.7,15.1,0
2022-06-27 19:00:00,658.9,13.6,0
2022-06-27 20:00:00,674.9,13.2,0
2022-06-27 21:00:00,623.5,12.9,0
2022-06-27 22:00:00,589.3,11.9,0
2022-06-27 23:00:00,568.3,11.2,0
2022-06-28 00:00:00,492.2,11.8,0
2022-06-28 01:00:00,493.2,12.1,0
2022-06-28 02:00:00,494.8,10.5,0
2022-06-28 03:00:00,465.5,10.6,0
2022-06-28 04:00:00,476.5,11.0,0
2022-06-28 05:00:00,501.7,12.2,0
2022-06-28 06:00:00,521.8,12.7,0
2022-06-28 07:00:00,572.5,13.1,0
2022-06-28 08:00:00,577.7,13.8,0
2022-06-28 09:00:00,555.1,13.4,0
2022-06-28 10:00:00,552.2,14.6,0
2022-06-28 11:00:00,533.4,15.2,0
2022-06-28 12:00:00,526.6,16.6,0
2022-06-28 13:00:00,502.2,16.5,0
2022-06-28 14:00:00,496.5,16.7,0
2022-06-28 15:00:00,511.2,16.2,0
2022-06-28 16:00:00,551.0,15.3,0
2022-06-28 17:00:00,592.4,15.7,0
2022-06-28 18:00:00,643.9,14.9,0
2022-06-28 19:00:00,669.2,14.7,0
2022-06-28 20:00:00,650.7,12.9,0
2022-06-28 21:00:00,615.4,12.2,0
2022-06-28 22:00:00,624.8,9.9,0
2022-06-28 23:00:00,605.7,8.7,0
2022-06-29 00:00:00,583.8,7.8,0
2022-06-29 01:00:00,556.2,7.9,0
2022-06-29 02:00:00,541.1,7.9,0
2022-06-29 03:00:00,532.6,7.8,0
2022-06-29 04:00:00,521.5,9.0,0
2022-06-29 05:00:00,544.8,9.7,0
2022-06-29 06:00:00,554.4,11.0,0
2022-06-29 07:00:00,574.8,12.7,0
2022-06-29 08:00:00,593.4,13.7,0
2022-06-29 09:00:00,617.8,14.6,0
2022-06-29 10:00:00,564.2,16.1,0
2022-06-29 11:00:00,546.7,16.8,0
2022-06-29 12:00:00,544.9,18.1,0
2022-06-29 13:00:00,536.0,19.9,0
2022-06-29 14:00:00,557.4,21.1,0
2022-06-29 15:00:00,583.1,21.0,0
2022-06-29 16:00:00,618.2,19.8,0
2022-06-29 17:00:00,641.9,19.4,0
2022-06-29 18:00:00,659.4,18.7,0
2022-06-29 19:00:00,654.8,19.0,0
2022-06-29 20:00:00,616.4,17.8,0
2022-06-29 21:00:00,587.2,16.6,0
2022-06-29 22:00:00,541.3,16.3,0
2022-06-29 23:00:00,510.5,15.0,0
2022-06-30 00:00:00,458.8,14.1,0
2022-06-30 01:00:00,471.8,15.1,0
2022-06-30 02:00:00,458.7,16.0,0
2022-06-30 03:00:00,449.1,16.5,0
2022-06-30 04:00:00,477.9,16.8,0
2022-06-30 05:00:00,497.6,16.3,0
2022-06-30 06:00:00,537.8,17.4,0
2022-06-30 07:00:00,566.5,18.2,0
2022-06-30 08:00:00,588.8,19.4,0
2022-06-30 09:00:00,587.2,19.9,0
2022-06-30 10:00:00,536.2,20.9,0
2022-06-30 11:00:00,545.3,21.7,0
2022-06-30 12:00:00,553.2,22.8,0
2022-06-30 13:00:00,552.9,24.7,0
2022-06-30 14:00:00,590.2,25.3,0
2022-06-30 15:00:00,581.1,23.9,0
2022-06-30 16:00:00,601.9,22.9,0
2022-06-30 17:00:00,650.3,21.1,0
2022-06-30 18:00:00,684.4,19.8,0
2022-06-30 19:00:00,692.8,19.5,0
2022-06-30 20:00:00,691.8,18.9,0
2022-06-30 21:00:00,661.2,17.4,0
2022-06-30 22:00:00,607.3,16.7,0
2022-06-30 23:00:00,558.1,15.1,0
2022-07-01 00:00:00,534.2,13.1,0
2022-07-01 01:00:00,501.9,11.3,0
2022-07-01 02:00:00,495.8,10.2,0
2022-07-01 03:00:00,482.8,11.5,0
2022-07-01 04:00:00,491.1,10.6,0
2022-07-01 05:00:00,528.8,12.2,0
2022-07-01 06:00:00,556.4,14.2,0
2022-07-01 07:00:00,579.5,14.9,0
2022-07-01 08:00:00,607.2,15.9,0
2022-07-01 09:00:00,592.9,16.4,0
2022-07-01 10:00:00,591.3,17.5,0
2022-07-01 11:00:00,598.0,19.2,0
2022-07-01 12:00:00,574.1,20.0,0
2022-07-01 13:00:00,562.1,21.6,0
2022-07-01 14:00:00,590.1,23.1,0
2022-07-01 15:00:00,578.8,23.6,0
2022-07-01 16:00:00,593.1,23.7,0
2022-07-01 17:00:00,609.6,23.2,0
2022-07-01 18:00:00,610.8,22.9,0
2022-07-01 19:00:00,615.0,21.0,0
2022-07-01 20:00:00,603.9,20.4,0
2022-07-01 21:00:00,574.1,19.6,0
2022-07-01 22:00:00,546.2,17.7,0
2022-07-01 23:00:00,542.2,18.7,0
2022-07-02 00:00:00,456.3,17.0,0
2022-07-02 01:00:00,460.7,15.6,0
2022-07-02 02:00:00,443.5,15.4,0
2022-07-02 03:00:00,441.6,13.5,0
2022-07-02 04:00:00,472.4,13.0,0
2022-07-02 05:00:00,498.6,12.1,0
2022-07-02 06:00:00,543.5,12.0,0
2022-07-02 07:00:00,552.0,12.8,0
2022-07-02 08:00:00,554.6,14.2,0
2022-07-02 09:00:00,533.5,16.3,0
2022-07-02 10:00:00,512.9,18.2,0
2022-07-02 11:00:00,498.3,20.3,0
2022-07-02 12:00:00,477.0,21.7,0
2022-07-02 13:00:00,503.6,21.9,0
2022-07-02 14:00:00,493.1,23.3,0
2022-07-02 15:00:00,522.5,23.0,0
2022-07-02 16:00:00,529.4,22.3,0
2022-07-02 17:00:00,577.7,23.3,0
2022-07-02 18:00:00,589.7,23.3,0
2022-07-02 19:00:00,586.1,22.7,0
2022-07-02 20:00:00,563.2,22.3,0
2022-07-02 21:00:00,516.5,22.0,0
2022-07-02 22:00:00,469.7,19.7,0
2022-07-02 23:00:00,443.9,18.6,0
2022-07-03 00:00:00,412.3,16.7,0
2022-07-03 01:00:00,418.9,16.1,0
2022-07-03 02:00:00,436.4,15.1,0
2022-07-03 03:00:00,406.1,16.2,0
2022-07-03 04:00:00,425.8,16.8,0
2022-07-03 05:00:00,442.5,16.4,0
2022-07-03 06:00:00,476.2,17.0,0
2022-07-03 07:00:00,512.1,16.7,0
2022-07-03 08:00:00,539.1,17.7,0
2022-07-03 09:00:00,538.0,19.2,0
2022-07-03 10:00:00,516.4,20.5,0
2022-07-03 11:00:00,518.1,19.7,0
2022-07-03 12:00:00,503.7,20.3,0
2022-07-03 13:00:00,495.5,21.4,0
2022-07-03 14:00:00,516.6,22.1,0
2022-07-03 15:00:00,522.6,23.3,0
2022-07-03 16:00:00,527.7,22.0,0
2022-07-03 17:00:00,585.1,22.1,0
2022-07-03 18:00:00,601.4,20.9,0
2022-07-03 19:00:00,572.4,20.3,0
2022-07-03 20:00:00,564.6,19.7,0
2022-07-03 21:00:00,548.5,19.3,0
2022-07-03 22:00:00,501.8,17.7,0
2022-07-03 23:00:00,460.7,17.0,0
2022-07-04 00:00:00,487.6,15.1,0
2022-07-04 01:00:00,489.8,13.2,0
2022-07-04 02:00:00,472.8,13.4,0
2022-07-04 03:00:00,461.2,13.3,0
2022-07-04 04:00:00,490.5,12.0,0
2022-07-04 05:00:00,525.4,11.7,0
2022-07-04 06:00:00,529.6,12.5,0
2022-07-04 07:00:00,539.3,14.8,0
2022-07-04 08:00:00,556.6,16.8,0
2022-07-04 09:00:00,549.0,18.6,0
2022-07-04 10:00:00,541.2,18.0,0
2022-07-04 11:00:00,534.6,19.0,0
2022-07-04 12:00:00,552.9,20.3,0
2022-07-04 13:00:00,552.8,21.3,0
2022-07-04 14:00:00,571.6,22.1,0
2022-07-04 15:00:00,563.0,22.1,0
2022-07-04 16:00:00,597.0,23.6,0
2022-07-04 17:00:00,663.3,24.5,0
2022-07-04 18:00:00,651.1,23.7,0
2022-07-04 19:00:00,659.6,21.9,0
2022-07-04 20:00:00,647.3,22.8,0
2022-07-04 21:00:00,607.6,21.2,0
2022-07-04 22:00:00,571.4,21.1,0
2022-07-04 23:00:00,531.0,21.8,0
2022-07-05 00:00:00,477.9,20.0,0
2022-07-05 01:00:00,463.8,19.5,0
2022-07-05 02:00:00,454.1,18.7,0
2022-07-05 03:00:00,476.8,18.9,0
2022-07-05 04:00:00,472.7,19.2,0
2022-07-05 05:00:00,490.1,21.3,0
2022-07-05 06:00:00,501.3,22.3,0
2022-07-05 07:00:00,546.8,22.9,0
2022-07-05 08:00:00,593.9,24.7,0
2022-07-05 09:00:00,622.0,25.3,0
2022-07-05 10:00:00,644.6,25.8,0
2022-07-05 11:00:00,704.2,28.6,0
2022-07-05 12:00:00,669.6,28.5,0
2022-07-05 13:00:00,668.9,28.5,0
2022-07-05 14:00:00,687.7,28.7,0
2022-07-05 15:00:00,674.9,27.7,0
2022-07-05 16:00:00,633.5,25.6,0
2022-07-05 17:00:00,685.4,26.0,0
2022-07-05 18:00:00,661.0,24.6,0
2022-07-05 19:00:00,643.2,23.2,0
2022-07-05 20:00:00,610.5,21.8,0
2022-07-05 21:00:00,541.0,19.8,0
2022-07-05 22:00:00,529.0,17.8,0
2022-07-05 23:00:00,546.1,17.0,0
2022-07-06 00:00:00,500.6,18.4,0
2022-07-06 01:00:00,480.5,18.3,0
2022-07-06 02:00:00,487.7,18.5,0
2022-07-06 03:00:00,465.8,16.9,0
2022-07-06 04:00:00,479.4,17.0,0
2022-07-06 05:00:00,508.3,16.3,0
2022-07-06 06:00:00,532.7,17.6,0
2022-07-06 07:00:00,563.7,18.2,0
2022-07-06 08:00:00,568.3,19.1,0
2022-07-06 09:00:00,559.0,20.1,0
2022-07-06 10:00:00,555.8,20.5,0
2022-07-06 11:00:00,525.5,20.1,0
2022-07-06 12:00:00,509.3,21.5,0
2022-07-06 13:00:00,502.0,20.9,0
2022-07-06 14:00:00,524.4,20.3,0
2022-07-06 15:00:00,542.9,20.2,0
2022-07-06 16:00:00,565.7,19.5,0
2022-07-06 17:00:00,610.8,19.5,0
2022-07-06 18:00:00,607.6,19.8,0
2022-07-06 19:00:00,588.1,19.3,0
2022-07-06 20:00:00,581.9,18.6,0
2022-07-06 21:00:00,584.4,17.6,0
2022-07-06 22:00:00,547.2,17.4,0
2022-07-06 23:00:00,534.3,14.8,0
2022-07-07 00:00:00,476.7,14.4,0
2022-07-07 01:00:00,477.8,13.0,0
2022-07-07 02:00:00,483.3,11.5,0
2022-07-07 03:00:00,493.2,11.5,0
2022-07-07 04:00:00,493.3,11.4,0
2022-07-07 05:00:00,541.8,12.4,0
2022-07-07 06:00:00,548.3,14.2,0
2022-07-07 07:00:00,604.8,13.0,0
2022-07-07 08:00:00,595.0,14.0,0
2022-07-07 09:00:00,599.1,16.9,0
2022-07-07 10:00:00,598.0,18.8,0
2022-07-07 11:00:00,604.7,21.1,0
2022-07-07 12:00:00,579.5,22.0,0
2022-07-07 13:00:00,544.0,21.3,0
2022-07-07 14:00:00,563.1,20.8,0
2022-07-07 15:00:00,568.9,21.6,0
2022-07-07 16:00:00,584.6,22.4,0
2022-07-07 17:00:00,611.2,21.3,0
2022-07-07 18:00:00,624.4,20.5,0
2022-07-07 19:00:00,641.3,20.0,0
2022-07-07 20:00:00,623.1,17.4,0
2022-07-07 21:00:00,599.9,16.2,0
2022-07-07 22:00:00,579.9,16.7,0
2022-07-07 23:00:00,549.5,17.7,0
2022-07-08 00:00:00,519.4,16.8,0
2022-07-08 01:00:00,523.0,17.8,0
2022-07-08 02:00:00,535.8,16.9,0
2022-07-08 03:00:00,526.4,16.0,0
2022-07-08 04:00:00,525.7,14.1,0
2022-07-08 05:00:00,526.6,15.4,0
2022-07-08 06:00:00,549.9,15.7,0
2022-07-08 07:00:00,578.9,18.6,0
2022-07-08 08:00:00,597.0,19.8,0
2022-07-08 09:00:00,570.7,21.0,0
2022-07-08 10:00:00,549.4,20.3,0
2022-07-08 11:00:00,533.7,22.6,0
2022-07-08 12:00:00,520.6,23.1,0
2022-07-08 13:00:00,519.4,23.6,0
2022-07-08 14:00:00,525.9,21.9,0
2022-07-08 15:00:00,541.1,22.9,0
2022-07-08 16:00:00,594.3,23.7,0
2022-07-08 17:00:00,605.0,22.7,0
2022-07-08 18:00:00,633.6,22.2,0
2022-07-08 19:00:00,620.5,21.7,0
2022-07-08 20:00:00,621.3,21.6,0
2022-07-08 21:00:00,599.4,20.6,0
2022-07-08 22:00:00,586.8,21.1,0
2022-07-08 23:00:00,548.4,19.8,0
2022-07-09 00:00:00,425.3,18.4,0
2022-07-09 01:00:00,397.5,17.3,0
2022-07-09 02:00:00,392.3,14.5,0
2022-07-09 03:00:00,415.0,13.7,0
2022-07-09 04:00:00,434.3,14.8,0
2022-07-09 05:00:00,466.2,15.4,0
2022-07-09 06:00:00,476.6,15.3,0
2022-07-09 07:00:00,523.7,16.5,0
2022-07-09 08:00:00,547.4,15.7,0
2022-07-09 09:00:00,530.4,16.5,0
2022-07-09 10:00:00,472.5,18.1,0
2022-07-09 11:00:00,447.6,19.8,0
2022-07-09 12:00:00,441.1,20.0,0
2022-07-09 13:00:00,469.0,21.5,0
2022-07-09 14:00:00,494.8,23.6,0
2022-07-09 15:00:00,510.8,23.3,0
2022-07-09 16:00:00,573.2,23.9,0
2022-07-09 17:00:00,609.0,22.1,0
2022-07-09 18:00:00,629.3,19.7,0
2022-07-09 19:00:00,630.7,19.5,0
2022-07-09 20:00:00,618.0,18.6,0
2022-07-09 21:00:00,562.4,17.8,0
2022-07-09 22:00:00,530.6,16.3,0
2022-07-09 23:00:00,497.0,15.1,0
2022-07-10 00:00:00,439.9,15.1,0
2022-07-10 01:00:00,436.3,16.1,0
2022-07-10 02:00:00,442.6,15.5,0
2022-07-10 03:00:00,467.5,13.8,0
2022-07-10 04:00:00,477.6,15.2,0
2022-07-10 05:00:00,508.1,16.1,0
2022-07-10 06:00:00,525.8,17.4,0
2022-07-10 07:00:00,524.5,18.3,0
2022-07-10 08:00:00,527.7,21.4,0
2022-07-10 09:00:00,530.1,22.4,0
2022-07-10 10:00:00,516.4,23.8,0
2022-07-10 11:00:00,516.8,23.0,0
2022-07-10 12:00:00,520.8,23.2,0
2022-07-10 13:00:00,508.0,23.2,0
2022-07-10 14:00:00,541.6,23.6,0
2022-07-10 15:00:00,568.6,24.0,0
2022-07-10 16:00:00,604.2,23.2,0
2022-07-10 17:00:00,639.9,24.4,0
2022-07-10 18:00:00,644.2,22.7,0
2022-07-10 19:00:00,627.1,21.5,0
2022-07-10 20:00:00,596.8,20.7,0
2022-07-10 21:00:00,573.6,18.5,0
2022-07-10 22:00:00,562.5,18.0,0
2022-07-10 23:00:00,530.8,17.7,0
2022-07-11 00:00:00,549.2,16.6,0
2022-07-11 01:00:00,515.8,17.7,0
2022-07-11 02:00:00,499.3,17.3,0
2022-07-11 03:00:00,502.5,17.4,0
2022-07-11 04:00:00,490.0,16.6,0
2022-07-11 05:00:00,507.2,15.4,0
2022-07-11 06:00:00,523.8,15.5,0
2022-07-11 07:00:00,561.2,16.1,0
2022-07-11 08:00:00,592.7,16.7,0
2022-07-11 09:00:00,592.7,18.5,0
2022-07-11 10:00:00,569.1,17.4,0
2022-07-11 11:00:00,534.5,17.4,0
2022-07-11 12:00:00,501.1,16.7,0
2022-07-11 13:00:00,506.6,18.7,0
2022-07-11 14:00:00,543.8,18.7,0
2022-07-11 15:00:00,560.4,18.5,0
2022-07-11 16:00:00,591.9,17.6,0
2022-07-11 17:00:00,620.6,18.1,0
2022-07-11 18:00:00,628.9,17.3,0
2022-07-11 19:00:00,650.0,16.8,0
2022-07-11 20:00:00,639.9,14.1,0
2022-07-11 21:00:00,581.1,14.3,0
2022-07-11 22:00:00,535.5,13.8,0
2022-07-11 23:00:00,542.0,13.5,0
2022-07-12 00:00:00,489.3,13.9,0
2022-07-12 01:00:00,483.7,13.2,0
2022-07-12 02:00:00,464.5,12.7,0
2022-07-12 03:00:00,470.9,13.3,0
2022-07-12 04:00:00,470.5,13.9,0
2022-07-12 05:00:00,488.8,14.1,0
2022-07-12 06:00:00,508.0,14.9,0
2022-07-12 07:00:00,574.0,15.3,0
2022-07-12 08:00:00,628.8,17.0,0
2022-07-12 09:00:00,619.9,18.9,0
2022-07-12 10:00:00,605.1,19.9,0
2022-07-12 11:00:00,590.0,22.6,0
2022-07-12 12:00:00,567.7,22.0,0
2022-07-12 13:00:00,560.1,22.5,0
2022-07-12 14:00:00,582.8,24.4,0
2022-07-12 15:00:00,608.2,24.1,0
2022-07-12 16:00:00,598.0,22.5,0
2022-07-12 17:00:00,628.9,23.4,0
2022-07-12 18:00:00,663.5,23.3,0
2022-07-12 19:00:00,633.1,21.3,0
2022-07-12 20:00:00,638.5,21.1,0
2022-07-12 21:00:00,598.3,19.1,0
2022-07-12 22:00:00,569.0,16.9,0
2022-07-12 23:00:00,567.0,15.8,0
2022-07-13 00:00:00,523.0,14.6,0
2022-07-13 01:00:00,515.5,13.1,0
2022-07-13 02:00:00,497.7,12.4,0
2022-07-13 03:00:00,508.5,11.5,0
2022-07-13 04:00:00,525.2,11.8,0
2022-07-13 05:00:00,528.4,12.3,0
2022-07-13 06:00:00,563.1,13.7,0
2022-07-13 07:00:00,603.4,14.2,0
2022-07-13 08:00:00,621.0,14.1,0
2022-07-13 09:00:00,599.4,14.1,0
2022-07-13 10:00:00,591.3,15.0,0
2022-07-13 11:00:00,588.1,17.6,0
2022-07-13 12:00:00,561.0,19.3,0
2022-07-13 13:00:00,526.7,19.4,0
2022-07-13 14:00:00,526.4,20.8,0
2022-07-13 15:00:00,550.9,19.9,0
2022-07-13 16:00:00,605.0,20.8,0
2022-07-13 17:00:00,656.0,20.2,0
2022-07-13 18:00:00,684.6,20.3,0
2022-07-13 19:00:00,668.9,20.1,0
2022-07-13 20:00:00,654.3,18.9,0
2022-07-13 21:00:00,615.0,18.2,0
2022-07-13 22:00:00,564.1,16.3,0
2022-07-13 23:00:00,515.9,15.3,0
2022-07-14 00:00:00,497.5,15.5,0
2022-07-14 01:00:00,463.2,18.6,0
2022-07-14 02:00:00,479.5,18.8,0
2022-07-14 03:00:00,513.4,18.7,0
2022-07-14 04:00:00,518.2,17.8,0
2022-07-14 05:00:00,523.6,19.1,0
2022-07-14 06:00:00,544.2,18.1,0
2022-07-14 07:00:00,564.3,18.2,0
2022-07-14 08:00:00,587.7,19.5,0
2022-07-14 09:00:00,598.8,19.4,0
2022-07-14 10:00:00,566.8,21.8,0
2022-07-14 11:00:00,558.1,23.7,0
2022-07-14 12:00:00,541.3,24.0,0
2022-07-14 13:00:00,561.0,24.1,0
2022-07-14 14:00:00,572.2,23.3,0
2022-07-14 15:00:00,567.4,22.1,0
2022-07-14 16:00:00,595.4,22.4,0
2022-07-14 17:00:00,634.4,22.6,0
2022-07-14 18:00:00,628.5,22.3,0
2022-07-14 19:00:00,624.7,21.7,0
2022-07-14 20:00:00,609.5,20.3,0
2022-07-14 21:00:00,558.0,19.6,0
2022-07-14 22:00:00,537.2,17.2,0
2022-07-14 23:00:00,522.2,16.3,0
2022-07-15 00:00:00,479.0,16.8,0
2022-07-15 01:00:00,488.7,17.4,0
2022-07-15 02:00:00,466.7,16.5,0
2022-07-15 03:00:00,475.4,16.1,0
2022-07-15 04:00:00,483.5,17.4,0
2022-07-15 05:00:00,525.2,19.4,0
2022-07-15 06:00:00,543.2,18.6,0
2022-07-15 07:00:00,582.9,19.0,0
2022-07-15 08:00:00,606.1,20.1,0
2022-07-15 09:00:00,616.1,22.2,0
2022-07-15 10:00:00,617.6,22.4,0
2022-07-15 11:00:00,581.9,23.9,0
2022-07-15 12:00:00,573.6,24.4,0
2022-07-15 13:00:00,613.5,27.1,0
2022-07-15 14:00:00,657.1,27.8,0
2022-07-15 15:00:00,693.5,27.7,0
2022-07-15 16:00:00,699.5,27.1,0
2022-07-15 17:00:00,746.6,27.6,0
2022-07-15 18:00:00,781.8,27.4,0
2022-07-15 19:00:00,730.1,25.4,0
2022-07-15 20:00:00,681.7,24.6,0
2022-07-15 21:00:00,589.8,22.2,0
2022-07-15 22:00:00,548.3,20.4,0
2022-07-15 23:00:00,545.5,18.2,0
2022-07-16 00:00:00,420.8,16.2,0
2022-07-16 01:00:00,418.2,14.9,0
2022-07-16 02:00:00,418.4,13.7,0
2022-07-16 03:00:00,416.8,14.1,0
2022-07-16 04:00:00,438.4,15.0,0
2022-07-16 05:00:00,448.5,15.2,0
2022-07-16 06:00:00,502.3,14.9,0
2022-07-16 07:00:00,521.7,16.5,0
2022-07-16 08:00:00,550.6,15.6,0
2022-07-16 09:00:00,532.6,15.0,0
2022-07-16 10:00:00,516.6,16.9,0
2022-07-16 11:00:00,490.0,18.5,0
2022-07-16 12:00:00,502.9,20.3,0
2022-07-16 13:00:00,479.3,20.8,0
2022-07-16 14:00:00,477.0,20.2,0
2022-07-16 15:00:00,520.6,19.9,0
2022-07-16 16:00:00,560.8,20.4,0
2022-07-16 17:00:00,589.3,19.4,0
2022-07-16 18:00:00,604.4,18.3,0
2022-07-16 19:00:00,582.2,16.3,0
2022-07-16 20:00:00,557.5,14.4,0
2022-07-16 21:00:00,530.8,14.4,0
2022-07-16 22:00:00,519.5,13.9,0
2022-07-16 23:00:00,517.7,12.0,0
2022-07-17 00:00:00,505.5,10.4,0
2022-07-17 01:00:00,498.3,9.4,0
2022-07-17 02:00:00,468.6,9.7,0
2022-07-17 03:00:00,465.3,8.7,0
2022-07-17 04:00:00,495.0,8.9,0
2022-07-17 05:00:00,524.0,7.6,0
2022-07-17 06:00:00,573.6,7.3,0
2022-07-17 07:00:00,557.9,8.8,0
2022-07-17 08:00:00,548.6,10.9,0
2022-07-17 09:00:00,529.8,11.1,0
2022-07-17 10:00:00,514.1,11.7,0
2022-07-17 11:00:00,474.3,13.6,0
2022-07-17 12:00:00,443.0,14.4,0
2022-07-17 13:00:00,445.5,14.8,0
2022-07-17 14:00:00,424.5,15.9,0
2022-07-17 15:00:00,447.4,16.4,0
2022-07-17 16:00:00,496.4,17.5,0
2022-07-17 17:00:00,520.9,18.0,0
2022-07-17 18:00:00,552.8,17.0,0
2022-07-17 19:00:00,547.0,16.2,0
2022-07-17 20:00:00,527.4,15.4,0
2022-07-17 21:00:00,509.4,13.3,0
2022-07-17 22:00:00,499.3,11.6,0
2022-07-17 23:00:00,487.1,11.7,0
2022-07-18 00:00:00,514.6,9.6,0
2022-07-18 01:00:00,526.6,10.1,0
2022-07-18 02:00:00,520.6,10.1,0
2022-07-18 03:00:00,507.4,10.0,0
2022-07-18 04:00:00,532.7,10.8,0
2022-07-18 05:00:00,539.6,11.8,0
2022-07-18 06:00:00,590.2,13.7,0
2022-07-18 07:00:00,623.3,14.2,0
2022-07-18 08:00:00,626.4,15.1,0
2022-07-18 09:00:00,607.4,16.0,0
2022-07-18 10:00:00,572.4,18.9,0
2022-07-18 11:00:00,540.5,20.7,0
2022-07-18 12:00:00,526.2,20.8,0
2022-07-18 13:00:00,547.3,21.1,0
2022-07-18 14:00:00,556.5,21.0,0
2022-07-18 15:00:00,573.6,21.2,0
2022-07-18 16:00:00,610.2,21.3,0
2022-07-18 17:00:00,644.5,23.1,0
2022-07-18 18:00:00,640.3,20.8,0
2022-07-18 19:00:00,620.6,20.9,0
2022-07-18 20:00:00,626.2,20.4,0
2022-07-18 21:00:00,588.5,18.7,0
2022-07-18 22:00:00,583.3,17.6,0
2022-07-18 23:00:00,587.8,16.2,0
2022-07-19 00:00:00,544.5,15.5,0
2022-07-19 01:00:00,537.5,15.8,0
2022-07-19 02:00:00,516.7,14.0,0
2022-07-19 03:00:00,505.8,15.2,0
2022-07-19 04:00:00,513.2,15.0,0
2022-07-19 05:00:00,532.5,16.8,0
2022-07-19 06:00:00,584.5,17.8,0
2022-07-19 07:00:00,605.7,19.7,0
2022-07-19 08:00:00,629.2,21.1,0
2022-07-19 09:00:00,625.9,23.0,0
2022-07-19 10:00:00,624.2,24.0,0
2022-07-19 11:00:00,628.3,24.2,0
2022-07-19 12:00:00,607.1,25.5,0
2022-07-19 13:00:00,647.1,26.7,0
2022-07-19 14:00:00,702.8,28.9,0
2022-07-19 15:00:00,669.1,27.1,0
2022-07-19 16:00:00,681.3,26.7,0
2022-07-19 17:00:00,719.2,27.1,0
2022-07-19 18:00:00,676.7,25.3,0
2022-07-19 19:00:00,619.3,24.2,0
2022-07-19 20:00:00,656.7,25.0,0
2022-07-19 21:00:00,640.7,25.2,0
2022-07-19 22:00:00,573.2,23.2,0
2022-07-19 23:00:00,525.7,23.4,0
2022-07-20 00:00:00,504.0,23.4,0
2022-07-20 01:00:00,518.6,23.3,0
2022-07-20 02:00:00,511.1,23.1,0
2022-07-20 03:00:00,478.3,22.9,0
2022-07-20 04:00:00,477.5,22.1,0
2022-07-20 05:00:00,508.2,21.8,0
2022-07-20 06:00:00,546.8,23.0,0
2022-07-20 07:00:00,605.0,23.8,0
2022-07-20 08:00:00,650.4,26.2,0
2022-07-20 09:00:00,649.7,26.7,0
2022-07-20 10:00:00,564.6,25.4,0
2022-07-20 11:00:00,584.8,25.9,0
2022-07-20 12:00:00,611.1,26.9,0
2022-07-20 13:00:00,627.7,27.8,0
2022-07-20 14:00:00,620.7,28.1,0
2022-07-20 15:00:00,641.7,27.4,0
2022-07-20 16:00:00,687.4,28.5,0
2022-07-20 17:00:00,675.9,27.4,0
2022-07-20 18:00:00,675.7,27.2,0
2022-07-20 19:00:00,636.5,26.0,0
2022-07-20 20:00:00,572.4,23.9,0
2022-07-20 21:00:00,538.4,24.0,0
2022-07-20 22:00:00,520.1,20.6,0
2022-07-20 23:00:00,519.1,18.8,0
2022-07-21 00:00:00,486.2,18.4,0
2022-07-21 01:00:00,469.9,17.4,0
2022-07-21 02:00:00,465.2,17.6,0
2022-07-21 03:00:00,447.1,17.4,0
2022-07-21 04:00:00,470.9,17.1,0
2022-07-21 05:00:00,483.8,19.4,0
2022-07-21 06:00:00,514.0,19.7,0
2022-07-21 07:00:00,555.7,20.4,0
2022-07-21 08:00:00,561.3,20.3,0
2022-07-21 09:00:00,540.6,20.6,0
2022-07-21 10:00:00,548.4,22.2,0
2022-07-21 11:00:00,519.8,23.7,0
2022-07-21 12:00:00,508.7,24.5,0
2022-07-21 13:00:00,498.6,24.4,0
2022-07-21 14:00:00,527.6,25.4,0
2022-07-21 15:00:00,532.0,24.0,0
2022-07-21 16:00:00,516.9,23.6,0
2022-07-21 17:00:00,555.0,23.0,0
2022-07-21 18:00:00,610.9,21.6,0
2022-07-21 19:00:00,638.4,20.9,0
2022-07-21 20:00:00,632.2,19.4,0
2022-07-21 21:00:00,596.0,17.7,0
2022-07-21 22:00:00,567.8,18.4,0
2022-07-21 23:00:00,537.0,18.1,0
2022-07-22 00:00:00,472.7,18.4,0
2022-07-22 01:00:00,473.5,17.8,0
2022-07-22 02:00:00,485.8,18.2,0
2022-07-22 03:00:00,488.9,18.7,0
2022-07-22 04:00:00,497.6,19.9,0
2022-07-22 05:00:00,534.5,22.3,0
2022-07-22 06:00:00,569.5,22.6,0
2022-07-22 07:00:00,622.6,23.5,0
2022-07-22 08:00:00,635.7,24.3,0
2022-07-22 09:00:00,574.4,22.0,0
2022-07-22 10:00:00,566.4,21.8,0
2022-07-22 11:00:00,565.4,22.7,0
2022-07-22 12:00:00,555.9,24.1,0
2022-07-22 13:00:00,559.7,24.2,0
2022-07-22 14:00:00,606.8,25.7,0
2022-07-22 15:00:00,611.9,26.9,0
2022-07-22 16:00:00,674.7,26.3,0
2022-07-22 17:00:00,740.5,27.2,0
2022-07-22 18:00:00,780.3,28.0,0
2022-07-22 19:00:00,743.3,27.5,0
2022-07-22 20:00:00,646.9,25.5,0
2022-07-22 21:00:00,675.5,25.7,0
2022-07-22 22:00:00,606.8,24.3,0
2022-07-22 23:00:00,573.9,22.9,0
2022-07-23 00:00:00,450.8,22.0,0
2022-07-23 01:00:00,432.5,20.8,0
2022-07-23 02:00:00,433.7,21.3,0
2022-07-23 03:00:00,414.8,21.7,0
2022-07-23 04:00:00,429.2,22.8,0
2022-07-23 05:00:00,458.3,23.5,0
2022-07-23 06:00:00,495.8,23.3,0
2022-07-23 07:00:00,545.6,23.8,0
2022-07-23 08:00:00,583.4,25.4,0
2022-07-23 09:00:00,609.9,25.9,0
2022-07-23 10:00:00,678.1,29.4,0
2022-07-23 11:00:00,667.2,30.0,0
2022-07-23 12:00:00,658.3,30.0,0
2022-07-23 13:00:00,705.8,31.5,0
2022-07-23 14:00:00,761.0,32.4,0
2022-07-23 15:00:00,728.5,32.3,0
2022-07-23 16:00:00,716.1,31.7,0
2022-07-23 17:00:00,718.4,31.5,0
2022-07-23 18:00:00,776.4,31.4,0
2022-07-23 19:00:00,783.7,31.0,0
2022-07-23 20:00:00,700.3,29.5,0
2022-07-23 21:00:00,648.7,28.7,0
2022-07-23 22:00:00,576.1,28.2,0
2022-07-23 23:00:00,542.7,27.6,0
2022-07-24 00:00:00,450.0,23.7,0
2022-07-24 01:00:00,435.5,22.1,0
2022-07-24 02:00:00,459.7,20.9,0
2022-07-24 03:00:00,442.8,20.4,0
2022-07-24 04:00:00,467.0,20.6,0
2022-07-24 05:00:00,484.5,21.7,0
2022-07-24 06:00:00,519.5,22.8,0
2022-07-24 07:00:00,553.3,23.4,0
2022-07-24 08:00:00,587.2,24.2,0
2022-07-24 09:00:00,649.3,26.7,0
2022-07-24 10:00:00,630.3,27.0,0
2022-07-24 11:00:00,639.6,28.1,0
2022-07-24 12:00:00,686.7,30.2,0
2022-07-24 13:00:00,711.0,31.0,0
2022-07-24 14:00:00,643.1,29.3,0
2022-07-24 15:00:00,689.3,29.7,0
2022-07-24 16:00:00,706.7,29.0,0
2022-07-24 17:00:00,720.6,28.4,0
2022-07-24 18:00:00,743.7,28.6,0
2022-07-24 19:00:00,711.6,28.0,0
2022-07-24 20:00:00,634.2,26.7,0
2022-07-24 21:00:00,574.3,26.3,0
2022-07-24 22:00:00,516.4,25.5,0
2022-07-24 23:00:00,496.3,24.5,0
2022-07-25 00:00:00,517.8,23.7,0
2022-07-25 01:00:00,477.1,23.1,0
2022-07-25 02:00:00,450.8,22.3,0
2022-07-25 03:00:00,477.4,21.6,0
2022-07-25 04:00:00,515.9,21.6,0
2022-07-25 05:00:00,548.3,21.0,0
2022-07-25 06:00:00,607.8,20.4,0
2022-07-25 07:00:00,615.6,22.3,0
2022-07-25 08:00:00,635.4,22.9,0
2022-07-25 09:00:00,624.5,23.9,0
2022-07-25 10:00:00,651.9,24.7,0
2022-07-25 11:00:00,647.6,25.6,0
2022-07-25 12:00:00,650.8,26.4,0
2022-07-25 13:00:00,661.6,27.0,0
2022-07-25 14:00:00,640.7,26.6,0
2022-07-25 15:00:00,680.6,27.5,0
2022-07-25 16:00:00,650.0,26.7,0
2022-07-25 17:00:00,694.7,27.1,0
2022-07-25 18:00:00,651.4,24.7,0
2022-07-25 19:00:00,645.9,22.9,0
2022-07-25 20:00:00,647.0,22.8,0
2022-07-25 21:00:00,610.8,21.6,0
2022-07-25 22:00:00,560.6,19.9,0
2022-07-25 23:00:00,523.4,19.3,0
2022-07-26 00:00:00,501.2,17.5,0
2022-07-26 01:00:00,487.3,17.0,0
2022-07-26 02:00:00,477.1,14.6,0
2022-07-26 03:00:00,462.3,14.1,0
2022-07-26 04:00:00,483.2,13.7,0
2022-07-26 05:00:00,510.5,14.7,0
2022-07-26 06:00:00,557.0,16.2,0
2022-07-26 07:00:00,570.8,16.3,0
2022-07-26 08:00:00,587.7,18.8,0
2022-07-26 09:00:00,561.9,19.4,0
2022-07-26 10:00:00,553.4,18.6,0
2022-07-26 11:00:00,538.3,17.5,0
2022-07-26 12:00:00,523.7,19.9,0
2022-07-26 13:00:00,539.9,20.6,0
2022-07-26 14:00:00,528.4,20.5,0
2022-07-26 15:00:00,578.3,20.1,0
2022-07-26 16:00:00,614.9,19.1,0
2022-07-26 17:00:00,656.3,20.1,0
2022-07-26 18:00:00,680.1,19.5,0
2022-07-26 19:00:00,664.9,20.4,0
2022-07-26 20:00:00,631.7,19.3,0
2022-07-26 21:00:00,613.5,16.3,0
2022-07-26 22:00:00,579.3,16.1,0
2022-07-26 23:00:00,561.5,14.9,0
2022-07-27 00:00:00,516.6,14.0,0
2022-07-27 01:00:00,516.2,14.9,0
2022-07-27 02:00:00,515.8,14.3,0
2022-07-27 03:00:00,487.8,15.3,0
2022-07-27 04:00:00,529.8,15.5,0
2022-07-27 05:00:00,563.6,15.3,0
2022-07-27 06:00:00,600.5,16.4,0
2022-07-27 07:00:00,626.1,16.7,0
2022-07-27 08:00:00,631.8,18.9,0
2022-07-27 09:00:00,634.0,20.8,0
2022-07-27 10:00:00,649.1,21.9,0
2022-07-27 11:00:00,624.5,23.4,0
2022-07-27 12:00:00,603.9,24.7,0
2022-07-27 13:00:00,602.5,25.1,0
2022-07-27 14:00:00,633.9,26.3,0
2022-07-27 15:00:00,663.3,26.1,0
2022-07-27 16:00:00,678.4,26.5,0
2022-07-27 17:00:00,675.2,25.2,0
2022-07-27 18:00:00,683.1,24.6,0
2022-07-27 19:00:00,691.9,24.2,0
2022-07-27 20:00:00,664.6,22.4,0
2022-07-27 21:00:00,626.4,21.0,0
2022-07-27 22:00:00,607.0,19.5,0
2022-07-27 23:00:00,580.3,19.2,0
2022-07-28 00:00:00,536.7,17.7,0
2022-07-28 01:00:00,483.8,17.5,0
2022-07-28 02:00:00,463.8,18.4,0
2022-07-28 03:00:00,449.7,18.6,0
2022-07-28 04:00:00,475.0,17.2,0
2022-07-28 05:00:00,504.1,17.7,0
2022-07-28 06:00:00,521.9,19.3,0
2022-07-28 07:00:00,558.4,19.8,0
2022-07-28 08:00:00,576.1,21.8,0
2022-07-28 09:00:00,591.0,23.3,0
2022-07-28 10:00:00,586.1,24.6,0
2022-07-28 11:00:00,571.3,25.3,0
2022-07-28 12:00:00,590.0,25.6,0
2022-07-28 13:00:00,591.7,25.9,0
2022-07-28 14:00:00,627.2,26.4,0
2022-07-28 15:00:00,645.5,26.9,0
2022-07-28 16:00:00,679.2,27.1,0
2022-07-28 17:00:00,691.0,26.4,0
2022-07-28 18:00:00,686.1,25.7,0
2022-07-28 19:00:00,690.8,25.2,0
2022-07-28 20:00:00,610.6,22.7,0
2022-07-28 21:00:00,581.5,21.0,0
2022-07-28 22:00:00,519.4,19.2,0
2022-07-28 23:00:00,518.8,18.1,0
2022-07-29 00:00:00,485.9,17.0,0
2022-07-29 01:00:00,497.0,16.2,0
2022-07-29 02:00:00,520.2,15.0,0
2022-07-29 03:00:00,501.5,15.6,0
2022-07-29 04:00:00,508.9,16.0,0
2022-07-29 05:00:00,508.9,15.0,0
2022-07-29 06:00:00,535.3,15.7,0
2022-07-29 07:00:00,568.9,15.6,0
2022-07-29 08:00:00,586.7,18.2,0
2022-07-29 09:00:00,595.9,18.9,0
2022-07-29 10:00:00,584.3,19.6,0
2022-07-29 11:00:00,577.9,20.8,0
2022-07-29 12:00:00,549.8,21.5,0
2022-07-29 13:00:00,548.4,22.1,0
2022-07-29 14:00:00,557.5,24.0,0
2022-07-29 15:00:00,583.1,24.4,0
2022-07-29 16:00:00,584.9,25.0,0
2022-07-29 17:00:00,640.8,25.6,0
2022-07-29 18:00:00,644.1,24.1,0
2022-07-29 19:00:00,655.3,24.8,0
2022-07-29 20:00:00,625.3,24.4,0
2022-07-29 21:00:00,566.4,24.2,0
2022-07-29 22:00:00,514.0,22.3,0
2022-07-29 23:00:00,493.2,22.0,0
2022-07-30 00:00:00,404.8,21.4,0
2022-07-30 01:00:00,408.6,20.2,0
2022-07-30 02:00:00,397.4,21.8,0
2022-07-30 03:00:00,399.0,22.0,0
2022-07-30 04:00:00,419.4,21.8,0
2022-07-30 05:00:00,431.4,22.2,0
2022-07-30 06:00:00,496.1,23.6,0
2022-07-30 07:00:00,587.3,25.2,0
2022-07-30 08:00:00,632.2,26.6,0
2022-07-30 09:00:00,668.2,28.5,0
2022-07-30 10:00:00,722.9,30.6,0
2022-07-30 11:00:00,704.2,30.2,0
2022-07-30 12:00:00,712.5,30.4,0
2022-07-30 13:00:00,665.8,30.0,0
2022-07-30 14:00:00,688.2,30.4,0
2022-07-30 15:00:00,742.2,31.6,0
2022-07-30 16:00:00,776.8,31.9,0
2022-07-30 17:00:00,758.0,30.4,0
2022-07-30 18:00:00,752.6,29.3,0
2022-07-30 19:00:00,744.6,29.2,0
2022-07-30 20:00:00,657.5,27.6,0
2022-07-30 21:00:00,588.2,26.3,0
2022-07-30 22:00:00,521.9,25.4,0
2022-07-30 23:00:00,491.4,22.7,0
2022-07-31 00:00:00,424.6,22.4,0
2022-07-31 01:00:00,425.4,21.9,0
2022-07-31 02:00:00,419.6,21.9,0
2022-07-31 03:00:00,419.0,20.8,0
2022-07-31 04:00:00,413.3,20.1,0
2022-07-31 05:00:00,432.2,19.9,0
2022-07-31 06:00:00,463.0,20.7,0
2022-07-31 07:00:00,488.7,21.5,0
2022-07-31 08:00:00,507.4,22.5,0
2022-07-31 09:00:00,545.6,25.1,0
2022-07-31 10:00:00,573.6,27.2,0
2022-07-31 11:00:00,570.0,27.4,0
2022-07-31 12:00:00,574.8,27.5,0
2022-07-31 13:00:00,628.2,29.6,0
2022-07-31 14:00:00,648.5,29.5,0
2022-07-31 15:00:00,712.9,30.8,0
2022-07-31 16:00:00,778.4,31.9,0
2022-07-31 17:00:00,778.8,30.8,0
2022-07-31 18:00:00,780.5,29.8,0
2022-07-31 19:00:00,740.5,28.8,0
2022-07-31 20:00:00,630.3,26.9,0
2022-07-31 21:00:00,564.8,24.9,0
2022-07-31 22:00:00,525.6,23.4,0
2022-07-31 23:00:00,480.8,23.1,0
2022-08-01 00:00:00,496.9,21.7,0
2022-08-01 01:00:00,494.6,20.8,0
2022-08-01 02:00:00,448.3,19.9,0
2022-08-01 03:00:00,466.5,18.4,0
2022-08-01 04:00:00,491.5,19.9,0
2022-08-01 05:00:00,527.6,18.1,0
2022-08-01 06:00:00,580.5,18.1,0
2022-08-01 07:00:00,587.0,19.5,0
2022-08-01 08:00:00,614.8,19.2,0
2022-08-01 09:00:00,641.0,20.8,0
2022-08-01 10:00:00,582.1,22.9,0
2022-08-01 11:00:00,556.9,23.1,0
2022-08-01 12:00:00,569.5,24.1,0
2022-08-01 13:00:00,548.2,23.8,0
2022-08-01 14:00:00,542.7,24.6,0
2022-08-01 15:00:00,578.6,24.9,0
2022-08-01 16:00:00,618.1,24.9,0
2022-08-01 17:00:00,661.2,25.8,0
2022-08-01 18:00:00,687.2,25.5,0
2022-08-01 19:00:00,711.7,25.9,0
2022-08-01 20:00:00,693.2,25.4,0
2022-08-01 21:00:00,625.1,23.2,0
2022-08-01 22:00:00,562.2,22.3,0
2022-08-01 23:00:00,535.4,21.7,0
2022-08-02 00:00:00,461.6,19.5,0
2022-08-02 01:00:00,441.9,20.0,0
2022-08-02 02:00:00,445.6,19.6,0
2022-08-02 03:00:00,460.4,19.7,0
2022-08-02 04:00:00,474.4,19.0,0
2022-08-02 05:00:00,500.6,19.4,0
2022-08-02 06:00:00,504.1,20.2,0
2022-08-02 07:00:00,521.8,20.7,0
2022-08-02 08:00:00,529.2,21.7,0
2022-08-02 09:00:00,527.0,20.8,0
2022-08-02 10:00:00,517.8,23.1,0
2022-08-02 11:00:00,543.3,23.0,0
2022-08-02 12:00:00,542.8,21.9,0
2022-08-02 13:00:00,522.9,21.7,0
2022-08-02 14:00:00,523.0,21.4,0
2022-08-02 15:00:00,539.0,22.2,0
2022-08-02 16:00:00,565.6,21.3,0
2022-08-02 17:00:00,597.5,21.3,0
2022-08-02 18:00:00,594.6,19.9,0
2022-08-02 19:00:00,624.4,21.1,0
2022-08-02 20:00:00,617.2,20.7,0
2022-08-02 21:00:00,594.8,21.5,0
2022-08-02 22:00:00,564.3,19.5,0
2022-08-02 23:00:00,549.8,19.2,0
2022-08-03 00:00:00,503.0,17.4,0
2022-08-03 01:00:00,460.3,17.4,0
2022-08-03 02:00:00,459.4,17.6,0
2022-08-03 03:00:00,462.8,16.0,0
2022-08-03 04:00:00,455.6,15.1,0
2022-08-03 05:00:00,450.7,14.5,0
2022-08-03 06:00:00,514.6,13.9,0
2022-08-03 07:00:00,533.6,14.2,0
2022-08-03 08:00:00,553.0,14.5,0
2022-08-03 09:00:00,544.5,14.4,0
2022-08-03 10:00:00,559.7,15.7,0
2022-08-03 11:00:00,517.8,17.3,0
2022-08-03 12:00:00,528.0,17.1,0
2022-08-03 13:00:00,487.0,17.5,0
2022-08-03 14:00:00,519.1,18.1,0
2022-08-03 15:00:00,536.1,18.2,0
2022-08-03 16:00:00,537.0,17.6,0
2022-08-03 17:00:00,583.6,18.2,0
2022-08-03 18:00:00,614.3,18.5,0
2022-08-03 19:00:00,595.9,18.4,0
2022-08-03 20:00:00,589.1,17.4,0
2022-08-03 21:00:00,561.6,18.3,0
2022-08-03 22:00:00,543.5,18.9,0
2022-08-03 23:00:00,503.4,17.6,0
2022-08-04 00:00:00,459.6,16.7,0
2022-08-04 01:00:00,441.2,17.1,0
2022-08-04 02:00:00,443.9,16.0,0
2022-08-04 03:00:00,441.4,16.3,0
2022-08-04 04:00:00,443.3,16.5,0
2022-08-04 05:00:00,497.3,16.2,0
2022-08-04 06:00:00,523.5,16.7,0
2022-08-04 07:00:00,574.5,16.2,0
2022-08-04 08:00:00,602.4,16.7,0
2022-08-04 09:00:00,583.1,16.0,0
2022-08-04 10:00:00,535.6,19.3,0
2022-08-04 11:00:00,525.2,21.7,0
2022-08-04 12:00:00,541.7,23.6,0
2022-08-04 13:00:00,573.5,24.5,0
2022-08-04 14:00:00,611.4,25.8,0
2022-08-04 15:00:00,666.2,27.1,0
2022-08-04 16:00:00,703.3,27.8,0
2022-08-04 17:00:00,734.8,28.1,0
2022-08-04 18:00:00,767.0,26.5,0
2022-08-04 19:00:00,763.0,26.0,0
2022-08-04 20:00:00,676.2,24.5,0
2022-08-04 21:00:00,616.1,22.3,0
2022-08-04 22:00:00,586.2,20.2,0
2022-08-04 23:00:00,531.4,19.6,0
2022-08-05 00:00:00,489.4,19.6,0
2022-08-05 01:00:00,489.4,17.7,0
2022-08-05 02:00:00,507.1,18.8,0
2022-08-05 03:00:00,526.2,19.9,0
2022-08-05 04:00:00,521.5,19.6,0
2022-08-05 05:00:00,533.1,19.5,0
2022-08-05 06:00:00,553.3,20.0,0
2022-08-05 07:00:00,584.8,21.7,0
2022-08-05 08:00:00,611.6,22.2,0
2022-08-05 09:00:00,585.5,22.2,0
2022-08-05 10:00:00,575.2,23.4,0
2022-08-05 11:00:00,537.4,22.5,0
2022-08-05 12:00:00,524.6,23.4,0
2022-08-05 13:00:00,546.1,25.1,0
2022-08-05 14:00:00,602.3,25.8,0
2022-08-05 15:00:00,667.8,26.6,0
2022-08-05 16:00:00,722.0,26.8,0
2022-08-05 17:00:00,724.6,27.0,0
2022-08-05 18:00:00,734.6,26.4,0
2022-08-05 19:00:00,733.5,24.7,0
2022-08-05 20:00:00,687.3,23.5,0
2022-08-05 21:00:00,621.0,22.3,0
2022-08-05 22:00:00,593.6,22.4,0
2022-08-05 23:00:00,564.9,22.8,0
2022-08-06 00:00:00,448.3,22.1,0
2022-08-06 01:00:00,439.0,20.7,0
2022-08-06 02:00:00,435.5,19.5,0
2022-08-06 03:00:00,428.0,19.1,0
2022-08-06 04:00:00,435.7,20.4,0
2022-08-06 05:00:00,440.8,21.0,0
2022-08-06 06:00:00,473.6,21.4,0
2022-08-06 07:00:00,516.2,21.5,0
2022-08-06 08:00:00,539.4,23.1,0
2022-08-06 09:00:00,547.0,24.3,0
2022-08-06 10:00:00,521.4,25.2,0
2022-08-06 11:00:00,545.0,26.1,0
2022-08-06 12:00:00,575.2,28.4,0
2022-08-06 13:00:00,598.0,28.7,0
2022-08-06 14:00:00,661.9,30.5,0
2022-08-06 15:00:00,737.3,31.5,0
2022-08-06 16:00:00,772.6,31.2,0
2022-08-06 17:00:00,805.1,31.4,0
2022-08-06 18:00:00,740.9,30.4,0
2022-08-06 19:00:00,655.3,28.6,0
2022-08-06 20:00:00,588.1,27.2,0
2022-08-06 21:00:00,503.5,25.2,0
2022-08-06 22:00:00,476.3,24.5,0
2022-08-06 23:00:00,479.9,23.4,0
2022-08-07 00:00:00,447.2,22.9,0
2022-08-07 01:00:00,432.7,22.8,0
2022-08-07 02:00:00,440.9,19.4,0
2022-08-07 03:00:00,432.1,19.5,0
2022-08-07 04:00:00,453.1,17.9,0
2022-08-07 05:00:00,477.0,18.4,0
2022-08-07 06:00:00,472.6,18.2,0
2022-08-07 07:00:00,519.6,19.1,0
2022-08-07 08:00:00,561.1,21.3,0
2022-08-07 09:00:00,543.7,20.7,0
2022-08-07 10:00:00,533.2,21.9,0
2022-08-07 11:00:00,520.2,22.8,0
2022-08-07 12:00:00,493.4,21.9,0
2022-08-07 13:00:00,488.8,23.1,0
2022-08-07 14:00:00,516.5,23.6,0
2022-08-07 15:00:00,518.2,23.3,0
2022-08-07 16:00:00,532.3,22.5,0
2022-08-07 17:00:00,616.2,25.1,0
2022-08-07 18:00:00,633.5,24.0,0
2022-08-07 19:00:00,633.8,21.6,0
2022-08-07 20:00:00,592.3,19.8,0
2022-08-07 21:00:00,531.1,18.5,0
2022-08-07 22:00:00,516.7,17.1,0
2022-08-07 23:00:00,467.5,16.2,0
2022-08-08 00:00:00,488.2,14.4,0
2022-08-08 01:00:00,476.8,14.3,0
2022-08-08 02:00:00,501.1,13.6,0
2022-08-08 03:00:00,503.1,12.3,0
2022-08-08 04:00:00,494.3,11.8,0
2022-08-08 05:00:00,517.7,12.0,0
2022-08-08 06:00:00,564.9,13.5,0
2022-08-08 07:00:00,559.1,14.9,0
2022-08-08 08:00:00,556.4,15.7,0
2022-08-08 09:00:00,574.5,16.8,0
2022-08-08 10:00:00,560.4,18.2,0
2022-08-08 11:00:00,526.2,21.0,0
2022-08-08 12:00:00,515.2,21.4,0
2022-08-08 13:00:00,520.2,22.5,0
2022-08-08 14:00:00,524.5,23.5,0
2022-08-08 15:00:00,534.2,22.8,0
2022-08-08 16:00:00,596.4,22.9,0
2022-08-08 17:00:00,634.9,22.7,0
2022-08-08 18:00:00,672.0,21.7,0
2022-08-08 19:00:00,667.6,21.4,0
2022-08-08 20:00:00,632.4,21.4,0
2022-08-08 21:00:00,602.1,21.4,0
2022-08-08 22:00:00,554.3,20.1,0
2022-08-08 23:00:00,540.6,19.3,0
2022-08-09 00:00:00,496.8,20.5,0
2022-08-09 01:00:00,482.2,18.7,0
2022-08-09 02:00:00,471.0,18.5,0
2022-08-09 03:00:00,457.0,19.1,0
2022-08-09 04:00:00,493.9,19.3,0
2022-08-09 05:00:00,492.6,20.2,0
2022-08-09 06:00:00,532.2,20.9,0
2022-08-09 07:00:00,545.2,22.3,0
2022-08-09 08:00:00,603.2,24.2,0
2022-08-09 09:00:00,608.9,24.9,0
2022-08-09 10:00:00,618.7,26.0,0
2022-08-09 11:00:00,626.9,26.8,0
2022-08-09 12:00:00,628.7,27.1,0
2022-08-09 13:00:00,641.7,27.6,0
2022-08-09 14:00:00,634.3,26.8,0
2022-08-09 15:00:00,677.5,27.6,0
2022-08-09 16:00:00,737.8,28.9,0
2022-08-09 17:00:00,799.7,29.8,0
2022-08-09 18:00:00,830.6,30.2,0
2022-08-09 19:00:00,756.9,28.3,0
2022-08-09 20:00:00,734.7,28.5,0
2022-08-09 21:00:00,671.6,26.6,0
2022-08-09 22:00:00,586.7,25.3,0
2022-08-09 23:00:00,607.1,25.8,0
2022-08-10 00:00:00,518.6,23.7,0
2022-08-10 01:00:00,516.1,23.6,0
2022-08-10 02:00:00,500.8,23.3,0
2022-08-10 03:00:00,489.9,22.8,0
2022-08-10 04:00:00,503.9,21.9,0
2022-08-10 05:00:00,554.0,22.5,0
2022-08-10 06:00:00,576.7,22.6,0
2022-08-10 07:00:00,619.9,24.2,0
2022-08-10 08:00:00,659.6,26.1,0
2022-08-10 09:00:00,675.5,25.7,0
2022-08-10 10:00:00,677.3,26.1,0
2022-08-10 11:00:00,678.5,26.6,0
2022-08-10 12:00:00,646.3,26.2,0
2022-08-10 13:00:00,594.0,25.8,0
2022-08-10 14:00:00,618.3,26.2,0
2022-08-10 15:00:00,605.2,26.1,0
2022-08-10 16:00:00,596.3,24.4,0
2022-08-10 17:00:00,637.6,23.5,0
2022-08-10 18:00:00,650.4,23.3,0
2022-08-10 19:00:00,632.3,21.4,0
2022-08-10 20:00:00,579.6,19.6,0
2022-08-10 21:00:00,566.3,20.0,0
2022-08-10 22:00:00,546.8,20.2,0
2022-08-10 23:00:00,521.1,17.7,0
2022-08-11 00:00:00,491.9,15.6,0
2022-08-11 01:00:00,457.5,15.4,0
2022-08-11 02:00:00,443.2,13.9,0
2022-08-11 03:00:00,454.5,13.6,0
2022-08-11 04:00:00,485.6,13.4,0
2022-08-11 05:00:00,507.1,14.4,0
2022-08-11 06:00:00,526.8,12.8,0
2022-08-11 07:00:00,559.2,11.8,0
2022-08-11 08:00:00,597.3,11.9,0
2022-08-11 09:00:00,574.2,14.0,0
2022-08-11 10:00:00,560.6,15.1,0
2022-08-11 11:00:00,549.7,14.7,0
2022-08-11 12:00:00,528.4,16.2,0
2022-08-11 13:00:00,528.2,17.7,0
2022-08-11 14:00:00,509.6,18.0,0
2022-08-11 15:00:00,527.7,18.0,0
2022-08-11 16:00:00,567.0,18.5,0
2022-08-11 17:00:00,617.2,19.3,0
2022-08-11 18:00:00,663.5,18.9,0
2022-08-11 19:00:00,653.8,18.7,0
2022-08-11 20:00:00,637.7,17.8,0
2022-08-11 21:00:00,599.4,16.5,0
2022-08-11 22:00:00,554.5,14.8,0
2022-08-11 23:00:00,524.1,14.1,0
2022-08-12 00:00:00,491.8,13.1,0
2022-08-12 01:00:00,487.6,12.3,0
2022-08-12 02:00:00,466.9,12.9,0
2022-08-12 03:00:00,511.6,13.3,0
2022-08-12 04:00:00,512.9,14.3,0
2022-08-12 05:00:00,545.7,13.3,0
2022-08-12 06:00:00,563.9,14.6,0
2022-08-12 07:00:00,633.5,14.9,0
2022-08-12 08:00:00,601.6,15.3,0
2022-08-12 09:00:00,588.8,15.6,0
2022-08-12 10:00:00,572.7,17.9,0
2022-08-12 11:00:00,571.0,19.7,0
2022-08-12 12:00:00,553.4,19.9,0
2022-08-12 13:00:00,532.1,19.6,0
2022-08-12 14:00:00,565.8,20.2,0
2022-08-12 15:00:00,592.1,20.0,0
2022-08-12 16:00:00,613.8,21.5,0
2022-08-12 17:00:00,640.6,19.8,0
2022-08-12 18:00:00,657.5,17.6,0
2022-08-12 19:00:00,658.9,16.7,0
2022-08-12 20:00:00,607.3,15.9,0
2022-08-12 21:00:00,579.1,15.2,0
2022-08-12 22:00:00,540.8,15.0,0
2022-08-12 23:00:00,531.4,16.0,0
2022-08-13 00:00:00,436.5,14.8,0
2022-08-13 01:00:00,412.1,13.7,0
2022-08-13 02:00:00,437.2,11.8,0
2022-08-13 03:00:00,445.3,12.0,0
2022-08-13 04:00:00,433.0,13.1,0
2022-08-13 05:00:00,438.5,13.3,0
2022-08-13 06:00:00,458.1,15.1,0
2022-08-13 07:00:00,498.0,16.0,0
2022-08-13 08:00:00,535.6,18.4,0
2022-08-13 09:00:00,514.7,19.7,0
2022-08-13 10:00:00,485.5,19.8,0
2022-08-13 11:00:00,477.8,20.3,0
2022-08-13 12:00:00,466.1,19.7,0
2022-08-13 13:00:00,464.3,18.9,0
2022-08-13 14:00:00,472.1,19.7,0
2022-08-13 15:00:00,488.9,20.7,0
2022-08-13 16:00:00,551.7,22.4,0
2022-08-13 17:00:00,596.2,22.0,0
2022-08-13 18:00:00,608.1,21.2,0
2022-08-13 19:00:00,623.9,19.4,0
2022-08-13 20:00:00,623.2,19.4,0
2022-08-13 21:00:00,584.4,18.8,0
2022-08-13 22:00:00,546.7,17.2,0
2022-08-13 23:00:00,508.1,16.9,0
2022-08-14 00:00:00,464.8,16.6,0
2022-08-14 01:00:00,453.3,14.2,0
2022-08-14 02:00:00,459.3,14.6,0
2022-08-14 03:00:00,435.1,14.6,0
2022-08-14 04:00:00,416.7,14.4,0
2022-08-14 05:00:00,434.1,14.5,0
2022-08-14 06:00:00,474.2,16.7,0
2022-08-14 07:00:00,473.8,19.0,0
2022-08-14 08:00:00,493.2,21.5,0
2022-08-14 09:00:00,482.1,21.4,0
2022-08-14 10:00:00,453.9,21.8,0
2022-08-14 11:00:00,459.6,23.6,0
2022-08-14 12:00:00,469.3,23.3,0
2022-08-14 13:00:00,447.7,23.2,0
2022-08-14 14:00:00,457.2,22.0,0
2022-08-14 15:00:00,496.4,23.9,0
2022-08-14 16:00:00,555.6,24.7,0
2022-08-14 17:00:00,591.0,24.7,0
2022-08-14 18:00:00,596.8,24.2,0
2022-08-14 19:00:00,597.0,22.9,0
2022-08-14 20:00:00,574.3,21.6,0
2022-08-14 21:00:00,521.6,21.1,0
2022-08-14 22:00:00,460.0,19.3,0
2022-08-14 23:00:00,435.2,19.5,0
2022-08-15 00:00:00,470.7,18.0,0
2022-08-15 01:00:00,477.8,16.6,0
2022-08-15 02:00:00,462.4,17.3,0
2022-08-15 03:00:00,458.7,17.0,0
2022-08-15 04:00:00,444.7,17.6,0
2022-08-15 05:00:00,469.6,17.6,0
2022-08-15 06:00:00,511.7,16.2,0
2022-08-15 07:00:00,538.6,17.5,0
2022-08-15 08:00:00,558.9,17.3,0
2022-08-15 09:00:00,544.5,19.3,0
2022-08-15 10:00:00,519.8,19.0,0
2022-08-15 11:00:00,513.7,18.3,0
2022-08-15 12:00:00,483.6,19.5,0
2022-08-15 13:00:00,491.7,20.6,0
2022-08-15 14:00:00,526.9,21.2,0
2022-08-15 15:00:00,541.3,20.3,0
2022-08-15 16:00:00,569.0,21.1,0
2022-08-15 17:00:00,595.2,19.4,0
2022-08-15 18:00:00,604.3,18.5,0
2022-08-15 19:00:00,604.3,17.0,0
2022-08-15 20:00:00,570.2,15.9,0
2022-08-15 21:00:00,543.2,15.8,0
2022-08-15 22:00:00,513.7,14.3,0
2022-08-15 23:00:00,485.1,13.9,0
2022-08-16 00:00:00,458.2,13.8,0
2022-08-16 01:00:00,481.3,11.7,0
2022-08-16 02:00:00,497.1,10.3,0
2022-08-16 03:00:00,494.2,10.0,0
2022-08-16 04:00:00,507.0,9.8,0
2022-08-16 05:00:00,508.9,10.6,0
2022-08-16 06:00:00,547.3,9.7,0
2022-08-16 07:00:00,580.0,11.4,0
2022-08-16 08:00:00,598.6,13.2,0
2022-08-16 09:00:00,609.5,14.3,0
2022-08-16 10:00:00,562.2,14.2,0
2022-08-16 11:00:00,566.1,15.4,0
2022-08-16 12:00:00,555.4,15.9,0
2022-08-16 13:00:00,572.6,17.2,0
2022-08-16 14:00:00,572.6,17.7,0
2022-08-16 15:00:00,605.4,18.7,0
2022-08-16 16:00:00,627.2,18.3,0
2022-08-16 17:00:00,637.7,19.4,0
2022-08-16 18:00:00,663.3,16.8,0
2022-08-16 19:00:00,652.2,15.2,0
2022-08-16 20:00:00,627.5,14.9,0
2022-08-16 21:00:00,607.9,12.6,0
2022-08-16 22:00:00,586.9,12.5,0
2022-08-16 23:00:00,582.6,10.6,0
2022-08-17 00:00:00,557.6,10.0,0
2022-08-17 01:00:00,524.4,8.7,0
2022-08-17 02:00:00,537.5,8.1,0
2022-08-17 03:00:00,516.7,8.4,0
2022-08-17 04:00:00,525.5,8.6,0
2022-08-17 05:00:00,539.0,8.9,0
2022-08-17 06:00:00,534.0,11.7,0
2022-08-17 07:00:00,576.1,12.7,0
2022-08-17 08:00:00,574.4,12.9,0
2022-08-17 09:00:00,557.8,14.9,0
2022-08-17 10:00:00,566.7,16.8,0
2022-08-17 11:00:00,511.0,19.0,0
2022-08-17 12:00:00,478.9,21.5,0
2022-08-17 13:00:00,502.0,21.3,0
2022-08-17 14:00:00,513.3,22.7,0
2022-08-17 15:00:00,565.7,23.9,0
2022-08-17 16:00:00,596.9,23.8,0
2022-08-17 17:00:00,622.9,23.6,0
2022-08-17 18:00:00,647.0,20.2,0
2022-08-17 19:00:00,636.1,18.9,0
2022-08-17 20:00:00,606.4,19.6,0
2022-08-17 21:00:00,578.9,17.0,0
2022-08-17 22:00:00,532.0,15.6,0
2022-08-17 23:00:00,493.4,15.0,0
2022-08-18 00:00:00,437.4,14.6,0
2022-08-18 01:00:00,452.5,15.5,0
2022-08-18 02:00:00,484.4,13.5,0
2022-08-18 03:00:00,501.1,13.5,0
2022-08-18 04:00:00,494.1,14.5,0
2022-08-18 05:00:00,510.0,13.7,0
2022-08-18 06:00:00,524.6,14.4,0
2022-08-18 07:00:00,556.7,17.0,0
2022-08-18 08:00:00,590.7,19.1,0
2022-08-18 09:00:00,583.5,20.6,0
2022-08-18 10:00:00,564.3,19.3,0
2022-08-18 11:00:00,493.8,20.1,0
2022-08-18 12:00:00,496.3,21.4,0
2022-08-18 13:00:00,482.3,21.7,0
2022-08-18 14:00:00,496.5,22.1,0
2022-08-18 15:00:00,568.6,25.1,0
2022-08-18 16:00:00,600.4,24.7,0
2022-08-18 17:00:00,630.5,23.4,0
2022-08-18 18:00:00,674.1,22.9,0
2022-08-18 19:00:00,628.6,21.8,0
2022-08-18 20:00:00,584.9,20.5,0
2022-08-18 21:00:00,584.2,19.4,0
2022-08-18 22:00:00,561.3,19.1,0
2022-08-18 23:00:00,528.3,18.3,0
2022-08-19 00:00:00,486.9,16.3,0
2022-08-19 01:00:00,478.3,15.5,0
2022-08-19 02:00:00,488.0,15.5,0
2022-08-19 03:00:00,479.8,15.0,0
2022-08-19 04:00:00,489.7,16.2,0
2022-08-19 05:00:00,491.4,17.2,0
2022-08-19 06:00:00,550.2,16.9,0
2022-08-19 07:00:00,585.5,18.0,0
2022-08-19 08:00:00,590.5,20.8,0
2022-08-19 09:00:00,571.5,23.1,0
2022-08-19 10:00:00,568.0,24.0,0
2022-08-19 11:00:00,596.7,25.7,0
2022-08-19 12:00:00,622.6,25.7,0
2022-08-19 13:00:00,627.1,25.0,0
2022-08-19 14:00:00,635.2,25.8,0
2022-08-19 15:00:00,647.3,26.1,0
2022-08-19 16:00:00,664.0,26.3,0
2022-08-19 17:00:00,692.6,25.8,0
2022-08-19 18:00:00,692.1,25.4,0
2022-08-19 19:00:00,676.5,24.0,0
2022-08-19 20:00:00,648.5,23.4,0
2022-08-19 21:00:00,614.1,23.0,0
2022-08-19 22:00:00,557.9,21.8,0
2022-08-19 23:00:00,555.5,21.4,0
2022-08-20 00:00:00,447.0,18.8,0
2022-08-20 01:00:00,414.9,17.4,0
2022-08-20 02:00:00,408.0,18.2,0
2022-08-20 03:00:00,411.5,19.6,0
2022-08-20 04:00:00,423.8,19.8,0
2022-08-20 05:00:00,462.5,20.0,0
2022-08-20 06:00:00,510.8,19.3,0
2022-08-20 07:00:00,570.7,20.4,0
2022-08-20 08:00:00,572.4,22.0,0
2022-08-20 09:00:00,577.5,21.6,0
2022-08-20 10:00:00,513.6,23.0,0
2022-08-20 11:00:00,541.3,24.3,0
2022-08-20 12:00:00,544.0,25.5,0
2022-08-20 13:00:00,547.0,25.0,0
2022-08-20 14:00:00,561.0,25.8,0
2022-08-20 15:00:00,558.4,24.5,0
2022-08-20 16:00:00,616.8,25.7,0
2022-08-20 17:00:00,627.1,25.3,0
2022-08-20 18:00:00,607.5,23.5,0
2022-08-20 19:00:00,565.3,23.9,0
2022-08-20 20:00:00,559.0,23.9,0
2022-08-20 21:00:00,509.7,22.1,0
2022-08-20 22:00:00,484.8,23.0,0
2022-08-20 23:00:00,480.8,21.0,0
2022-08-21 00:00:00,446.7,20.2,0
2022-08-21 01:00:00,437.8,20.5,0
2022-08-21 02:00:00,397.2,17.9,0
2022-08-21 03:00:00,402.8,18.6,0
2022-08-21 04:00:00,411.6,18.6,0
2022-08-21 05:00:00,453.6,18.9,0
2022-08-21 06:00:00,477.0,18.4,0
2022-08-21 07:00:00,488.5,19.5,0
2022-08-21 08:00:00,504.6,19.4,0
2022-08-21 09:00:00,533.5,19.5,0
2022-08-21 10:00:00,499.1,20.1,0
2022-08-21 11:00:00,501.1,20.0,0
2022-08-21 12:00:00,483.8,22.3,0
2022-08-21 13:00:00,446.8,21.7,0
2022-08-21 14:00:00,470.0,21.4,0
2022-08-21 15:00:00,529.9,21.3,0
2022-08-21 16:00:00,562.8,21.2,0
2022-08-21 17:00:00,574.3,21.6,0
2022-08-21 18:00:00,592.5,21.7,0
2022-08-21 19:00:00,578.0,20.6,0
2022-08-21 20:00:00,602.5,19.3,0
2022-08-21 21:00:00,569.5,18.4,0
2022-08-21 22:00:00,492.5,18.1,0
2022-08-21 23:00:00,485.8,17.7,0
2022-08-22 00:00:00,515.6,16.3,0
2022-08-22 01:00:00,488.4,13.8,0
2022-08-22 02:00:00,468.4,15.4,0
2022-08-22 03:00:00,468.9,16.1,0
2022-08-22 04:00:00,509.1,16.4,0
2022-08-22 05:00:00,520.4,17.1,0
2022-08-22 06:00:00,538.9,17.2,0
2022-08-22 07:00:00,585.3,17.1,0
2022-08-22 08:00:00,588.3,17.8,0
2022-08-22 09:00:00,567.3,18.6,0
2022-08-22 10:00:00,550.5,19.1,0
2022-08-22 11:00:00,547.5,18.8,0
2022-08-22 12:00:00,537.9,19.4,0
2022-08-22 13:00:00,529.6,20.6,0
2022-08-22 14:00:00,561.9,20.6,0
2022-08-22 15:00:00,600.8,20.8,0
2022-08-22 16:00:00,599.6,18.9,0
2022-08-22 17:00:00,614.9,18.4,0
2022-08-22 18:00:00,626.5,17.8,0
2022-08-22 19:00:00,628.3,16.0,0
2022-08-22 20:00:00,616.0,13.6,0
2022-08-22 21:00:00,585.4,13.1,0
2022-08-22 22:00:00,565.9,11.6,0
2022-08-22 23:00:00,556.0,11.2,0
2022-08-23 00:00:00,504.3,10.1,0
2022-08-23 01:00:00,462.1,10.2,0
2022-08-23 02:00:00,472.4,9.6,0
2022-08-23 03:00:00,508.6,8.3,0
2022-08-23 04:00:00,521.8,8.5,0
2022-08-23 05:00:00,537.0,8.8,0
2022-08-23 06:00:00,569.1,10.3,0
2022-08-23 07:00:00,589.5,10.9,0
2022-08-23 08:00:00,579.9,11.6,0
2022-08-23 09:00:00,564.1,13.6,0
2022-08-23 10:00:00,559.7,15.9,0
2022-08-23 11:00:00,547.0,17.6,0
2022-08-23 12:00:00,546.1,19.5,0
2022-08-23 13:00:00,534.2,20.6,0
2022-08-23 14:00:00,551.7,21.8,0
2022-08-23 15:00:00,597.0,22.7,0
2022-08-23 16:00:00,619.6,22.9,0
2022-08-23 17:00:00,639.8,22.6,0
2022-08-23 18:00:00,678.6,22.1,0
2022-08-23 19:00:00,685.9,23.4,0
2022-08-23 20:00:00,630.3,22.4,0
2022-08-23 21:00:00,588.1,21.0,0
2022-08-23 22:00:00,578.7,19.6,0
2022-08-23 23:00:00,560.2,18.6,0
2022-08-24 00:00:00,547.2,17.8,0
2022-08-24 01:00:00,537.5,16.1,0
2022-08-24 02:00:00,526.5,13.9,0
2022-08-24 03:00:00,533.4,14.0,0
2022-08-24 04:00:00,529.5,12.7,0
2022-08-24 05:00:00,560.7,13.4,0
2022-08-24 06:00:00,580.2,14.2,0
2022-08-24 07:00:00,598.3,16.2,0
2022-08-24 08:00:00,615.4,18.6,0
2022-08-24 09:00:00,598.5,20.0,0
2022-08-24 10:00:00,560.1,20.5,0
2022-08-24 11:00:00,528.3,20.4,0
2022-08-24 12:00:00,528.8,20.5,0
2022-08-24 13:00:00,533.2,21.2,0
2022-08-24 14:00:00,543.7,19.8,0
2022-08-24 15:00:00,575.9,20.0,0
2022-08-24 16:00:00,591.3,20.0,0
2022-08-24 17:00:00,620.6,20.2,0
2022-08-24 18:00:00,671.8,19.4,0
2022-08-24 19:00:00,653.4,18.7,0
2022-08-24 20:00:00,650.7,17.1,0
2022-08-24 21:00:00,608.0,15.7,0
2022-08-24 22:00:00,587.4,13.2,0
2022-08-24 23:00:00,569.8,12.5,0
2022-08-25 00:00:00,520.5,13.1,0
2022-08-25 01:00:00,511.0,12.6,0
2022-08-25 02:00:00,515.5,12.6,0
2022-08-25 03:00:00,503.7,11.7,0
2022-08-25 04:00:00,490.0,13.2,0
2022-08-25 05:00:00,529.6,13.0,0
2022-08-25 06:00:00,548.7,14.4,0
2022-08-25 07:00:00,574.8,15.3,0
2022-08-25 08:00:00,587.6,15.5,0
2022-08-25 09:00:00,577.0,17.5,0
2022-08-25 10:00:00,532.5,18.6,0
2022-08-25 11:00:00,519.0,19.7,0
2022-08-25 12:00:00,506.0,21.0,0
2022-08-25 13:00:00,489.1,21.6,0
2022-08-25 14:00:00,498.3,21.7,0
2022-08-25 15:00:00,532.9,22.3,0
2022-08-25 16:00:00,597.7,21.8,0
2022-08-25 17:00:00,623.7,21.5,0
2022-08-25 18:00:00,669.8,20.2,0
2022-08-25 19:00:00,659.7,18.1,0
2022-08-25 20:00:00,642.9,16.6,0
2022-08-25 21:00:00,602.0,15.2,0
2022-08-25 22:00:00,582.3,14.3,0
2022-08-25 23:00:00,559.6,14.5,0
2022-08-26 00:00:00,521.2,12.1,0
2022-08-26 01:00:00,487.0,11.7,0
2022-08-26 02:00:00,513.1,9.4,0
2022-08-26 03:00:00,495.4,8.5,0
2022-08-26 04:00:00,502.1,8.3,0
2022-08-26 05:00:00,571.1,6.9,0
2022-08-26 06:00:00,612.9,6.1,0
2022-08-26 07:00:00,630.9,7.3,0
2022-08-26 08:00:00,635.4,8.7,0
2022-08-26 09:00:00,623.6,9.8,0
2022-08-26 10:00:00,593.9,10.4,0
2022-08-26 11:00:00,562.1,13.6,0
2022-08-26 12:00:00,543.2,14.5,0
2022-08-26 13:00:00,535.0,14.5,0
2022-08-26 14:00:00,550.9,16.7,0
2022-08-26 15:00:00,580.4,17.5,0
2022-08-26 16:00:00,614.8,17.2,0
2022-08-26 17:00:00,661.0,18.0,0
2022-08-26 18:00:00,708.0,17.7,0
2022-08-26 19:00:00,724.6,17.5,0
2022-08-26 20:00:00,689.2,16.9,0
2022-08-26 21:00:00,626.1,15.0,0
2022-08-26 22:00:00,606.7,14.9,0
2022-08-26 23:00:00,580.8,14.2,0
2022-08-27 00:00:00,491.1,12.4,0
2022-08-27 01:00:00,473.6,11.2,0
2022-08-27 02:00:00,469.7,11.7,0
2022-08-27 03:00:00,446.5,11.3,0
2022-08-27 04:00:00,456.0,11.6,0
2022-08-27 05:00:00,450.2,12.7,0
2022-08-27 06:00:00,512.5,13.5,0
2022-08-27 07:00:00,535.9,13.0,0
2022-08-27 08:00:00,510.0,14.6,0
2022-08-27 09:00:00,529.1,16.6,0
2022-08-27 10:00:00,525.6,18.5,0
2022-08-27 11:00:00,524.3,20.9,0
2022-08-27 12:00:00,487.7,22.1,0
2022-08-27 13:00:00,499.9,23.4,0
2022-08-27 14:00:00,555.6,25.2,0
2022-08-27 15:00:00,562.8,24.9,0
2022-08-27 16:00:00,625.6,26.3,0
2022-08-27 17:00:00,679.0,27.3,0
2022-08-27 18:00:00,691.7,27.2,0
2022-08-27 19:00:00,729.9,27.9,0
2022-08-27 20:00:00,676.9,27.4,0
2022-08-27 21:00:00,589.9,25.4,0
2022-08-27 22:00:00,560.9,25.2,0
2022-08-27 23:00:00,520.5,24.2,0
2022-08-28 00:00:00,479.9,23.4,0
2022-08-28 01:00:00,425.4,22.7,0
2022-08-28 02:00:00,442.8,23.3,0
2022-08-28 03:00:00,422.5,23.4,0
2022-08-28 04:00:00,424.2,22.6,0
2022-08-28 05:00:00,450.1,23.2,0
2022-08-28 06:00:00,506.7,24.2,0
2022-08-28 07:00:00,533.0,24.1,0
2022-08-28 08:00:00,548.3,24.5,0
2022-08-28 09:00:00,565.2,24.9,0
2022-08-28 10:00:00,584.4,25.2,0
2022-08-28 11:00:00,573.6,26.3,0
2022-08-28 12:00:00,589.8,27.9,0
2022-08-28 13:00:00,647.0,30.0,0
2022-08-28 14:00:00,683.0,31.3,0
2022-08-28 15:00:00,720.3,32.0,0
2022-08-28 16:00:00,776.8,32.6,0
2022-08-28 17:00:00,850.7,33.1,0
2022-08-28 18:00:00,815.4,31.8,0
2022-08-28 19:00:00,786.6,31.3,0
2022-08-28 20:00:00,730.4,30.3,0
2022-08-28 21:00:00,638.4,28.8,0
2022-08-28 22:00:00,603.8,27.0,0
2022-08-28 23:00:00,562.7,25.3,0
2022-08-29 00:00:00,553.9,23.8,0
2022-08-29 01:00:00,493.9,21.8,0
2022-08-29 02:00:00,477.0,21.7,0
2022-08-29 03:00:00,463.6,21.3,0
2022-08-29 04:00:00,464.8,21.3,0
2022-08-29 05:00:00,460.4,21.8,0
2022-08-29 06:00:00,501.0,22.9,0
2022-08-29 07:00:00,533.0,22.9,0
2022-08-29 08:00:00,556.0,23.6,0
2022-08-29 09:00:00,534.3,23.0,0
2022-08-29 10:00:00,527.7,21.9,0
2022-08-29 11:00:00,503.7,21.0,0
2022-08-29 12:00:00,474.9,23.2,0
2022-08-29 13:00:00,463.2,22.1,0
2022-08-29 14:00:00,504.8,22.9,0
2022-08-29 15:00:00,573.0,24.4,0
2022-08-29 16:00:00,581.3,23.8,0
2022-08-29 17:00:00,636.6,24.8,0
2022-08-29 18:00:00,693.3,25.7,0
2022-08-29 19:00:00,707.8,25.6,0
2022-08-29 20:00:00,700.3,26.6,0
2022-08-29 21:00:00,654.4,25.9,0
2022-08-29 22:00:00,578.8,24.0,0
2022-08-29 23:00:00,521.3,23.3,0
2022-08-30 00:00:00,493.8,21.7,0
2022-08-30 01:00:00,484.0,19.7,0
2022-08-30 02:00:00,483.9,18.0,0
2022-08-30 03:00:00,479.8,19.8,0
2022-08-30 04:00:00,477.4,19.3,0
2022-08-30 05:00:00,496.4,19.5,0
2022-08-30 06:00:00,537.6,19.4,0
2022-08-30 07:00:00,549.9,20.2,0
2022-08-30 08:00:00,594.5,20.9,0
2022-08-30 09:00:00,624.7,21.4,0
2022-08-30 10:00:00,563.9,21.3,0
2022-08-30 11:00:00,560.0,20.9,0
2022-08-30 12:00:00,539.4,21.1,0
2022-08-30 13:00:00,546.7,22.0,0
2022-08-30 14:00:00,578.8,24.2,0
2022-08-30 15:00:00,613.4,25.2,0
2022-08-30 16:00:00,690.6,26.7,0
2022-08-30 17:00:00,720.6,26.6,0
2022-08-30 18:00:00,743.4,25.7,0
2022-08-30 19:00:00,702.6,23.6,0
2022-08-30 20:00:00,639.6,22.5,0
2022-08-30 21:00:00,599.4,19.4,0
2022-08-30 22:00:00,567.4,18.1,0
2022-08-30 23:00:00,537.1,18.6,0
2022-08-31 00:00:00,480.7,17.9,0
2022-08-31 01:00:00,505.1,18.2,0
2022-08-31 02:00:00,493.2,17.3,0
2022-08-31 03:00:00,490.1,15.9,0
2022-08-31 04:00:00,474.3,15.5,0
2022-08-31 05:00:00,510.3,15.5,0
2022-08-31 06:00:00,541.9,17.2,0
2022-08-31 07:00:00,590.2,19.8,0
2022-08-31 08:00:00,629.3,20.0,0
2022-08-31 09:00:00,607.4,20.6,0
2022-08-31 10:00:00,574.4,21.5,0
2022-08-31 11:00:00,572.4,22.1,0
2022-08-31 12:00:00,572.9,21.7,0
2022-08-31 13:00:00,570.9,22.4,0
2022-08-31 14:00:00,590.8,23.2,0
2022-08-31 15:00:00,605.1,23.6,0
2022-08-31 16:00:00,619.3,22.4,0
2022-08-31 17:00:00,648.9,21.9,0
2022-08-31 18:00:00,636.2,19.7,0
2022-08-31 19:00:00,651.8,19.7,0
2022-08-31 20:00:00,641.7,17.9,0
2022-08-31 21:00:00,591.2,16.6,0
2022-08-31 22:00:00,552.6,15.2,0
2022-08-31 23:00:00,541.6,13.8,0
2022-09-01 00:00:00,523.3,12.0,0
2022-09-01 01:00:00,524.8,9.9,0
2022-09-01 02:00:00,499.3,11.2,0
2022-09-01 03:00:00,504.0,11.4,0
2022-09-01 04:00:00,512.8,11.9,0
2022-09-01 05:00:00,509.2,14.2,0
2022-09-01 06:00:00,537.0,14.8,0
2022-09-01 07:00:00,563.6,16.2,0
2022-09-01 08:00:00,592.2,17.2,0
2022-09-01 09:00:00,567.5,19.3,0
2022-09-01 10:00:00,541.3,20.7,0
2022-09-01 11:00:00,521.9,22.0,0
2022-09-01 12:00:00,518.5,22.5,0
2022-09-01 13:00:00,566.2,23.4,0
2022-09-01 14:00:00,590.6,24.8,0
2022-09-01 15:00:00,598.9,23.0,0
2022-09-01 16:00:00,635.2,22.7,0
2022-09-01 17:00:00,679.6,21.9,0
2022-09-01 18:00:00,720.5,21.0,0
2022-09-01 19:00:00,716.7,18.4,0
2022-09-01 20:00:00,666.6,18.2,0
2022-09-01 21:00:00,620.0,16.4,0
2022-09-01 22:00:00,607.2,15.3,0
2022-09-01 23:00:00,613.5,13.9,0
2022-09-02 00:00:00,592.3,11.5,0
2022-09-02 01:00:00,609.6,10.6,0
2022-09-02 02:00:00,606.7,8.7,0
2022-09-02 03:00:00,581.9,7.9,0
2022-09-02 04:00:00,582.1,7.9,0
2022-09-02 05:00:00,595.6,8.5,0
2022-09-02 06:00:00,626.4,9.4,0
2022-09-02 07:00:00,653.4,10.3,0
2022-09-02 08:00:00,627.5,13.4,0
2022-09-02 09:00:00,630.9,14.9,0
2022-09-02 10:00:00,595.7,15.0,0
2022-09-02 11:00:00,575.8,15.5,0
2022-09-02 12:00:00,569.2,15.9,0
2022-09-02 13:00:00,572.2,16.6,0
2022-09-02 14:00:00,582.1,16.6,0
2022-09-02 15:00:00,587.4,16.1,0
2022-09-02 16:00:00,613.1,17.7,0
2022-09-02 17:00:00,659.5,17.4,0
2022-09-02 18:00:00,670.6,16.6,0
2022-09-02 19:00:00,649.8,15.7,0
2022-09-02 20:00:00,589.0,14.7,0
2022-09-02 21:00:00,563.3,15.1,0
2022-09-02 22:00:00,525.3,14.6,0
2022-09-02 23:00:00,512.3,14.7,0
2022-09-03 00:00:00,416.7,11.0,0
2022-09-03 01:00:00,408.9,10.8,0
2022-09-03 02:00:00,398.5,11.5,0
2022-09-03 03:00:00,410.8,13.2,0
2022-09-03 04:00:00,410.0,13.4,0
2022-09-03 05:00:00,425.1,12.3,0
2022-09-03 06:00:00,460.8,13.5,0
2022-09-03 07:00:00,507.9,13.9,0
2022-09-03 08:00:00,513.1,13.3,0
2022-09-03 09:00:00,518.4,13.9,0
2022-09-03 10:00:00,499.9,16.0,0
2022-09-03 11:00:00,489.8,18.2,0
2022-09-03 12:00:00,448.6,19.7,0
2022-09-03 13:00:00,453.5,19.5,0
2022-09-03 14:00:00,462.9,22.2,0
2022-09-03 15:00:00,490.3,21.3,0
2022-09-03 16:00:00,514.1,21.1,0
2022-09-03 17:00:00,551.1,19.5,0
2022-09-03 18:00:00,544.3,20.1,0
2022-09-03 19:00:00,553.7,19.7,0
2022-09-03 20:00:00,559.4,19.6,0
2022-09-03 21:00:00,529.8,18.6,0
2022-09-03 22:00:00,500.1,17.5,0
2022-09-03 23:00:00,484.8,16.7,0
2022-09-04 00:00:00,469.0,14.0,0
2022-09-04 01:00:00,441.6,14.3,0
2022-09-04 02:00:00,407.3,14.8,0
2022-09-04 03:00:00,392.9,14.3,0
2022-09-04 04:00:00,398.4,14.4,0
2022-09-04 05:00:00,428.8,15.1,0
2022-09-04 06:00:00,478.5,17.1,0
2022-09-04 07:00:00,498.2,18.3,0
2022-09-04 08:00:00,500.9,19.3,0
2022-09-04 09:00:00,515.7,19.8,0
2022-09-04 10:00:00,516.0,19.4,0
2022-09-04 11:00:00,482.8,19.9,0
2022-09-04 12:00:00,483.5,20.8,0
2022-09-04 13:00:00,477.0,21.2,0
2022-09-04 14:00:00,477.3,21.7,0
2022-09-04 15:00:00,499.2,22.5,0
2022-09-04 16:00:00,520.6,22.8,0
2022-09-04 17:00:00,531.0,22.6,0
2022-09-04 18:00:00,539.9,22.6,0
2022-09-04 19:00:00,536.6,21.9,0
2022-09-04 20:00:00,529.0,20.8,0
2022-09-04 21:00:00,508.4,20.2,0
2022-09-04 22:00:00,495.1,17.5,0
2022-09-04 23:00:00,462.9,17.7,0
2022-09-05 00:00:00,490.1,15.5,0
2022-09-05 01:00:00,459.3,15.7,0
2022-09-05 02:00:00,442.1,15.3,0
2022-09-05 03:00:00,465.4,16.1,0
2022-09-05 04:00:00,477.2,16.2,0
2022-09-05 05:00:00,533.0,15.7,0
2022-09-05 06:00:00,572.1,17.3,0
2022-09-05 07:00:00,589.6,18.3,0
2022-09-05 08:00:00,591.4,19.3,0
2022-09-05 09:00:00,554.2,20.3,0
2022-09-05 10:00:00,563.7,22.2,0
2022-09-05 11:00:00,577.3,23.8,0
2022-09-05 12:00:00,635.1,24.8,0
2022-09-05 13:00:00,638.0,23.9,0
2022-09-05 14:00:00,634.8,23.9,0
2022-09-05 15:00:00,627.5,24.1,0
2022-09-05 16:00:00,650.2,25.5,0
2022-09-05 17:00:00,674.7,25.4,0
2022-09-05 18:00:00,681.9,24.6,0
2022-09-05 19:00:00,662.0,24.7,0
2022-09-05 20:00:00,635.7,23.5,0
2022-09-05 21:00:00,606.6,22.4,0
2022-09-05 22:00:00,556.4,21.4,0
2022-09-05 23:00:00,532.8,18.9,0
2022-09-06 00:00:00,473.7,18.8,0
2022-09-06 01:00:00,484.7,18.4,0
2022-09-06 02:00:00,463.6,17.7,0
2022-09-06 03:00:00,448.7,16.4,0
2022-09-06 04:00:00,435.0,16.7,0
2022-09-06 05:00:00,453.7,18.3,0
2022-09-06 06:00:00,470.7,18.3,0
2022-09-06 07:00:00,532.5,18.1,0
2022-09-06 08:00:00,566.5,19.4,0
2022-09-06 09:00:00,547.3,18.9,0
2022-09-06 10:00:00,523.0,17.9,0
2022-09-06 11:00:00,511.5,18.6,0
2022-09-06 12:00:00,508.8,18.8,0
2022-09-06 13:00:00,495.7,19.3,0
2022-09-06 14:00:00,533.6,19.3,0
2022-09-06 15:00:00,566.4,19.8,0
2022-09-06 16:00:00,629.6,19.6,0
2022-09-06 17:00:00,613.8,18.7,0
2022-09-06 18:00:00,615.6,17.8,0
2022-09-06 19:00:00,634.7,17.6,0
2022-09-06 20:00:00,618.9,17.6,0
2022-09-06 21:00:00,582.1,17.5,0
2022-09-06 22:00:00,534.9,17.1,0
2022-09-06 23:00:00,532.8,13.2,0
2022-09-07 00:00:00,497.8,11.4,0
2022-09-07 01:00:00,517.3,10.6,0
2022-09-07 02:00:00,525.6,10.5,0
2022-09-07 03:00:00,545.2,9.1,0
2022-09-07 04:00:00,508.6,10.6,0
2022-09-07 05:00:00,532.6,11.4,0
2022-09-07 06:00:00,590.7,11.6,0
2022-09-07 07:00:00,637.8,12.7,0
2022-09-07 08:00:00,658.6,13.5,0
2022-09-07 09:00:00,657.6,14.0,0
2022-09-07 10:00:00,611.4,15.6,0
2022-09-07 11:00:00,606.8,16.3,0
2022-09-07 12:00:00,613.2,16.0,0
2022-09-07 13:00:00,602.9,16.2,0
2022-09-07 14:00:00,606.3,16.7,0
2022-09-07 15:00:00,612.4,16.0,0
2022-09-07 16:00:00,637.7,17.2,0
2022-09-07 17:00:00,659.4,16.0,0
2022-09-07 18:00:00,684.8,17.1,0
2022-09-07 19:00:00,676.1,17.2,0
2022-09-07 20:00:00,624.5,15.5,0
2022-09-07 21:00:00,581.7,14.7,0
2022-09-07 22:00:00,559.3,14.9,0
2022-09-07 23:00:00,545.2,13.8,0
2022-09-08 00:00:00,538.5,11.9,0
2022-09-08 01:00:00,540.7,11.4,0
2022-09-08 02:00:00,538.1,12.9,0
2022-09-08 03:00:00,534.1,11.5,0
2022-09-08 04:00:00,550.0,12.2,0
2022-09-08 05:00:00,550.2,12.7,0
2022-09-08 06:00:00,563.4,13.3,0
2022-09-08 07:00:00,603.1,13.9,0
2022-09-08 08:00:00,615.4,14.6,0
2022-09-08 09:00:00,593.0,16.7,0
2022-09-08 10:00:00,588.9,18.3,0
2022-09-08 11:00:00,588.7,18.4,0
2022-09-08 12:00:00,581.2,20.7,0
2022-09-08 13:00:00,591.4,20.2,0
2022-09-08 14:00:00,603.8,21.3,0
2022-09-08 15:00:00,627.3,21.6,0
2022-09-08 16:00:00,636.7,22.6,0
2022-09-08 17:00:00,633.8,22.5,0
2022-09-08 18:00:00,654.2,22.8,0
2022-09-08 19:00:00,599.1,21.9,0
2022-09-08 20:00:00,578.1,21.8,0
2022-09-08 21:00:00,536.4,21.0,0
2022-09-08 22:00:00,518.5,21.9,0
2022-09-08 23:00:00,495.1,20.2,0
2022-09-09 00:00:00,465.7,20.1,0
2022-09-09 01:00:00,448.1,19.8,0
2022-09-09 02:00:00,444.3,19.4,0
2022-09-09 03:00:00,474.8,18.6,0
2022-09-09 04:00:00,470.4,19.1,0
2022-09-09 05:00:00,470.4,18.0,0
2022-09-09 06:00:00,533.8,17.3,0
2022-09-09 07:00:00,578.6,18.8,0
2022-09-09 08:00:00,592.8,18.3,0
2022-09-09 09:00:00,581.3,20.6,0
2022-09-09 10:00:00,569.1,21.3,0
2022-09-09 11:00:00,545.5,22.4,0
2022-09-09 12:00:00,557.8,23.3,0
2022-09-09 13:00:00,562.5,24.3,0
2022-09-09 14:00:00,561.8,24.3,0
2022-09-09 15:00:00,588.7,24.1,0
2022-09-09 16:00:00,602.6,23.8,0
2022-09-09 17:00:00,656.1,24.3,0
2022-09-09 18:00:00,666.1,24.6,0
2022-09-09 19:00:00,665.3,24.9,0
2022-09-09 20:00:00,636.3,24.1,0
2022-09-09 21:00:00,576.9,22.8,0
2022-09-09 22:00:00,561.3,20.1,0
2022-09-09 23:00:00,539.2,19.6,0
2022-09-10 00:00:00,441.0,19.3,0
2022-09-10 01:00:00,398.6,18.2,0
2022-09-10 02:00:00,405.0,18.5,0
2022-09-10 03:00:00,408.2,19.4,0
2022-09-10 04:00:00,389.3,19.5,0
2022-09-10 05:00:00,424.5,20.7,0
2022-09-10 06:00:00,467.2,21.4,0
2022-09-10 07:00:00,489.0,20.5,0
2022-09-10 08:00:00,491.7,20.9,0
2022-09-10 09:00:00,471.7,21.5,0
2022-09-10 10:00:00,469.8,22.9,0
2022-09-10 11:00:00,460.1,23.0,0
2022-09-10 12:00:00,455.2,23.4,0
2022-09-10 13:00:00,487.8,23.1,0
2022-09-10 14:00:00,498.3,23.4,0
2022-09-10 15:00:00,522.5,23.6,0
2022-09-10 16:00:00,538.2,24.3,0
2022-09-10 17:00:00,586.1,24.6,0
2022-09-10 18:00:00,616.9,24.0,0
2022-09-10 19:00:00,592.0,23.3,0
2022-09-10 20:00:00,595.1,22.4,0
2022-09-10 21:00:00,544.8,21.4,0
2022-09-10 22:00:00,512.9,21.7,0
2022-09-10 23:00:00,483.3,18.3,0
2022-09-11 00:00:00,437.2,17.1,0
2022-09-11 01:00:00,381.0,16.7,0
2022-09-11 02:00:00,395.6,17.3,0
2022-09-11 03:00:00,364.4,16.1,0
2022-09-11 04:00:00,405.5,16.5,0
2022-09-11 05:00:00,415.7,17.6,0
2022-09-11 06:00:00,446.4,17.8,0
2022-09-11 07:00:00,523.5,16.8,0
2022-09-11 08:00:00,521.1,17.5,0
2022-09-11 09:00:00,514.1,17.4,0
2022-09-11 10:00:00,477.7,19.1,0
2022-09-11 11:00:00,460.8,19.3,0
2022-09-11 12:00:00,460.2,21.8,0
2022-09-11 13:00:00,487.8,22.5,0
2022-09-11 14:00:00,450.3,22.2,0
2022-09-11 15:00:00,475.5,21.9,0
2022-09-11 16:00:00,521.7,20.8,0
2022-09-11 17:00:00,572.8,20.8,0
2022-09-11 18:00:00,582.7,21.5,0
2022-09-11 19:00:00,585.6,20.5,0
2022-09-11 20:00:00,593.0,20.3,0
2022-09-11 21:00:00,559.1,18.4,0
2022-09-11 22:00:00,555.6,17.7,0
2022-09-11 23:00:00,504.2,18.8,0
2022-09-12 00:00:00,512.1,16.5,0
2022-09-12 01:00:00,499.8,16.9,0
2022-09-12 02:00:00,473.3,17.5,0
2022-09-12 03:00:00,484.4,15.6,0
2022-09-12 04:00:00,477.5,14.4,0
2022-09-12 05:00:00,510.7,13.9,0
2022-09-12 06:00:00,517.7,15.5,0
2022-09-12 07:00:00,539.8,15.9,0
2022-09-12 08:00:00,566.3,16.7,0
2022-09-12 09:00:00,575.9,18.4,0
2022-09-12 10:00:00,544.5,19.6,0
2022-09-12 11:00:00,505.9,20.7,0
2022-09-12 12:00:00,511.3,21.3,0
2022-09-12 13:00:00,503.8,22.9,0
2022-09-12 14:00:00,523.3,22.6,0
2022-09-12 15:00:00,589.1,24.2,0
2022-09-12 16:00:00,623.2,23.7,0
2022-09-12 17:00:00,618.8,22.5,0
2022-09-12 18:00:00,664.2,22.5,0
2022-09-12 19:00:00,678.5,22.0,0
2022-09-12 20:00:00,640.9,19.2,0
2022-09-12 21:00:00,597.5,18.4,0
2022-09-12 22:00:00,588.2,16.1,0
2022-09-12 23:00:00,568.1,14.4,0
2022-09-13 00:00:00,531.6,14.2,0
2022-09-13 01:00:00,537.9,12.8,0
2022-09-13 02:00:00,530.3,12.8,0
2022-09-13 03:00:00,568.2,12.4,0
2022-09-13 04:00:00,577.8,14.3,0
2022-09-13 05:00:00,586.2,14.6,0
2022-09-13 06:00:00,607.2,14.2,0
2022-09-13 07:00:00,621.2,14.1,0
2022-09-13 08:00:00,646.8,14.3,0
2022-09-13 09:00:00,611.2,15.5,0
2022-09-13 10:00:00,602.5,16.6,0
2022-09-13 11:00:00,567.2,18.5,0
2022-09-13 12:00:00,522.6,19.6,0
2022-09-13 13:00:00,539.4,20.3,0
2022-09-13 14:00:00,554.5,21.1,0
2022-09-13 15:00:00,578.0,21.1,0
2022-09-13 16:00:00,602.4,21.3,0
2022-09-13 17:00:00,635.9,21.6,0
2022-09-13 18:00:00,648.6,21.6,0
2022-09-13 19:00:00,671.5,20.3,0
2022-09-13 20:00:00,667.0,17.7,0
2022-09-13 21:00:00,624.8,16.0,0
2022-09-13 22:00:00,588.0,15.3,0
2022-09-13 23:00:00,577.4,12.1,0
2022-09-14 00:00:00,556.1,10.8,0
2022-09-14 01:00:00,543.1,10.7,0
2022-09-14 02:00:00,526.8,9.9,0
2022-09-14 03:00:00,526.4,8.9,0
2022-09-14 04:00:00,526.1,10.7,0
2022-09-14 05:00:00,534.5,12.5,0
2022-09-14 06:00:00,556.5,12.9,0
2022-09-14 07:00:00,599.6,15.0,0
2022-09-14 08:00:00,617.5,17.1,0
2022-09-14 09:00:00,622.6,17.1,0
2022-09-14 10:00:00,583.8,20.6,0
2022-09-14 11:00:00,575.3,20.7,0
2022-09-14 12:00:00,559.2,21.2,0
2022-09-14 13:00:00,549.4,20.8,0
2022-09-14 14:00:00,545.1,21.3,0
2022-09-14 15:00:00,556.1,20.3,0
2022-09-14 16:00:00,582.8,20.2,0
2022-09-14 17:00:00,622.8,20.8,0
2022-09-14 18:00:00,647.2,20.3,0
2022-09-14 19:00:00,681.3,19.3,0
2022-09-14 20:00:00,661.0,19.7,0
2022-09-14 21:00:00,625.0,17.8,0
2022-09-14 22:00:00,586.8,17.6,0
2022-09-14 23:00:00,549.1,16.4,0
2022-09-15 00:00:00,496.7,15.5,0
2022-09-15 01:00:00,493.6,14.9,0
2022-09-15 02:00:00,461.8,14.6,0
2022-09-15 03:00:00,492.2,14.3,0
2022-09-15 04:00:00,528.5,13.7,0
2022-09-15 05:00:00,522.9,13.6,0
2022-09-15 06:00:00,571.0,14.6,0
2022-09-15 07:00:00,614.1,15.4,0
2022-09-15 08:00:00,640.6,15.3,0
2022-09-15 09:00:00,637.6,15.7,0
2022-09-15 10:00:00,636.2,16.1,0
2022-09-15 11:00:00,591.3,17.1,0
2022-09-15 12:00:00,564.4,18.2,0
2022-09-15 13:00:00,567.5,18.9,0
2022-09-15 14:00:00,571.4,18.8,0
2022-09-15 15:00:00,564.8,19.0,0
2022-09-15 16:00:00,610.4,17.7,0
2022-09-15 17:00:00,659.7,14.8,0
2022-09-15 18:00:00,676.0,14.3,0
2022-09-15 19:00:00,687.9,12.1,0
2022-09-15 20:00:00,685.9,10.5,0
2022-09-15 21:00:00,625.8,8.6,0
2022-09-15 22:00:00,588.8,8.4,0
2022-09-15 23:00:00,572.8,6.5,0
2022-09-16 00:00:00,541.4,6.0,0
2022-09-16 01:00:00,523.6,5.2,0
2022-09-16 02:00:00,515.5,3.9,0
2022-09-16 03:00:00,541.9,2.6,0
2022-09-16 04:00:00,579.6,3.4,0
2022-09-16 05:00:00,572.6,4.5,0
2022-09-16 06:00:00,618.3,6.0,0
2022-09-16 07:00:00,637.8,8.7,0
2022-09-16 08:00:00,654.0,10.1,0
2022-09-16 09:00:00,653.8,11.6,0
2022-09-16 10:00:00,613.4,12.6,0
2022-09-16 11:00:00,600.4,13.8,0
2022-09-16 12:00:00,553.7,14.5,0
2022-09-16 13:00:00,536.9,14.4,0
2022-09-16 14:00:00,550.7,16.8,0
2022-09-16 15:00:00,583.3,15.3,0
2022-09-16 16:00:00,590.4,15.5,0
2022-09-16 17:00:00,597.0,15.7,0
2022-09-16 18:00:00,634.7,15.3,0
2022-09-16 19:00:00,647.4,13.7,0
2022-09-16 20:00:00,642.5,12.7,0
2022-09-16 21:00:00,614.0,11.4,0
2022-09-16 22:00:00,574.4,9.5,0
2022-09-16 23:00:00,582.1,8.6,0
2022-09-17 00:00:00,502.1,7.4,0
2022-09-17 01:00:00,499.9,6.5,0
2022-09-17 02:00:00,519.8,6.8,0
2022-09-17 03:00:00,522.1,5.9,0
2022-09-17 04:00:00,542.1,6.6,0
2022-09-17 05:00:00,551.9,6.6,0
2022-09-17 06:00:00,518.5,7.8,0
2022-09-17 07:00:00,523.7,8.8,0
2022-09-17 08:00:00,490.8,10.1,0
2022-09-17 09:00:00,493.4,10.4,0
2022-09-17 10:00:00,501.9,10.9,0
2022-09-17 11:00:00,458.3,11.2,0
2022-09-17 12:00:00,460.9,12.4,0
2022-09-17 13:00:00,453.5,13.9,0
2022-09-17 14:00:00,479.3,15.4,0
2022-09-17 15:00:00,507.3,15.2,0
2022-09-17 16:00:00,523.0,15.2,0
2022-09-17 17:00:00,573.9,13.5,0
2022-09-17 18:00:00,610.1,11.0,0
2022-09-17 19:00:00,634.6,9.6,0
2022-09-17 20:00:00,650.2,8.3,0
2022-09-17 21:00:00,623.8,6.1,0
2022-09-17 22:00:00,636.0,3.7,0
2022-09-17 23:00:00,605.2,3.5,0
2022-09-18 00:00:00,584.0,2.1,0
2022-09-18 01:00:00,589.7,0.3,0
2022-09-18 02:00:00,539.6,2.3,0
2022-09-18 03:00:00,533.9,2.5,0
2022-09-18 04:00:00,532.9,2.6,0
2022-09-18 05:00:00,550.3,3.9,0
2022-09-18 06:00:00,560.7,4.1,0
2022-09-18 07:00:00,551.8,6.5,0
2022-09-18 08:00:00,586.8,6.3,0
2022-09-18 09:00:00,590.1,6.4,0
2022-09-18 10:00:00,569.0,7.5,0
2022-09-18 11:00:00,551.3,8.1,0
2022-09-18 12:00:00,533.9,10.4,0
2022-09-18 13:00:00,537.0,9.8,0
2022-09-18 14:00:00,553.6,9.8,0
2022-09-18 15:00:00,549.4,10.4,0
2022-09-18 16:00:00,581.1,11.0,0
2022-09-18 17:00:00,594.8,11.7,0
2022-09-18 18:00:00,597.6,11.6,0
2022-09-18 19:00:00,589.7,12.9,0
2022-09-18 20:00:00,586.3,11.6,0
2022-09-18 21:00:00,556.9,10.8,0
2022-09-18 22:00:00,554.6,10.7,0
2022-09-18 23:00:00,546.7,9.5,0
2022-09-19 00:00:00,580.2,8.3,0
2022-09-19 01:00:00,572.5,7.3,0
2022-09-19 02:00:00,544.7,6.5,0
2022-09-19 03:00:00,553.9,5.4,0
2022-09-19 04:00:00,566.5,5.2,0
2022-09-19 05:00:00,625.5,4.3,0
2022-09-19 06:00:00,627.2,5.5,0
2022-09-19 07:00:00,657.0,5.1,0
2022-09-19 08:00:00,631.5,8.1,0
2022-09-19 09:00:00,609.9,10.8,0
2022-09-19 10:00:00,552.7,12.9,0
2022-09-19 11:00:00,540.4,13.7,0
2022-09-19 12:00:00,531.1,14.1,0
2022-09-19 13:00:00,533.0,15.9,0
2022-09-19 14:00:00,585.2,16.5,0
2022-09-19 15:00:00,597.7,17.2,0
2022-09-19 16:00:00,631.8,16.4,0
2022-09-19 17:00:00,660.4,17.0,0
2022-09-19 18:00:00,696.5,15.6,0
2022-09-19 19:00:00,725.1,14.9,0
2022-09-19 20:00:00,724.7,12.4,0
2022-09-19 21:00:00,688.7,10.9,0
2022-09-19 22:00:00,626.4,10.4,0
2022-09-19 23:00:00,614.6,9.0,0
2022-09-20 00:00:00,553.1,7.7,0
2022-09-20 01:00:00,526.4,7.9,0
2022-09-20 02:00:00,514.4,7.5,0
2022-09-20 03:00:00,490.7,8.5,0
2022-09-20 04:00:00,525.1,6.5,0
2022-09-20 05:00:00,538.9,7.5,0
2022-09-20 06:00:00,554.6,8.7,0
2022-09-20 07:00:00,601.0,8.1,0
2022-09-20 08:00:00,609.3,8.0,0
2022-09-20 09:00:00,615.4,10.0,0
2022-09-20 10:00:00,606.3,10.2,0
2022-09-20 11:00:00,574.6,10.7,0
2022-09-20 12:00:00,560.6,12.2,0
2022-09-20 13:00:00,544.0,12.6,0
2022-09-20 14:00:00,539.5,13.6,0
2022-09-20 15:00:00,581.6,13.0,0
2022-09-20 16:00:00,585.7,13.3,0
2022-09-20 17:00:00,629.5,14.0,0
2022-09-20 18:00:00,686.4,13.7,0
2022-09-20 19:00:00,660.2,11.0,0
2022-09-20 20:00:00,680.3,10.7,0
2022-09-20 21:00:00,615.9,9.9,0
2022-09-20 22:00:00,563.9,8.1,0
2022-09-20 23:00:00,514.4,8.5,0
2022-09-21 00:00:00,492.3,6.0,0
2022-09-21 01:00:00,475.7,7.2,0
2022-09-21 02:00:00,458.3,6.3,0
2022-09-21 03:00:00,458.6,7.7,0
2022-09-21 04:00:00,495.1,7.8,0
2022-09-21 05:00:00,521.1,7.0,0
2022-09-21 06:00:00,557.3,7.8,0
2022-09-21 07:00:00,594.4,9.0,0
2022-09-21 08:00:00,630.0,10.5,0
2022-09-21 09:00:00,609.1,12.6,0
2022-09-21 10:00:00,599.3,12.8,0
2022-09-21 11:00:00,578.9,14.2,0
2022-09-21 12:00:00,561.6,15.8,0
2022-09-21 13:00:00,550.2,16.2,0
2022-09-21 14:00:00,562.6,15.7,0
2022-09-21 15:00:00,591.7,15.0,0
2022-09-21 16:00:00,597.8,15.6,0
2022-09-21 17:00:00,627.1,16.0,0
2022-09-21 18:00:00,658.2,14.6,0
2022-09-21 19:00:00,670.5,12.6,0
2022-09-21 20:00:00,650.8,12.8,0
2022-09-21 21:00:00,654.6,10.4,0
2022-09-21 22:00:00,638.8,9.6,0
2022-09-21 23:00:00,601.3,8.0,0
2022-09-22 00:00:00,607.3,5.5,0
2022-09-22 01:00:00,581.3,5.1,0
2022-09-22 02:00:00,560.0,4.7,0
2022-09-22 03:00:00,563.2,6.0,0
2022-09-22 04:00:00,544.5,8.2,0
2022-09-22 05:00:00,536.4,8.5,0
2022-09-22 06:00:00,570.1,10.0,0
2022-09-22 07:00:00,596.9,11.8,0
2022-09-22 08:00:00,617.4,12.3,0
2022-09-22 09:00:00,586.2,12.5,0
2022-09-22 10:00:00,575.3,15.0,0
2022-09-22 11:00:00,545.4,15.6,0
2022-09-22 12:00:00,549.5,16.4,0
2022-09-22 13:00:00,525.8,16.7,0
2022-09-22 14:00:00,521.6,17.0,0
2022-09-22 15:00:00,515.8,16.6,0
2022-09-22 16:00:00,545.6,17.1,0
2022-09-22 17:00:00,608.4,17.8,0
2022-09-22 18:00:00,640.9,16.8,0
2022-09-22 19:00:00,635.6,14.7,0
2022-09-22 20:00:00,641.5,13.8,0
2022-09-22 21:00:00,620.9,11.4,0
2022-09-22 22:00:00,610.7,9.8,0
2022-09-22 23:00:00,589.9,10.0,0
2022-09-23 00:00:00,537.9,11.1,0
2022-09-23 01:00:00,528.3,10.8,0
2022-09-23 02:00:00,533.8,9.4,0
2022-09-23 03:00:00,543.3,9.9,0
2022-09-23 04:00:00,571.8,8.0,0
2022-09-23 05:00:00,603.7,7.8,0
2022-09-23 06:00:00,592.8,9.8,0
2022-09-23 07:00:00,578.9,11.3,0
2022-09-23 08:00:00,604.2,11.0,0
2022-09-23 09:00:00,606.3,10.6,0
2022-09-23 10:00:00,584.9,12.5,0
2022-09-23 11:00:00,544.0,13.4,0
2022-09-23 12:00:00,535.6,13.7,0
2022-09-23 13:00:00,515.2,14.8,0
2022-09-23 14:00:00,530.1,14.7,0
2022-09-23 15:00:00,558.0,13.2,0
2022-09-23 16:00:00,587.3,13.9,0
2022-09-23 17:00:00,633.6,13.0,0
2022-09-23 18:00:00,657.7,11.5,0
2022-09-23 19:00:00,672.8,9.6,0
2022-09-23 20:00:00,667.5,9.0,0
2022-09-23 21:00:00,670.1,7.4,0
2022-09-23 22:00:00,642.4,7.1,0
2022-09-23 23:00:00,638.6,6.0,0
2022-09-24 00:00:00,537.5,6.1,0
2022-09-24 01:00:00,554.3,5.2,0
2022-09-24 02:00:00,576.9,4.4,0
2022-09-24 03:00:00,568.4,2.6,0
2022-09-24 04:00:00,586.9,1.9,0
2022-09-24 05:00:00,590.2,3.2,0
2022-09-24 06:00:00,602.4,6.7,0
2022-09-24 07:00:00,581.6,6.5,0
2022-09-24 08:00:00,582.4,6.6,0
2022-09-24 09:00:00,536.6,8.1,0
2022-09-24 10:00:00,533.9,9.7,0
2022-09-24 11:00:00,515.8,10.2,0
2022-09-24 12:00:00,506.9,11.2,0
2022-09-24 13:00:00,513.1,10.5,0
2022-09-24 14:00:00,520.9,10.8,0
2022-09-24 15:00:00,537.8,11.9,0
2022-09-24 16:00:00,551.4,13.4,0
2022-09-24 17:00:00,553.0,12.9,0
2022-09-24 18:00:00,590.4,12.1,0
2022-09-24 19:00:00,594.1,11.8,0
2022-09-24 20:00:00,563.6,11.9,0
2022-09-24 21:00:00,526.1,11.4,0
2022-09-24 22:00:00,531.6,9.7,0
2022-09-24 23:00:00,502.5,9.1,0
2022-09-25 00:00:00,449.2,9.0,0
2022-09-25 01:00:00,464.2,7.7,0
2022-09-25 02:00:00,495.2,6.2,0
2022-09-25 03:00:00,466.3,6.6,0
2022-09-25 04:00:00,457.6,7.1,0
2022-09-25 05:00:00,457.1,8.4,0
2022-09-25 06:00:00,496.3,9.1,0
2022-09-25 07:00:00,537.4,9.4,0
2022-09-25 08:00:00,572.4,10.0,0
2022-09-25 09:00:00,562.2,10.1,0
2022-09-25 10:00:00,535.6,10.4,0
2022-09-25 11:00:00,501.6,10.9,0
2022-09-25 12:00:00,505.7,11.4,0
2022-09-25 13:00:00,482.0,13.2,0
2022-09-25 14:00:00,479.8,12.5,0
2022-09-25 15:00:00,498.2,12.7,0
2022-09-25 16:00:00,534.9,12.2,0
2022-09-25 17:00:00,573.3,13.2,0
2022-09-25 18:00:00,588.3,12.9,0
2022-09-25 19:00:00,624.6,11.8,0
2022-09-25 20:00:00,629.4,11.7,0
2022-09-25 21:00:00,573.0,10.7,0
2022-09-25 22:00:00,549.7,9.3,0
2022-09-25 23:00:00,505.2,9.8,0
2022-09-26 00:00:00,527.9,9.4,0
2022-09-26 01:00:00,491.6,10.4,0
2022-09-26 02:00:00,479.4,10.9,0
2022-09-26 03:00:00,484.4,11.4,0
2022-09-26 04:00:00,499.6,11.6,0
2022-09-26 05:00:00,507.0,10.9,0
2022-09-26 06:00:00,505.1,12.1,0
2022-09-26 07:00:00,512.0,12.9,0
2022-09-26 08:00:00,556.2,14.4,0
2022-09-26 09:00:00,555.3,15.4,0
2022-09-26 10:00:00,545.0,15.7,0
2022-09-26 11:00:00,554.3,15.7,0
2022-09-26 12:00:00,525.6,17.1,0
2022-09-26 13:00:00,533.1,18.8,0
2022-09-26 14:00:00,531.8,18.9,0
2022-09-26 15:00:00,558.5,19.3,0
2022-09-26 16:00:00,561.6,20.4,0
2022-09-26 17:00:00,597.3,19.1,0
2022-09-26 18:00:00,626.7,18.1,0
2022-09-26 19:00:00,634.5,16.1,0
2022-09-26 20:00:00,592.5,16.2,0
2022-09-26 21:00:00,562.0,15.3,0
2022-09-26 22:00:00,554.7,13.8,0
2022-09-26 23:00:00,547.4,11.2,0
2022-09-27 00:00:00,532.6,10.0,0
2022-09-27 01:00:00,529.9,10.3,0
2022-09-27 02:00:00,527.6,9.6,0
2022-09-27 03:00:00,521.6,9.0,0
2022-09-27 04:00:00,526.9,9.7,0
2022-09-27 05:00:00,539.3,9.0,0
2022-09-27 06:00:00,578.8,9.7,0
2022-09-27 07:00:00,604.0,11.0,0
2022-09-27 08:00:00,635.2,11.3,0
2022-09-27 09:00:00,659.8,11.6,0
2022-09-27 10:00:00,637.1,12.8,0
2022-09-27 11:00:00,611.3,13.7,0
2022-09-27 12:00:00,589.1,14.4,0
2022-09-27 13:00:00,590.1,15.2,0
2022-09-27 14:00:00,610.6,15.8,0
2022-09-27 15:00:00,613.9,15.1,0
2022-09-27 16:00:00,616.7,14.4,0
2022-09-27 17:00:00,625.8,14.5,0
2022-09-27 18:00:00,666.3,14.9,0
2022-09-27 19:00:00,672.0,15.3,0
2022-09-27 20:00:00,658.0,13.6,0
2022-09-27 21:00:00,592.2,13.5,0
2022-09-27 22:00:00,554.9,13.1,0
2022-09-27 23:00:00,517.0,12.1,0
2022-09-28 00:00:00,470.7,11.4,0
2022-09-28 01:00:00,460.1,11.5,0
2022-09-28 02:00:00,444.0,12.6,0
2022-09-28 03:00:00,485.0,11.4,0
2022-09-28 04:00:00,474.4,12.0,0
2022-09-28 05:00:00,493.0,12.1,0
2022-09-28 06:00:00,517.9,12.5,0
2022-09-28 07:00:00,549.9,14.3,0
2022-09-28 08:00:00,581.6,15.8,0
2022-09-28 09:00:00,566.2,15.8,0
2022-09-28 10:00:00,525.5,16.5,0
2022-09-28 11:00:00,508.3,17.6,0
2022-09-28 12:00:00,511.3,17.1,0
2022-09-28 13:00:00,497.3,18.4,0
2022-09-28 14:00:00,529.8,18.7,0
2022-09-28 15:00:00,537.3,18.9,0
2022-09-28 16:00:00,564.5,19.0,0
2022-09-28 17:00:00,598.7,20.1,0
2022-09-28 18:00:00,660.0,19.4,0
2022-09-28 19:00:00,672.0,18.1,0
2022-09-28 20:00:00,651.4,18.6,0
2022-09-28 21:00:00,596.7,16.9,0
2022-09-28 22:00:00,547.1,15.3,0
2022-09-28 23:00:00,524.5,13.0,0
2022-09-29 00:00:00,517.2,12.8,0
2022-09-29 01:00:00,528.8,12.3,0
2022-09-29 02:00:00,518.0,12.3,0
2022-09-29 03:00:00,501.4,12.2,0
2022-09-29 04:00:00,482.4,12.1,0
2022-09-29 05:00:00,505.2,11.6,0
2022-09-29 06:00:00,551.5,11.5,0
2022-09-29 07:00:00,586.5,12.7,0
2022-09-29 08:00:00,603.7,13.7,0
2022-09-29 09:00:00,582.8,16.1,0
2022-09-29 10:00:00,574.1,16.3,0
2022-09-29 11:00:00,551.4,16.8,0
2022-09-29 12:00:00,553.6,16.6,0
2022-09-29 13:00:00,552.8,18.4,0
2022-09-29 14:00:00,571.0,17.6,0
2022-09-29 15:00:00,592.1,18.4,0
2022-09-29 16:00:00,611.2,19.5,0
2022-09-29 17:00:00,662.5,18.9,0
2022-09-29 18:00:00,663.2,18.8,0
2022-09-29 19:00:00,672.7,16.0,0
2022-09-29 20:00:00,639.6,14.6,0
2022-09-29 21:00:00,607.9,12.1,0
2022-09-29 22:00:00,585.9,11.2,0
2022-09-29 23:00:00,561.7,10.2,0
2022-09-30 00:00:00,519.8,8.5,0
2022-09-30 01:00:00,496.1,8.8,0
2022-09-30 02:00:00,476.2,8.7,0
2022-09-30 03:00:00,489.1,8.1,0
2022-09-30 04:00:00,514.1,7.8,0
2022-09-30 05:00:00,548.2,6.9,0
2022-09-30 06:00:00,554.1,7.4,0
2022-09-30 07:00:00,572.2,10.2,0
2022-09-30 08:00:00,606.2,10.5,0
2022-09-30 09:00:00,575.7,11.9,0
2022-09-30 10:00:00,544.9,12.5,0
2022-09-30 11:00:00,540.3,14.2,0
2022-09-30 12:00:00,526.6,15.4,0
2022-09-30 13:00:00,544.6,15.8,0
2022-09-30 14:00:00,546.9,14.6,0
2022-09-30 15:00:00,545.1,14.4,0
2022-09-30 16:00:00,579.7,15.3,0
2022-09-30 17:00:00,617.7,14.7,0
2022-09-30 18:00:00,649.1,14.7,0
2022-09-30 19:00:00,640.7,13.5,0
2022-09-30 20:00:00,627.8,10.8,0
2022-09-30 21:00:00,634.6,10.3,0
2022-09-30 22:00:00,595.9,9.6,0
2022-09-30 23:00:00,610.9,8.1,0
2022-10-01 00:00:00,495.8,6.9,0
2022-10-01 01:00:00,490.4,6.6,0
2022-10-01 02:00:00,494.5,5.7,0
2022-10-01 03:00:00,502.7,5.9,0
2022-10-01 04:00:00,508.1,6.0,0
2022-10-01 05:00:00,533.3,4.3,0
2022-10-01 06:00:00,559.4,5.0,0
2022-10-01 07:00:00,560.0,5.4,0
2022-10-01 08:00:00,535.2,5.8,0
2022-10-01 09:00:00,502.1,7.3,0
2022-10-01 10:00:00,516.6,8.0,0
2022-10-01 11:00:00,504.1,9.6,0
2022-10-01 12:00:00,511.1,11.6,0
2022-10-01 13:00:00,508.0,12.4,0
2022-10-01 14:00:00,492.9,11.6,0
2022-10-01 15:00:00,500.7,11.2,0
2022-10-01 16:00:00,536.5,12.0,0
2022-10-01 17:00:00,562.7,11.5,0
2022-10-01 18:00:00,583.0,10.3,0
2022-10-01 19:00:00,577.5,9.5,0
2022-10-01 20:00:00,553.5,9.1,0
2022-10-01 21:00:00,502.9,8.4,0
2022-10-01 22:00:00,494.3,8.1,0
2022-10-01 23:00:00,485.1,6.5,0
2022-10-02 00:00:00,487.1,5.3,0
2022-10-02 01:00:00,514.0,4.6,0
2022-10-02 02:00:00,505.0,4.3,0
2022-10-02 03:00:00,539.4,2.4,0
2022-10-02 04:00:00,561.7,2.5,0
2022-10-02 05:00:00,588.1,1.9,0
2022-10-02 06:00:00,587.7,3.9,0
2022-10-02 07:00:00,609.8,6.3,0
2022-10-02 08:00:00,605.5,8.9,0
2022-10-02 09:00:00,576.0,10.7,0
2022-10-02 10:00:00,539.4,11.3,0
2022-10-02 11:00:00,506.9,13.2,0
2022-10-02 12:00:00,504.7,13.9,0
2022-10-02 13:00:00,506.0,15.1,0
2022-10-02 14:00:00,499.2,14.7,0
2022-10-02 15:00:00,515.1,14.4,0
2022-10-02 16:00:00,546.7,14.7,0
2022-10-02 17:00:00,572.4,15.9,0
2022-10-02 18:00:00,593.9,15.2,0
2022-10-02 19:00:00,578.2,16.4,0
2022-10-02 20:00:00,545.0,17.8,0
2022-10-02 21:00:00,520.0,15.5,0
2022-10-02 22:00:00,496.2,14.3,0
2022-10-02 23:00:00,479.3,12.4,0
2022-10-03 00:00:00,547.3,11.2,0
2022-10-03 01:00:00,536.2,10.0,0
2022-10-03 02:00:00,538.8,9.5,0
2022-10-03 03:00:00,532.1,10.2,0
2022-10-03 04:00:00,524.0,11.1,0
2022-10-03 05:00:00,552.5,11.7,0
2022-10-03 06:00:00,594.6,12.2,0
2022-10-03 07:00:00,613.6,13.0,0
2022-10-03 08:00:00,627.3,14.0,0
2022-10-03 09:00:00,659.6,15.5,0
2022-10-03 10:00:00,613.2,16.4,0
2022-10-03 11:00:00,582.2,17.7,0
2022-10-03 12:00:00,573.3,17.3,0
2022-10-03 13:00:00,564.7,18.5,0
2022-10-03 14:00:00,555.0,20.4,0
2022-10-03 15:00:00,566.4,20.6,0
2022-10-03 16:00:00,594.8,19.0,0
2022-10-03 17:00:00,626.1,19.7,0
2022-10-03 18:00:00,651.9,18.7,0
2022-10-03 19:00:00,678.4,15.1,0
2022-10-03 20:00:00,657.0,13.9,0
2022-10-03 21:00:00,614.2,13.4,0
2022-10-03 22:00:00,594.6,12.6,0
2022-10-03 23:00:00,579.3,12.7,0
2022-10-04 00:00:00,520.8,12.2,0
2022-10-04 01:00:00,502.7,11.6,0
2022-10-04 02:00:00,493.2,9.3,0
2022-10-04 03:00:00,511.1,8.1,0
2022-10-04 04:00:00,535.3,8.4,0
2022-10-04 05:00:00,546.6,9.4,0
2022-10-04 06:00:00,600.5,9.1,0
2022-10-04 07:00:00,615.2,9.4,0
2022-10-04 08:00:00,614.1,10.8,0
2022-10-04 09:00:00,612.5,10.1,0
2022-10-04 10:00:00,602.0,9.5,0
2022-10-04 11:00:00,602.3,10.3,0
2022-10-04 12:00:00,559.5,11.5,0
2022-10-04 13:00:00,563.7,11.8,0
2022-10-04 14:00:00,580.7,10.3,0
2022-10-04 15:00:00,615.7,10.6,0
2022-10-04 16:00:00,629.0,9.4,0
2022-10-04 17:00:00,642.4,9.8,0
2022-10-04 18:00:00,700.4,9.2,0
2022-10-04 19:00:00,721.1,8.8,0
2022-10-04 20:00:00,710.8,8.6,0
2022-10-04 21:00:00,677.5,7.2,0
2022-10-04 22:00:00,657.6,7.0,0
2022-10-04 23:00:00,625.8,7.3,0
2022-10-05 00:00:00,567.9,6.7,0
2022-10-05 01:00:00,547.2,7.3,0
2022-10-05 02:00:00,541.5,6.4,0
2022-10-05 03:00:00,517.1,7.1,0
2022-10-05 04:00:00,518.1,7.5,0
2022-10-05 05:00:00,538.8,7.0,0
2022-10-05 06:00:00,579.3,7.6,0
2022-10-05 07:00:00,624.0,8.0,0
2022-10-05 08:00:00,651.6,8.6,0
2022-10-05 09:00:00,650.8,9.7,0
2022-10-05 10:00:00,595.3,11.8,0
2022-10-05 11:00:00,579.0,12.5,0
2022-10-05 12:00:00,571.9,13.5,0
2022-10-05 13:00:00,573.8,12.8,0
2022-10-05 14:00:00,559.5,13.4,0
2022-10-05 15:00:00,528.7,14.6,0
2022-10-05 16:00:00,570.5,15.2,0
2022-10-05 17:00:00,598.0,15.3,0
2022-10-05 18:00:00,644.5,14.2,0
2022-10-05 19:00:00,631.1,12.5,0
2022-10-05 20:00:00,629.1,11.5,0
2022-10-05 21:00:00,606.3,9.3,0
2022-10-05 22:00:00,574.9,7.2,0
2022-10-05 23:00:00,554.4,7.2,0
2022-10-06 00:00:00,536.8,5.4,0
2022-10-06 01:00:00,535.4,6.5,0
2022-10-06 02:00:00,557.7,4.9,0
2022-10-06 03:00:00,572.2,5.2,0
2022-10-06 04:00:00,598.8,4.4,0
2022-10-06 05:00:00,602.2,5.0,0
2022-10-06 06:00:00,625.8,4.8,0
2022-10-06 07:00:00,647.2,5.8,0
2022-10-06 08:00:00,646.5,6.7,0
2022-10-06 09:00:00,608.5,7.5,0
2022-10-06 10:00:00,549.4,9.1,0
2022-10-06 11:00:00,536.0,11.5,0
2022-10-06 12:00:00,529.8,11.9,0
2022-10-06 13:00:00,556.2,13.4,0
2022-10-06 14:00:00,552.2,13.9,0
2022-10-06 15:00:00,588.4,14.0,0
2022-10-06 16:00:00,616.8,15.9,0
2022-10-06 17:00:00,659.5,13.6,0
2022-10-06 18:00:00,685.0,12.4,0
2022-10-06 19:00:00,713.6,10.0,0
2022-10-06 20:00:00,700.5,8.8,0
2022-10-06 21:00:00,660.8,7.7,0
2022-10-06 22:00:00,604.1,10.2,0
2022-10-06 23:00:00,580.9,9.5,0
2022-10-07 00:00:00,537.2,10.1,0
2022-10-07 01:00:00,525.0,10.6,0
2022-10-07 02:00:00,513.6,9.7,0
2022-10-07 03:00:00,501.4,9.9,0
2022-10-07 04:00:00,503.2,11.5,0
2022-10-07 05:00:00,497.1,11.9,0
2022-10-07 06:00:00,538.3,12.6,0
2022-10-07 07:00:00,573.1,13.8,0
2022-10-07 08:00:00,542.9,13.3,0
2022-10-07 09:00:00,531.1,13.5,0
2022-10-07 10:00:00,521.4,14.8,0
2022-10-07 11:00:00,476.1,16.1,0
2022-10-07 12:00:00,486.2,16.1,0
2022-10-07 13:00:00,510.6,16.4,0
2022-10-07 14:00:00,532.3,16.6,0
2022-10-07 15:00:00,570.9,16.6,0
2022-10-07 16:00:00,600.3,17.0,0
2022-10-07 17:00:00,648.4,16.6,0
2022-10-07 18:00:00,680.0,16.1,0
2022-10-07 19:00:00,675.7,14.0,0
2022-10-07 20:00:00,659.1,12.0,0
2022-10-07 21:00:00,599.4,11.3,0
2022-10-07 22:00:00,566.3,8.8,0
2022-10-07 23:00:00,573.2,8.1,0
2022-10-08 00:00:00,502.9,6.6,0
2022-10-08 01:00:00,489.7,5.3,0
2022-10-08 02:00:00,455.6,5.5,0
2022-10-08 03:00:00,435.6,4.8,0
2022-10-08 04:00:00,481.0,4.3,0
2022-10-08 05:00:00,515.9,4.1,0
2022-10-08 06:00:00,572.9,4.9,0
2022-10-08 07:00:00,588.2,8.3,0
2022-10-08 08:00:00,636.1,7.4,0
2022-10-08 09:00:00,623.0,8.5,0
2022-10-08 10:00:00,576.4,9.4,0
2022-10-08 11:00:00,530.6,11.3,0
2022-10-08 12:00:00,527.6,11.8,0
2022-10-08 13:00:00,504.5,10.3,0
2022-10-08 14:00:00,509.9,12.0,0
2022-10-08 15:00:00,525.2,11.3,0
2022-10-08 16:00:00,576.6,11.2,0
2022-10-08 17:00:00,607.7,9.7,0
2022-10-08 18:00:00,628.5,8.2,0
2022-10-08 19:00:00,653.7,7.1,0
2022-10-08 20:00:00,576.8,7.1,0
2022-10-08 21:00:00,568.3,6.9,0
2022-10-08 22:00:00,557.8,5.5,0
2022-10-08 23:00:00,532.3,5.1,0
2022-10-09 00:00:00,519.5,3.9,0
2022-10-09 01:00:00,505.5,3.4,0
2022-10-09 02:00:00,510.2,3.3,0
2022-10-09 03:00:00,504.2,3.8,0
2022-10-09 04:00:00,529.4,3.5,0
2022-10-09 05:00:00,530.4,3.9,0
2022-10-09 06:00:00,542.4,4.8,0
2022-10-09 07:00:00,594.3,5.8,0
2022-10-09 08:00:00,607.2,6.1,0
2022-10-09 09:00:00,572.0,8.8,0
2022-10-09 10:00:00,531.4,9.5,0
2022-10-09 11:00:00,492.7,11.2,0
2022-10-09 12:00:00,480.6,12.2,0
2022-10-09 13:00:00,452.7,14.0,0
2022-10-09 14:00:00,471.9,12.4,0
2022-10-09 15:00:00,484.5,14.5,0
2022-10-09 16:00:00,489.9,14.1,0
2022-10-09 17:00:00,540.1,12.6,0
2022-10-09 18:00:00,592.8,12.2,0
2022-10-09 19:00:00,582.2,13.4,0
2022-10-09 20:00:00,560.9,12.8,0
2022-10-09 21:00:00,545.7,10.7,0
2022-10-09 22:00:00,516.3,9.2,0
2022-10-09 23:00:00,468.7,9.4,0
2022-10-10 00:00:00,520.3,7.1,0
2022-10-10 01:00:00,515.7,6.4,0
2022-10-10 02:00:00,509.4,5.7,0
2022-10-10 03:00:00,520.7,7.5,0
2022-10-10 04:00:00,535.6,7.4,0
2022-10-10 05:00:00,534.9,8.9,0
2022-10-10 06:00:00,559.0,8.9,0
2022-10-10 07:00:00,618.0,8.9,0
2022-10-10 08:00:00,631.2,10.8,0
2022-10-10 09:00:00,585.2,12.3,0
2022-10-10 10:00:00,582.2,11.7,0
2022-10-10 11:00:00,547.4,13.3,0
2022-10-10 12:00:00,523.4,14.6,0
2022-10-10 13:00:00,542.3,14.7,0
2022-10-10 14:00:00,561.0,15.2,0
2022-10-10 15:00:00,565.2,15.6,0
2022-10-10 16:00:00,597.0,15.0,0
2022-10-10 17:00:00,644.1,14.0,0
2022-10-10 18:00:00,668.7,12.8,0
2022-10-10 19:00:00,679.8,11.7,0
2022-10-10 20:00:00,657.4,9.6,0
2022-10-10 21:00:00,651.5,8.5,0
2022-10-10 22:00:00,659.3,6.2,0
2022-10-10 23:00:00,627.7,5.4,0
2022-10-11 00:00:00,572.1,4.4,0
2022-10-11 01:00:00,570.5,2.9,0
2022-10-11 02:00:00,573.0,3.4,0
2022-10-11 03:00:00,556.9,5.1,0
2022-10-11 04:00:00,552.1,6.4,0
2022-10-11 05:00:00,585.3,5.6,0
2022-10-11 06:00:00,575.7,7.4,0
2022-10-11 07:00:00,599.8,8.4,0
2022-10-11 08:00:00,609.1,9.3,0
2022-10-11 09:00:00,593.2,9.8,0
2022-10-11 10:00:00,584.6,10.8,0
2022-10-11 11:00:00,543.3,13.0,0
2022-10-11 12:00:00,519.2,14.3,0
2022-10-11 13:00:00,532.0,14.5,0
2022-10-11 14:00:00,552.5,14.3,0
2022-10-11 15:00:00,574.0,14.1,0
2022-10-11 16:00:00,607.3,14.4,0
2022-10-11 17:00:00,645.8,15.7,0
2022-10-11 18:00:00,674.0,14.0,0
2022-10-11 19:00:00,658.5,13.2,0
2022-10-11 20:00:00,655.9,11.8,0
2022-10-11 21:00:00,662.1,10.1,0
2022-10-11 22:00:00,633.2,9.4,0
2022-10-11 23:00:00,603.7,8.9,0
2022-10-12 00:00:00,597.5,6.6,0
2022-10-12 01:00:00,603.2,5.0,0
2022-10-12 02:00:00,567.3,5.8,0
2022-10-12 03:00:00,558.7,5.9,0
2022-10-12 04:00:00,551.1,6.5,0
2022-10-12 05:00:00,590.5,6.4,0
2022-10-12 06:00:00,594.9,6.7,0
2022-10-12 07:00:00,634.8,8.0,0
2022-10-12 08:00:00,631.6,8.5,0
2022-10-12 09:00:00,630.6,8.5,0
2022-10-12 10:00:00,595.7,9.6,0
2022-10-12 11:00:00,570.6,11.4,0
2022-10-12 12:00:00,576.6,11.3,0
2022-10-12 13:00:00,571.4,12.9,0
2022-10-12 14:00:00,551.2,14.0,0
2022-10-12 15:00:00,569.6,13.3,0
2022-10-12 16:00:00,604.4,13.2,0
2022-10-12 17:00:00,670.8,12.8,0
2022-10-12 18:00:00,680.2,12.7,0
2022-10-12 19:00:00,671.8,12.5,0
2022-10-12 20:00:00,647.7,10.3,0
2022-10-12 21:00:00,630.4,8.1,0
2022-10-12 22:00:00,610.9,8.0,0
2022-10-12 23:00:00,580.0,7.2,0
2022-10-13 00:00:00,571.1,6.6,0
2022-10-13 01:00:00,580.5,6.2,0
2022-10-13 02:00:00,569.7,7.2,0
2022-10-13 03:00:00,582.5,5.9,0
2022-10-13 04:00:00,613.6,7.0,0
2022-10-13 05:00:00,609.1,6.7,0
2022-10-13 06:00:00,613.1,7.9,0
2022-10-13 07:00:00,656.9,9.9,0
2022-10-13 08:00:00,644.3,9.6,0
2022-10-13 09:00:00,630.3,10.9,0
2022-10-13 10:00:00,600.0,11.7,0
2022-10-13 11:00:00,558.7,12.4,0
2022-10-13 12:00:00,528.0,13.2,0
2022-10-13 13:00:00,527.3,12.9,0
2022-10-13 14:00:00,545.9,12.4,0
2022-10-13 15:00:00,572.7,13.2,0
2022-10-13 16:00:00,611.4,13.8,0
2022-10-13 17:00:00,649.0,12.9,0
2022-10-13 18:00:00,681.8,11.0,0
2022-10-13 19:00:00,682.5,12.2,0
2022-10-13 20:00:00,645.9,12.2,0
2022-10-13 21:00:00,593.8,11.5,0
2022-10-13 22:00:00,592.6,9.4,0
2022-10-13 23:00:00,550.5,7.9,0
2022-10-14 00:00:00,534.2,7.1,0
2022-10-14 01:00:00,561.2,5.6,0
2022-10-14 02:00:00,521.7,6.6,0
2022-10-14 03:00:00,488.4,6.6,0
2022-10-14 04:00:00,490.7,7.0,0
2022-10-14 05:00:00,534.3,6.5,0
2022-10-14 06:00:00,559.7,6.3,0
2022-10-14 07:00:00,613.6,6.4,0
2022-10-14 08:00:00,631.6,7.7,0
2022-10-14 09:00:00,605.0,8.5,0
2022-10-14 10:00:00,596.5,9.3,0
2022-10-14 11:00:00,545.6,10.6,0
2022-10-14 12:00:00,524.8,11.6,0
2022-10-14 13:00:00,522.4,13.6,0
2022-10-14 14:00:00,555.2,13.8,0
2022-10-14 15:00:00,590.4,13.0,0
2022-10-14 16:00:00,643.2,12.9,0
2022-10-14 17:00:00,643.5,13.8,0
2022-10-14 18:00:00,721.5,12.6,0
2022-10-14 19:00:00,700.2,11.8,0
2022-10-14 20:00:00,683.0,10.5,0
2022-10-14 21:00:00,672.0,9.8,0
2022-10-14 22:00:00,644.8,9.0,0
2022-10-14 23:00:00,647.4,7.3,0
2022-10-15 00:00:00,524.9,6.1,0
2022-10-15 01:00:00,488.6,6.3,0
2022-10-15 02:00:00,467.1,6.9,0
2022-10-15 03:00:00,452.1,7.5,0
2022-10-15 04:00:00,459.8,8.3,0
2022-10-15 05:00:00,479.3,8.3,0
2022-10-15 06:00:00,492.9,8.6,0
2022-10-15 07:00:00,519.9,10.2,0
2022-10-15 08:00:00,517.3,10.0,0
2022-10-15 09:00:00,502.4,10.9,0
2022-10-15 10:00:00,501.7,10.3,0
2022-10-15 11:00:00,469.2,10.9,0
2022-10-15 12:00:00,462.7,11.1,0
2022-10-15 13:00:00,479.6,10.7,0
2022-10-15 14:00:00,508.6,11.7,0
2022-10-15 15:00:00,548.8,11.2,0
2022-10-15 16:00:00,591.3,10.8,0
2022-10-15 17:00:00,630.2,10.2,0
2022-10-15 18:00:00,634.6,9.0,0
2022-10-15 19:00:00,614.9,9.5,0
2022-10-15 20:00:00,589.2,8.2,0
2022-10-15 21:00:00,556.1,7.4,0
2022-10-15 22:00:00,546.6,5.3,0
2022-10-15 23:00:00,527.4,4.0,0
2022-10-16 00:00:00,500.5,2.8,0
2022-10-16 01:00:00,522.8,1.9,0
2022-10-16 02:00:00,518.0,1.1,0
2022-10-16 03:00:00,487.0,1.2,0
2022-10-16 04:00:00,482.6,2.9,0
2022-10-16 05:00:00,507.2,3.2,0
2022-10-16 06:00:00,533.4,3.8,0
2022-10-16 07:00:00,598.0,4.4,0
2022-10-16 08:00:00,594.9,7.7,0
2022-10-16 09:00:00,593.2,10.1,0
2022-10-16 10:00:00,546.4,11.6,0
2022-10-16 11:00:00,526.0,13.2,0
2022-10-16 12:00:00,510.6,13.3,0
2022-10-16 13:00:00,499.3,13.8,0
2022-10-16 14:00:00,488.2,14.3,0
2022-10-16 15:00:00,510.9,14.5,0
2022-10-16 16:00:00,513.0,13.6,0
2022-10-16 17:00:00,573.0,12.5,0
2022-10-16 18:00:00,642.8,12.3,0
2022-10-16 19:00:00,661.5,11.7,0
2022-10-16 20:00:00,612.8,8.9,0
2022-10-16 21:00:00,586.3,7.9,0
2022-10-16 22:00:00,538.8,8.1,0
2022-10-16 23:00:00,521.5,6.5,0
2022-10-17 00:00:00,551.0,5.7,0
2022-10-17 01:00:00,580.7,3.8,0
2022-10-17 02:00:00,578.0,4.2,0
2022-10-17 03:00:00,571.3,3.1,0
2022-10-17 04:00:00,600.6,2.2,0
2022-10-17 05:00:00,621.9,2.4,0
2022-10-17 06:00:00,654.3,5.2,0
2022-10-17 07:00:00,649.2,5.5,0
2022-10-17 08:00:00,661.5,5.4,0
2022-10-17 09:00:00,625.9,6.9,0
2022-10-17 10:00:00,597.9,8.2,0
2022-10-17 11:00:00,529.4,10.7,0
2022-10-17 12:00:00,512.3,10.4,0
2022-10-17 13:00:00,522.8,9.7,0
2022-10-17 14:00:00,528.2,9.9,0
2022-10-17 15:00:00,539.0,10.5,0
2022-10-17 16:00:00,576.4,10.7,0
2022-10-17 17:00:00,606.0,11.3,0
2022-10-17 18:00:00,635.7,9.4,0
2022-10-17 19:00:00,653.1,7.9,0
2022-10-17 20:00:00,647.1,6.9,0
2022-10-17 21:00:00,625.9,6.7,0
2022-10-17 22:00:00,575.6,6.2,0
2022-10-17 23:00:00,569.2,4.9,0
2022-10-18 00:00:00,576.7,3.0,0
2022-10-18 01:00:00,543.0,3.3,0
2022-10-18 02:00:00,537.9,3.8,0
2022-10-18 03:00:00,510.9,6.0,0
2022-10-18 04:00:00,544.7,6.0,0
2022-10-18 05:00:00,572.3,7.8,0
2022-10-18 06:00:00,609.6,7.3,0
2022-10-18 07:00:00,625.4,7.6,0
2022-10-18 08:00:00,611.2,7.9,0
2022-10-18 09:00:00,596.8,8.5,0
2022-10-18 10:00:00,567.9,8.8,0
2022-10-18 11:00:00,551.8,9.3,0
2022-10-18 12:00:00,563.5,10.1,0
2022-10-18 13:00:00,589.0,10.4,0
2022-10-18 14:00:00,589.3,11.5,0
2022-10-18 15:00:00,605.2,11.6,0
2022-10-18 16:00:00,630.1,11.5,0
2022-10-18 17:00:00,660.5,12.4,0
2022-10-18 18:00:00,678.5,12.0,0
2022-10-18 19:00:00,707.9,11.3,0
2022-10-18 20:00:00,671.5,10.3,0
2022-10-18 21:00:00,642.1,9.3,0
2022-10-18 22:00:00,601.3,8.8,0
2022-10-18 23:00:00,608.6,7.1,0
2022-10-19 00:00:00,594.6,7.0,0
2022-10-19 01:00:00,579.2,7.8,0
2022-10-19 02:00:00,560.1,8.3,0
2022-10-19 03:00:00,557.6,7.6,0
2022-10-19 04:00:00,583.0,6.3,0
2022-10-19 05:00:00,592.2,6.2,0
2022-10-19 06:00:00,639.4,7.0,0
2022-10-19 07:00:00,675.6,8.5,0
2022-10-19 08:00:00,688.4,9.2,0
2022-10-19 09:00:00,678.0,9.9,0
2022-10-19 10:00:00,625.7,12.3,0
2022-10-19 11:00:00,624.5,12.6,0
2022-10-19 12:00:00,570.8,14.3,0
2022-10-19 13:00:00,550.0,15.6,0
2022-10-19 14:00:00,589.9,14.7,0
2022-10-19 15:00:00,595.2,15.1,0
2022-10-19 16:00:00,609.6,14.4,0
2022-10-19 17:00:00,621.0,13.1,0
2022-10-19 18:00:00,677.1,10.8,0
2022-10-19 19:00:00,711.7,8.6,0
2022-10-19 20:00:00,692.1,8.0,0
2022-10-19 21:00:00,639.5,6.7,0
2022-10-19 22:00:00,615.3,6.0,0
2022-10-19 23:00:00,602.1,4.1,0
2022-10-20 00:00:00,594.4,2.9,0
2022-10-20 01:00:00,615.7,2.1,0
2022-10-20 02:00:00,629.4,0.4,0
2022-10-20 03:00:00,648.4,-1.1,0
2022-10-20 04:00:00,669.3,-0.4,0
2022-10-20 05:00:00,701.9,0.3,0
2022-10-20 06:00:00,703.1,0.2,0
2022-10-20 07:00:00,722.9,1.1,0
2022-10-20 08:00:00,693.5,2.8,0
2022-10-20 09:00:00,646.0,5.6,0
2022-10-20 10:00:00,643.6,6.0,0
2022-10-20 11:00:00,589.4,7.6,0
2022-10-20 12:00:00,554.6,10.4,0
2022-10-20 13:00:00,569.1,11.1,0
2022-10-20 14:00:00,572.9,12.8,0
2022-10-20 15:00:00,576.8,10.6,0
2022-10-20 16:00:00,602.0,11.8,0
2022-10-20 17:00:00,637.8,11.4,0
2022-10-20 18:00:00,665.2,9.1,0
2022-10-20 19:00:00,702.8,9.1,0
2022-10-20 20:00:00,677.9,9.1,0
2022-10-20 21:00:00,641.5,9.1,0
2022-10-20 22:00:00,624.0,9.1,0
2022-10-20 23:00:00,608.9,8.1,0
2022-10-21 00:00:00,559.9,6.3,0
2022-10-21 01:00:00,560.0,5.3,0
2022-10-21 02:00:00,563.0,4.8,0
2022-10-21 03:00:00,561.4,5.0,0
2022-10-21 04:00:00,590.4,4.7,0
2022-10-21 05:00:00,618.7,5.1,0
2022-10-21 06:00:00,639.1,6.5,0
2022-10-21 07:00:00,650.2,7.6,0
2022-10-21 08:00:00,638.6,10.6,0
2022-10-21 09:00:00,644.6,13.4,0
2022-10-21 10:00:00,591.7,13.3,0
2022-10-21 11:00:00,586.4,13.6,0
2022-10-21 12:00:00,577.9,13.2,0
2022-10-21 13:00:00,561.5,12.7,0
2022-10-21 14:00:00,564.1,13.6,0
2022-10-21 15:00:00,595.9,12.8,0
2022-10-21 16:00:00,608.1,11.7,0
2022-10-21 17:00:00,651.1,11.1,0
2022-10-21 18:00:00,683.8,11.2,0
2022-10-21 19:00:00,676.5,10.0,0
2022-10-21 20:00:00,666.7,8.7,0
2022-10-21 21:00:00,656.7,8.5,0
2022-10-21 22:00:00,629.6,7.9,0
2022-10-21 23:00:00,596.5,7.3,0
2022-10-22 00:00:00,470.8,7.1,0
2022-10-22 01:00:00,451.9,5.5,0
2022-10-22 02:00:00,470.4,5.3,0
2022-10-22 03:00:00,477.9,4.5,0
2022-10-22 04:00:00,480.7,5.6,0
2022-10-22 05:00:00,494.0,6.6,0
2022-10-22 06:00:00,521.2,6.3,0
2022-10-22 07:00:00,566.2,8.3,0
2022-10-22 08:00:00,591.8,8.1,0
2022-10-22 09:00:00,591.2,10.2,0
2022-10-22 10:00:00,539.2,11.3,0
2022-10-22 11:00:00,526.3,11.4,0
2022-10-22 12:00:00,522.2,11.2,0
2022-10-22 13:00:00,495.4,11.6,0
2022-10-22 14:00:00,487.9,12.0,0
2022-10-22 15:00:00,501.2,11.5,0
2022-10-22 16:00:00,551.2,11.8,0
2022-10-22 17:00:00,600.3,10.2,0
2022-10-22 18:00:00,616.5,9.6,0
2022-10-22 19:00:00,635.4,8.8,0
2022-10-22 20:00:00,623.5,6.2,0
2022-10-22 21:00:00,598.7,5.5,0
2022-10-22 22:00:00,587.9,3.5,0
2022-10-22 23:00:00,589.3,0.4,0
2022-10-23 00:00:00,585.5,-1.0,0
2022-10-23 01:00:00,583.4,-1.7,0
2022-10-23 02:00:00,531.2,-1.1,0
2022-10-23 03:00:00,539.1,-1.5,0
2022-10-23 04:00:00,558.8,0.1,0
2022-10-23 05:00:00,526.0,1.9,0
2022-10-23 06:00:00,560.5,3.6,0
2022-10-23 07:00:00,575.8,5.6,0
2022-10-23 08:00:00,561.2,6.9,0
2022-10-23 09:00:00,556.1,7.4,0
2022-10-23 10:00:00,510.7,9.0,0
2022-10-23 11:00:00,461.2,10.9,0
2022-10-23 12:00:00,459.3,11.9,0
2022-10-23 13:00:00,466.5,12.2,0
2022-10-23 14:00:00,457.5,11.2,0
2022-10-23 15:00:00,474.9,12.0,0
2022-10-23 16:00:00,515.4,12.1,0
2022-10-23 17:00:00,542.3,10.6,0
2022-10-23 18:00:00,596.9,10.0,0
2022-10-23 19:00:00,591.7,9.9,0
2022-10-23 20:00:00,589.0,8.8,0
2022-10-23 21:00:00,571.0,8.5,0
2022-10-23 22:00:00,528.7,8.1,0
2022-10-23 23:00:00,537.4,5.8,0
2022-10-24 00:00:00,578.2,4.5,0
2022-10-24 01:00:00,576.6,4.3,0
2022-10-24 02:00:00,556.5,4.7,0
2022-10-24 03:00:00,560.8,5.8,0
2022-10-24 04:00:00,596.5,4.1,0
2022-10-24 05:00:00,636.4,4.5,0
2022-10-24 06:00:00,664.3,5.7,0
2022-10-24 07:00:00,646.0,7.6,0
2022-10-24 08:00:00,629.7,10.0,0
2022-10-24 09:00:00,629.6,10.1,0
2022-10-24 10:00:00,620.3,10.8,0
2022-10-24 11:00:00,585.3,10.7,0
2022-10-24 12:00:00,562.6,12.2,0
2022-10-24 13:00:00,567.2,11.6,0
2022-10-24 14:00:00,564.7,13.1,0
2022-10-24 15:00:00,596.2,14.0,0
2022-10-24 16:00:00,607.7,14.2,0
2022-10-24 17:00:00,660.7,11.8,0
2022-10-24 18:00:00,677.7,10.5,0
2022-10-24 19:00:00,686.6,10.4,0
2022-10-24 20:00:00,665.3,8.1,0
2022-10-24 21:00:00,639.3,6.9,0
2022-10-24 22:00:00,635.1,5.8,0
2022-10-24 23:00:00,599.6,5.6,0
2022-10-25 00:00:00,571.6,4.9,0
2022-10-25 01:00:00,576.3,4.5,0
2022-10-25 02:00:00,573.7,3.7,0
2022-10-25 03:00:00,569.5,3.5,0
2022-10-25 04:00:00,580.6,3.5,0
2022-10-25 05:00:00,579.6,4.6,0
2022-10-25 06:00:00,621.7,5.0,0
2022-10-25 07:00:00,646.3,6.8,0
2022-10-25 08:00:00,691.7,6.2,0
2022-10-25 09:00:00,665.3,8.3,0
2022-10-25 10:00:00,650.5,9.1,0
2022-10-25 11:00:00,601.0,11.1,0
2022-10-25 12:00:00,586.0,11.9,0
2022-10-25 13:00:00,557.3,13.3,0
2022-10-25 14:00:00,563.3,14.9,0
2022-10-25 15:00:00,577.7,14.5,0
2022-10-25 16:00:00,624.0,14.3,0
2022-10-25 17:00:00,625.7,13.7,0
2022-10-25 18:00:00,652.0,13.1,0
2022-10-25 19:00:00,663.6,10.8,0
2022-10-25 20:00:00,662.2,9.6,0
2022-10-25 21:00:00,627.2,8.3,0
2022-10-25 22:00:00,606.9,6.6,0
2022-10-25 23:00:00,619.6,5.4,0
2022-10-26 00:00:00,594.4,3.0,0
2022-10-26 01:00:00,571.4,3.7,0
2022-10-26 02:00:00,582.4,3.7,0
2022-10-26 03:00:00,530.9,5.2,0
2022-10-26 04:00:00,559.7,4.5,0
2022-10-26 05:00:00,598.0,3.8,0
2022-10-26 06:00:00,625.8,4.7,0
2022-10-26 07:00:00,634.9,4.0,0
2022-10-26 08:00:00,621.3,5.2,0
2022-10-26 09:00:00,608.0,5.7,0
2022-10-26 10:00:00,578.5,6.4,0
2022-10-26 11:00:00,568.6,7.7,0
2022-10-26 12:00:00,548.3,8.6,0
2022-10-26 13:00:00,557.7,10.9,0
2022-10-26 14:00:00,560.9,11.9,0
2022-10-26 15:00:00,598.1,10.8,0
2022-10-26 16:00:00,613.6,11.6,0
2022-10-26 17:00:00,650.6,10.0,0
2022-10-26 18:00:00,687.2,9.4,0
2022-10-26 19:00:00,717.0,7.5,0
2022-10-26 20:00:00,696.5,5.9,0
2022-10-26 21:00:00,680.0,6.1,0
2022-10-26 22:00:00,655.5,4.6,0
2022-10-26 23:00:00,672.0,3.1,0
2022-10-27 00:00:00,623.5,1.6,0
2022-10-27 01:00:00,615.4,0.8,0
2022-10-27 02:00:00,605.3,1.7,0
2022-10-27 03:00:00,614.3,0.6,0
2022-10-27 04:00:00,625.3,-0.3,0
2022-10-27 05:00:00,646.7,0.7,0
2022-10-27 06:00:00,700.1,-0.0,0
2022-10-27 07:00:00,712.0,0.6,0
2022-10-27 08:00:00,712.4,2.7,0
2022-10-27 09:00:00,684.5,3.8,0
2022-10-27 10:00:00,644.7,4.5,0
2022-10-27 11:00:00,641.5,5.0,0
2022-10-27 12:00:00,616.2,5.1,0
2022-10-27 13:00:00,603.3,5.3,0
2022-10-27 14:00:00,618.1,6.0,0
2022-10-27 15:00:00,609.4,7.4,0
2022-10-27 16:00:00,621.3,8.2,0
2022-10-27 17:00:00,663.4,7.4,0
2022-10-27 18:00:00,703.3,6.2,0
2022-10-27 19:00:00,721.8,6.1,0
2022-10-27 20:00:00,720.5,3.5,0
2022-10-27 21:00:00,690.3,2.2,0
2022-10-27 22:00:00,654.6,1.1,0
2022-10-27 23:00:00,656.2,-0.8,0
2022-10-28 00:00:00,637.8,-2.5,0
2022-10-28 01:00:00,651.6,-2.7,0
2022-10-28 02:00:00,642.5,-4.4,0
2022-10-28 03:00:00,630.3,-5.1,0
2022-10-28 04:00:00,625.2,-5.3,0
2022-10-28 05:00:00,648.7,-4.6,0
2022-10-28 06:00:00,704.2,-5.0,0
2022-10-28 07:00:00,738.8,-2.9,0
2022-10-28 08:00:00,718.3,-2.0,0
2022-10-28 09:00:00,708.7,-1.0,0
2022-10-28 10:00:00,673.6,-0.1,0
2022-10-28 11:00:00,677.4,0.5,0
2022-10-28 12:00:00,667.8,0.7,0
2022-10-28 13:00:00,665.6,2.6,0
2022-10-28 14:00:00,659.2,3.4,0
2022-10-28 15:00:00,689.3,3.6,0
2022-10-28 16:00:00,709.7,4.5,0
2022-10-28 17:00:00,737.0,3.7,0
2022-10-28 18:00:00,770.4,3.7,0
2022-10-28 19:00:00,767.1,3.1,0
2022-10-28 20:00:00,723.6,1.5,0
2022-10-28 21:00:00,693.6,1.3,0
2022-10-28 22:00:00,673.4,-1.0,0
2022-10-28 23:00:00,669.7,-1.2,0
2022-10-29 00:00:00,616.0,-2.8,0
2022-10-29 01:00:00,609.1,-2.9,0
2022-10-29 02:00:00,593.7,-2.0,0
2022-10-29 03:00:00,563.5,-1.5,0
2022-10-29 04:00:00,566.5,-1.8,0
2022-10-29 05:00:00,577.6,-1.3,0
2022-10-29 06:00:00,639.0,-0.9,0
2022-10-29 07:00:00,660.9,-1.0,0
2022-10-29 08:00:00,678.0,-0.9,0
2022-10-29 09:00:00,627.7,0.3,0
2022-10-29 10:00:00,586.3,2.0,0
2022-10-29 11:00:00,579.2,1.5,0
2022-10-29 12:00:00,558.0,2.5,0
2022-10-29 13:00:00,541.0,3.7,0
2022-10-29 14:00:00,553.3,4.4,0
2022-10-29 15:00:00,589.5,3.7,0
2022-10-29 16:00:00,592.4,4.7,0
2022-10-29 17:00:00,624.2,3.3,0
2022-10-29 18:00:00,662.1,3.4,0
2022-10-29 19:00:00,670.8,4.2,0
2022-10-29 20:00:00,656.5,1.5,0
2022-10-29 21:00:00,644.8,0.8,0
2022-10-29 22:00:00,600.4,0.2,0
2022-10-29 23:00:00,590.1,-0.5,0
2022-10-30 00:00:00,596.0,-2.1,0
2022-10-30 01:00:00,569.9,-2.9,0
2022-10-30 02:00:00,586.8,-4.4,0
2022-10-30 03:00:00,584.3,-4.2,0
2022-10-30 04:00:00,570.5,-3.5,0
2022-10-30 05:00:00,613.0,-3.5,0
2022-10-30 06:00:00,633.7,-3.6,0
2022-10-30 07:00:00,650.5,-3.0,0
2022-10-30 08:00:00,639.6,-1.9,0
2022-10-30 09:00:00,633.8,-0.6,0
2022-10-30 10:00:00,615.9,0.5,0
2022-10-30 11:00:00,606.1,1.7,0
2022-10-30 12:00:00,590.1,1.5,0
2022-10-30 13:00:00,593.2,-0.1,0
2022-10-30 14:00:00,612.6,1.1,0
2022-10-30 15:00:00,601.9,2.7,0
2022-10-30 16:00:00,657.4,1.5,0
2022-10-30 17:00:00,723.9,0.7,0
2022-10-30 18:00:00,754.3,0.5,0
2022-10-30 19:00:00,715.0,0.8,0
2022-10-30 20:00:00,677.0,0.5,0
2022-10-30 21:00:00,629.6,0.8,0
2022-10-30 22:00:00,627.0,-0.2,0
2022-10-30 23:00:00,600.5,-0.7,0
2022-10-31 00:00:00,646.8,-1.2,0
2022-10-31 01:00:00,651.3,-2.2,0
2022-10-31 02:00:00,634.7,-1.4,0
2022-10-31 03:00:00,626.1,-0.9,0
2022-10-31 04:00:00,611.0,0.1,0
2022-10-31 05:00:00,656.5,0.2,0
2022-10-31 06:00:00,668.7,1.7,0
2022-10-31 07:00:00,720.5,1.6,0
2022-10-31 08:00:00,699.3,2.9,0
2022-10-31 09:00:00,679.3,1.7,0
2022-10-31 10:00:00,683.3,1.9,0
2022-10-31 11:00:00,624.6,3.6,0
2022-10-31 12:00:00,610.9,4.1,0
2022-10-31 13:00:00,595.3,5.0,0
2022-10-31 14:00:00,613.4,4.1,0
2022-10-31 15:00:00,614.8,5.7,0
2022-10-31 16:00:00,627.8,6.1,0
2022-10-31 17:00:00,652.9,5.8,0
2022-10-31 18:00:00,689.8,5.6,0
2022-10-31 19:00:00,689.5,5.1,0
2022-10-31 20:00:00,696.9,5.4,0
2022-10-31 21:00:00,672.1,4.5,0
2022-10-31 22:00:00,687.2,2.2,0
2022-10-31 23:00:00,667.4,1.0,0
2022-11-01 00:00:00,636.7,1.2,0
2022-11-01 01:00:00,613.5,1.1,0
2022-11-01 02:00:00,597.9,0.3,0
2022-11-01 03:00:00,589.7,0.7,0
2022-11-01 04:00:00,596.4,0.9,0
2022-11-01 05:00:00,651.9,1.8,0
2022-11-01 06:00:00,665.8,1.0,0
2022-11-01 07:00:00,683.9,1.0,0
2022-11-01 08:00:00,693.2,2.6,0
2022-11-01 09:00:00,675.0,3.5,0
2022-11-01 10:00:00,644.2,4.8,0
2022-11-01 11:00:00,610.6,7.5,0
2022-11-01 12:00:00,588.9,8.0,0
2022-11-01 13:00:00,566.9,8.9,0
2022-11-01 14:00:00,555.8,8.7,0
2022-11-01 15:00:00,583.8,8.3,0
2022-11-01 16:00:00,629.9,8.1,0
2022-11-01 17:00:00,684.3,6.4,0
2022-11-01 18:00:00,751.0,3.9,0
2022-11-01 19:00:00,736.4,4.4,0
2022-11-01 20:00:00,726.7,3.4,0
2022-11-01 21:00:00,676.8,3.4,0
2022-11-01 22:00:00,625.8,2.5,0
2022-11-01 23:00:00,629.7,1.7,0
2022-11-02 00:00:00,591.6,1.2,0
2022-11-02 01:00:00,595.0,1.2,0
2022-11-02 02:00:00,596.0,-0.2,0
2022-11-02 03:00:00,562.1,0.7,0
2022-11-02 04:00:00,574.6,-0.1,0
2022-11-02 05:00:00,594.7,0.5,0
2022-11-02 06:00:00,590.6,3.4,0
2022-11-02 07:00:00,615.6,4.2,0
2022-11-02 08:00:00,623.7,6.6,0
2022-11-02 09:00:00,617.2,7.2,0
2022-11-02 10:00:00,597.3,8.7,0
2022-11-02 11:00:00,569.8,9.6,0
2022-11-02 12:00:00,540.8,10.7,0
2022-11-02 13:00:00,528.3,10.4,0
2022-11-02 14:00:00,511.6,9.9,0
2022-11-02 15:00:00,550.6,10.3,0
2022-11-02 16:00:00,618.8,8.7,0
2022-11-02 17:00:00,650.1,7.5,0
2022-11-02 18:00:00,664.3,7.5,0
2022-11-02 19:00:00,670.5,6.1,0
2022-11-02 20:00:00,678.1,4.3,0
2022-11-02 21:00:00,672.0,2.3,0
2022-11-02 22:00:00,650.4,1.5,0
2022-11-02 23:00:00,647.1,0.2,0
2022-11-03 00:00:00,595.3,-0.6,0
2022-11-03 01:00:00,599.6,-1.4,0
2022-11-03 02:00:00,578.6,-0.1,0
2022-11-03 03:00:00,597.4,-0.6,0
2022-11-03 04:00:00,620.0,-2.2,0
2022-11-03 05:00:00,632.4,-1.6,0
2022-11-03 06:00:00,664.1,-0.9,0
2022-11-03 07:00:00,727.0,0.1,0
2022-11-03 08:00:00,732.0,-0.3,0
2022-11-03 09:00:00,731.2,1.8,0
2022-11-03 10:00:00,677.9,2.9,0
2022-11-03 11:00:00,644.9,3.9,0
2022-11-03 12:00:00,620.3,3.3,0
2022-11-03 13:00:00,628.0,4.5,0
2022-11-03 14:00:00,630.5,4.9,0
2022-11-03 15:00:00,637.2,6.3,0
2022-11-03 16:00:00,686.1,5.9,0
2022-11-03 17:00:00,749.6,4.4,0
2022-11-03 18:00:00,758.4,4.0,0
2022-11-03 19:00:00,774.2,2.4,0
2022-11-03 20:00:00,744.0,1.9,0
2022-11-03 21:00:00,747.8,0.0,0
2022-11-03 22:00:00,690.3,-1.0,0
2022-11-03 23:00:00,719.1,-2.1,0
2022-11-04 00:00:00,683.5,-3.0,0
2022-11-04 01:00:00,649.8,-4.0,0
2022-11-04 02:00:00,663.1,-5.0,0
2022-11-04 03:00:00,651.5,-5.0,0
2022-11-04 04:00:00,670.2,-5.2,0
2022-11-04 05:00:00,689.1,-4.6,0
2022-11-04 06:00:00,732.6,-4.0,0
2022-11-04 07:00:00,746.1,-5.0,0
2022-11-04 08:00:00,756.3,-3.9,0
2022-11-04 09:00:00,739.3,-1.5,0
2022-11-04 10:00:00,680.4,-0.0,0
2022-11-04 11:00:00,655.9,1.6,0
2022-11-04 12:00:00,641.2,2.9,0
2022-11-04 13:00:00,624.4,3.3,0
2022-11-04 14:00:00,609.7,2.6,0
2022-11-04 15:00:00,627.7,3.6,0
2022-11-04 16:00:00,646.6,4.5,0
2022-11-04 17:00:00,708.9,4.7,0
2022-11-04 18:00:00,729.5,4.5,0
2022-11-04 19:00:00,744.8,4.1,0
2022-11-04 20:00:00,734.8,3.1,0
2022-11-04 21:00:00,708.4,2.4,0
2022-11-04 22:00:00,665.4,1.4,0
2022-11-04 23:00:00,641.7,0.7,0
2022-11-05 00:00:00,566.5,-1.1,0
2022-11-05 01:00:00,571.2,-2.2,0
2022-11-05 02:00:00,560.9,-2.1,0
2022-11-05 03:00:00,578.9,-2.4,0
2022-11-05 04:00:00,615.4,-4.4,0
2022-11-05 05:00:00,640.4,-3.7,0
2022-11-05 06:00:00,688.1,-5.0,0
2022-11-05 07:00:00,684.9,-2.3,0
2022-11-05 08:00:00,666.6,-0.6,0
2022-11-05 09:00:00,616.1,1.1,0
2022-11-05 10:00:00,608.8,1.6,0
2022-11-05 11:00:00,602.5,1.7,0
2022-11-05 12:00:00,589.7,2.4,0
2022-11-05 13:00:00,562.5,3.2,0
2022-11-05 14:00:00,589.6,3.1,0
2022-11-05 15:00:00,603.6,3.5,0
2022-11-05 16:00:00,628.5,4.0,0
2022-11-05 17:00:00,647.1,4.3,0
2022-11-05 18:00:00,677.9,2.8,0
2022-11-05 19:00:00,699.3,0.2,0
2022-11-05 20:00:00,694.6,-0.6,0
2022-11-05 21:00:00,668.8,-2.1,0
2022-11-05 22:00:00,645.8,-2.5,0
2022-11-05 23:00:00,610.4,-1.9,0
2022-11-06 00:00:00,548.1,-1.4,0
2022-11-06 01:00:00,549.0,-1.7,0
2022-11-06 02:00:00,539.9,-1.1,0
2022-11-06 03:00:00,527.5,0.2,0
2022-11-06 04:00:00,492.5,0.3,0
2022-11-06 05:00:00,536.2,0.9,0
2022-11-06 06:00:00,558.3,2.3,0
2022-11-06 07:00:00,569.5,3.0,0
2022-11-06 08:00:00,616.1,3.5,0
2022-11-06 09:00:00,607.2,3.9,0
2022-11-06 10:00:00,589.2,4.9,0
2022-11-06 11:00:00,564.9,5.3,0
2022-11-06 12:00:00,499.4,6.8,0
2022-11-06 13:00:00,518.3,7.2,0
2022-11-06 14:00:00,495.6,8.8,0
2022-11-06 15:00:00,528.7,10.0,0
2022-11-06 16:00:00,567.8,8.7,0
2022-11-06 17:00:00,585.4,9.2,0
2022-11-06 18:00:00,581.5,8.1,0
2022-11-06 19:00:00,581.6,8.4,0
2022-11-06 20:00:00,556.9,7.8,0
2022-11-06 21:00:00,543.6,6.7,0
2022-11-06 22:00:00,508.0,6.1,0
2022-11-06 23:00:00,523.3,4.6,0
2022-11-07 00:00:00,553.5,3.8,0
2022-11-07 01:00:00,545.9,3.4,0
2022-11-07 02:00:00,581.7,2.8,0
2022-11-07 03:00:00,590.5,2.9,0
2022-11-07 04:00:00,596.6,2.0,0
2022-11-07 05:00:00,615.8,2.9,0
2022-11-07 06:00:00,626.1,2.4,0
2022-11-07 07:00:00,633.3,3.7,0
2022-11-07 08:00:00,637.3,5.0,0
2022-11-07 09:00:00,610.2,6.6,0
2022-11-07 10:00:00,577.9,7.0,0
2022-11-07 11:00:00,548.9,10.5,0
2022-11-07 12:00:00,528.6,11.0,0
2022-11-07 13:00:00,515.4,11.7,0
2022-11-07 14:00:00,523.8,11.3,0
2022-11-07 15:00:00,534.6,12.6,0
2022-11-07 16:00:00,590.3,11.9,0
2022-11-07 17:00:00,631.8,12.2,0
2022-11-07 18:00:00,643.4,10.6,0
2022-11-07 19:00:00,675.4,9.9,0
2022-11-07 20:00:00,680.6,8.5,0
2022-11-07 21:00:00,641.5,8.2,0
2022-11-07 22:00:00,605.1,6.8,0
2022-11-07 23:00:00,603.5,5.0,0
2022-11-08 00:00:00,564.1,4.3,0
2022-11-08 01:00:00,583.0,2.5,0
2022-11-08 02:00:00,589.1,1.3,0
2022-11-08 03:00:00,602.7,1.7,0
2022-11-08 04:00:00,602.4,0.2,0
2022-11-08 05:00:00,605.8,1.3,0
2022-11-08 06:00:00,642.6,1.6,0
2022-11-08 07:00:00,666.4,1.6,0
2022-11-08 08:00:00,664.6,2.8,0
2022-11-08 09:00:00,628.5,4.4,0
2022-11-08 10:00:00,641.1,4.9,0
2022-11-08 11:00:00,610.0,5.7,0
2022-11-08 12:00:00,594.7,7.3,0
2022-11-08 13:00:00,567.6,8.5,0
2022-11-08 14:00:00,567.1,8.9,0
2022-11-08 15:00:00,593.1,8.3,0
2022-11-08 16:00:00,660.4,7.4,0
2022-11-08 17:00:00,720.8,6.5,0
2022-11-08 18:00:00,769.5,6.5,0
2022-11-08 19:00:00,783.9,6.2,0
2022-11-08 20:00:00,775.9,5.5,0
2022-11-08 21:00:00,720.1,5.6,0
2022-11-08 22:00:00,678.3,4.3,0
2022-11-08 23:00:00,683.7,3.0,0
2022-11-09 00:00:00,638.2,1.7,0
2022-11-09 01:00:00,618.1,2.6,0
2022-11-09 02:00:00,619.0,0.4,0
2022-11-09 03:00:00,596.7,0.6,0
2022-11-09 04:00:00,602.5,1.1,0
2022-11-09 05:00:00,607.0,1.5,0
2022-11-09 06:00:00,608.2,4.1,0
2022-11-09 07:00:00,637.4,5.9,0
2022-11-09 08:00:00,635.4,7.4,0
2022-11-09 09:00:00,645.1,7.6,0
2022-11-09 10:00:00,605.8,8.9,0
2022-11-09 11:00:00,586.6,9.5,0
2022-11-09 12:00:00,551.5,10.3,0
2022-11-09 13:00:00,566.9,11.0,0
2022-11-09 14:00:00,541.8,10.9,0
2022-11-09 15:00:00,567.5,11.5,0
2022-11-09 16:00:00,604.1,12.7,0
2022-11-09 17:00:00,597.0,13.0,0
2022-11-09 18:00:00,606.0,12.4,0
2022-11-09 19:00:00,610.3,9.8,0
2022-11-09 20:00:00,600.7,9.7,0
2022-11-09 21:00:00,575.0,9.5,0
2022-11-09 22:00:00,558.4,8.1,0
2022-11-09 23:00:00,568.7,6.6,0
2022-11-10 00:00:00,575.3,6.1,0
2022-11-10 01:00:00,559.8,4.6,0
2022-11-10 02:00:00,555.7,4.8,0
2022-11-10 03:00:00,566.9,3.6,0
2022-11-10 04:00:00,601.6,2.9,0
2022-11-10 05:00:00,584.1,3.3,0
2022-11-10 06:00:00,601.6,2.6,0
2022-11-10 07:00:00,613.6,3.4,0
2022-11-10 08:00:00,606.7,4.8,0
2022-11-10 09:00:00,617.5,4.7,0
2022-11-10 10:00:00,582.1,6.6,0
2022-11-10 11:00:00,534.9,7.0,0
2022-11-10 12:00:00,512.7,8.3,0
2022-11-10 13:00:00,491.5,9.1,0
2022-11-10 14:00:00,503.2,9.1,0
2022-11-10 15:00:00,537.7,8.8,0
2022-11-10 16:00:00,582.5,7.2,0
2022-11-10 17:00:00,656.8,6.3,0
2022-11-10 18:00:00,732.8,5.1,0
2022-11-10 19:00:00,731.9,5.7,0
2022-11-10 20:00:00,681.7,5.7,0
2022-11-10 21:00:00,693.5,3.5,0
2022-11-10 22:00:00,694.7,3.2,0
2022-11-10 23:00:00,669.9,2.4,0
2022-11-11 00:00:00,645.1,1.1,0
2022-11-11 01:00:00,647.2,0.9,0
2022-11-11 02:00:00,629.7,1.2,0
2022-11-11 03:00:00,647.9,0.6,0
2022-11-11 04:00:00,658.1,0.5,0
2022-11-11 05:00:00,655.5,1.1,0
2022-11-11 06:00:00,676.1,0.9,0
2022-11-11 07:00:00,686.8,1.9,0
2022-11-11 08:00:00,679.0,2.8,0
2022-11-11 09:00:00,689.7,3.3,0
2022-11-11 10:00:00,668.7,3.7,0
2022-11-11 11:00:00,628.9,5.0,0
2022-11-11 12:00:00,611.3,6.6,0
2022-11-11 13:00:00,597.4,7.6,0
2022-11-11 14:00:00,621.0,7.3,0
2022-11-11 15:00:00,653.6,8.1,0
2022-11-11 16:00:00,677.7,8.2,0
2022-11-11 17:00:00,693.8,8.3,0
2022-11-11 18:00:00,691.0,8.6,0
2022-11-11 19:00:00,731.7,7.0,0
2022-11-11 20:00:00,718.5,5.9,0
2022-11-11 21:00:00,683.8,4.4,0
2022-11-11 22:00:00,666.4,2.7,0
2022-11-11 23:00:00,617.1,3.4,0
2022-11-12 00:00:00,539.5,3.2,0
2022-11-12 01:00:00,555.0,1.1,0
2022-11-12 02:00:00,537.8,1.0,0
2022-11-12 03:00:00,519.5,0.4,0
2022-11-12 04:00:00,552.9,1.5,0
2022-11-12 05:00:00,569.0,2.0,0
2022-11-12 06:00:00,557.5,2.5,0
2022-11-12 07:00:00,572.2,3.4,0
2022-11-12 08:00:00,578.5,4.7,0
2022-11-12 09:00:00,569.7,5.7,0
2022-11-12 10:00:00,529.3,6.6,0
2022-11-12 11:00:00,525.9,7.4,0
2022-11-12 12:00:00,513.3,8.6,0
2022-11-12 13:00:00,513.6,8.3,0
2022-11-12 14:00:00,507.8,8.7,0
2022-11-12 15:00:00,501.9,8.7,0
2022-11-12 16:00:00,537.4,8.2,0
2022-11-12 17:00:00,573.7,8.5,0
2022-11-12 18:00:00,599.5,6.7,0
2022-11-12 19:00:00,622.9,5.6,0
2022-11-12 20:00:00,634.3,4.0,0
2022-11-12 21:00:00,599.8,3.5,0
2022-11-12 22:00:00,580.1,2.1,0
2022-11-12 23:00:00,572.3,1.2,0
2022-11-13 00:00:00,569.3,0.6,0
2022-11-13 01:00:00,601.7,-1.3,0
2022-11-13 02:00:00,559.8,-1.3,0
2022-11-13 03:00:00,559.8,-2.0,0
2022-11-13 04:00:00,611.1,-2.0,0
2022-11-13 05:00:00,617.3,-1.6,0
2022-11-13 06:00:00,654.2,-0.2,0
2022-11-13 07:00:00,664.6,1.4,0
2022-11-13 08:00:00,662.6,3.9,0
2022-11-13 09:00:00,628.9,5.0,0
2022-11-13 10:00:00,598.0,5.7,0
2022-11-13 11:00:00,575.3,6.2,0
2022-11-13 12:00:00,543.6,7.6,0
2022-11-13 13:00:00,519.4,9.6,0
2022-11-13 14:00:00,541.5,10.2,0
2022-11-13 15:00:00,554.8,9.9,0
2022-11-13 16:00:00,601.0,9.9,0
2022-11-13 17:00:00,619.5,9.7,0
2022-11-13 18:00:00,637.8,9.1,0
2022-11-13 19:00:00,658.3,7.6,0
2022-11-13 20:00:00,667.9,4.4,0
2022-11-13 21:00:00,658.1,3.0,0
2022-11-13 22:00:00,620.6,2.9,0
2022-11-13 23:00:00,601.3,2.1,0
2022-11-14 00:00:00,647.4,-0.7,0
2022-11-14 01:00:00,616.5,-1.2,0
2022-11-14 02:00:00,629.1,-3.1,0
2022-11-14 03:00:00,625.8,-1.5,0
2022-11-14 04:00:00,630.3,-1.1,0
2022-11-14 05:00:00,663.8,-1.6,0
2022-11-14 06:00:00,696.7,-0.3,0
2022-11-14 07:00:00,704.9,-0.0,0
2022-11-14 08:00:00,706.5,1.5,0
2022-11-14 09:00:00,678.4,2.6,0
2022-11-14 10:00:00,676.7,2.7,0
2022-11-14 11:00:00,614.0,4.3,0
2022-11-14 12:00:00,600.8,4.1,0
2022-11-14 13:00:00,574.8,6.0,0
2022-11-14 14:00:00,577.2,6.5,0
2022-11-14 15:00:00,599.7,5.8,0
2022-11-14 16:00:00,681.2,4.3,0
2022-11-14 17:00:00,699.8,5.3,0
2022-11-14 18:00:00,713.6,6.0,0
2022-11-14 19:00:00,709.5,4.2,0
2022-11-14 20:00:00,664.8,4.7,0
2022-11-14 21:00:00,634.8,3.8,0
2022-11-14 22:00:00,605.5,2.6,0
2022-11-14 23:00:00,613.9,1.6,0
2022-11-15 00:00:00,586.5,0.4,0
2022-11-15 01:00:00,568.3,1.0,0
2022-11-15 02:00:00,567.7,0.8,0
2022-11-15 03:00:00,579.3,-0.9,0
2022-11-15 04:00:00,554.1,1.0,0
2022-11-15 05:00:00,563.8,2.1,0
2022-11-15 06:00:00,612.5,1.8,0
2022-11-15 07:00:00,642.1,2.4,0
2022-11-15 08:00:00,647.9,2.6,0
2022-11-15 09:00:00,663.0,3.7,0
2022-11-15 10:00:00,637.1,5.1,0
2022-11-15 11:00:00,616.3,6.2,0
2022-11-15 12:00:00,622.5,6.6,0
2022-11-15 13:00:00,599.9,6.6,0
2022-11-15 14:00:00,610.7,7.7,0
2022-11-15 15:00:00,629.9,7.8,0
2022-11-15 16:00:00,647.4,9.6,0
2022-11-15 17:00:00,662.8,8.5,0
2022-11-15 18:00:00,674.6,8.5,0
2022-11-15 19:00:00,684.9,7.7,0
2022-11-15 20:00:00,678.2,6.0,0
2022-11-15 21:00:00,668.5,6.1,0
2022-11-15 22:00:00,637.3,5.1,0
2022-11-15 23:00:00,636.9,3.4,0
2022-11-16 00:00:00,605.4,2.1,0
2022-11-16 01:00:00,571.4,2.3,0
2022-11-16 02:00:00,578.1,0.8,0
2022-11-16 03:00:00,570.5,1.8,0
2022-11-16 04:00:00,602.9,2.5,0
2022-11-16 05:00:00,641.0,2.6,0
2022-11-16 06:00:00,639.7,4.3,0
2022-11-16 07:00:00,630.6,6.6,0
2022-11-16 08:00:00,633.4,7.9,0
2022-11-16 09:00:00,611.3,8.9,0
2022-11-16 10:00:00,615.5,11.4,0
2022-11-16 11:00:00,592.6,13.4,0
2022-11-16 12:00:00,572.9,13.3,0
2022-11-16 13:00:00,555.6,13.6,0
2022-11-16 14:00:00,544.7,13.6,0
2022-11-16 15:00:00,566.4,13.2,0
2022-11-16 16:00:00,567.5,11.7,0
2022-11-16 17:00:00,603.7,11.9,0
2022-11-16 18:00:00,632.2,11.3,0
2022-11-16 19:00:00,669.2,10.4,0
2022-11-16 20:00:00,619.9,10.5,0
2022-11-16 21:00:00,617.9,8.8,0
2022-11-16 22:00:00,593.4,7.6,0
2022-11-16 23:00:00,594.8,6.8,0
2022-11-17 00:00:00,558.4,5.3,0
2022-11-17 01:00:00,564.4,4.4,0
2022-11-17 02:00:00,567.8,4.6,0
2022-11-17 03:00:00,606.4,4.3,0
2022-11-17 04:00:00,583.5,5.4,0
2022-11-17 05:00:00,603.4,5.0,0
2022-11-17 06:00:00,623.3,5.7,0
2022-11-17 07:00:00,646.3,5.2,0
2022-11-17 08:00:00,652.0,6.0,0
2022-11-17 09:00:00,644.1,6.4,0
2022-11-17 10:00:00,601.8,8.5,0
2022-11-17 11:00:00,545.5,10.0,0
2022-11-17 12:00:00,535.8,11.1,0
2022-11-17 13:00:00,504.4,13.2,0
2022-11-17 14:00:00,514.8,14.6,0
2022-11-17 15:00:00,557.0,15.2,0
2022-11-17 16:00:00,572.6,14.3,0
2022-11-17 17:00:00,618.2,12.5,0
2022-11-17 18:00:00,653.9,11.7,0
2022-11-17 19:00:00,664.5,10.4,0
2022-11-17 20:00:00,648.8,8.8,0
2022-11-17 21:00:00,629.5,7.4,0
2022-11-17 22:00:00,634.8,4.8,0
2022-11-17 23:00:00,595.6,5.1,0
2022-11-18 00:00:00,578.4,3.0,0
2022-11-18 01:00:00,595.5,1.8,0
2022-11-18 02:00:00,577.4,1.8,0
2022-11-18 03:00:00,578.3,0.3,0
2022-11-18 04:00:00,594.8,1.2,0
2022-11-18 05:00:00,617.1,2.3,0
2022-11-18 06:00:00,659.5,2.7,0
2022-11-18 07:00:00,687.1,2.5,0
2022-11-18 08:00:00,683.4,3.1,0
2022-11-18 09:00:00,707.4,2.5,0
2022-11-18 10:00:00,679.1,4.8,0
2022-11-18 11:00:00,654.1,5.8,0
2022-11-18 12:00:00,623.8,6.0,0
2022-11-18 13:00:00,619.2,5.9,0
2022-11-18 14:00:00,601.1,6.9,0
2022-11-18 15:00:00,592.4,8.3,0
2022-11-18 16:00:00,638.5,7.1,0
2022-11-18 17:00:00,687.8,6.2,0
2022-11-18 18:00:00,740.9,4.1,0
2022-11-18 19:00:00,742.8,4.0,0
2022-11-18 20:00:00,757.5,3.2,0
2022-11-18 21:00:00,690.2,4.1,0
2022-11-18 22:00:00,687.7,3.0,0
2022-11-18 23:00:00,668.8,1.7,0
2022-11-19 00:00:00,595.3,0.1,0
2022-11-19 01:00:00,562.7,0.2,0
2022-11-19 02:00:00,608.0,-1.6,0
2022-11-19 03:00:00,613.4,-1.0,0
2022-11-19 04:00:00,583.6,-0.7,0
2022-11-19 05:00:00,623.0,-0.7,0
2022-11-19 06:00:00,651.8,-0.8,0
2022-11-19 07:00:00,667.5,1.0,0
2022-11-19 08:00:00,645.6,3.6,0
2022-11-19 09:00:00,625.6,4.2,0
2022-11-19 10:00:00,566.7,5.7,0
2022-11-19 11:00:00,518.8,8.1,0
2022-11-19 12:00:00,506.3,8.4,0
2022-11-19 13:00:00,477.3,8.7,0
2022-11-19 14:00:00,482.9,8.1,0
2022-11-19 15:00:00,512.0,8.1,0
2022-11-19 16:00:00,558.9,7.9,0
2022-11-19 17:00:00,597.3,7.1,0
2022-11-19 18:00:00,658.3,5.8,0
2022-11-19 19:00:00,671.6,3.7,0
2022-11-19 20:00:00,681.6,1.6,0
2022-11-19 21:00:00,687.0,-0.1,0
2022-11-19 22:00:00,642.8,-0.5,0
2022-11-19 23:00:00,654.2,-1.8,0
2022-11-20 00:00:00,629.5,-3.4,0
2022-11-20 01:00:00,601.3,-3.3,0
2022-11-20 02:00:00,614.5,-3.2,0
2022-11-20 03:00:00,642.8,-3.8,0
2022-11-20 04:00:00,643.6,-4.1,0
2022-11-20 05:00:00,662.2,-3.0,0
2022-11-20 06:00:00,687.0,-2.0,0
2022-11-20 07:00:00,704.2,-1.8,0
2022-11-20 08:00:00,729.0,-0.5,0
2022-11-20 09:00:00,695.8,0.6,0
2022-11-20 10:00:00,633.2,2.7,0
2022-11-20 11:00:00,605.0,3.0,0
2022-11-20 12:00:00,568.8,4.6,0
2022-11-20 13:00:00,545.9,5.7,0
2022-11-20 14:00:00,553.0,5.3,0
2022-11-20 15:00:00,542.3,6.4,0
2022-11-20 16:00:00,581.1,7.1,0
2022-11-20 17:00:00,610.5,5.6,0
2022-11-20 18:00:00,645.5,6.7,0
2022-11-20 19:00:00,674.5,4.9,0
2022-11-20 20:00:00,661.8,3.1,0
2022-11-20 21:00:00,635.2,1.9,0
2022-11-20 22:00:00,598.0,1.5,0
2022-11-20 23:00:00,584.7,1.1,0
2022-11-21 00:00:00,650.8,0.1,0
2022-11-21 01:00:00,634.5,0.6,0
2022-11-21 02:00:00,616.2,0.6,0
2022-11-21 03:00:00,627.8,1.6,0
2022-11-21 04:00:00,597.6,4.1,0
2022-11-21 05:00:00,606.7,4.5,0
2022-11-21 06:00:00,687.6,2.8,0
2022-11-21 07:00:00,715.1,3.2,0
2022-11-21 08:00:00,739.9,3.2,0
2022-11-21 09:00:00,722.0,4.3,0
2022-11-21 10:00:00,690.3,5.4,0
2022-11-21 11:00:00,672.3,5.3,0
2022-11-21 12:00:00,663.4,5.1,0
2022-11-21 13:00:00,680.4,5.6,0
2022-11-21 14:00:00,653.3,5.8,0
2022-11-21 15:00:00,650.0,3.8,0
2022-11-21 16:00:00,669.5,4.6,0
2022-11-21 17:00:00,685.7,4.3,0
2022-11-21 18:00:00,723.0,3.7,0
2022-11-21 19:00:00,713.9,3.3,0
2022-11-21 20:00:00,718.0,1.5,0
2022-11-21 21:00:00,717.2,0.5,0
2022-11-21 22:00:00,678.8,0.4,0
2022-11-21 23:00:00,647.9,0.5,0
2022-11-22 00:00:00,631.5,-0.1,0
2022-11-22 01:00:00,620.3,-0.9,0
2022-11-22 02:00:00,627.3,-2.0,0
2022-11-22 03:00:00,612.7,-1.0,0
2022-11-22 04:00:00,598.3,-0.3,0
2022-11-22 05:00:00,641.6,-0.3,0
2022-11-22 06:00:00,674.4,-1.6,0
2022-11-22 07:00:00,721.1,-1.4,0
2022-11-22 08:00:00,751.2,-2.1,0
2022-11-22 09:00:00,700.8,0.2,0
2022-11-22 10:00:00,664.5,1.5,0
2022-11-22 11:00:00,657.0,1.9,0
2022-11-22 12:00:00,632.8,2.6,0
2022-11-22 13:00:00,634.0,5.6,0
2022-11-22 14:00:00,607.3,7.1,0
2022-11-22 15:00:00,654.3,6.1,0
2022-11-22 16:00:00,657.6,5.9,0
2022-11-22 17:00:00,703.8,4.4,0
2022-11-22 18:00:00,766.6,2.4,0
2022-11-22 19:00:00,741.7,1.8,0
2022-11-22 20:00:00,712.7,3.1,0
2022-11-22 21:00:00,659.4,3.4,0
2022-11-22 22:00:00,623.5,2.5,0
2022-11-22 23:00:00,614.2,1.2,0
2022-11-23 00:00:00,585.0,0.4,0
2022-11-23 01:00:00,571.7,0.6,0
2022-11-23 02:00:00,583.5,-1.1,0
2022-11-23 03:00:00,600.8,-2.8,0
2022-11-23 04:00:00,556.2,-1.0,0
2022-11-23 05:00:00,607.7,-0.3,0
2022-11-23 06:00:00,655.9,1.7,0
2022-11-23 07:00:00,681.5,2.7,0
2022-11-23 08:00:00,667.3,5.0,0
2022-11-23 09:00:00,642.7,5.4,0
2022-11-23 10:00:00,618.1,6.8,0
2022-11-23 11:00:00,585.3,9.1,0
2022-11-23 12:00:00,547.9,10.7,0
2022-11-23 13:00:00,545.4,10.8,0
2022-11-23 14:00:00,562.0,11.8,0
2022-11-23 15:00:00,590.9,11.2,0
2022-11-23 16:00:00,631.3,9.7,0
2022-11-23 17:00:00,667.6,9.7,0
2022-11-23 18:00:00,675.3,10.2,0
2022-11-23 19:00:00,677.4,10.0,0
2022-11-23 20:00:00,674.0,7.8,0
2022-11-23 21:00:00,631.7,7.4,0
2022-11-23 22:00:00,605.9,6.9,0
2022-11-23 23:00:00,615.7,5.4,0
2022-11-24 00:00:00,627.2,2.1,0
2022-11-24 01:00:00,576.0,2.3,0
2022-11-24 02:00:00,545.3,2.6,0
2022-11-24 03:00:00,564.6,2.8,0
2022-11-24 04:00:00,601.8,1.3,0
2022-11-24 05:00:00,644.7,0.3,0
2022-11-24 06:00:00,636.3,1.8,0
2022-11-24 07:00:00,654.2,3.3,0
2022-11-24 08:00:00,667.0,4.7,0
2022-11-24 09:00:00,661.6,5.4,0
2022-11-24 10:00:00,618.5,6.7,0
2022-11-24 11:00:00,587.8,7.1,0
2022-11-24 12:00:00,579.2,7.6,0
2022-11-24 13:00:00,583.0,7.4,0
2022-11-24 14:00:00,607.1,8.0,0
2022-11-24 15:00:00,591.5,7.8,0
2022-11-24 16:00:00,612.4,8.5,0
2022-11-24 17:00:00,670.0,8.7,0
2022-11-24 18:00:00,687.9,7.2,0
2022-11-24 19:00:00,686.6,8.0,0
2022-11-24 20:00:00,706.6,6.0,0
2022-11-24 21:00:00,660.5,5.3,0
2022-11-24 22:00:00,636.3,5.1,0
2022-11-24 23:00:00,643.7,5.2,0
2022-11-25 00:00:00,611.5,2.2,0
2022-11-25 01:00:00,566.5,2.4,0
2022-11-25 02:00:00,572.8,3.0,0
2022-11-25 03:00:00,553.8,4.0,0
2022-11-25 04:00:00,587.9,2.0,0
2022-11-25 05:00:00,617.7,1.7,0
2022-11-25 06:00:00,664.6,2.2,0
2022-11-25 07:00:00,683.0,2.6,0
2022-11-25 08:00:00,689.4,4.7,0
2022-11-25 09:00:00,688.6,5.0,0
2022-11-25 10:00:00,644.7,7.1,0
2022-11-25 11:00:00,625.2,8.5,0
2022-11-25 12:00:00,615.7,7.9,0
2022-11-25 13:00:00,608.4,7.6,0
2022-11-25 14:00:00,659.6,7.5,0
2022-11-25 15:00:00,634.3,7.7,0
2022-11-25 16:00:00,637.6,8.5,0
2022-11-25 17:00:00,661.7,7.9,0
2022-11-25 18:00:00,680.6,8.0,0
2022-11-25 19:00:00,708.1,5.7,0
2022-11-25 20:00:00,723.3,2.0,0
2022-11-25 21:00:00,741.4,0.7,0
2022-11-25 22:00:00,703.3,0.1,0
2022-11-25 23:00:00,678.2,-1.1,0
2022-11-26 00:00:00,600.9,-2.9,0
2022-11-26 01:00:00,586.4,-3.1,0
2022-11-26 02:00:00,553.5,-1.7,0
2022-11-26 03:00:00,572.6,-1.9,0
2022-11-26 04:00:00,594.1,-2.4,0
2022-11-26 05:00:00,638.0,-2.7,0
2022-11-26 06:00:00,617.0,-0.2,0
2022-11-26 07:00:00,646.2,0.6,0
2022-11-26 08:00:00,641.4,2.1,0
2022-11-26 09:00:00,601.7,4.2,0
2022-11-26 10:00:00,539.7,6.2,0
2022-11-26 11:00:00,523.6,6.2,0
2022-11-26 12:00:00,483.1,7.9,0
2022-11-26 13:00:00,488.7,9.2,0
2022-11-26 14:00:00,502.5,10.0,0
2022-11-26 15:00:00,525.7,10.9,0
2022-11-26 16:00:00,605.7,10.2,0
2022-11-26 17:00:00,655.4,9.6,0
2022-11-26 18:00:00,645.5,8.4,0
2022-11-26 19:00:00,654.0,8.2,0
2022-11-26 20:00:00,644.4,6.5,0
2022-11-26 21:00:00,616.2,5.7,0
2022-11-26 22:00:00,594.2,3.6,0
2022-11-26 23:00:00,598.1,2.5,0
2022-11-27 00:00:00,526.3,1.2,0
2022-11-27 01:00:00,509.2,0.4,0
2022-11-27 02:00:00,522.5,0.1,0
2022-11-27 03:00:00,533.2,-0.3,0
2022-11-27 04:00:00,562.4,-0.4,0
2022-11-27 05:00:00,598.5,-1.8,0
2022-11-27 06:00:00,601.9,-0.2,0
2022-11-27 07:00:00,643.0,0.1,0
2022-11-27 08:00:00,650.9,0.9,0
2022-11-27 09:00:00,614.1,1.2,0
2022-11-27 10:00:00,592.6,3.1,0
2022-11-27 11:00:00,555.0,3.3,0
2022-11-27 12:00:00,546.7,4.6,0
2022-11-27 13:00:00,531.2,6.4,0
2022-11-27 14:00:00,532.1,8.2,0
2022-11-27 15:00:00,557.8,9.4,0
2022-11-27 16:00:00,566.5,9.7,0
2022-11-27 17:00:00,623.1,8.2,0
2022-11-27 18:00:00,639.2,8.6,0
2022-11-27 19:00:00,632.2,8.8,0
2022-11-27 20:00:00,610.8,8.4,0
2022-11-27 21:00:00,571.2,8.0,0
2022-11-27 22:00:00,550.9,6.9,0
2022-11-27 23:00:00,549.0,5.3,0
2022-11-28 00:00:00,564.4,5.2,0
2022-11-28 01:00:00,568.7,5.5,0
2022-11-28 02:00:00,575.0,4.0,0
2022-11-28 03:00:00,549.0,4.5,0
2022-11-28 04:00:00,566.6,4.7,0
2022-11-28 05:00:00,588.0,5.7,0
2022-11-28 06:00:00,589.3,6.4,0
2022-11-28 07:00:00,612.5,8.1,0
2022-11-28 08:00:00,610.2,9.7,0
2022-11-28 09:00:00,601.0,11.3,0
2022-11-28 10:00:00,583.9,10.9,0
2022-11-28 11:00:00,563.2,12.4,0
2022-11-28 12:00:00,550.8,13.0,0
2022-11-28 13:00:00,515.3,12.4,0
2022-11-28 14:00:00,527.9,13.3,0
2022-11-28 15:00:00,568.6,12.0,0
2022-11-28 16:00:00,611.3,12.5,0
2022-11-28 17:00:00,660.9,13.5,0
2022-11-28 18:00:00,691.5,12.2,0
2022-11-28 19:00:00,708.6,12.0,0
2022-11-28 20:00:00,695.5,11.2,0
2022-11-28 21:00:00,648.8,10.5,0
2022-11-28 22:00:00,619.1,8.1,0
2022-11-28 23:00:00,620.5,7.5,0
2022-11-29 00:00:00,595.7,6.4,0
2022-11-29 01:00:00,551.9,6.3,0
2022-11-29 02:00:00,532.2,5.7,0
2022-11-29 03:00:00,546.2,6.3,0
2022-11-29 04:00:00,556.6,6.5,0
2022-11-29 05:00:00,544.3,7.3,0
2022-11-29 06:00:00,573.8,8.9,0
2022-11-29 07:00:00,615.6,9.6,0
2022-11-29 08:00:00,628.6,11.2,0
2022-11-29 09:00:00,614.1,12.2,0
2022-11-29 10:00:00,584.4,13.4,0
2022-11-29 11:00:00,554.3,13.7,0
2022-11-29 12:00:00,531.5,14.9,0
2022-11-29 13:00:00,535.7,16.4,0
2022-11-29 14:00:00,584.7,16.4,0
2022-11-29 15:00:00,638.8,17.0,0
2022-11-29 16:00:00,654.1,16.9,0
2022-11-29 17:00:00,655.1,15.3,0
2022-11-29 18:00:00,673.6,14.7,0
2022-11-29 19:00:00,666.2,14.8,0
2022-11-29 20:00:00,642.9,13.1,0
2022-11-29 21:00:00,598.2,10.2,0
2022-11-29 22:00:00,577.8,9.2,0
2022-11-29 23:00:00,564.8,7.4,0
2022-11-30 00:00:00,526.9,8.0,0
2022-11-30 01:00:00,503.5,7.1,0
2022-11-30 02:00:00,509.1,6.4,0
2022-11-30 03:00:00,503.8,5.5,0
2022-11-30 04:00:00,508.4,5.7,0
2022-11-30 05:00:00,534.0,5.4,0
2022-11-30 06:00:00,570.4,5.1,0
2022-11-30 07:00:00,594.9,5.7,0
2022-11-30 08:00:00,609.4,5.8,0
2022-11-30 09:00:00,585.0,7.9,0
2022-11-30 10:00:00,566.0,7.8,0
2022-11-30 11:00:00,540.5,8.6,0
2022-11-30 12:00:00,531.4,8.7,0
2022-11-30 13:00:00,573.0,8.1,0
2022-11-30 14:00:00,582.9,9.9,0
2022-11-30 15:00:00,606.3,8.1,0
2022-11-30 16:00:00,607.8,9.2,0
2022-11-30 17:00:00,679.0,7.5,0
2022-11-30 18:00:00,707.3,6.9,0
2022-11-30 19:00:00,702.9,8.1,0
2022-11-30 20:00:00,723.6,5.2,0
2022-11-30 21:00:00,678.2,2.9,0
2022-11-30 22:00:00,637.6,3.0,0
2022-11-30 23:00:00,632.3,2.2,0
2022-12-01 00:00:00,634.5,0.7,0
2022-12-01 01:00:00,627.8,0.0,0
2022-12-01 02:00:00,634.4,-1.2,0
2022-12-01 03:00:00,631.1,-1.2,0
2022-12-01 04:00:00,621.3,0.2,0
2022-12-01 05:00:00,645.7,0.3,0
2022-12-01 06:00:00,658.5,1.0,0
2022-12-01 07:00:00,656.5,2.9,0
2022-12-01 08:00:00,640.7,5.6,0
2022-12-01 09:00:00,645.0,6.0,0
2022-12-01 10:00:00,634.5,7.2,0
2022-12-01 11:00:00,610.7,7.6,0
2022-12-01 12:00:00,589.9,7.8,0
2022-12-01 13:00:00,603.7,8.0,0
2022-12-01 14:00:00,617.9,7.8,0
2022-12-01 15:00:00,657.1,6.4,0
2022-12-01 16:00:00,698.5,4.5,0
2022-12-01 17:00:00,731.8,3.6,0
2022-12-01 18:00:00,764.7,3.1,0
2022-12-01 19:00:00,754.9,3.5,0
2022-12-01 20:00:00,762.7,2.1,0
2022-12-01 21:00:00,721.4,1.0,0
2022-12-01 22:00:00,697.4,0.6,0
2022-12-01 23:00:00,677.0,0.3,0
2022-12-02 00:00:00,632.6,-0.7,0
2022-12-02 01:00:00,625.7,-1.4,0
2022-12-02 02:00:00,586.7,-0.1,0
2022-12-02 03:00:00,590.7,-0.5,0
2022-12-02 04:00:00,606.0,-0.8,0
2022-12-02 05:00:00,689.0,-1.9,0
2022-12-02 06:00:00,686.6,-0.8,0
2022-12-02 07:00:00,718.5,-0.2,0
2022-12-02 08:00:00,692.4,2.5,0
2022-12-02 09:00:00,684.7,3.2,0
2022-12-02 10:00:00,641.3,5.0,0
2022-12-02 11:00:00,592.1,6.7,0
2022-12-02 12:00:00,585.9,9.0,0
2022-12-02 13:00:00,603.7,8.4,0
2022-12-02 14:00:00,566.5,10.1,0
2022-12-02 15:00:00,585.6,10.1,0
2022-12-02 16:00:00,615.5,9.8,0
2022-12-02 17:00:00,633.2,9.1,0
2022-12-02 18:00:00,674.5,8.0,0
2022-12-02 19:00:00,697.7,6.8,0
2022-12-02 20:00:00,707.8,3.7,0
2022-12-02 21:00:00,688.1,3.2,0
2022-12-02 22:00:00,694.7,2.2,0
2022-12-02 23:00:00,681.8,0.4,0
2022-12-03 00:00:00,607.7,-0.6,0
2022-12-03 01:00:00,607.0,0.8,0
2022-12-03 02:00:00,542.1,0.7,0
2022-12-03 03:00:00,543.2,0.2,0
2022-12-03 04:00:00,556.0,1.8,0
2022-12-03 05:00:00,585.1,1.4,0
2022-12-03 06:00:00,598.0,1.8,0
2022-12-03 07:00:00,645.3,2.1,0
2022-12-03 08:00:00,660.5,2.8,0
2022-12-03 09:00:00,605.4,4.5,0
2022-12-03 10:00:00,584.1,6.0,0
2022-12-03 11:00:00,556.0,6.3,0
2022-12-03 12:00:00,538.8,6.9,0
2022-12-03 13:00:00,510.1,7.6,0
2022-12-03 14:00:00,529.2,7.6,0
2022-12-03 15:00:00,551.7,7.7,0
2022-12-03 16:00:00,575.1,6.9,0
2022-12-03 17:00:00,616.9,5.8,0
2022-12-03 18:00:00,671.3,5.3,0
2022-12-03 19:00:00,711.1,3.5,0
2022-12-03 20:00:00,664.0,3.0,0
2022-12-03 21:00:00,649.8,1.8,0
2022-12-03 22:00:00,632.8,-0.0,0
2022-12-03 23:00:00,621.0,-1.4,0
2022-12-04 00:00:00,603.8,-2.8,0
2022-12-04 01:00:00,626.0,-3.5,0
2022-12-04 02:00:00,624.2,-3.7,0
2022-12-04 03:00:00,605.8,-3.9,0
2022-12-04 04:00:00,623.2,-4.5,0
2022-12-04 05:00:00,628.2,-2.7,0
2022-12-04 06:00:00,655.7,-1.2,0
2022-12-04 07:00:00,666.9,-0.3,0
2022-12-04 08:00:00,658.0,1.6,0
2022-12-04 09:00:00,637.9,2.9,0
2022-12-04 10:00:00,617.2,3.7,0
2022-12-04 11:00:00,552.3,4.7,0
2022-12-04 12:00:00,534.3,7.9,0
2022-12-04 13:00:00,522.9,9.3,0
2022-12-04 14:00:00,519.8,10.5,0
2022-12-04 15:00:00,523.1,10.2,0
2022-12-04 16:00:00,558.5,10.5,0
2022-12-04 17:00:00,615.5,12.0,0
2022-12-04 18:00:00,626.1,11.5,0
2022-12-04 19:00:00,598.1,11.4,0
2022-12-04 20:00:00,584.7,11.4,0
2022-12-04 21:00:00,555.6,10.7,0
2022-12-04 22:00:00,522.7,10.8,0
2022-12-04 23:00:00,485.2,9.7,0
2022-12-05 00:00:00,527.3,8.9,0
2022-12-05 01:00:00,541.1,7.5,0
2022-12-05 02:00:00,451.3,9.1,0
2022-12-05 03:00:00,467.7,9.0,0
2022-12-05 04:00:00,501.3,8.9,0
2022-12-05 05:00:00,506.7,10.2,0
2022-12-05 06:00:00,513.6,10.1,0
2022-12-05 07:00:00,554.1,10.6,0
2022-12-05 08:00:00,612.8,10.6,0
2022-12-05 09:00:00,609.7,11.3,0
2022-12-05 10:00:00,623.9,11.8,0
2022-12-05 11:00:00,596.3,13.0,0
2022-12-05 12:00:00,571.9,13.4,0
2022-12-05 13:00:00,553.3,13.3,0
2022-12-05 14:00:00,583.2,13.2,0
2022-12-05 15:00:00,578.3,13.0,0
2022-12-05 16:00:00,604.0,12.3,0
2022-12-05 17:00:00,632.8,12.5,0
2022-12-05 18:00:00,664.8,12.3,0
2022-12-05 19:00:00,672.0,11.3,0
2022-12-05 20:00:00,641.4,9.1,0
2022-12-05 21:00:00,599.3,8.4,0
2022-12-05 22:00:00,622.9,6.1,0
2022-12-05 23:00:00,613.0,5.1,0
2022-12-06 00:00:00,585.0,4.1,0
2022-12-06 01:00:00,582.6,2.8,0
2022-12-06 02:00:00,593.8,1.5,0
2022-12-06 03:00:00,590.8,0.7,0
2022-12-06 04:00:00,599.8,2.6,0
2022-12-06 05:00:00,634.5,2.6,0
2022-12-06 06:00:00,658.5,3.0,0
2022-12-06 07:00:00,683.1,4.5,0
2022-12-06 08:00:00,678.2,5.7,0
2022-12-06 09:00:00,645.9,7.5,0
2022-12-06 10:00:00,643.0,7.4,0
2022-12-06 11:00:00,618.4,7.3,0
2022-12-06 12:00:00,562.1,10.9,0
2022-12-06 13:00:00,582.4,11.3,0
2022-12-06 14:00:00,583.2,11.3,0
2022-12-06 15:00:00,606.9,11.4,0
2022-12-06 16:00:00,655.1,12.0,0
2022-12-06 17:00:00,671.7,10.4,0
2022-12-06 18:00:00,691.5,9.9,0
2022-12-06 19:00:00,713.3,8.9,0
2022-12-06 20:00:00,685.5,8.4,0
2022-12-06 21:00:00,650.3,7.3,0
2022-12-06 22:00:00,630.9,5.7,0
2022-12-06 23:00:00,623.8,3.8,0
2022-12-07 00:00:00,616.6,0.7,0
2022-12-07 01:00:00,611.5,0.8,0
2022-12-07 02:00:00,625.8,-0.9,0
2022-12-07 03:00:00,658.1,-1.4,0
2022-12-07 04:00:00,648.4,0.2,0
2022-12-07 05:00:00,692.8,0.1,0
2022-12-07 06:00:00,703.7,1.3,0
2022-12-07 07:00:00,745.9,1.8,0
2022-12-07 08:00:00,729.9,3.4,0
2022-12-07 09:00:00,724.4,4.4,0
2022-12-07 10:00:00,692.0,4.9,0
2022-12-07 11:00:00,668.5,7.0,0
2022-12-07 12:00:00,626.8,7.5,0
2022-12-07 13:00:00,615.1,6.9,0
2022-12-07 14:00:00,624.6,7.0,0
2022-12-07 15:00:00,620.3,7.5,0
2022-12-07 16:00:00,684.5,6.4,0
2022-12-07 17:00:00,708.7,6.7,0
2022-12-07 18:00:00,736.8,6.7,0
2022-12-07 19:00:00,739.8,7.6,0
2022-12-07 20:00:00,733.7,6.0,0
2022-12-07 21:00:00,685.1,5.5,0
2022-12-07 22:00:00,655.6,2.9,0
2022-12-07 23:00:00,624.8,1.5,0
2022-12-08 00:00:00,588.1,0.6,0
2022-12-08 01:00:00,576.9,0.3,0
2022-12-08 02:00:00,570.4,-0.2,0
2022-12-08 03:00:00,588.9,-0.5,0
2022-12-08 04:00:00,589.5,-0.9,0
2022-12-08 05:00:00,596.5,-0.9,0
2022-12-08 06:00:00,632.4,-0.0,0
2022-12-08 07:00:00,684.1,1.3,0
2022-12-08 08:00:00,669.4,2.7,0
2022-12-08 09:00:00,647.1,4.6,0
2022-12-08 10:00:00,612.3,6.6,0
2022-12-08 11:00:00,619.6,5.9,0
2022-12-08 12:00:00,617.1,6.2,0
2022-12-08 13:00:00,600.4,6.7,0
2022-12-08 14:00:00,623.9,6.5,0
2022-12-08 15:00:00,632.6,7.5,0
2022-12-08 16:00:00,669.8,8.0,0
2022-12-08 17:00:00,732.6,7.4,0
2022-12-08 18:00:00,717.0,6.8,0
2022-12-08 19:00:00,691.7,7.0,0
2022-12-08 20:00:00,663.3,5.7,0
2022-12-08 21:00:00,630.0,4.3,0
2022-12-08 22:00:00,612.6,4.0,0
2022-12-08 23:00:00,607.4,3.3,0
2022-12-09 00:00:00,598.8,3.5,0
2022-12-09 01:00:00,613.7,3.1,0
2022-12-09 02:00:00,602.9,3.2,0
2022-12-09 03:00:00,602.8,2.4,0
2022-12-09 04:00:00,629.2,1.6,0
2022-12-09 05:00:00,650.7,1.9,0
2022-12-09 06:00:00,690.5,0.1,0
2022-12-09 07:00:00,714.5,1.3,0
2022-12-09 08:00:00,697.0,3.0,0
2022-12-09 09:00:00,677.3,4.1,0
2022-12-09 10:00:00,647.0,4.9,0
2022-12-09 11:00:00,599.7,6.7,0
2022-12-09 12:00:00,572.4,7.4,0
2022-12-09 13:00:00,562.7,8.8,0
2022-12-09 14:00:00,556.1,11.0,0
2022-12-09 15:00:00,556.0,11.6,0
2022-12-09 16:00:00,616.8,12.1,0
2022-12-09 17:00:00,678.5,12.0,0
2022-12-09 18:00:00,725.3,11.3,0
2022-12-09 19:00:00,738.9,10.5,0
2022-12-09 20:00:00,710.1,9.4,0
2022-12-09 21:00:00,653.7,9.2,0
2022-12-09 22:00:00,624.0,6.5,0
2022-12-09 23:00:00,588.2,5.1,0
2022-12-10 00:00:00,490.8,4.6,0
2022-12-10 01:00:00,474.0,3.1,0
2022-12-10 02:00:00,483.5,2.5,0
2022-12-10 03:00:00,503.6,1.6,0
2022-12-10 04:00:00,505.8,2.0,0
2022-12-10 05:00:00,514.7,3.0,0
2022-12-10 06:00:00,533.3,4.8,0
2022-12-10 07:00:00,566.3,5.9,0
2022-12-10 08:00:00,576.8,6.0,0
2022-12-10 09:00:00,591.0,7.1,0
2022-12-10 10:00:00,544.0,8.5,0
2022-12-10 11:00:00,500.1,10.5,0
2022-12-10 12:00:00,491.4,9.3,0
2022-12-10 13:00:00,483.4,10.1,0
2022-12-10 14:00:00,508.5,8.8,0
2022-12-10 15:00:00,534.6,9.4,0
2022-12-10 16:00:00,560.2,9.6,0
2022-12-10 17:00:00,621.2,9.5,0
2022-12-10 18:00:00,611.4,9.5,0
2022-12-10 19:00:00,622.8,8.9,0
2022-12-10 20:00:00,615.2,7.2,0
2022-12-10 21:00:00,567.6,6.3,0
2022-12-10 22:00:00,519.3,6.2,0
2022-12-10 23:00:00,519.7,5.0,0
2022-12-11 00:00:00,515.5,3.9,0
2022-12-11 01:00:00,532.1,2.1,0
2022-12-11 02:00:00,516.4,2.6,0
2022-12-11 03:00:00,518.3,1.8,0
2022-12-11 04:00:00,529.3,1.2,0
2022-12-11 05:00:00,549.7,1.1,0
2022-12-11 06:00:00,596.8,0.9,0
2022-12-11 07:00:00,637.2,1.5,0
2022-12-11 08:00:00,635.2,3.5,0
2022-12-11 09:00:00,598.4,5.1,0
2022-12-11 10:00:00,567.3,7.3,0
2022-12-11 11:00:00,543.7,9.4,0
2022-12-11 12:00:00,498.6,9.3,0
2022-12-11 13:00:00,496.2,10.2,0
2022-12-11 14:00:00,486.8,11.7,0
2022-12-11 15:00:00,501.9,13.7,0
2022-12-11 16:00:00,522.4,12.1,0
2022-12-11 17:00:00,556.9,10.3,0
2022-12-11 18:00:00,588.3,9.9,0
2022-12-11 19:00:00,595.5,8.6,0
2022-12-11 20:00:00,587.9,6.6,0
2022-12-11 21:00:00,553.8,5.8,0
2022-12-11 22:00:00,555.2,4.0,0
2022-12-11 23:00:00,589.4,1.0,0
2022-12-12 00:00:00,611.5,-0.0,0
2022-12-12 01:00:00,614.9,-0.6,0
2022-12-12 02:00:00,600.0,-0.5,0
2022-12-12 03:00:00,598.0,0.1,0
2022-12-12 04:00:00,624.5,0.3,0
2022-12-12 05:00:00,648.1,0.5,0
2022-12-12 06:00:00,675.6,0.5,0
2022-12-12 07:00:00,695.4,-0.2,0
2022-12-12 08:00:00,722.5,0.4,0
2022-12-12 09:00:00,718.6,2.3,0
2022-12-12 10:00:00,646.7,3.9,0
2022-12-12 11:00:00,609.9,6.6,0
2022-12-12 12:00:00,588.3,7.2,0
2022-12-12 13:00:00,575.0,6.2,0
2022-12-12 14:00:00,604.0,7.3,0
2022-12-12 15:00:00,622.1,8.2,0
2022-12-12 16:00:00,693.1,7.0,0
2022-12-12 17:00:00,723.8,5.2,0
2022-12-12 18:00:00,740.1,4.7,0
2022-12-12 19:00:00,716.7,4.4,0
2022-12-12 20:00:00,718.0,2.5,0
2022-12-12 21:00:00,674.3,1.2,0
2022-12-12 22:00:00,664.6,-0.5,0
2022-12-12 23:00:00,692.4,-2.5,0
2022-12-13 00:00:00,690.1,-4.5,0
2022-12-13 01:00:00,699.4,-4.9,0
2022-12-13 02:00:00,698.3,-5.6,0
2022-12-13 03:00:00,714.8,-6.2,0
2022-12-13 04:00:00,748.4,-8.2,0
2022-12-13 05:00:00,717.7,-6.1,0
2022-12-13 06:00:00,758.9,-6.2,0
2022-12-13 07:00:00,774.8,-5.3,0
2022-12-13 08:00:00,775.4,-5.2,0
2022-12-13 09:00:00,734.2,-3.7,0
2022-12-13 10:00:00,741.1,-3.8,0
2022-12-13 11:00:00,679.9,-2.6,0
2022-12-13 12:00:00,649.2,-1.7,0
2022-12-13 13:00:00,639.2,-0.1,0
2022-12-13 14:00:00,666.6,-0.5,0
2022-12-13 15:00:00,695.9,-0.8,0
2022-12-13 16:00:00,707.0,-0.9,0
2022-12-13 17:00:00,744.2,0.7,0
2022-12-13 18:00:00,788.8,-1.1,0
2022-12-13 19:00:00,772.5,-1.6,0
2022-12-13 20:00:00,789.3,-2.9,0
2022-12-13 21:00:00,762.2,-3.5,0
2022-12-13 22:00:00,707.4,-3.9,0
2022-12-13 23:00:00,661.6,-4.6,0
2022-12-14 00:00:00,641.5,-5.2,0
2022-12-14 01:00:00,635.9,-5.5,0
2022-12-14 02:00:00,654.0,-6.3,0
2022-12-14 03:00:00,666.1,-6.5,0
2022-12-14 04:00:00,687.9,-7.7,0
2022-12-14 05:00:00,721.2,-7.5,0
2022-12-14 06:00:00,759.0,-7.3,0
2022-12-14 07:00:00,763.7,-6.6,0
2022-12-14 08:00:00,770.9,-4.8,0
2022-12-14 09:00:00,750.0,-3.3,0
2022-12-14 10:00:00,708.7,-1.7,0
2022-12-14 11:00:00,670.4,0.3,0
2022-12-14 12:00:00,659.9,-0.8,0
2022-12-14 13:00:00,633.8,0.3,0
2022-12-14 14:00:00,639.2,0.8,0
2022-12-14 15:00:00,647.3,1.0,0
2022-12-14 16:00:00,722.5,-0.2,0
2022-12-14 17:00:00,758.6,0.0,0
2022-12-14 18:00:00,786.7,0.5,0
2022-12-14 19:00:00,809.9,0.7,0
2022-12-14 20:00:00,813.0,-0.3,0
2022-12-14 21:00:00,805.2,-0.7,0
2022-12-14 22:00:00,747.6,-0.9,0
2022-12-14 23:00:00,734.5,-0.3,0
2022-12-15 00:00:00,675.1,-0.2,0
2022-12-15 01:00:00,659.2,-0.8,0
2022-12-15 02:00:00,652.2,-1.1,0
2022-12-15 03:00:00,647.3,-1.2,0
2022-12-15 04:00:00,649.2,-0.9,0
2022-12-15 05:00:00,674.8,-1.0,0
2022-12-15 06:00:00,710.7,0.2,0
2022-12-15 07:00:00,696.9,0.4,0
2022-12-15 08:00:00,687.2,0.6,0
2022-12-15 09:00:00,651.5,1.9,0
2022-12-15 10:00:00,639.8,2.4,0
2022-12-15 11:00:00,619.3,3.2,0
2022-12-15 12:00:00,628.0,2.2,0
2022-12-15 13:00:00,642.2,3.6,0
2022-12-15 14:00:00,642.8,4.0,0
2022-12-15 15:00:00,637.7,4.0,0
2022-12-15 16:00:00,674.9,4.3,0
2022-12-15 17:00:00,740.1,4.1,0
2022-12-15 18:00:00,801.8,2.8,0
2022-12-15 19:00:00,780.3,3.8,0
2022-12-15 20:00:00,766.2,2.4,0
2022-12-15 21:00:00,731.9,2.2,0
2022-12-15 22:00:00,696.9,2.6,0
2022-12-15 23:00:00,684.4,1.1,0
2022-12-16 00:00:00,643.4,0.1,0
2022-12-16 01:00:00,671.2,-1.3,0
2022-12-16 02:00:00,673.3,-0.8,0
2022-12-16 03:00:00,668.3,-1.3,0
2022-12-16 04:00:00,672.7,-2.2,0
2022-12-16 05:00:00,662.1,-0.7,0
2022-12-16 06:00:00,657.6,0.7,0
2022-12-16 07:00:00,670.6,0.6,0
2022-12-16 08:00:00,664.4,2.6,0
2022-12-16 09:00:00,641.2,3.7,0
2022-12-16 10:00:00,600.9,6.9,0
2022-12-16 11:00:00,558.6,9.2,0
2022-12-16 12:00:00,536.0,9.4,0
2022-12-16 13:00:00,533.0,9.6,0
2022-12-16 14:00:00,513.6,9.1,0
2022-12-16 15:00:00,552.2,9.2,0
2022-12-16 16:00:00,591.4,8.9,0
2022-12-16 17:00:00,654.9,9.0,0
2022-12-16 18:00:00,679.4,8.3,0
2022-12-16 19:00:00,700.2,6.1,0
2022-12-16 20:00:00,683.3,4.3,0
2022-12-16 21:00:00,684.9,4.4,0
2022-12-16 22:00:00,656.6,4.3,0
2022-12-16 23:00:00,664.8,3.0,0
2022-12-17 00:00:00,564.0,1.8,0
2022-12-17 01:00:00,568.8,0.9,0
2022-12-17 02:00:00,546.7,0.4,0
2022-12-17 03:00:00,556.1,-1.3,0
2022-12-17 04:00:00,552.4,-0.4,0
2022-12-17 05:00:00,566.9,-0.7,0
2022-12-17 06:00:00,605.7,-0.0,0
2022-12-17 07:00:00,667.4,-1.4,0
2022-12-17 08:00:00,684.4,-0.3,0
2022-12-17 09:00:00,634.2,1.9,0
2022-12-17 10:00:00,616.3,1.0,0
2022-12-17 11:00:00,570.8,3.3,0
2022-12-17 12:00:00,556.7,4.5,0
2022-12-17 13:00:00,534.0,4.4,0
2022-12-17 14:00:00,551.6,3.5,0
2022-12-17 15:00:00,579.1,4.6,0
2022-12-17 16:00:00,610.9,4.7,0
2022-12-17 17:00:00,642.1,4.8,0
2022-12-17 18:00:00,657.0,3.9,0
2022-12-17 19:00:00,671.8,2.4,0
2022-12-17 20:00:00,665.1,2.1,0
2022-12-17 21:00:00,668.7,0.3,0
2022-12-17 22:00:00,611.3,0.0,0
2022-12-17 23:00:00,630.0,-2.4,0
2022-12-18 00:00:00,609.2,-4.1,0
2022-12-18 01:00:00,611.7,-5.9,0
2022-12-18 02:00:00,624.2,-5.1,0
2022-12-18 03:00:00,654.2,-6.7,0
2022-12-18 04:00:00,655.4,-7.5,0
2022-12-18 05:00:00,647.1,-6.4,0
2022-12-18 06:00:00,671.5,-5.5,0
2022-12-18 07:00:00,641.7,-2.7,0
2022-12-18 08:00:00,626.7,-0.1,0
2022-12-18 09:00:00,616.3,1.5,0
2022-12-18 10:00:00,562.2,3.1,0
2022-12-18 11:00:00,559.0,2.4,0
2022-12-18 12:00:00,557.3,2.5,0
2022-12-18 13:00:00,543.2,2.8,0
2022-12-18 14:00:00,558.4,3.1,0
2022-12-18 15:00:00,602.7,2.1,0
2022-12-18 16:00:00,650.7,1.2,0
2022-12-18 17:00:00,686.0,0.2,0
2022-12-18 18:00:00,718.6,0.6,0
2022-12-18 19:00:00,716.1,0.2,0
2022-12-18 20:00:00,710.0,-1.0,0
2022-12-18 21:00:00,690.5,-2.2,0
2022-12-18 22:00:00,666.7,-2.9,0
2022-12-18 23:00:00,634.0,-4.4,0
2022-12-19 00:00:00,694.8,-5.5,0
2022-12-19 01:00:00,722.1,-7.5,0
2022-12-19 02:00:00,710.2,-7.2,0
2022-12-19 03:00:00,705.6,-6.4,0
2022-12-19 04:00:00,699.3,-5.9,0
2022-12-19 05:00:00,706.9,-5.0,0
2022-12-19 06:00:00,732.3,-4.0,0
2022-12-19 07:00:00,692.0,-1.4,0
2022-12-19 08:00:00,686.6,-0.3,0
2022-12-19 09:00:00,680.4,-0.4,0
2022-12-19 10:00:00,662.4,-0.2,0
2022-12-19 11:00:00,621.5,1.4,0
2022-12-19 12:00:00,584.2,3.2,0
2022-12-19 13:00:00,579.9,4.5,0
2022-12-19 14:00:00,595.2,5.6,0
2022-12-19 15:00:00,622.6,5.8,0
2022-12-19 16:00:00,685.1,4.3,0
2022-12-19 17:00:00,735.7,3.3,0
2022-12-19 18:00:00,802.8,1.1,0
2022-12-19 19:00:00,832.9,0.0,0
2022-12-19 20:00:00,817.8,-2.1,0
2022-12-19 21:00:00,774.4,-2.9,0
2022-12-19 22:00:00,744.7,-4.0,0
2022-12-19 23:00:00,753.6,-6.6,0
2022-12-20 00:00:00,727.8,-6.7,0
2022-12-20 01:00:00,720.7,-6.6,0
2022-12-20 02:00:00,734.7,-8.1,0
2022-12-20 03:00:00,718.1,-8.0,0
2022-12-20 04:00:00,708.4,-7.1,0
2022-12-20 05:00:00,725.8,-6.8,0
2022-12-20 06:00:00,740.9,-5.4,0
2022-12-20 07:00:00,709.6,-4.3,0
2022-12-20 08:00:00,711.4,-2.3,0
2022-12-20 09:00:00,704.8,-1.1,0
2022-12-20 10:00:00,667.5,-0.2,0
2022-12-20 11:00:00,657.9,1.3,0
2022-12-20 12:00:00,640.1,2.8,0
2022-12-20 13:00:00,637.0,3.6,0
2022-12-20 14:00:00,617.1,3.6,0
2022-12-20 15:00:00,657.7,3.1,0
2022-12-20 16:00:00,695.6,2.7,0
2022-12-20 17:00:00,742.0,1.8,0
2022-12-20 18:00:00,733.1,1.4,0
2022-12-20 19:00:00,722.5,0.7,0
2022-12-20 20:00:00,716.0,-0.3,0
2022-12-20 21:00:00,681.6,-1.3,0
2022-12-20 22:00:00,691.8,-2.1,0
2022-12-20 23:00:00,652.2,-1.7,0
2022-12-21 00:00:00,629.9,-1.6,0
2022-12-21 01:00:00,643.4,-2.8,0
2022-12-21 02:00:00,680.9,-2.8,0
2022-12-21 03:00:00,679.2,-3.3,0
2022-12-21 04:00:00,706.2,-3.3,0
2022-12-21 05:00:00,711.1,-3.1,0
2022-12-21 06:00:00,718.2,-3.1,0
2022-12-21 07:00:00,756.9,-3.4,0
2022-12-21 08:00:00,805.3,-4.6,0
2022-12-21 09:00:00,768.2,-3.3,0
2022-12-21 10:00:00,734.6,-1.1,0
2022-12-21 11:00:00,715.6,-0.9,0
2022-12-21 12:00:00,680.9,0.5,0
2022-12-21 13:00:00,672.7,0.8,0
2022-12-21 14:00:00,670.5,1.5,0
2022-12-21 15:00:00,683.8,1.0,0
2022-12-21 16:00:00,719.7,0.8,0
2022-12-21 17:00:00,764.5,0.3,0
2022-12-21 18:00:00,807.3,-2.3,0
2022-12-21 19:00:00,773.9,-2.8,0
2022-12-21 20:00:00,781.7,-3.7,0
2022-12-21 21:00:00,784.7,-6.8,0
2022-12-21 22:00:00,771.4,-7.1,0
2022-12-21 23:00:00,752.1,-7.9,0
2022-12-22 00:00:00,732.5,-8.5,0
2022-12-22 01:00:00,723.2,-8.7,0
2022-12-22 02:00:00,722.1,-9.3,0
2022-12-22 03:00:00,738.0,-10.2,0
2022-12-22 04:00:00,758.1,-10.3,0
2022-12-22 05:00:00,752.1,-10.1,0
2022-12-22 06:00:00,767.2,-7.3,0
2022-12-22 07:00:00,776.8,-4.8,0
2022-12-22 08:00:00,786.2,-4.2,0
2022-12-22 09:00:00,742.7,-3.5,0
2022-12-22 10:00:00,721.5,-2.1,0
2022-12-22 11:00:00,682.0,-0.5,0
2022-12-22 12:00:00,691.6,-0.2,0
2022-12-22 13:00:00,679.1,-0.4,0
2022-12-22 14:00:00,655.8,1.8,0
2022-12-22 15:00:00,677.8,2.9,0
2022-12-22 16:00:00,689.0,1.4,0
2022-12-22 17:00:00,743.8,-0.5,0
2022-12-22 18:00:00,784.4,-1.8,0
2022-12-22 19:00:00,758.9,-2.3,0
2022-12-22 20:00:00,735.9,-2.7,0
2022-12-22 21:00:00,732.5,-3.9,0
2022-12-22 22:00:00,747.3,-6.3,0
2022-12-22 23:00:00,766.4,-6.9,0
2022-12-23 00:00:00,744.8,-7.2,0
2022-12-23 01:00:00,717.3,-7.7,0
2022-12-23 02:00:00,733.2,-8.4,0
2022-12-23 03:00:00,729.2,-8.0,0
2022-12-23 04:00:00,736.3,-7.8,0
2022-12-23 05:00:00,747.1,-8.3,0
2022-12-23 06:00:00,797.1,-7.5,0
2022-12-23 07:00:00,852.8,-7.6,0
2022-12-23 08:00:00,834.8,-5.7,0
2022-12-23 09:00:00,786.9,-4.1,0
2022-12-23 10:00:00,743.1,-3.9,0
2022-12-23 11:00:00,689.3,-2.6,0
2022-12-23 12:00:00,668.5,-0.6,0
2022-12-23 13:00:00,655.1,-1.8,0
2022-12-23 14:00:00,681.9,-1.4,0
2022-12-23 15:00:00,679.5,0.3,0
2022-12-23 16:00:00,735.8,-1.1,0
2022-12-23 17:00:00,787.9,-1.5,0
2022-12-23 18:00:00,869.6,-3.3,0
2022-12-23 19:00:00,881.8,-4.0,0
2022-12-23 20:00:00,888.0,-6.9,0
2022-12-23 21:00:00,886.0,-9.2,0
2022-12-23 22:00:00,869.1,-10.4,0
2022-12-23 23:00:00,851.8,-11.0,0
2022-12-24 00:00:00,750.9,-11.4,0
2022-12-24 01:00:00,720.6,-11.4,0
2022-12-24 02:00:00,703.2,-10.6,0
2022-12-24 03:00:00,669.3,-9.9,0
2022-12-24 04:00:00,685.9,-9.0,0
2022-12-24 05:00:00,707.7,-9.3,0
2022-12-24 06:00:00,711.8,-8.7,0
2022-12-24 07:00:00,699.8,-4.9,0
2022-12-24 08:00:00,685.5,-1.9,0
2022-12-24 09:00:00,658.5,-0.2,0
2022-12-24 10:00:00,595.2,1.5,0
2022-12-24 11:00:00,538.8,3.3,0
2022-12-24 12:00:00,537.7,3.7,0
2022-12-24 13:00:00,551.3,6.0,0
2022-12-24 14:00:00,560.5,5.9,0
2022-12-24 15:00:00,582.3,5.9,0
2022-12-24 16:00:00,603.8,7.6,0
2022-12-24 17:00:00,642.4,5.2,0
2022-12-24 18:00:00,685.8,4.8,0
2022-12-24 19:00:00,697.7,2.4,0
2022-12-24 20:00:00,691.8,0.8,0
2022-12-24 21:00:00,656.7,-0.3,0
2022-12-24 22:00:00,624.7,-1.7,0
2022-12-24 23:00:00,607.0,-2.5,0
2022-12-25 00:00:00,501.6,-4.1,1
2022-12-25 01:00:00,502.3,-4.9,1
2022-12-25 02:00:00,545.9,-6.3,1
2022-12-25 03:00:00,557.0,-6.7,1
2022-12-25 04:00:00,574.4,-7.8,1
2022-12-25 05:00:00,589.9,-6.7,1
2022-12-25 06:00:00,619.8,-7.2,1
2022-12-25 07:00:00,646.5,-5.6,1
2022-12-25 08:00:00,662.3,-5.0,1
2022-12-25 09:00:00,635.7,-4.1,1
2022-12-25 10:00:00,585.1,-1.9,1
2022-12-25 11:00:00,550.8,-0.8,1
2022-12-25 12:00:00,531.7,-1.6,1
2022-12-25 13:00:00,498.7,-0.4,1
2022-12-25 14:00:00,537.5,-2.5,1
2022-12-25 15:00:00,541.8,-2.0,1
2022-12-25 16:00:00,584.4,-2.4,1
2022-12-25 17:00:00,657.9,-3.8,1
2022-12-25 18:00:00,684.8,-4.2,1
2022-12-25 19:00:00,708.9,-5.2,1
2022-12-25 20:00:00,698.5,-4.2,1
2022-12-25 21:00:00,669.7,-5.5,1
2022-12-25 22:00:00,645.2,-4.6,1
2022-12-25 23:00:00,599.2,-4.3,1
2022-12-26 00:00:00,622.6,-5.7,1
2022-12-26 01:00:00,634.7,-7.0,1
2022-12-26 02:00:00,611.2,-6.2,1
2022-12-26 03:00:00,591.2,-6.4,1
2022-12-26 04:00:00,622.3,-6.1,1
2022-12-26 05:00:00,656.1,-5.9,1
2022-12-26 06:00:00,676.2,-6.3,1
2022-12-26 07:00:00,695.8,-5.7,1
2022-12-26 08:00:00,708.3,-5.5,1
2022-12-26 09:00:00,688.7,-5.8,1
2022-12-26 10:00:00,667.2,-4.9,1
2022-12-26 11:00:00,592.5,-2.2,1
2022-12-26 12:00:00,530.0,0.2,1
2022-12-26 13:00:00,553.5,0.8,1
2022-12-26 14:00:00,549.7,1.4,1
2022-12-26 15:00:00,556.5,2.0,1
2022-12-26 16:00:00,579.1,3.1,1
2022-12-26 17:00:00,610.1,3.0,1
2022-12-26 18:00:00,686.1,1.9,1
2022-12-26 19:00:00,706.1,0.7,1
2022-12-26 20:00:00,692.8,0.8,1
2022-12-26 21:00:00,652.5,2.0,1
2022-12-26 22:00:00,667.3,0.3,1
2022-12-26 23:00:00,636.1,-2.5,1
2022-12-27 00:00:00,688.4,-2.7,0
2022-12-27 01:00:00,685.8,-3.5,0
2022-12-27 02:00:00,678.5,-3.8,0
2022-12-27 03:00:00,679.3,-2.9,0
2022-12-27 04:00:00,691.3,-2.7,0
2022-12-27 05:00:00,692.3,-3.6,0
2022-12-27 06:00:00,743.9,-4.8,0
2022-12-27 07:00:00,758.8,-4.0,0
2022-12-27 08:00:00,791.6,-4.0,0
2022-12-27 09:00:00,732.1,-2.7,0
2022-12-27 10:00:00,727.9,-2.7,0
2022-12-27 11:00:00,701.8,-2.0,0
2022-12-27 12:00:00,705.5,-2.4,0
2022-12-27 13:00:00,702.0,-2.0,0
2022-12-27 14:00:00,673.7,-1.9,0
2022-12-27 15:00:00,699.3,-1.1,0
2022-12-27 16:00:00,717.2,0.1,0
2022-12-27 17:00:00,746.9,-0.4,0
2022-12-27 18:00:00,805.4,-1.7,0
2022-12-27 19:00:00,791.4,-0.7,0
2022-12-27 20:00:00,801.3,-1.3,0
2022-12-27 21:00:00,783.9,-1.7,0
2022-12-27 22:00:00,733.2,-2.2,0
2022-12-27 23:00:00,717.0,-1.9,0
2022-12-28 00:00:00,673.4,-1.9,0
2022-12-28 01:00:00,659.5,-2.0,0
2022-12-28 02:00:00,642.9,-1.8,0
2022-12-28 03:00:00,669.0,-2.8,0
2022-12-28 04:00:00,668.8,-3.3,0
2022-12-28 05:00:00,694.4,-3.0,0
2022-12-28 06:00:00,691.0,-2.3,0
2022-12-28 07:00:00,718.5,-1.6,0
2022-12-28 08:00:00,700.0,-0.4,0
2022-12-28 09:00:00,667.8,0.6,0
2022-12-28 10:00:00,649.5,1.2,0
2022-12-28 11:00:00,625.2,0.7,0
2022-12-28 12:00:00,620.5,2.3,0
2022-12-28 13:00:00,592.1,3.4,0
2022-12-28 14:00:00,636.7,3.0,0
2022-12-28 15:00:00,664.1,3.6,0
2022-12-28 16:00:00,692.9,3.8,0
2022-12-28 17:00:00,739.3,3.4,0
2022-12-28 18:00:00,788.5,1.1,0
2022-12-28 19:00:00,845.0,-0.8,0
2022-12-28 20:00:00,837.9,-2.3,0
2022-12-28 21:00:00,777.7,-1.8,0
2022-12-28 22:00:00,769.6,-3.6,0
2022-12-28 23:00:00,754.1,-4.8,0
2022-12-29 00:00:00,736.4,-6.7,0
2022-12-29 01:00:00,728.2,-7.7,0
2022-12-29 02:00:00,710.8,-7.7,0
2022-12-29 03:00:00,753.8,-9.6,0
2022-12-29 04:00:00,798.8,-11.9,0
2022-12-29 05:00:00,813.4,-10.7,0
2022-12-29 06:00:00,823.7,-9.8,0
2022-12-29 07:00:00,843.3,-9.4,0
2022-12-29 08:00:00,818.9,-7.4,0
2022-12-29 09:00:00,804.3,-5.3,0
2022-12-29 10:00:00,818.4,-6.0,0
2022-12-29 11:00:00,775.3,-5.0,0
2022-12-29 12:00:00,743.4,-3.0,0
2022-12-29 13:00:00,708.8,-2.9,0
2022-12-29 14:00:00,692.4,-2.6,0
2022-12-29 15:00:00,712.4,-1.5,0
2022-12-29 16:00:00,720.2,-1.7,0
2022-12-29 17:00:00,821.9,-3.1,0
2022-12-29 18:00:00,871.7,-4.2,0
2022-12-29 19:00:00,918.5,-6.0,0
2022-12-29 20:00:00,886.8,-6.3,0
2022-12-29 21:00:00,858.7,-8.7,0
2022-12-29 22:00:00,809.1,-8.6,0
2022-12-29 23:00:00,810.5,-10.8,0
2022-12-30 00:00:00,797.8,-11.5,0
2022-12-30 01:00:00,799.4,-13.2,0
2022-12-30 02:00:00,788.5,-13.6,0
2022-12-30 03:00:00,799.5,-12.6,0
2022-12-30 04:00:00,767.6,-11.2,0
2022-12-30 05:00:00,756.0,-9.5,0
2022-12-30 06:00:00,803.0,-8.8,0
2022-12-30 07:00:00,855.2,-7.7,0
2022-12-30 08:00:00,816.6,-6.4,0
2022-12-30 09:00:00,747.3,-4.7,0
2022-12-30 10:00:00,713.3,-3.9,0
2022-12-30 11:00:00,676.6,-1.9,0
2022-12-30 12:00:00,653.6,-0.7,0
2022-12-30 13:00:00,625.8,1.1,0
2022-12-30 14:00:00,609.3,1.9,0
2022-12-30 15:00:00,643.0,2.7,0
2022-12-30 16:00:00,679.7,1.9,0
2022-12-30 17:00:00,717.9,1.1,0
2022-12-30 18:00:00,769.5,-0.6,0
2022-12-30 19:00:00,810.2,-1.7,0
2022-12-30 20:00:00,802.6,-2.7,0
2022-12-30 21:00:00,810.1,-2.9,0
2022-12-30 22:00:00,793.3,-5.1,0
2022-12-30 23:00:00,747.0,-3.0,0
2022-12-31 00:00:00,616.8,-4.0,0
2022-12-31 01:00:00,589.8,-3.5,0
2022-12-31 02:00:00,576.9,-3.0,0
2022-12-31 03:00:00,601.5,-5.5,0
2022-12-31 04:00:00,605.1,-5.6,0
2022-12-31 05:00:00,600.8,-3.9,0
2022-12-31 06:00:00,646.0,-5.5,0
2022-12-31 07:00:00,653.6,-3.9,0
2022-12-31 08:00:00,676.0,-3.7,0
2022-12-31 09:00:00,674.3,-3.1,0
2022-12-31 10:00:00,625.6,-1.8,0
2022-12-31 11:00:00,618.2,-2.5,0
2022-12-31 12:00:00,584.8,-1.4,0
2022-12-31 13:00:00,602.7,-1.2,0
2022-12-31 14:00:00,644.1,-1.4,0
2022-12-31 15:00:00,653.7,-0.5,0
2022-12-31 16:00:00,652.1,2.6,0
2022-12-31 17:00:00,680.0,2.5,0
2022-12-31 18:00:00,710.8,2.3,0
2022-12-31 19:00:00,714.6,1.4,0
2022-12-31 20:00:00,688.9,-0.2,0
2022-12-31 21:00:00,686.4,-1.0,0
2022-12-31 22:00:00,684.0,-0.7,0
2022-12-31 23:00:00,674.7,-1.6,0
2023-01-01 00:00:00,548.6,-1.7,1
2023-01-01 01:00:00,550.0,-2.6,1
2023-01-01 02:00:00,537.3,-0.8,1
2023-01-01 03:00:00,540.4,-2.6,1
2023-01-01 04:00:00,547.5,-2.0,1
2023-01-01 05:00:00,555.2,-1.2,1
2023-01-01 06:00:00,535.8,-0.5,1
2023-01-01 07:00:00,564.8,-0.8,1
2023-01-01 08:00:00,592.9,-0.9,1
2023-01-01 09:00:00,583.7,-0.1,1
2023-01-01 10:00:00,549.0,1.0,1
2023-01-01 11:00:00,511.0,0.8,1
2023-01-01 12:00:00,508.1,0.6,1
2023-01-01 13:00:00,497.1,1.8,1
2023-01-01 14:00:00,500.6,3.1,1
2023-01-01 15:00:00,553.4,2.7,1
2023-01-01 16:00:00,588.4,1.9,1
2023-01-01 17:00:00,647.8,0.9,1
2023-01-01 18:00:00,652.6,2.5,1
2023-01-01 19:00:00,693.8,2.1,1
2023-01-01 20:00:00,676.1,1.0,1
2023-01-01 21:00:00,672.0,0.8,1
2023-01-01 22:00:00,593.6,1.8,1
2023-01-01 23:00:00,541.2,1.7,1
2023-01-02 00:00:00,674.9,-0.6,0
2023-01-02 01:00:00,666.0,-1.4,0
2023-01-02 02:00:00,685.0,-2.3,0
2023-01-02 03:00:00,696.2,-2.8,0
2023-01-02 04:00:00,725.3,-3.9,0
2023-01-02 05:00:00,726.7,-3.9,0
2023-01-02 06:00:00,758.4,-4.3,0
2023-01-02 07:00:00,782.3,-3.2,0
2023-01-02 08:00:00,769.3,-2.2,0
2023-01-02 09:00:00,765.1,-2.4,0
2023-01-02 10:00:00,770.2,-2.9,0
2023-01-02 11:00:00,736.3,-2.3,0
2023-01-02 12:00:00,704.3,-0.8,0
2023-01-02 13:00:00,703.2,0.3,0
2023-01-02 14:00:00,707.2,0.7,0
2023-01-02 15:00:00,732.9,-2.1,0
2023-01-02 16:00:00,771.6,-2.6,0
2023-01-02 17:00:00,818.3,-3.5,0
2023-01-02 18:00:00,857.0,-4.3,0
2023-01-02 19:00:00,916.9,-6.1,0
2023-01-02 20:00:00,920.2,-7.2,0
2023-01-02 21:00:00,898.9,-8.7,0
2023-01-02 22:00:00,822.7,-7.1,0
2023-01-02 23:00:00,812.8,-7.3,0
2023-01-03 00:00:00,783.9,-8.2,0
2023-01-03 01:00:00,796.5,-8.8,0
2023-01-03 02:00:00,790.1,-9.2,0
2023-01-03 03:00:00,794.4,-9.1,0
2023-01-03 04:00:00,784.4,-9.2,0
2023-01-03 05:00:00,792.0,-8.7,0
2023-01-03 06:00:00,795.8,-7.1,0
2023-01-03 07:00:00,785.2,-5.4,0
2023-01-03 08:00:00,788.4,-4.1,0
2023-01-03 09:00:00,745.5,-1.9,0
2023-01-03 10:00:00,705.6,-0.6,0
2023-01-03 11:00:00,675.4,-0.5,0
2023-01-03 12:00:00,674.4,-1.3,0
2023-01-03 13:00:00,648.1,-1.2,0
2023-01-03 14:00:00,673.3,-0.8,0
2023-01-03 15:00:00,696.6,-0.2,0
2023-01-03 16:00:00,727.8,0.7,0
2023-01-03 17:00:00,792.6,-0.2,0
2023-01-03 18:00:00,832.3,-1.5,0
2023-01-03 19:00:00,823.7,-1.6,0
2023-01-03 20:00:00,816.9,-1.4,0
2023-01-03 21:00:00,788.5,-2.9,0
2023-01-03 22:00:00,764.6,-3.6,0
2023-01-03 23:00:00,700.9,-3.3,0
2023-01-04 00:00:00,665.0,-3.9,0
2023-01-04 01:00:00,668.1,-4.6,0
2023-01-04 02:00:00,707.0,-6.9,0
2023-01-04 03:00:00,699.0,-5.8,0
2023-01-04 04:00:00,713.6,-5.1,0
2023-01-04 05:00:00,717.2,-4.6,0
2023-01-04 06:00:00,736.1,-4.4,0
2023-01-04 07:00:00,774.4,-4.7,0
2023-01-04 08:00:00,764.1,-3.8,0
2023-01-04 09:00:00,741.9,-2.9,0
2023-01-04 10:00:00,700.7,-0.8,0
2023-01-04 11:00:00,653.2,-0.9,0
2023-01-04 12:00:00,597.5,1.2,0
2023-01-04 13:00:00,605.7,1.9,0
2023-01-04 14:00:00,594.5,3.3,0
2023-01-04 15:00:00,644.4,2.5,0
2023-01-04 16:00:00,671.2,2.7,0
2023-01-04 17:00:00,687.2,3.4,0
2023-01-04 18:00:00,734.2,2.8,0
2023-01-04 19:00:00,759.7,0.6,0
2023-01-04 20:00:00,761.7,-0.7,0
2023-01-04 21:00:00,725.1,-1.3,0
2023-01-04 22:00:00,714.8,-3.6,0
2023-01-04 23:00:00,725.3,-5.8,0
2023-01-05 00:00:00,687.5,-6.4,0
2023-01-05 01:00:00,701.8,-7.9,0
2023-01-05 02:00:00,678.5,-7.6,0
2023-01-05 03:00:00,708.3,-8.7,0
2023-01-05 04:00:00,758.9,-10.2,0
2023-01-05 05:00:00,794.1,-10.3,0
2023-01-05 06:00:00,772.3,-8.2,0
2023-01-05 07:00:00,823.3,-8.1,0
2023-01-05 08:00:00,793.5,-7.0,0
2023-01-05 09:00:00,776.4,-5.6,0
2023-01-05 10:00:00,758.7,-5.3,0
2023-01-05 11:00:00,724.4,-3.2,0
2023-01-05 12:00:00,686.3,-2.2,0
2023-01-05 13:00:00,663.3,-1.0,0
2023-01-05 14:00:00,706.7,-2.1,0
2023-01-05 15:00:00,762.0,-3.4,0
2023-01-05 16:00:00,807.7,-5.9,0
2023-01-05 17:00:00,842.6,-6.2,0
2023-01-05 18:00:00,863.0,-6.8,0
2023-01-05 19:00:00,823.9,-6.8,0
2023-01-05 20:00:00,820.4,-6.2,0
2023-01-05 21:00:00,796.3,-7.3,0
2023-01-05 22:00:00,788.2,-8.4,0
2023-01-05 23:00:00,781.5,-8.8,0
2023-01-06 00:00:00,714.2,-8.1,0
2023-01-06 01:00:00,743.6,-9.4,0
2023-01-06 02:00:00,722.0,-9.1,0
2023-01-06 03:00:00,705.5,-9.4,0
2023-01-06 04:00:00,729.9,-9.5,0
2023-01-06 05:00:00,741.6,-8.2,0
2023-01-06 06:00:00,768.4,-8.2,0
2023-01-06 07:00:00,802.4,-8.2,0
2023-01-06 08:00:00,822.7,-6.6,0
2023-01-06 09:00:00,810.0,-5.4,0
2023-01-06 10:00:00,774.8,-4.5,0
2023-01-06 11:00:00,732.9,-3.6,0
2023-01-06 12:00:00,729.8,-2.2,0
2023-01-06 13:00:00,708.6,-1.8,0
2023-01-06 14:00:00,666.8,-0.6,0
2023-01-06 15:00:00,702.6,-0.0,0
2023-01-06 16:00:00,709.7,1.2,0
2023-01-06 17:00:00,701.5,2.0,0
2023-01-06 18:00:00,708.4,2.1,0
2023-01-06 19:00:00,709.1,1.1,0
2023-01-06 20:00:00,673.9,0.2,0
2023-01-06 21:00:00,664.0,-1.4,0
2023-01-06 22:00:00,619.3,0.1,0
2023-01-06 23:00:00,654.2,-1.2,0
2023-01-07 00:00:00,561.9,-1.6,0
2023-01-07 01:00:00,540.6,-1.1,0
2023-01-07 02:00:00,558.4,-2.9,0
2023-01-07 03:00:00,578.9,-3.8,0
2023-01-07 04:00:00,612.8,-4.1,0
2023-01-07 05:00:00,664.4,-4.7,0
2023-01-07 06:00:00,668.4,-5.2,0
2023-01-07 07:00:00,672.3,-4.8,0
2023-01-07 08:00:00,664.2,-2.7,0
2023-01-07 09:00:00,673.4,-1.0,0
2023-01-07 10:00:00,632.4,0.1,0
2023-01-07 11:00:00,618.7,1.0,0
2023-01-07 12:00:00,602.7,0.3,0
2023-01-07 13:00:00,575.6,1.6,0
2023-01-07 14:00:00,572.3,2.4,0
2023-01-07 15:00:00,626.7,1.5,0
2023-01-07 16:00:00,647.2,1.6,0
2023-01-07 17:00:00,689.0,1.1,0
2023-01-07 18:00:00,730.0,-0.0,0
2023-01-07 19:00:00,764.2,-1.7,0
2023-01-07 20:00:00,757.6,-3.2,0
2023-01-07 21:00:00,758.5,-5.1,0
2023-01-07 22:00:00,755.2,-5.6,0
2023-01-07 23:00:00,744.5,-6.1,0
2023-01-08 00:00:00,695.9,-6.6,0
2023-01-08 01:00:00,686.4,-7.4,0
2023-01-08 02:00:00,687.5,-8.1,0
2023-01-08 03:00:00,650.2,-6.3,0
2023-01-08 04:00:00,662.4,-7.8,0
2023-01-08 05:00:00,648.7,-6.3,0
2023-01-08 06:00:00,661.2,-5.3,0
2023-01-08 07:00:00,651.6,-4.4,0
2023-01-08 08:00:00,715.8,-3.9,0
2023-01-08 09:00:00,711.3,-3.0,0
2023-01-08 10:00:00,680.1,-3.0,0
2023-01-08 11:00:00,650.4,-3.2,0
2023-01-08 12:00:00,648.0,-2.4,0
2023-01-08 13:00:00,630.9,-3.1,0
2023-01-08 14:00:00,608.2,-1.8,0
2023-01-08 15:00:00,634.6,-0.6,0
2023-01-08 16:00:00,707.5,-3.7,0
2023-01-08 17:00:00,778.5,-5.4,0
2023-01-08 18:00:00,804.5,-5.5,0
2023-01-08 19:00:00,809.2,-6.0,0
2023-01-08 20:00:00,784.0,-6.7,0
2023-01-08 21:00:00,764.8,-7.1,0
2023-01-08 22:00:00,738.9,-7.3,0
2023-01-08 23:00:00,720.5,-7.4,0
2023-01-09 00:00:00,723.1,-6.5,0
2023-01-09 01:00:00,739.2,-7.1,0
2023-01-09 02:00:00,721.2,-6.6,0
2023-01-09 03:00:00,749.7,-8.2,0
2023-01-09 04:00:00,735.5,-8.1,0
2023-01-09 05:00:00,742.0,-8.7,0
2023-01-09 06:00:00,760.7,-6.7,0
2023-01-09 07:00:00,739.1,-3.7,0
2023-01-09 08:00:00,724.7,-2.3,0
2023-01-09 09:00:00,733.0,-2.4,0
2023-01-09 10:00:00,726.5,-1.5,0
2023-01-09 11:00:00,687.9,-0.5,0
2023-01-09 12:00:00,657.9,0.6,0
2023-01-09 13:00:00,644.3,2.2,0
2023-01-09 14:00:00,647.0,3.4,0
2023-01-09 15:00:00,692.3,1.1,0
2023-01-09 16:00:00,680.1,2.3,0
2023-01-09 17:00:00,741.1,1.4,0
2023-01-09 18:00:00,766.4,0.3,0
2023-01-09 19:00:00,797.0,0.8,0
2023-01-09 20:00:00,773.3,-0.4,0
2023-01-09 21:00:00,770.3,-2.7,0
2023-01-09 22:00:00,766.1,-4.9,0
2023-01-09 23:00:00,758.8,-5.8,0
2023-01-10 00:00:00,757.3,-5.7,0
2023-01-10 01:00:00,722.1,-5.0,0
2023-01-10 02:00:00,731.1,-5.5,0
2023-01-10 03:00:00,729.5,-6.1,0
2023-01-10 04:00:00,704.4,-4.5,0
2023-01-10 05:00:00,736.1,-4.5,0
2023-01-10 06:00:00,741.1,-2.6,0
2023-01-10 07:00:00,749.3,-1.6,0
2023-01-10 08:00:00,730.6,-0.5,0
2023-01-10 09:00:00,722.7,0.3,0
2023-01-10 10:00:00,742.2,1.5,0
2023-01-10 11:00:00,702.8,2.0,0
2023-01-10 12:00:00,689.6,2.2,0
2023-01-10 13:00:00,663.4,2.6,0
2023-01-10 14:00:00,724.2,2.4,0
2023-01-10 15:00:00,702.1,2.8,0
2023-01-10 16:00:00,717.7,2.8,0
2023-01-10 17:00:00,725.5,2.1,0
2023-01-10 18:00:00,772.0,1.3,0
2023-01-10 19:00:00,786.7,0.2,0
2023-01-10 20:00:00,762.1,0.9,0
2023-01-10 21:00:00,738.3,-0.2,0
2023-01-10 22:00:00,750.2,-1.8,0
2023-01-10 23:00:00,761.3,-3.1,0
2023-01-11 00:00:00,734.8,-3.4,0
2023-01-11 01:00:00,681.2,-4.2,0
2023-01-11 02:00:00,665.4,-4.8,0
2023-01-11 03:00:00,674.0,-5.2,0
2023-01-11 04:00:00,696.4,-4.9,0
2023-01-11 05:00:00,664.1,-4.2,0
2023-01-11 06:00:00,715.2,-3.2,0
2023-01-11 07:00:00,760.8,-3.8,0
2023-01-11 08:00:00,801.0,-3.8,0
2023-01-11 09:00:00,790.1,-5.1,0
2023-01-11 10:00:00,732.9,-3.3,0
2023-01-11 11:00:00,671.6,-1.2,0
2023-01-11 12:00:00,629.0,0.8,0
2023-01-11 13:00:00,611.2,1.6,0
2023-01-11 14:00:00,582.9,3.0,0
2023-01-11 15:00:00,635.0,3.1,0
2023-01-11 16:00:00,683.4,2.8,0
2023-01-11 17:00:00,728.2,1.0,0
2023-01-11 18:00:00,739.1,-0.3,0
2023-01-11 19:00:00,784.5,-1.6,0
2023-01-11 20:00:00,729.9,-1.7,0
2023-01-11 21:00:00,681.7,-1.2,0
2023-01-11 22:00:00,660.7,-2.7,0
2023-01-11 23:00:00,649.7,-3.3,0
2023-01-12 00:00:00,639.3,-3.9,0
2023-01-12 01:00:00,670.0,-5.3,0
2023-01-12 02:00:00,699.4,-7.2,0
2023-01-12 03:00:00,693.6,-8.0,0
2023-01-12 04:00:00,747.5,-9.1,0
2023-01-12 05:00:00,786.9,-8.8,0
2023-01-12 06:00:00,818.4,-8.2,0
2023-01-12 07:00:00,869.1,-7.4,0
2023-01-12 08:00:00,841.5,-6.5,0
2023-01-12 09:00:00,795.1,-4.9,0
2023-01-12 10:00:00,757.5,-4.6,0
2023-01-12 11:00:00,702.7,-2.8,0
2023-01-12 12:00:00,711.2,-3.3,0
2023-01-12 13:00:00,701.1,-2.5,0
2023-01-12 14:00:00,691.1,-1.6,0
2023-01-12 15:00:00,737.1,-2.1,0
2023-01-12 16:00:00,783.9,-3.5,0
2023-01-12 17:00:00,802.8,-3.2,0
2023-01-12 18:00:00,831.2,-4.3,0
2023-01-12 19:00:00,811.8,-4.3,0
2023-01-12 20:00:00,792.3,-4.4,0
2023-01-12 21:00:00,762.0,-5.3,0
2023-01-12 22:00:00,748.7,-6.3,0
2023-01-12 23:00:00,738.8,-6.2,0
2023-01-13 00:00:00,716.6,-6.7,0
2023-01-13 01:00:00,720.7,-8.1,0
2023-01-13 02:00:00,747.4,-8.2,0
2023-01-13 03:00:00,716.8,-7.8,0
2023-01-13 04:00:00,733.2,-7.4,0
2023-01-13 05:00:00,745.6,-6.8,0
2023-01-13 06:00:00,772.3,-6.3,0
2023-01-13 07:00:00,777.9,-5.5,0
2023-01-13 08:00:00,778.3,-5.3,0
2023-01-13 09:00:00,788.7,-5.5,0
2023-01-13 10:00:00,712.5,-3.3,0
2023-01-13 11:00:00,694.3,-2.9,0
2023-01-13 12:00:00,648.0,-1.7,0
2023-01-13 13:00:00,632.7,-2.4,0
2023-01-13 14:00:00,646.0,-1.7,0
2023-01-13 15:00:00,673.7,-2.2,0
2023-01-13 16:00:00,712.4,0.5,0
2023-01-13 17:00:00,736.2,-0.8,0
2023-01-13 18:00:00,787.2,-2.2,0
2023-01-13 19:00:00,792.3,-2.1,0
2023-01-13 20:00:00,773.5,-2.0,0
2023-01-13 21:00:00,772.8,-4.9,0
2023-01-13 22:00:00,728.5,-5.6,0
2023-01-13 23:00:00,728.0,-5.7,0
2023-01-14 00:00:00,668.5,-7.6,0
2023-01-14 01:00:00,663.4,-7.5,0
2023-01-14 02:00:00,670.6,-8.3,0
2023-01-14 03:00:00,701.9,-9.3,0
2023-01-14 04:00:00,724.2,-9.3,0
2023-01-14 05:00:00,750.0,-9.2,0
2023-01-14 06:00:00,771.7,-9.7,0
2023-01-14 07:00:00,767.7,-6.8,0
2023-01-14 08:00:00,752.7,-6.1,0
2023-01-14 09:00:00,744.5,-5.6,0
2023-01-14 10:00:00,679.7,-3.7,0
2023-01-14 11:00:00,644.6,-2.7,0
2023-01-14 12:00:00,618.6,-0.6,0
2023-01-14 13:00:00,604.3,-0.2,0
2023-01-14 14:00:00,618.3,0.6,0
2023-01-14 15:00:00,625.0,0.8,0
2023-01-14 16:00:00,681.8,0.9,0
2023-01-14 17:00:00,714.7,0.3,0
2023-01-14 18:00:00,783.8,-0.4,0
2023-01-14 19:00:00,774.6,0.4,0
2023-01-14 20:00:00,758.4,-1.2,0
2023-01-14 21:00:00,716.1,-2.7,0
2023-01-14 22:00:00,691.4,-4.1,0
2023-01-14 23:00:00,705.6,-4.5,0
2023-01-15 00:00:00,644.9,-4.9,0
2023-01-15 01:00:00,603.5,-4.7,0
2023-01-15 02:00:00,626.1,-6.3,0
2023-01-15 03:00:00,644.8,-6.2,0
2023-01-15 04:00:00,646.7,-6.2,0
2023-01-15 05:00:00,652.9,-6.1,0
2023-01-15 06:00:00,671.6,-5.3,0
2023-01-15 07:00:00,713.5,-6.2,0
2023-01-15 08:00:00,730.6,-4.9,0
2023-01-15 09:00:00,736.9,-3.7,0
2023-01-15 10:00:00,711.3,-3.9,0
2023-01-15 11:00:00,659.9,-2.9,0
2023-01-15 12:00:00,596.9,-0.6,0
2023-01-15 13:00:00,565.3,-0.3,0
2023-01-15 14:00:00,568.4,0.7,0
2023-01-15 15:00:00,570.8,0.7,0
2023-01-15 16:00:00,634.1,-0.1,0
2023-01-15 17:00:00,685.6,-1.3,0
2023-01-15 18:00:00,714.8,-2.2,0
2023-01-15 19:00:00,738.8,-1.8,0
2023-01-15 20:00:00,690.5,-1.9,0
2023-01-15 21:00:00,697.9,-3.6,0
2023-01-15 22:00:00,670.8,-3.7,0
2023-01-15 23:00:00,669.4,-4.7,0
2023-01-16 00:00:00,714.0,-6.1,0
2023-01-16 01:00:00,687.7,-6.3,0
2023-01-16 02:00:00,710.0,-7.5,0
2023-01-16 03:00:00,751.6,-9.0,0
2023-01-16 04:00:00,705.3,-7.6,0
2023-01-16 05:00:00,752.3,-8.8,0
2023-01-16 06:00:00,766.5,-7.6,0
2023-01-16 07:00:00,801.0,-8.0,0
2023-01-16 08:00:00,809.7,-6.9,0
2023-01-16 09:00:00,788.1,-6.0,0
2023-01-16 10:00:00,753.5,-5.2,0
2023-01-16 11:00:00,767.9,-6.0,0
2023-01-16 12:00:00,725.1,-5.1,0
2023-01-16 13:00:00,707.0,-4.3,0
2023-01-16 14:00:00,714.6,-4.6,0
2023-01-16 15:00:00,722.1,-4.3,0
2023-01-16 16:00:00,737.9,-3.3,0
2023-01-16 17:00:00,813.2,-4.2,0
2023-01-16 18:00:00,826.8,-4.5,0
2023-01-16 19:00:00,893.9,-6.1,0
2023-01-16 20:00:00,845.8,-6.6,0
2023-01-16 21:00:00,776.7,-6.9,0
2023-01-16 22:00:00,722.1,-5.5,0
2023-01-16 23:00:00,690.1,-5.6,0
2023-01-17 00:00:00,687.2,-6.0,0
2023-01-17 01:00:00,678.6,-5.4,0
2023-01-17 02:00:00,673.7,-6.6,0
2023-01-17 03:00:00,662.0,-5.8,0
2023-01-17 04:00:00,677.3,-6.1,0
2023-01-17 05:00:00,749.7,-6.3,0
2023-01-17 06:00:00,755.7,-4.6,0
2023-01-17 07:00:00,771.4,-3.6,0
2023-01-17 08:00:00,762.4,-1.4,0
2023-01-17 09:00:00,759.7,-1.7,0
2023-01-17 10:00:00,720.1,-0.5,0
2023-01-17 11:00:00,676.7,0.0,0
2023-01-17 12:00:00,658.5,0.6,0
2023-01-17 13:00:00,671.9,-0.4,0
2023-01-17 14:00:00,642.2,0.9,0
2023-01-17 15:00:00,663.4,1.2,0
2023-01-17 16:00:00,689.4,0.3,0
2023-01-17 17:00:00,722.6,-1.3,0
2023-01-17 18:00:00,772.3,-2.6,0
2023-01-17 19:00:00,782.1,-2.1,0
2023-01-17 20:00:00,791.7,-3.0,0
2023-01-17 21:00:00,766.1,-4.3,0
2023-01-17 22:00:00,720.4,-4.8,0
2023-01-17 23:00:00,704.0,-5.7,0
2023-01-18 00:00:00,676.7,-6.2,0
2023-01-18 01:00:00,670.0,-6.2,0
2023-01-18 02:00:00,676.1,-6.2,0
2023-01-18 03:00:00,665.7,-5.6,0
2023-01-18 04:00:00,709.8,-6.5,0
2023-01-18 05:00:00,715.0,-6.0,0
2023-01-18 06:00:00,750.8,-5.6,0
2023-01-18 07:00:00,776.9,-4.7,0
2023-01-18 08:00:00,782.5,-3.7,0
2023-01-18 09:00:00,775.9,-3.2,0
2023-01-18 10:00:00,725.2,-2.4,0
2023-01-18 11:00:00,695.8,-0.6,0
2023-01-18 12:00:00,668.0,-0.2,0
2023-01-18 13:00:00,667.6,-0.6,0
2023-01-18 14:00:00,647.8,0.4,0
2023-01-18 15:00:00,665.3,1.5,0
2023-01-18 16:00:00,695.6,1.1,0
2023-01-18 17:00:00,725.1,0.9,0
2023-01-18 18:00:00,780.3,-0.4,0
2023-01-18 19:00:00,781.3,-1.4,0
2023-01-18 20:00:00,766.1,-1.3,0
2023-01-18 21:00:00,739.6,-1.6,0
2023-01-18 22:00:00,728.6,-2.5,0
2023-01-18 23:00:00,723.0,-3.7,0
2023-01-19 00:00:00,694.8,-5.9,0
2023-01-19 01:00:00,693.4,-6.2,0
2023-01-19 02:00:00,691.7,-6.2,0
2023-01-19 03:00:00,708.9,-5.3,0
2023-01-19 04:00:00,716.6,-3.4,0
2023-01-19 05:00:00,734.2,-2.7,0
2023-01-19 06:00:00,752.0,-1.3,0
2023-01-19 07:00:00,731.5,-1.5,0
2023-01-19 08:00:00,711.7,0.4,0
2023-01-19 09:00:00,669.3,2.2,0
2023-01-19 10:00:00,641.1,4.3,0
2023-01-19 11:00:00,616.9,5.7,0
2023-01-19 12:00:00,602.6,6.8,0
2023-01-19 13:00:00,592.3,8.6,0
2023-01-19 14:00:00,606.1,8.2,0
2023-01-19 15:00:00,616.6,8.8,0
2023-01-19 16:00:00,631.2,9.4,0
2023-01-19 17:00:00,687.3,8.1,0
2023-01-19 18:00:00,724.3,6.3,0
2023-01-19 19:00:00,744.8,5.8,0
2023-01-19 20:00:00,719.0,4.8,0
2023-01-19 21:00:00,683.6,4.1,0
2023-01-19 22:00:00,644.2,3.5,0
2023-01-19 23:00:00,655.0,1.7,0
2023-01-20 00:00:00,609.1,1.1,0
2023-01-20 01:00:00,559.2,1.3,0
2023-01-20 02:00:00,557.0,0.4,0
2023-01-20 03:00:00,561.1,-0.1,0
2023-01-20 04:00:00,594.0,-1.1,0
2023-01-20 05:00:00,606.9,-0.1,0
2023-01-20 06:00:00,640.3,2.1,0
2023-01-20 07:00:00,683.7,1.6,0
2023-01-20 08:00:00,697.9,3.1,0
2023-01-20 09:00:00,694.8,4.8,0
2023-01-20 10:00:00,682.8,5.1,0
2023-01-20 11:00:00,664.5,5.6,0
2023-01-20 12:00:00,637.0,5.4,0
2023-01-20 13:00:00,637.1,5.3,0
2023-01-20 14:00:00,633.1,5.8,0
2023-01-20 15:00:00,655.5,6.4,0
2023-01-20 16:00:00,672.9,6.3,0
2023-01-20 17:00:00,712.8,6.5,0
2023-01-20 18:00:00,728.9,6.0,0
2023-01-20 19:00:00,758.5,4.0,0
2023-01-20 20:00:00,748.3,4.2,0
2023-01-20 21:00:00,727.0,4.1,0
2023-01-20 22:00:00,698.4,2.3,0
2023-01-20 23:00:00,686.5,2.8,0
2023-01-21 00:00:00,552.5,2.3,0
2023-01-21 01:00:00,550.0,1.6,0
2023-01-21 02:00:00,503.4,2.7,0
2023-01-21 03:00:00,535.0,0.2,0
2023-01-21 04:00:00,546.2,-1.3,0
2023-01-21 05:00:00,562.6,-0.3,0
2023-01-21 06:00:00,583.9,-0.0,0
2023-01-21 07:00:00,641.4,-0.1,0
2023-01-21 08:00:00,665.5,2.1,0
2023-01-21 09:00:00,652.8,3.5,0
2023-01-21 10:00:00,645.2,3.3,0
2023-01-21 11:00:00,620.2,3.6,0
2023-01-21 12:00:00,581.8,5.1,0
2023-01-21 13:00:00,548.9,7.2,0
2023-01-21 14:00:00,547.8,5.8,0
2023-01-21 15:00:00,553.0,6.0,0
2023-01-21 16:00:00,605.3,5.5,0
2023-01-21 17:00:00,653.5,3.5,0
2023-01-21 18:00:00,692.7,2.7,0
2023-01-21 19:00:00,703.8,0.5,0
2023-01-21 20:00:00,737.1,-0.9,0
2023-01-21 21:00:00,713.1,-0.5,0
2023-01-21 22:00:00,678.2,-1.0,0
2023-01-21 23:00:00,683.9,-1.3,0
2023-01-22 00:00:00,645.3,-1.6,0
2023-01-22 01:00:00,645.8,-2.0,0
2023-01-22 02:00:00,617.1,-1.6,0
2023-01-22 03:00:00,615.7,-2.8,0
2023-01-22 04:00:00,646.0,-3.0,0
2023-01-22 05:00:00,657.0,-1.9,0
2023-01-22 06:00:00,693.2,-1.9,0
2023-01-22 07:00:00,723.4,-1.5,0
2023-01-22 08:00:00,703.7,0.5,0
2023-01-22 09:00:00,654.4,2.8,0
2023-01-22 10:00:00,631.1,3.2,0
2023-01-22 11:00:00,575.1,3.4,0
2023-01-22 12:00:00,551.3,4.7,0
2023-01-22 13:00:00,559.3,5.6,0
2023-01-22 14:00:00,563.4,5.3,0
2023-01-22 15:00:00,606.1,5.9,0
2023-01-22 16:00:00,622.1,6.2,0
2023-01-22 17:00:00,639.2,5.8,0
2023-01-22 18:00:00,654.2,7.7,0
2023-01-22 19:00:00,647.1,7.9,0
2023-01-22 20:00:00,635.8,7.5,0
2023-01-22 21:00:00,590.3,7.2,0
2023-01-22 22:00:00,555.2,8.5,0
2023-01-22 23:00:00,535.8,8.3,0
2023-01-23 00:00:00,577.3,6.5,0
2023-01-23 01:00:00,584.8,5.9,0
2023-01-23 02:00:00,564.6,5.3,0
2023-01-23 03:00:00,568.3,4.4,0
2023-01-23 04:00:00,594.4,4.5,0
2023-01-23 05:00:00,629.3,4.9,0
2023-01-23 06:00:00,662.1,5.2,0
2023-01-23 07:00:00,664.4,5.4,0
2023-01-23 08:00:00,665.8,6.9,0
2023-01-23 09:00:00,656.8,6.3,0
2023-01-23 10:00:00,617.9,7.9,0
2023-01-23 11:00:00,567.3,8.7,0
2023-01-23 12:00:00,519.9,9.5,0
2023-01-23 13:00:00,557.4,7.9,0
2023-01-23 14:00:00,570.4,9.6,0
2023-01-23 15:00:00,581.9,8.1,0
2023-01-23 16:00:00,622.9,7.1,0
2023-01-23 17:00:00,664.0,7.2,0
2023-01-23 18:00:00,694.4,5.9,0
2023-01-23 19:00:00,720.5,4.6,0
2023-01-23 20:00:00,726.5,1.6,0
2023-01-23 21:00:00,689.8,0.2,0
2023-01-23 22:00:00,668.7,-0.6,0
2023-01-23 23:00:00,666.1,-1.0,0
2023-01-24 00:00:00,630.1,-2.1,0
2023-01-24 01:00:00,643.2,-2.5,0
2023-01-24 02:00:00,654.2,-2.6,0
2023-01-24 03:00:00,671.5,-3.3,0
2023-01-24 04:00:00,695.2,-3.8,0
2023-01-24 05:00:00,684.1,-1.7,0
2023-01-24 06:00:00,723.7,-1.9,0
2023-01-24 07:00:00,713.6,0.0,0
2023-01-24 08:00:00,678.4,1.0,0
2023-01-24 09:00:00,642.7,3.3,0
2023-01-24 10:00:00,650.6,3.7,0
2023-01-24 11:00:00,634.8,5.0,0
2023-01-24 12:00:00,593.2,6.1,0
2023-01-24 13:00:00,585.7,6.4,0
2023-01-24 14:00:00,579.4,7.0,0
2023-01-24 15:00:00,590.9,6.4,0
2023-01-24 16:00:00,626.9,6.2,0
2023-01-24 17:00:00,688.7,5.3,0
2023-01-24 18:00:00,715.8,5.3,0
2023-01-24 19:00:00,723.6,4.4,0
2023-01-24 20:00:00,692.4,2.1,0
2023-01-24 21:00:00,717.3,0.7,0
2023-01-24 22:00:00,680.6,-0.4,0
2023-01-24 23:00:00,685.9,-2.2,0
2023-01-25 00:00:00,657.1,-1.8,0
2023-01-25 01:00:00,652.3,-2.1,0
2023-01-25 02:00:00,651.9,-1.7,0
2023-01-25 03:00:00,621.5,-2.6,0
2023-01-25 04:00:00,625.9,-2.8,0
2023-01-25 05:00:00,628.1,-1.6,0
2023-01-25 06:00:00,654.7,-2.2,0
2023-01-25 07:00:00,654.6,-1.1,0
2023-01-25 08:00:00,683.8,-0.1,0
2023-01-25 09:00:00,659.0,0.5,0
2023-01-25 10:00:00,654.9,1.6,0
2023-01-25 11:00:00,654.1,1.7,0
2023-01-25 12:00:00,625.2,2.7,0
2023-01-25 13:00:00,607.5,2.3,0
2023-01-25 14:00:00,620.4,1.6,0
2023-01-25 15:00:00,619.9,3.1,0
2023-01-25 16:00:00,656.9,2.4,0
2023-01-25 17:00:00,713.6,0.1,0
2023-01-25 18:00:00,742.7,0.5,0
2023-01-25 19:00:00,762.8,-0.9,0
2023-01-25 20:00:00,798.5,-4.9,0
2023-01-25 21:00:00,781.4,-5.8,0
2023-01-25 22:00:00,773.5,-5.8,0
2023-01-25 23:00:00,790.9,-6.3,0
2023-01-26 00:00:00,732.3,-5.5,0
2023-01-26 01:00:00,723.9,-6.1,0
2023-01-26 02:00:00,705.2,-5.9,0
2023-01-26 03:00:00,730.4,-6.8,0
2023-01-26 04:00:00,740.9,-6.4,0
2023-01-26 05:00:00,732.9,-4.6,0
2023-01-26 06:00:00,741.3,-3.5,0
2023-01-26 07:00:00,762.8,-2.5,0
2023-01-26 08:00:00,799.6,-3.2,0
2023-01-26 09:00:00,769.8,-2.4,0
2023-01-26 10:00:00,753.8,-2.4,0
2023-01-26 11:00:00,677.5,-0.7,0
2023-01-26 12:00:00,653.1,-0.4,0
2023-01-26 13:00:00,649.0,0.7,0
2023-01-26 14:00:00,638.6,0.3,0
2023-01-26 15:00:00,618.7,2.2,0
2023-01-26 16:00:00,677.2,1.1,0
2023-01-26 17:00:00,689.8,0.9,0
2023-01-26 18:00:00,699.3,2.7,0
2023-01-26 19:00:00,749.8,2.1,0
2023-01-26 20:00:00,754.1,0.4,0
2023-01-26 21:00:00,752.9,-0.1,0
2023-01-26 22:00:00,742.0,-0.2,0
2023-01-26 23:00:00,701.8,-0.4,0
2023-01-27 00:00:00,687.6,-3.0,0
2023-01-27 01:00:00,684.7,-3.4,0
2023-01-27 02:00:00,721.5,-5.7,0
2023-01-27 03:00:00,713.4,-4.0,0
2023-01-27 04:00:00,723.3,-3.8,0
2023-01-27 05:00:00,741.5,-3.8,0
2023-01-27 06:00:00,730.2,-2.5,0
2023-01-27 07:00:00,756.0,-1.3,0
2023-01-27 08:00:00,756.4,-1.4,0
2023-01-27 09:00:00,732.5,1.1,0
2023-01-27 10:00:00,720.0,1.9,0
2023-01-27 11:00:00,675.4,1.3,0
2023-01-27 12:00:00,668.8,3.5,0
2023-01-27 13:00:00,634.5,5.5,0
2023-01-27 14:00:00,640.3,6.9,0
2023-01-27 15:00:00,662.9,7.5,0
2023-01-27 16:00:00,723.9,6.5,0
2023-01-27 17:00:00,760.7,6.8,0
2023-01-27 18:00:00,787.2,7.8,0
2023-01-27 19:00:00,785.7,7.6,0
2023-01-27 20:00:00,730.8,7.9,0
2023-01-27 21:00:00,699.7,6.0,0
2023-01-27 22:00:00,673.6,5.7,0
2023-01-27 23:00:00,662.0,5.4,0
2023-01-28 00:00:00,575.6,3.0,0
2023-01-28 01:00:00,570.5,0.8,0
2023-01-28 02:00:00,551.4,-0.3,0
2023-01-28 03:00:00,553.8,-0.5,0
2023-01-28 04:00:00,606.6,-0.0,0
2023-01-28 05:00:00,617.2,0.1,0
2023-01-28 06:00:00,628.1,0.6,0
2023-01-28 07:00:00,655.7,1.2,0
2023-01-28 08:00:00,665.8,2.2,0
2023-01-28 09:00:00,639.9,3.7,0
2023-01-28 10:00:00,569.3,5.1,0
2023-01-28 11:00:00,532.6,5.9,0
2023-01-28 12:00:00,505.0,6.9,0
2023-01-28 13:00:00,516.6,7.0,0
2023-01-28 14:00:00,508.2,8.0,0
2023-01-28 15:00:00,532.5,7.6,0
2023-01-28 16:00:00,540.0,8.9,0
2023-01-28 17:00:00,577.0,8.3,0
2023-01-28 18:00:00,646.8,7.8,0
2023-01-28 19:00:00,673.3,6.2,0
2023-01-28 20:00:00,666.2,4.8,0
2023-01-28 21:00:00,623.6,3.8,0
2023-01-28 22:00:00,583.3,2.7,0
2023-01-28 23:00:00,599.9,1.1,0
2023-01-29 00:00:00,582.7,-0.8,0
2023-01-29 01:00:00,588.6,-1.4,0
2023-01-29 02:00:00,586.1,-1.7,0
2023-01-29 03:00:00,579.9,-1.4,0
2023-01-29 04:00:00,532.9,-0.2,0
2023-01-29 05:00:00,576.0,-0.2,0
2023-01-29 06:00:00,653.2,-1.4,0
2023-01-29 07:00:00,671.3,-0.7,0
2023-01-29 08:00:00,688.9,-1.4,0
2023-01-29 09:00:00,686.0,-1.5,0
2023-01-29 10:00:00,635.5,0.6,0
2023-01-29 11:00:00,567.6,2.1,0
2023-01-29 12:00:00,551.4,2.4,0
2023-01-29 13:00:00,552.9,2.5,0
2023-01-29 14:00:00,578.4,2.8,0
2023-01-29 15:00:00,599.1,1.5,0
2023-01-29 16:00:00,624.5,1.9,0
2023-01-29 17:00:00,670.5,1.2,0
2023-01-29 18:00:00,691.3,2.4,0
2023-01-29 19:00:00,743.2,0.6,0
2023-01-29 20:00:00,724.3,0.6,0
2023-01-29 21:00:00,713.2,-1.0,0
2023-01-29 22:00:00,655.5,-1.0,0
2023-01-29 23:00:00,681.3,-2.9,0
2023-01-30 00:00:00,672.4,-2.9,0
2023-01-30 01:00:00,696.4,-3.9,0
2023-01-30 02:00:00,712.7,-5.0,0
2023-01-30 03:00:00,709.9,-5.2,0
2023-01-30 04:00:00,689.3,-4.6,0
2023-01-30 05:00:00,709.0,-3.8,0
2023-01-30 06:00:00,703.0,-1.7,0
2023-01-30 07:00:00,734.2,-0.1,0
2023-01-30 08:00:00,716.0,-1.5,0
2023-01-30 09:00:00,708.6,-0.8,0
2023-01-30 10:00:00,661.4,-1.5,0
2023-01-30 11:00:00,645.4,-0.8,0
2023-01-30 12:00:00,618.8,0.7,0
2023-01-30 13:00:00,644.1,0.2,0
2023-01-30 14:00:00,645.0,-0.3,0
2023-01-30 15:00:00,651.7,0.1,0
2023-01-30 16:00:00,660.8,-0.1,0
2023-01-30 17:00:00,688.1,1.1,0
2023-01-30 18:00:00,729.5,0.8,0
2023-01-30 19:00:00,738.0,0.6,0
2023-01-30 20:00:00,699.2,1.2,0
2023-01-30 21:00:00,688.1,-0.2,0
2023-01-30 22:00:00,686.0,-1.2,0
2023-01-30 23:00:00,698.3,-3.0,0
2023-01-31 00:00:00,637.0,-3.5,0
2023-01-31 01:00:00,621.8,-3.2,0
2023-01-31 02:00:00,595.8,-2.3,0
2023-01-31 03:00:00,562.2,-2.5,0
2023-01-31 04:00:00,605.6,-3.0,0
2023-01-31 05:00:00,649.2,-3.3,0
2023-01-31 06:00:00,680.6,-3.9,0
2023-01-31 07:00:00,714.9,-2.9,0
2023-01-31 08:00:00,710.6,-0.6,0
2023-01-31 09:00:00,715.7,-1.7,0
2023-01-31 10:00:00,717.8,-2.5,0
2023-01-31 11:00:00,667.1,-0.2,0
2023-01-31 12:00:00,653.4,-0.7,0
2023-01-31 13:00:00,659.0,0.4,0
2023-01-31 14:00:00,650.4,-0.2,0
2023-01-31 15:00:00,694.8,0.8,0
2023-01-31 16:00:00,720.6,1.5,0
2023-01-31 17:00:00,748.2,1.3,0
2023-01-31 18:00:00,775.6,1.6,0
2023-01-31 19:00:00,767.3,0.8,0
2023-01-31 20:00:00,743.6,0.5,0
2023-01-31 21:00:00,735.1,1.1,0
2023-01-31 22:00:00,706.8,1.1,0
2023-01-31 23:00:00,697.1,-0.5,0
2023-02-01 00:00:00,671.1,-2.0,0
2023-02-01 01:00:00,683.4,-2.8,0
2023-02-01 02:00:00,692.5,-3.4,0
2023-02-01 03:00:00,679.8,-3.5,0
2023-02-01 04:00:00,710.1,-3.8,0
2023-02-01 05:00:00,711.8,-2.8,0
2023-02-01 06:00:00,728.0,-2.1,0
2023-02-01 07:00:00,750.4,-0.9,0
2023-02-01 08:00:00,735.4,0.0,0
2023-02-01 09:00:00,683.7,1.6,0
2023-02-01 10:00:00,666.3,1.6,0
2023-02-01 11:00:00,636.8,4.0,0
2023-02-01 12:00:00,607.8,5.1,0
2023-02-01 13:00:00,610.4,6.1,0
2023-02-01 14:00:00,627.7,7.1,0
2023-02-01 15:00:00,628.1,8.1,0
2023-02-01 16:00:00,653.0,8.6,0
2023-02-01 17:00:00,685.2,8.3,0
2023-02-01 18:00:00,725.0,7.4,0
2023-02-01 19:00:00,752.0,5.0,0
2023-02-01 20:00:00,735.6,4.2,0
2023-02-01 21:00:00,733.2,2.8,0
2023-02-01 22:00:00,715.3,1.5,0
2023-02-01 23:00:00,677.6,2.6,0
2023-02-02 00:00:00,649.4,0.1,0
2023-02-02 01:00:00,644.0,-0.5,0
2023-02-02 02:00:00,645.8,0.1,0
2023-02-02 03:00:00,641.4,0.8,0
2023-02-02 04:00:00,632.6,2.0,0
2023-02-02 05:00:00,658.3,1.1,0
2023-02-02 06:00:00,674.5,0.8,0
2023-02-02 07:00:00,676.4,2.1,0
2023-02-02 08:00:00,702.4,2.7,0
2023-02-02 09:00:00,669.3,5.3,0
2023-02-02 10:00:00,639.6,6.4,0
2023-02-02 11:00:00,629.3,7.4,0
2023-02-02 12:00:00,595.7,8.6,0
2023-02-02 13:00:00,580.9,8.8,0
2023-02-02 14:00:00,608.4,9.2,0
2023-02-02 15:00:00,638.6,8.7,0
2023-02-02 16:00:00,641.2,8.4,0
2023-02-02 17:00:00,683.9,7.5,0
2023-02-02 18:00:00,699.2,7.0,0
2023-02-02 19:00:00,714.6,4.9,0
2023-02-02 20:00:00,716.2,2.5,0
2023-02-02 21:00:00,665.8,1.9,0
2023-02-02 22:00:00,640.2,1.1,0
2023-02-02 23:00:00,679.0,-0.7,0
2023-02-03 00:00:00,649.8,-1.7,0
2023-02-03 01:00:00,653.3,-3.2,0
2023-02-03 02:00:00,642.8,-1.8,0
2023-02-03 03:00:00,639.6,-3.3,0
2023-02-03 04:00:00,627.2,-1.6,0
2023-02-03 05:00:00,679.3,-1.9,0
2023-02-03 06:00:00,696.9,-0.9,0
2023-02-03 07:00:00,723.7,-0.3,0
2023-02-03 08:00:00,725.6,0.3,0
2023-02-03 09:00:00,702.9,2.2,0
2023-02-03 10:00:00,674.5,4.0,0
2023-02-03 11:00:00,641.5,4.7,0
2023-02-03 12:00:00,628.7,4.7,0
2023-02-03 13:00:00,604.3,7.2,0
2023-02-03 14:00:00,566.6,8.8,0
2023-02-03 15:00:00,604.6,9.0,0
2023-02-03 16:00:00,669.6,8.5,0
2023-02-03 17:00:00,713.8,8.3,0
2023-02-03 18:00:00,739.5,7.7,0
2023-02-03 19:00:00,725.9,7.8,0
2023-02-03 20:00:00,722.0,5.9,0
2023-02-03 21:00:00,724.7,4.8,0
2023-02-03 22:00:00,725.9,3.0,0
2023-02-03 23:00:00,679.3,3.1,0
2023-02-04 00:00:00,584.2,3.9,0
2023-02-04 01:00:00,560.2,3.1,0
2023-02-04 02:00:00,535.1,3.0,0
2023-02-04 03:00:00,517.6,4.0,0
2023-02-04 04:00:00,539.1,3.7,0
2023-02-04 05:00:00,561.7,3.1,0
2023-02-04 06:00:00,591.9,4.6,0
2023-02-04 07:00:00,610.4,5.7,0
2023-02-04 08:00:00,639.6,6.3,0
2023-02-04 09:00:00,584.4,8.5,0
2023-02-04 10:00:00,556.7,9.6,0
2023-02-04 11:00:00,551.4,8.7,0
2023-02-04 12:00:00,551.7,9.8,0
2023-02-04 13:00:00,505.2,10.2,0
2023-02-04 14:00:00,498.1,12.2,0
2023-02-04 15:00:00,488.8,12.1,0
2023-02-04 16:00:00,537.3,11.6,0
2023-02-04 17:00:00,568.7,11.4,0
2023-02-04 18:00:00,606.1,10.9,0
2023-02-04 19:00:00,641.7,8.6,0
2023-02-04 20:00:00,639.5,7.6,0
2023-02-04 21:00:00,611.2,6.2,0
2023-02-04 22:00:00,585.8,6.3,0
2023-02-04 23:00:00,600.2,7.3,0
2023-02-05 00:00:00,559.0,5.3,0
2023-02-05 01:00:00,565.6,3.7,0
2023-02-05 02:00:00,554.7,2.4,0
2023-02-05 03:00:00,571.0,1.5,0
2023-02-05 04:00:00,568.7,1.0,0
2023-02-05 05:00:00,594.1,1.3,0
2023-02-05 06:00:00,580.6,2.9,0
2023-02-05 07:00:00,619.8,2.4,0
2023-02-05 08:00:00,680.5,2.0,0
2023-02-05 09:00:00,657.2,1.3,0
2023-02-05 10:00:00,603.5,3.4,0
2023-02-05 11:00:00,576.0,5.5,0
2023-02-05 12:00:00,549.2,5.0,0
2023-02-05 13:00:00,519.7,4.1,0
2023-02-05 14:00:00,504.5,4.7,0
2023-02-05 15:00:00,528.7,5.9,0
2023-02-05 16:00:00,579.4,6.7,0
2023-02-05 17:00:00,621.6,6.4,0
2023-02-05 18:00:00,649.1,6.4,0
2023-02-05 19:00:00,673.5,5.8,0
2023-02-05 20:00:00,662.5,4.3,0
2023-02-05 21:00:00,640.7,5.0,0
2023-02-05 22:00:00,638.3,3.9,0
2023-02-05 23:00:00,625.4,1.9,0
2023-02-06 00:00:00,678.1,0.6,0
2023-02-06 01:00:00,694.7,-1.4,0
2023-02-06 02:00:00,679.3,-1.8,0
2023-02-06 03:00:00,659.3,-0.9,0
2023-02-06 04:00:00,694.3,-1.9,0
2023-02-06 05:00:00,671.6,-0.5,0
2023-02-06 06:00:00,645.7,2.0,0
2023-02-06 07:00:00,684.7,3.1,0
2023-02-06 08:00:00,731.2,3.0,0
2023-02-06 09:00:00,720.9,3.2,0
2023-02-06 10:00:00,704.4,3.9,0
2023-02-06 11:00:00,652.3,3.7,0
2023-02-06 12:00:00,620.2,3.4,0
2023-02-06 13:00:00,607.2,3.9,0
2023-02-06 14:00:00,611.0,4.2,0
2023-02-06 15:00:00,630.9,4.9,0
2023-02-06 16:00:00,670.3,3.8,0
2023-02-06 17:00:00,693.8,5.1,0
2023-02-06 18:00:00,714.1,5.5,0
2023-02-06 19:00:00,727.3,5.5,0
2023-02-06 20:00:00,737.6,3.9,0
2023-02-06 21:00:00,708.2,4.4,0
2023-02-06 22:00:00,708.2,3.0,0
2023-02-06 23:00:00,668.3,3.6,0
2023-02-07 00:00:00,614.1,3.8,0
2023-02-07 01:00:00,586.6,2.2,0
2023-02-07 02:00:00,564.6,1.3,0
2023-02-07 03:00:00,567.0,2.8,0
2023-02-07 04:00:00,578.6,3.7,0
2023-02-07 05:00:00,602.7,3.8,0
2023-02-07 06:00:00,623.4,4.5,0
2023-02-07 07:00:00,626.6,5.4,0
2023-02-07 08:00:00,610.6,5.5,0
2023-02-07 09:00:00,600.2,6.2,0
2023-02-07 10:00:00,585.2,6.6,0
2023-02-07 11:00:00,529.5,7.1,0
2023-02-07 12:00:00,543.9,8.2,0
2023-02-07 13:00:00,541.9,7.9,0
2023-02-07 14:00:00,558.2,8.9,0
2023-02-07 15:00:00,604.3,9.1,0
2023-02-07 16:00:00,657.0,9.6,0
2023-02-07 17:00:00,680.3,9.9,0
2023-02-07 18:00:00,713.9,10.3,0
2023-02-07 19:00:00,726.1,9.9,0
2023-02-07 20:00:00,700.1,9.4,0
2023-02-07 21:00:00,675.4,8.0,0
2023-02-07 22:00:00,629.4,7.3,0
2023-02-07 23:00:00,628.5,5.4,0
2023-02-08 00:00:00,587.6,4.3,0
2023-02-08 01:00:00,574.1,4.2,0
2023-02-08 02:00:00,574.2,3.6,0
2023-02-08 03:00:00,587.1,3.7,0
2023-02-08 04:00:00,601.5,2.7,0
2023-02-08 05:00:00,602.8,4.3,0
2023-02-08 06:00:00,628.1,4.2,0
2023-02-08 07:00:00,692.1,5.3,0
2023-02-08 08:00:00,684.8,6.1,0
2023-02-08 09:00:00,666.5,7.8,0
2023-02-08 10:00:00,613.8,8.4,0
2023-02-08 11:00:00,596.0,8.3,0
2023-02-08 12:00:00,573.2,7.3,0
2023-02-08 13:00:00,563.4,7.6,0
2023-02-08 14:00:00,595.4,6.9,0
2023-02-08 15:00:00,640.1,7.5,0
2023-02-08 16:00:00,661.0,8.7,0
2023-02-08 17:00:00,723.4,6.2,0
2023-02-08 18:00:00,762.5,4.4,0
2023-02-08 19:00:00,756.1,3.9,0
2023-02-08 20:00:00,729.8,4.1,0
2023-02-08 21:00:00,716.6,3.3,0
2023-02-08 22:00:00,691.4,2.5,0
2023-02-08 23:00:00,665.3,2.0,0
2023-02-09 00:00:00,618.9,1.7,0
2023-02-09 01:00:00,605.9,2.5,0
2023-02-09 02:00:00,589.4,2.6,0
2023-02-09 03:00:00,618.2,1.2,0
2023-02-09 04:00:00,607.0,0.9,0
2023-02-09 05:00:00,638.1,1.4,0
2023-02-09 06:00:00,657.9,1.2,0
2023-02-09 07:00:00,681.9,1.8,0
2023-02-09 08:00:00,727.4,2.3,0
2023-02-09 09:00:00,729.2,2.6,0
2023-02-09 10:00:00,676.7,4.3,0
2023-02-09 11:00:00,640.2,4.9,0
2023-02-09 12:00:00,641.7,4.7,0
2023-02-09 13:00:00,649.8,4.8,0
2023-02-09 14:00:00,646.4,5.2,0
2023-02-09 15:00:00,654.3,7.3,0
2023-02-09 16:00:00,672.1,7.4,0
2023-02-09 17:00:00,651.0,8.3,0
2023-02-09 18:00:00,699.8,8.1,0
2023-02-09 19:00:00,719.0,5.2,0
2023-02-09 20:00:00,713.9,4.6,0
2023-02-09 21:00:00,695.8,2.8,0
2023-02-09 22:00:00,685.9,0.5,0
2023-02-09 23:00:00,675.3,-1.4,0
2023-02-10 00:00:00,640.1,-0.4,0
2023-02-10 01:00:00,669.6,-2.5,0
2023-02-10 02:00:00,691.1,-3.4,0
2023-02-10 03:00:00,682.0,-2.4,0
2023-02-10 04:00:00,682.3,-1.6,0
2023-02-10 05:00:00,705.3,-2.8,0
2023-02-10 06:00:00,726.2,-2.2,0
2023-02-10 07:00:00,754.2,-1.7,0
2023-02-10 08:00:00,714.1,-0.9,0
2023-02-10 09:00:00,673.0,0.9,0
2023-02-10 10:00:00,652.4,1.5,0
2023-02-10 11:00:00,643.9,2.2,0
2023-02-10 12:00:00,632.7,4.5,0
2023-02-10 13:00:00,666.3,3.5,0
2023-02-10 14:00:00,653.8,3.6,0
2023-02-10 15:00:00,665.3,4.3,0
2023-02-10 16:00:00,698.7,3.1,0
2023-02-10 17:00:00,729.5,2.2,0
2023-02-10 18:00:00,769.3,0.5,0
2023-02-10 19:00:00,780.4,-0.0,0
2023-02-10 20:00:00,789.3,-1.4,0
2023-02-10 21:00:00,731.4,-1.6,0
2023-02-10 22:00:00,700.7,-1.5,0
2023-02-10 23:00:00,677.5,-2.4,0
2023-02-11 00:00:00,616.2,-3.3,0
2023-02-11 01:00:00,636.8,-3.6,0
2023-02-11 02:00:00,618.5,-3.9,0
2023-02-11 03:00:00,619.3,-5.1,0
2023-02-11 04:00:00,622.4,-3.8,0
2023-02-11 05:00:00,649.8,-3.1,0
2023-02-11 06:00:00,642.1,-1.7,0
2023-02-11 07:00:00,669.2,-2.1,0
2023-02-11 08:00:00,665.9,-0.2,0
2023-02-11 09:00:00,608.2,2.8,0
2023-02-11 10:00:00,599.8,4.4,0
2023-02-11 11:00:00,582.5,4.0,0
2023-02-11 12:00:00,560.2,4.9,0
2023-02-11 13:00:00,531.5,5.5,0
2023-02-11 14:00:00,556.3,6.1,0
2023-02-11 15:00:00,553.9,6.1,0
2023-02-11 16:00:00,573.7,6.4,0
2023-02-11 17:00:00,611.2,5.6,0
2023-02-11 18:00:00,642.1,5.2,0
2023-02-11 19:00:00,638.6,3.8,0
2023-02-11 20:00:00,620.2,2.9,0
2023-02-11 21:00:00,605.1,2.8,0
2023-02-11 22:00:00,594.8,1.3,0
2023-02-11 23:00:00,583.9,1.0,0
2023-02-12 00:00:00,582.4,-0.6,0
2023-02-12 01:00:00,590.0,-1.5,0
2023-02-12 02:00:00,603.2,-2.1,0
2023-02-12 03:00:00,584.1,-1.1,0
2023-02-12 04:00:00,583.5,-1.6,0
2023-02-12 05:00:00,613.9,-0.1,0
2023-02-12 06:00:00,621.9,-0.8,0
2023-02-12 07:00:00,621.8,-0.1,0
2023-02-12 08:00:00,601.7,1.7,0
2023-02-12 09:00:00,623.7,3.4,0
2023-02-12 10:00:00,604.0,3.5,0
2023-02-12 11:00:00,601.9,3.4,0
2023-02-12 12:00:00,542.6,5.0,0
2023-02-12 13:00:00,529.2,4.5,0
2023-02-12 14:00:00,537.8,5.5,0
2023-02-12 15:00:00,556.9,5.2,0
2023-02-12 16:00:00,595.4,5.1,0
2023-02-12 17:00:00,625.9,6.9,0
2023-02-12 18:00:00,644.3,7.6,0
2023-02-12 19:00:00,646.6,7.5,0
2023-02-12 20:00:00,647.6,5.2,0
2023-02-12 21:00:00,616.2,4.4,0
2023-02-12 22:00:00,600.0,3.4,0
2023-02-12 23:00:00,605.3,2.3,0
2023-02-13 00:00:00,605.8,2.7,0
2023-02-13 01:00:00,625.5,0.4,0
2023-02-13 02:00:00,631.6,0.3,0
2023-02-13 03:00:00,624.3,0.2,0
2023-02-13 04:00:00,638.2,-0.4,0
2023-02-13 05:00:00,666.0,1.6,0
2023-02-13 06:00:00,715.7,1.0,0
2023-02-13 07:00:00,763.3,1.8,0
2023-02-13 08:00:00,782.2,2.8,0
2023-02-13 09:00:00,765.1,1.8,0
2023-02-13 10:00:00,725.0,1.6,0
2023-02-13 11:00:00,690.7,1.8,0
2023-02-13 12:00:00,668.3,3.4,0
2023-02-13 13:00:00,587.6,5.0,0
2023-02-13 14:00:00,592.5,5.9,0
2023-02-13 15:00:00,633.1,6.3,0
2023-02-13 16:00:00,686.2,4.2,0
2023-02-13 17:00:00,727.1,4.1,0
2023-02-13 18:00:00,756.5,3.0,0
2023-02-13 19:00:00,725.6,3.3,0
2023-02-13 20:00:00,719.0,3.6,0
2023-02-13 21:00:00,669.8,4.6,0
2023-02-13 22:00:00,651.6,4.2,0
2023-02-13 23:00:00,633.3,3.9,0
2023-02-14 00:00:00,644.5,2.1,0
2023-02-14 01:00:00,641.7,1.5,0
2023-02-14 02:00:00,652.3,-0.1,0
2023-02-14 03:00:00,634.8,0.6,0
2023-02-14 04:00:00,639.4,-0.4,0
2023-02-14 05:00:00,665.5,-0.2,0
2023-02-14 06:00:00,713.9,-0.4,0
2023-02-14 07:00:00,733.4,0.0,0
2023-02-14 08:00:00,692.5,1.4,0
2023-02-14 09:00:00,672.2,2.0,0
2023-02-14 10:00:00,675.8,3.2,0
2023-02-14 11:00:00,644.5,3.3,0
2023-02-14 12:00:00,613.1,5.4,0
2023-02-14 13:00:00,579.5,5.5,0
2023-02-14 14:00:00,572.0,6.8,0
2023-02-14 15:00:00,567.8,8.9,0
2023-02-14 16:00:00,641.3,6.5,0
2023-02-14 17:00:00,702.7,5.2,0
2023-02-14 18:00:00,744.1,4.4,0
2023-02-14 19:00:00,756.6,4.7,0
2023-02-14 20:00:00,736.2,3.3,0
2023-02-14 21:00:00,734.3,2.6,0
2023-02-14 22:00:00,711.2,0.9,0
2023-02-14 23:00:00,705.0,0.5,0
2023-02-15 00:00:00,715.7,-1.4,0
2023-02-15 01:00:00,681.9,-1.2,0
2023-02-15 02:00:00,713.0,-4.3,0
2023-02-15 03:00:00,727.5,-6.1,0
2023-02-15 04:00:00,706.5,-4.1,0
2023-02-15 05:00:00,720.7,-3.5,0
2023-02-15 06:00:00,747.9,-3.6,0
2023-02-15 07:00:00,735.4,-0.6,0
2023-02-15 08:00:00,734.7,1.3,0
2023-02-15 09:00:00,680.2,3.4,0
2023-02-15 10:00:00,643.5,4.0,0
2023-02-15 11:00:00,603.1,5.6,0
2023-02-15 12:00:00,560.6,6.8,0
2023-02-15 13:00:00,580.1,5.9,0
2023-02-15 14:00:00,577.4,6.9,0
2023-02-15 15:00:00,590.2,6.8,0
2023-02-15 16:00:00,598.2,7.8,0
2023-02-15 17:00:00,622.7,8.6,0
2023-02-15 18:00:00,675.0,7.3,0
2023-02-15 19:00:00,675.2,5.9,0
2023-02-15 20:00:00,684.3,5.0,0
2023-02-15 21:00:00,669.1,4.6,0
2023-02-15 22:00:00,659.2,3.1,0
2023-02-15 23:00:00,623.9,2.0,0
2023-02-16 00:00:00,580.5,1.8,0
2023-02-16 01:00:00,596.6,1.5,0
2023-02-16 02:00:00,577.2,2.1,0
2023-02-16 03:00:00,566.9,2.1,0
2023-02-16 04:00:00,579.7,1.3,0
2023-02-16 05:00:00,631.0,-0.0,0
2023-02-16 06:00:00,620.9,1.4,0
2023-02-16 07:00:00,670.5,1.8,0
2023-02-16 08:00:00,686.1,2.4,0
2023-02-16 09:00:00,658.4,3.2,0
2023-02-16 10:00:00,659.5,2.8,0
2023-02-16 11:00:00,591.6,3.4,0
2023-02-16 12:00:00,587.2,1.9,0
2023-02-16 13:00:00,597.9,2.2,0
2023-02-16 14:00:00,642.9,1.9,0
2023-02-16 15:00:00,625.1,3.9,0
2023-02-16 16:00:00,636.3,4.3,0
2023-02-16 17:00:00,684.7,3.7,0
2023-02-16 18:00:00,721.6,3.3,0
2023-02-16 19:00:00,716.0,3.2,0
2023-02-16 20:00:00,705.1,1.6,0
2023-02-16 21:00:00,717.2,0.4,0
2023-02-16 22:00:00,687.7,-0.9,0
2023-02-16 23:00:00,627.1,0.5,0
2023-02-17 00:00:00,597.5,-0.1,0
2023-02-17 01:00:00,646.8,-2.6,0
2023-02-17 02:00:00,646.1,-2.2,0
2023-02-17 03:00:00,614.6,0.1,0
2023-02-17 04:00:00,613.9,-0.7,0
2023-02-17 05:00:00,597.0,2.9,0
2023-02-17 06:00:00,673.1,3.4,0
2023-02-17 07:00:00,689.1,5.0,0
2023-02-17 08:00:00,710.7,5.3,0
2023-02-17 09:00:00,664.6,6.0,0
2023-02-17 10:00:00,639.2,5.8,0
2023-02-17 11:00:00,610.9,5.7,0
2023-02-17 12:00:00,639.8,4.5,0
2023-02-17 13:00:00,611.6,6.3,0
2023-02-17 14:00:00,623.1,5.6,0
2023-02-17 15:00:00,629.5,6.1,0
2023-02-17 16:00:00,614.2,6.3,0
2023-02-17 17:00:00,686.2,5.3,0
2023-02-17 18:00:00,688.7,4.7,0
2023-02-17 19:00:00,697.8,3.8,0
2023-02-17 20:00:00,673.5,2.4,0
2023-02-17 21:00:00,652.1,1.5,0
2023-02-17 22:00:00,635.7,0.5,0
2023-02-17 23:00:00,640.3,-1.3,0
2023-02-18 00:00:00,595.3,-3.2,0
2023-02-18 01:00:00,586.9,-4.5,0
2023-02-18 02:00:00,582.3,-4.7,0
2023-02-18 03:00:00,578.5,-3.5,0
2023-02-18 04:00:00,564.7,-1.9,0
2023-02-18 05:00:00,574.4,-1.2,0
2023-02-18 06:00:00,623.3,0.3,0
2023-02-18 07:00:00,652.1,1.3,0
2023-02-18 08:00:00,627.0,3.2,0
2023-02-18 09:00:00,613.4,4.3,0
2023-02-18 10:00:00,565.4,5.7,0
2023-02-18 11:00:00,548.6,6.3,0
2023-02-18 12:00:00,506.3,7.1,0
2023-02-18 13:00:00,502.1,9.4,0
2023-02-18 14:00:00,524.2,8.6,0
2023-02-18 15:00:00,549.6,8.7,0
2023-02-18 16:00:00,586.2,8.0,0
2023-02-18 17:00:00,620.0,8.4,0
2023-02-18 18:00:00,620.2,9.4,0
2023-02-18 19:00:00,632.5,8.1,0
2023-02-18 20:00:00,653.8,4.5,0
2023-02-18 21:00:00,629.8,4.0,0
2023-02-18 22:00:00,585.8,3.5,0
2023-02-18 23:00:00,604.1,0.9,0
2023-02-19 00:00:00,556.1,-0.0,0
2023-02-19 01:00:00,545.1,-0.7,0
2023-02-19 02:00:00,561.0,-3.3,0
2023-02-19 03:00:00,549.0,-2.7,0
2023-02-19 04:00:00,556.8,-2.2,0
2023-02-19 05:00:00,588.6,-1.5,0
2023-02-19 06:00:00,644.7,-1.8,0
2023-02-19 07:00:00,677.8,-1.6,0
2023-02-19 08:00:00,672.9,-1.2,0
2023-02-19 09:00:00,660.6,0.4,0
2023-02-19 10:00:00,653.5,0.6,0
2023-02-19 11:00:00,588.8,3.0,0
2023-02-19 12:00:00,542.8,4.2,0
2023-02-19 13:00:00,555.6,2.9,0
2023-02-19 14:00:00,576.0,4.9,0
2023-02-19 15:00:00,584.6,5.2,0
2023-02-19 16:00:00,617.6,4.6,0
2023-02-19 17:00:00,665.2,4.4,0
2023-02-19 18:00:00,691.6,2.1,0
2023-02-19 19:00:00,681.8,1.5,0
2023-02-19 20:00:00,700.0,-1.6,0
2023-02-19 21:00:00,706.9,-3.5,0
2023-02-19 22:00:00,664.6,-3.1,0
2023-02-19 23:00:00,629.3,-2.7,0
2023-02-20 00:00:00,642.8,-3.7,0
2023-02-20 01:00:00,685.0,-5.1,0
2023-02-20 02:00:00,648.7,-4.5,0
2023-02-20 03:00:00,674.7,-4.6,0
2023-02-20 04:00:00,667.4,-4.2,0
2023-02-20 05:00:00,696.5,-3.1,0
2023-02-20 06:00:00,758.1,-3.4,0
2023-02-20 07:00:00,744.6,-1.7,0
2023-02-20 08:00:00,778.7,-2.7,0
2023-02-20 09:00:00,748.6,-0.2,0
2023-02-20 10:00:00,748.9,-0.5,0
2023-02-20 11:00:00,709.5,-0.0,0
2023-02-20 12:00:00,707.1,0.3,0
2023-02-20 13:00:00,680.6,1.8,0
2023-02-20 14:00:00,652.0,3.0,0
2023-02-20 15:00:00,680.2,3.6,0
2023-02-20 16:00:00,722.3,4.0,0
2023-02-20 17:00:00,747.7,4.1,0
2023-02-20 18:00:00,769.5,3.5,0
2023-02-20 19:00:00,806.4,0.9,0
2023-02-20 20:00:00,841.7,-2.1,0
2023-02-20 21:00:00,818.0,-5.1,0
2023-02-20 22:00:00,810.9,-6.0,0
2023-02-20 23:00:00,829.2,-7.0,0
2023-02-21 00:00:00,772.9,-7.6,0
2023-02-21 01:00:00,767.3,-7.8,0
2023-02-21 02:00:00,758.6,-8.2,0
2023-02-21 03:00:00,770.5,-9.1,0
2023-02-21 04:00:00,811.6,-10.1,0
2023-02-21 05:00:00,818.6,-11.3,0
2023-02-21 06:00:00,807.2,-9.2,0
2023-02-21 07:00:00,785.2,-7.2,0
2023-02-21 08:00:00,800.9,-7.3,0
2023-02-21 09:00:00,815.0,-6.3,0
2023-02-21 10:00:00,752.7,-4.6,0
2023-02-21 11:00:00,690.2,-1.9,0
2023-02-21 12:00:00,665.1,-1.4,0
2023-02-21 13:00:00,660.9,-0.4,0
2023-02-21 14:00:00,646.1,1.2,0
2023-02-21 15:00:00,673.4,-0.1,0
2023-02-21 16:00:00,705.6,-0.8,0
2023-02-21 17:00:00,747.1,-1.0,0
2023-02-21 18:00:00,770.8,-2.1,0
2023-02-21 19:00:00,722.7,-0.7,0
2023-02-21 20:00:00,732.3,-0.7,0
2023-02-21 21:00:00,716.5,-1.5,0
2023-02-21 22:00:00,704.9,-3.3,0
2023-02-21 23:00:00,687.6,-3.3,0
2023-02-22 00:00:00,665.8,-3.3,0
2023-02-22 01:00:00,657.3,-4.4,0
2023-02-22 02:00:00,663.7,-5.1,0
2023-02-22 03:00:00,677.8,-6.5,0
2023-02-22 04:00:00,709.4,-6.3,0
2023-02-22 05:00:00,673.8,-4.9,0
2023-02-22 06:00:00,667.3,-3.2,0
2023-02-22 07:00:00,711.0,-1.8,0
2023-02-22 08:00:00,687.9,0.0,0
2023-02-22 09:00:00,670.8,0.5,0
2023-02-22 10:00:00,633.0,1.2,0
2023-02-22 11:00:00,561.7,3.3,0
2023-02-22 12:00:00,550.2,4.6,0
2023-02-22 13:00:00,572.9,4.5,0
2023-02-22 14:00:00,585.6,5.4,0
2023-02-22 15:00:00,583.1,6.3,0
2023-02-22 16:00:00,610.1,6.9,0
2023-02-22 17:00:00,682.8,6.5,0
2023-02-22 18:00:00,715.8,5.4,0
2023-02-22 19:00:00,707.2,4.9,0
2023-02-22 20:00:00,696.4,5.5,0
2023-02-22 21:00:00,667.0,4.6,0
2023-02-22 22:00:00,624.9,2.8,0
2023-02-22 23:00:00,604.7,2.1,0
2023-02-23 00:00:00,611.3,0.2,0
2023-02-23 01:00:00,606.8,-0.3,0
2023-02-23 02:00:00,609.0,-1.0,0
2023-02-23 03:00:00,611.8,-0.2,0
2023-02-23 04:00:00,607.9,-0.0,0
2023-02-23 05:00:00,593.9,1.3,0
2023-02-23 06:00:00,602.2,4.0,0
2023-02-23 07:00:00,622.6,4.5,0
2023-02-23 08:00:00,643.6,4.5,0
2023-02-23 09:00:00,618.5,5.9,0
2023-02-23 10:00:00,586.6,6.8,0
2023-02-23 11:00:00,543.1,7.7,0
2023-02-23 12:00:00,544.9,7.9,0
2023-02-23 13:00:00,572.8,9.0,0
2023-02-23 14:00:00,558.8,9.3,0
2023-02-23 15:00:00,618.5,7.3,0
2023-02-23 16:00:00,664.4,6.9,0
2023-02-23 17:00:00,687.4,6.8,0
2023-02-23 18:00:00,690.7,7.3,0
2023-02-23 19:00:00,715.9,5.8,0
2023-02-23 20:00:00,705.5,4.1,0
2023-02-23 21:00:00,667.7,4.1,0
2023-02-23 22:00:00,648.8,2.4,0
2023-02-23 23:00:00,671.8,1.5,0
2023-02-24 00:00:00,606.7,1.2,0
2023-02-24 01:00:00,604.9,1.2,0
2023-02-24 02:00:00,632.7,0.7,0
2023-02-24 03:00:00,643.8,-0.5,0
2023-02-24 04:00:00,670.8,0.5,0
2023-02-24 05:00:00,684.2,0.4,0
2023-02-24 06:00:00,709.0,0.5,0
2023-02-24 07:00:00,713.1,3.2,0
2023-02-24 08:00:00,690.3,4.9,0
2023-02-24 09:00:00,681.9,4.8,0
2023-02-24 10:00:00,663.9,5.3,0
2023-02-24 11:00:00,622.2,6.0,0
2023-02-24 12:00:00,615.2,6.1,0
2023-02-24 13:00:00,639.5,4.9,0
2023-02-24 14:00:00,612.2,6.1,0
2023-02-24 15:00:00,622.3,6.9,0
2023-02-24 16:00:00,659.8,7.0,0
2023-02-24 17:00:00,689.2,6.2,0
2023-02-24 18:00:00,734.5,5.7,0
2023-02-24 19:00:00,754.5,5.5,0
2023-02-24 20:00:00,736.6,3.5,0
2023-02-24 21:00:00,717.8,2.1,0
2023-02-24 22:00:00,691.0,0.6,0
2023-02-24 23:00:00,670.8,0.3,0
2023-02-25 00:00:00,580.8,-0.2,0
2023-02-25 01:00:00,589.5,-2.1,0
2023-02-25 02:00:00,595.6,-3.0,0
2023-02-25 03:00:00,565.5,-1.5,0
2023-02-25 04:00:00,605.9,-2.2,0
2023-02-25 05:00:00,633.5,-1.7,0
2023-02-25 06:00:00,649.1,-1.6,0
2023-02-25 07:00:00,660.0,0.4,0
2023-02-25 08:00:00,702.9,1.3,0
2023-02-25 09:00:00,671.6,1.9,0
2023-02-25 10:00:00,668.3,1.9,0
2023-02-25 11:00:00,672.1,2.6,0
2023-02-25 12:00:00,621.8,4.3,0
2023-02-25 13:00:00,606.7,5.6,0
2023-02-25 14:00:00,575.6,4.7,0
2023-02-25 15:00:00,599.4,6.4,0
2023-02-25 16:00:00,638.4,6.0,0
2023-02-25 17:00:00,692.9,4.6,0
2023-02-25 18:00:00,715.8,4.1,0
2023-02-25 19:00:00,738.7,2.7,0
2023-02-25 20:00:00,740.8,1.3,0
2023-02-25 21:00:00,725.4,-0.3,0
2023-02-25 22:00:00,691.1,-1.3,0
2023-02-25 23:00:00,676.9,-2.7,0
2023-02-26 00:00:00,662.9,-4.9,0
2023-02-26 01:00:00,643.7,-4.9,0
2023-02-26 02:00:00,629.6,-5.7,0
2023-02-26 03:00:00,592.3,-4.6,0
2023-02-26 04:00:00,595.3,-3.9,0
2023-02-26 05:00:00,593.3,-2.9,0
2023-02-26 06:00:00,614.0,-2.0,0
2023-02-26 07:00:00,602.8,0.1,0
2023-02-26 08:00:00,596.7,0.7,0
2023-02-26 09:00:00,594.9,0.8,0
2023-02-26 10:00:00,566.7,2.2,0
2023-02-26 11:00:00,609.1,0.7,0
2023-02-26 12:00:00,588.9,1.3,0
2023-02-26 13:00:00,593.1,2.2,0
2023-02-26 14:00:00,605.6,2.3,0
2023-02-26 15:00:00,611.8,3.8,0
2023-02-26 16:00:00,628.7,4.3,0
2023-02-26 17:00:00,674.3,4.1,0
2023-02-26 18:00:00,712.7,3.1,0
2023-02-26 19:00:00,682.7,3.4,0
2023-02-26 20:00:00,688.3,1.8,0
2023-02-26 21:00:00,664.8,0.4,0
2023-02-26 22:00:00,610.0,0.1,0
2023-02-26 23:00:00,585.4,-0.3,0
2023-02-27 00:00:00,612.5,0.9,0
2023-02-27 01:00:00,629.8,0.1,0
2023-02-27 02:00:00,646.2,-2.1,0
2023-02-27 03:00:00,657.7,-1.6,0
2023-02-27 04:00:00,660.0,-0.3,0
2023-02-27 05:00:00,650.1,-0.1,0
2023-02-27 06:00:00,640.2,1.9,0
2023-02-27 07:00:00,652.9,4.3,0
2023-02-27 08:00:00,653.1,4.5,0
2023-02-27 09:00:00,637.4,5.0,0
2023-02-27 10:00:00,631.2,4.8,0
2023-02-27 11:00:00,596.4,6.2,0
2023-02-27 12:00:00,563.7,7.6,0
2023-02-27 13:00:00,534.8,8.8,0
2023-02-27 14:00:00,592.1,7.9,0
2023-02-27 15:00:00,596.4,7.3,0
2023-02-27 16:00:00,640.1,5.8,0
2023-02-27 17:00:00,717.0,3.9,0
2023-02-27 18:00:00,759.9,2.1,0
2023-02-27 19:00:00,771.9,-0.2,0
2023-02-27 20:00:00,746.4,-1.2,0
2023-02-27 21:00:00,743.2,-1.7,0
2023-02-27 22:00:00,729.7,-2.0,0
2023-02-27 23:00:00,687.3,-2.9,0
2023-02-28 00:00:00,647.8,-4.2,0
2023-02-28 01:00:00,663.1,-4.7,0
2023-02-28 02:00:00,682.1,-4.5,0
2023-02-28 03:00:00,675.3,-4.8,0
2023-02-28 04:00:00,697.9,-4.5,0
2023-02-28 05:00:00,690.2,-4.3,0
2023-02-28 06:00:00,694.9,-4.1,0
2023-02-28 07:00:00,699.3,-3.1,0
2023-02-28 08:00:00,732.4,-3.1,0
2023-02-28 09:00:00,709.1,-1.0,0
2023-02-28 10:00:00,711.0,-1.3,0
2023-02-28 11:00:00,645.0,0.2,0
2023-02-28 12:00:00,670.5,-0.1,0
2023-02-28 13:00:00,635.8,2.1,0
2023-02-28 14:00:00,674.2,3.4,0
2023-02-28 15:00:00,697.7,2.9,0
2023-02-28 16:00:00,698.8,2.4,0
2023-02-28 17:00:00,749.1,1.1,0
2023-02-28 18:00:00,766.0,0.5,0
2023-02-28 19:00:00,798.0,0.2,0
2023-02-28 20:00:00,757.3,1.7,0
2023-02-28 21:00:00,767.2,-0.6,0
2023-02-28 22:00:00,713.4,-0.4,0
2023-02-28 23:00:00,695.8,-1.8,0
2023-03-01 00:00:00,664.3,-2.2,0
2023-03-01 01:00:00,651.3,-2.0,0
2023-03-01 02:00:00,625.4,-1.9,0
2023-03-01 03:00:00,632.0,-1.6,0
2023-03-01 04:00:00,662.6,-1.7,0
2023-03-01 05:00:00,671.8,-1.3,0
2023-03-01 06:00:00,684.2,-0.5,0
2023-03-01 07:00:00,683.0,1.4,0
2023-03-01 08:00:00,713.8,1.0,0
2023-03-01 09:00:00,699.5,1.6,0
2023-03-01 10:00:00,689.4,1.5,0
2023-03-01 11:00:00,685.1,1.6,0
2023-03-01 12:00:00,661.4,1.8,0
2023-03-01 13:00:00,632.4,3.5,0
2023-03-01 14:00:00,609.9,6.0,0
2023-03-01 15:00:00,642.0,7.4,0
2023-03-01 16:00:00,678.8,6.1,0
2023-03-01 17:00:00,714.5,5.8,0
2023-03-01 18:00:00,747.2,4.1,0
2023-03-01 19:00:00,764.4,3.7,0
2023-03-01 20:00:00,741.0,3.9,0
2023-03-01 21:00:00,688.1,3.4,0
2023-03-01 22:00:00,674.4,3.1,0
2023-03-01 23:00:00,669.5,2.0,0
2023-03-02 00:00:00,676.9,-0.6,0
2023-03-02 01:00:00,699.7,-3.1,0
2023-03-02 02:00:00,688.6,-3.5,0
2023-03-02 03:00:00,659.1,-3.1,0
2023-03-02 04:00:00,666.4,-1.7,0
2023-03-02 05:00:00,704.6,-1.6,0
2023-03-02 06:00:00,705.7,-0.9,0
2023-03-02 07:00:00,718.0,0.2,0
2023-03-02 08:00:00,715.2,2.1,0
2023-03-02 09:00:00,694.1,3.1,0
2023-03-02 10:00:00,679.6,3.1,0
2023-03-02 11:00:00,629.8,5.0,0
2023-03-02 12:00:00,594.4,6.2,0
2023-03-02 13:00:00,604.3,7.2,0
2023-03-02 14:00:00,589.8,6.3,0
2023-03-02 15:00:00,623.0,6.5,0
2023-03-02 16:00:00,659.5,4.7,0
2023-03-02 17:00:00,721.7,2.5,0
2023-03-02 18:00:00,745.1,1.8,0
2023-03-02 19:00:00,764.9,0.6,0
2023-03-02 20:00:00,738.0,0.3,0
2023-03-02 21:00:00,706.8,0.7,0
2023-03-02 22:00:00,666.5,-0.3,0
2023-03-02 23:00:00,625.0,0.4,0
2023-03-03 00:00:00,607.3,-0.8,0
2023-03-03 01:00:00,612.7,-0.8,0
2023-03-03 02:00:00,614.6,-2.3,0
2023-03-03 03:00:00,650.6,-2.3,0
2023-03-03 04:00:00,654.9,-2.5,0
2023-03-03 05:00:00,687.7,-2.2,0
2023-03-03 06:00:00,671.7,-1.0,0
2023-03-03 07:00:00,700.9,-1.9,0
2023-03-03 08:00:00,691.2,-0.8,0
2023-03-03 09:00:00,671.0,-0.4,0
2023-03-03 10:00:00,622.0,0.8,0
2023-03-03 11:00:00,592.2,2.2,0
2023-03-03 12:00:00,572.1,2.8,0
2023-03-03 13:00:00,604.8,3.1,0
2023-03-03 14:00:00,623.5,2.5,0
2023-03-03 15:00:00,644.6,3.3,0
2023-03-03 16:00:00,652.3,2.6,0
2023-03-03 17:00:00,718.9,2.8,0
2023-03-03 18:00:00,791.1,0.9,0
2023-03-03 19:00:00,763.0,1.5,0
2023-03-03 20:00:00,745.1,-0.4,0
2023-03-03 21:00:00,699.9,-0.2,0
2023-03-03 22:00:00,714.1,-1.6,0
2023-03-03 23:00:00,675.9,-2.0,0
2023-03-04 00:00:00,570.2,-2.7,0
2023-03-04 01:00:00,539.0,-2.6,0
2023-03-04 02:00:00,550.0,-3.0,0
2023-03-04 03:00:00,555.6,-1.9,0
2023-03-04 04:00:00,543.5,-1.1,0
2023-03-04 05:00:00,578.4,-0.1,0
2023-03-04 06:00:00,588.1,2.0,0
2023-03-04 07:00:00,603.3,2.2,0
2023-03-04 08:00:00,607.2,4.3,0
2023-03-04 09:00:00,613.0,5.3,0
2023-03-04 10:00:00,615.6,4.9,0
2023-03-04 11:00:00,584.0,6.2,0
2023-03-04 12:00:00,580.5,6.8,0
2023-03-04 13:00:00,550.0,9.0,0
2023-03-04 14:00:00,556.9,8.8,0
2023-03-04 15:00:00,598.5,8.9,0
2023-03-04 16:00:00,616.8,9.0,0
2023-03-04 17:00:00,648.7,6.7,0
2023-03-04 18:00:00,649.5,6.5,0
2023-03-04 19:00:00,658.7,4.8,0
2023-03-04 20:00:00,603.2,5.1,0
2023-03-04 21:00:00,556.0,5.5,0
2023-03-04 22:00:00,525.8,4.4,0
2023-03-04 23:00:00,540.0,1.9,0
2023-03-05 00:00:00,494.1,1.3,0
2023-03-05 01:00:00,499.2,0.8,0
2023-03-05 02:00:00,497.6,1.0,0
2023-03-05 03:00:00,523.0,0.6,0
2023-03-05 04:00:00,566.7,-0.5,0
2023-03-05 05:00:00,612.2,-0.2,0
2023-03-05 06:00:00,637.7,-0.5,0
2023-03-05 07:00:00,611.9,2.0,0
2023-03-05 08:00:00,638.3,2.3,0
2023-03-05 09:00:00,634.0,2.7,0
2023-03-05 10:00:00,595.3,3.7,0
2023-03-05 11:00:00,590.6,3.5,0
2023-03-05 12:00:00,602.7,4.0,0
2023-03-05 13:00:00,592.2,4.5,0
2023-03-05 14:00:00,585.9,4.5,0
2023-03-05 15:00:00,605.4,4.5,0
2023-03-05 16:00:00,606.9,5.6,0
2023-03-05 17:00:00,673.1,5.6,0
2023-03-05 18:00:00,688.8,3.7,0
2023-03-05 19:00:00,683.3,2.6,0
2023-03-05 20:00:00,680.7,2.4,0
2023-03-05 21:00:00,659.4,0.8,0
2023-03-05 22:00:00,617.6,-0.1,0
2023-03-05 23:00:00,626.5,-1.1,0
2023-03-06 00:00:00,671.2,-1.2,0
2023-03-06 01:00:00,639.4,-2.0,0
2023-03-06 02:00:00,649.7,-2.5,0
2023-03-06 03:00:00,676.1,-3.4,0
2023-03-06 04:00:00,705.8,-2.8,0
2023-03-06 05:00:00,733.5,-3.2,0
2023-03-06 06:00:00,738.6,-0.9,0
2023-03-06 07:00:00,750.4,-0.1,0
2023-03-06 08:00:00,759.7,0.7,0
2023-03-06 09:00:00,753.1,2.5,0
2023-03-06 10:00:00,723.0,3.5,0
2023-03-06 11:00:00,669.8,4.5,0
2023-03-06 12:00:00,640.6,5.3,0
2023-03-06 13:00:00,664.7,5.3,0
2023-03-06 14:00:00,646.1,4.9,0
2023-03-06 15:00:00,656.9,4.4,0
2023-03-06 16:00:00,666.2,5.4,0
2023-03-06 17:00:00,732.7,4.5,0
2023-03-06 18:00:00,748.3,3.5,0
2023-03-06 19:00:00,754.3,2.3,0
2023-03-06 20:00:00,733.8,2.1,0
2023-03-06 21:00:00,699.5,2.9,0
2023-03-06 22:00:00,698.3,1.0,0
2023-03-06 23:00:00,660.7,0.6,0
2023-03-07 00:00:00,611.1,0.0,0
2023-03-07 01:00:00,592.9,-0.9,0
2023-03-07 02:00:00,610.3,-0.8,0
2023-03-07 03:00:00,625.1,-2.1,0
2023-03-07 04:00:00,629.5,-1.2,0
2023-03-07 05:00:00,647.2,-0.6,0
2023-03-07 06:00:00,660.3,-0.9,0
2023-03-07 07:00:00,641.1,1.5,0
2023-03-07 08:00:00,628.4,3.2,0
2023-03-07 09:00:00,645.2,5.3,0
2023-03-07 10:00:00,627.2,4.9,0
2023-03-07 11:00:00,612.5,5.6,0
2023-03-07 12:00:00,582.1,5.9,0
2023-03-07 13:00:00,615.3,7.1,0
2023-03-07 14:00:00,606.8,8.8,0
2023-03-07 15:00:00,612.1,7.1,0
2023-03-07 16:00:00,639.0,7.0,0
2023-03-07 17:00:00,687.0,6.4,0
2023-03-07 18:00:00,725.5,6.7,0
2023-03-07 19:00:00,725.9,5.8,0
2023-03-07 20:00:00,734.6,3.7,0
2023-03-07 21:00:00,714.9,2.5,0
2023-03-07 22:00:00,706.4,0.5,0
2023-03-07 23:00:00,695.4,-1.2,0
2023-03-08 00:00:00,668.4,-1.7,0
2023-03-08 01:00:00,686.5,-2.7,0
2023-03-08 02:00:00,673.1,-2.8,0
2023-03-08 03:00:00,682.3,-4.3,0
2023-03-08 04:00:00,703.3,-1.9,0
2023-03-08 05:00:00,706.5,-0.3,0
2023-03-08 06:00:00,722.3,1.0,0
2023-03-08 07:00:00,722.4,0.6,0
2023-03-08 08:00:00,763.5,-0.4,0
2023-03-08 09:00:00,721.8,-0.1,0
2023-03-08 10:00:00,711.2,0.8,0
2023-03-08 11:00:00,657.5,3.9,0
2023-03-08 12:00:00,612.3,6.0,0
2023-03-08 13:00:00,595.7,6.2,0
2023-03-08 14:00:00,594.0,7.7,0
2023-03-08 15:00:00,598.3,8.9,0
2023-03-08 16:00:00,605.2,8.7,0
2023-03-08 17:00:00,658.8,9.4,0
2023-03-08 18:00:00,662.7,9.0,0
2023-03-08 19:00:00,678.9,7.5,0
2023-03-08 20:00:00,673.1,5.4,0
2023-03-08 21:00:00,681.3,4.2,0
2023-03-08 22:00:00,625.8,4.0,0
2023-03-08 23:00:00,650.4,1.8,0
2023-03-09 00:00:00,645.4,-0.4,0
2023-03-09 01:00:00,587.5,-0.5,0
2023-03-09 02:00:00,602.4,-3.4,0
2023-03-09 03:00:00,579.4,-1.8,0
2023-03-09 04:00:00,587.3,-2.0,0
2023-03-09 05:00:00,612.1,-0.9,0
2023-03-09 06:00:00,633.4,1.4,0
2023-03-09 07:00:00,692.3,0.9,0
2023-03-09 08:00:00,696.5,0.9,0
2023-03-09 09:00:00,667.6,4.1,0
2023-03-09 10:00:00,638.4,4.8,0
2023-03-09 11:00:00,620.1,5.6,0
2023-03-09 12:00:00,596.7,6.7,0
2023-03-09 13:00:00,580.1,8.3,0
2023-03-09 14:00:00,571.1,9.8,0
2023-03-09 15:00:00,600.1,10.0,0
2023-03-09 16:00:00,637.0,9.5,0
2023-03-09 17:00:00,659.1,9.0,0
2023-03-09 18:00:00,654.6,8.5,0
2023-03-09 19:00:00,677.0,8.8,0
2023-03-09 20:00:00,677.2,7.9,0
2023-03-09 21:00:00,636.9,8.4,0
2023-03-09 22:00:00,641.8,6.4,0
2023-03-09 23:00:00,621.8,5.8,0
2023-03-10 00:00:00,570.3,6.6,0
2023-03-10 01:00:00,547.3,7.0,0
2023-03-10 02:00:00,562.0,6.7,0
2023-03-10 03:00:00,597.0,5.5,0
2023-03-10 04:00:00,602.1,4.8,0
2023-03-10 05:00:00,607.8,4.9,0
2023-03-10 06:00:00,646.2,5.7,0
2023-03-10 07:00:00,680.3,6.2,0
2023-03-10 08:00:00,703.0,5.6,0
2023-03-10 09:00:00,664.1,5.9,0
2023-03-10 10:00:00,635.1,7.3,0
2023-03-10 11:00:00,602.3,9.0,0
2023-03-10 12:00:00,587.3,8.4,0
2023-03-10 13:00:00,589.5,8.6,0
2023-03-10 14:00:00,603.4,7.5,0
2023-03-10 15:00:00,632.8,7.1,0
2023-03-10 16:00:00,637.0,10.2,0
2023-03-10 17:00:00,668.8,9.8,0
2023-03-10 18:00:00,727.3,8.7,0
2023-03-10 19:00:00,732.9,7.3,0
2023-03-10 20:00:00,734.9,5.2,0
2023-03-10 21:00:00,738.9,2.4,0
2023-03-10 22:00:00,696.0,1.3,0
2023-03-10 23:00:00,682.9,0.2,0
2023-03-11 00:00:00,554.9,0.9,0
2023-03-11 01:00:00,569.1,-1.3,0
2023-03-11 02:00:00,542.4,-1.2,0
2023-03-11 03:00:00,546.0,-0.1,0
2023-03-11 04:00:00,579.1,-1.8,0
2023-03-11 05:00:00,570.1,-0.7,0
2023-03-11 06:00:00,625.0,-1.5,0
2023-03-11 07:00:00,623.6,-0.2,0
2023-03-11 08:00:00,592.3,2.2,0
2023-03-11 09:00:00,591.0,3.2,0
2023-03-11 10:00:00,564.8,4.6,0
2023-03-11 11:00:00,534.4,4.9,0
2023-03-11 12:00:00,528.4,6.0,0
2023-03-11 13:00:00,520.6,7.7,0
2023-03-11 14:00:00,530.7,7.9,0
2023-03-11 15:00:00,567.7,7.9,0
2023-03-11 16:00:00,599.3,8.1,0
2023-03-11 17:00:00,647.9,8.4,0
2023-03-11 18:00:00,689.3,6.3,0
2023-03-11 19:00:00,695.5,5.5,0
2023-03-11 20:00:00,636.5,3.9,0
2023-03-11 21:00:00,605.8,3.3,0
2023-03-11 22:00:00,609.5,3.3,0
2023-03-11 23:00:00,583.8,2.6,0
2023-03-12 00:00:00,536.4,3.1,0
2023-03-12 01:00:00,536.6,1.4,0
2023-03-12 02:00:00,510.0,0.6,0
2023-03-12 03:00:00,538.5,-0.4,0
2023-03-12 04:00:00,580.5,-0.2,0
2023-03-12 05:00:00,621.4,0.2,0
2023-03-12 06:00:00,636.4,0.7,0
2023-03-12 07:00:00,649.9,0.4,0
2023-03-12 08:00:00,643.4,1.4,0
2023-03-12 09:00:00,639.1,2.0,0
2023-03-12 10:00:00,594.6,3.7,0
2023-03-12 11:00:00,579.9,4.4,0
2023-03-12 12:00:00,550.7,6.4,0
2023-03-12 13:00:00,518.2,7.2,0
2023-03-12 14:00:00,522.5,5.9,0
2023-03-12 15:00:00,561.7,5.9,0
2023-03-12 16:00:00,622.7,4.5,0
2023-03-12 17:00:00,650.3,5.1,0
2023-03-12 18:00:00,688.8,5.9,0
2023-03-12 19:00:00,690.2,5.0,0
2023-03-12 20:00:00,663.0,4.5,0
2023-03-12 21:00:00,650.5,2.1,0
2023-03-12 22:00:00,662.2,-0.9,0
2023-03-12 23:00:00,618.4,-2.3,0
2023-03-13 00:00:00,660.2,-3.1,0
2023-03-13 01:00:00,681.2,-5.0,0
2023-03-13 02:00:00,663.2,-5.1,0
2023-03-13 03:00:00,648.2,-4.8,0
2023-03-13 04:00:00,672.5,-4.0,0
2023-03-13 05:00:00,663.0,-2.0,0
2023-03-13 06:00:00,673.8,-0.5,0
2023-03-13 07:00:00,714.6,-0.0,0
2023-03-13 08:00:00,695.7,1.1,0
2023-03-13 09:00:00,714.6,2.8,0
2023-03-13 10:00:00,677.6,2.9,0
2023-03-13 11:00:00,622.1,5.1,0
2023-03-13 12:00:00,571.1,6.8,0
2023-03-13 13:00:00,560.4,7.2,0
2023-03-13 14:00:00,561.4,7.0,0
2023-03-13 15:00:00,553.8,10.7,0
2023-03-13 16:00:00,572.3,11.3,0
2023-03-13 17:00:00,576.4,11.6,0
2023-03-13 18:00:00,629.4,12.5,0
2023-03-13 19:00:00,650.6,12.4,0
2023-03-13 20:00:00,647.5,11.5,0
2023-03-13 21:00:00,626.2,10.9,0
2023-03-13 22:00:00,618.1,8.8,0
2023-03-13 23:00:00,586.8,8.3,0
2023-03-14 00:00:00,614.2,6.0,0
2023-03-14 01:00:00,588.2,5.6,0
2023-03-14 02:00:00,554.9,5.6,0
2023-03-14 03:00:00,603.7,3.9,0
2023-03-14 04:00:00,582.6,5.7,0
2023-03-14 05:00:00,610.8,4.9,0
2023-03-14 06:00:00,608.6,6.3,0
2023-03-14 07:00:00,633.0,6.5,0
2023-03-14 08:00:00,646.8,7.7,0
2023-03-14 09:00:00,643.8,7.9,0
2023-03-14 10:00:00,580.2,11.2,0
2023-03-14 11:00:00,565.7,12.9,0
2023-03-14 12:00:00,534.3,15.2,0
2023-03-14 13:00:00,509.4,16.3,0
2023-03-14 14:00:00,539.4,17.1,0
2023-03-14 15:00:00,568.2,17.1,0
2023-03-14 16:00:00,597.5,16.5,0
2023-03-14 17:00:00,621.5,16.4,0
2023-03-14 18:00:00,661.1,15.7,0
2023-03-14 19:00:00,658.1,14.5,0
2023-03-14 20:00:00,635.0,12.0,0
2023-03-14 21:00:00,621.5,10.5,0
2023-03-14 22:00:00,599.3,9.8,0
2023-03-14 23:00:00,570.5,8.2,0
2023-03-15 00:00:00,559.0,7.7,0
2023-03-15 01:00:00,528.2,6.8,0
2023-03-15 02:00:00,525.3,5.3,0
2023-03-15 03:00:00,547.3,4.2,0
2023-03-15 04:00:00,566.9,3.5,0
2023-03-15 05:00:00,605.7,3.6,0
2023-03-15 06:00:00,643.6,3.9,0
2023-03-15 07:00:00,615.3,5.7,0
2023-03-15 08:00:00,659.0,5.6,0
2023-03-15 09:00:00,655.7,4.7,0
2023-03-15 10:00:00,622.8,6.4,0
2023-03-15 11:00:00,587.7,6.9,0
2023-03-15 12:00:00,555.6,7.6,0
2023-03-15 13:00:00,547.2,10.6,0
2023-03-15 14:00:00,556.6,12.3,0
2023-03-15 15:00:00,579.7,12.9,0
2023-03-15 16:00:00,598.6,13.5,0
2023-03-15 17:00:00,662.8,13.1,0
2023-03-15 18:00:00,688.6,13.2,0
2023-03-15 19:00:00,702.1,11.6,0
2023-03-15 20:00:00,686.6,9.9,0
2023-03-15 21:00:00,664.4,8.3,0
2023-03-15 22:00:00,643.9,8.6,0
2023-03-15 23:00:00,629.3,8.9,0
2023-03-16 00:00:00,610.2,7.5,0
2023-03-16 01:00:00,587.5,7.8,0
2023-03-16 02:00:00,578.3,7.1,0
2023-03-16 03:00:00,544.7,7.8,0
2023-03-16 04:00:00,552.7,7.4,0
2023-03-16 05:00:00,556.5,8.5,0
2023-03-16 06:00:00,573.3,8.8,0
2023-03-16 07:00:00,603.7,9.2,0
2023-03-16 08:00:00,616.9,10.0,0
2023-03-16 09:00:00,595.4,11.0,0
2023-03-16 10:00:00,551.3,11.3,0
2023-03-16 11:00:00,538.7,10.9,0
2023-03-16 12:00:00,521.5,13.2,0
2023-03-16 13:00:00,529.9,13.3,0
2023-03-16 14:00:00,535.2,11.9,0
2023-03-16 15:00:00,554.2,9.8,0
2023-03-16 16:00:00,587.9,7.1,0
2023-03-16 17:00:00,643.9,6.2,0
2023-03-16 18:00:00,661.9,6.9,0
2023-03-16 19:00:00,703.8,4.6,0
2023-03-16 20:00:00,676.1,3.4,0
2023-03-16 21:00:00,702.1,0.8,0
2023-03-16 22:00:00,668.8,0.9,0
2023-03-16 23:00:00,653.4,0.4,0
2023-03-17 00:00:00,622.9,0.1,0
2023-03-17 01:00:00,616.6,0.8,0
2023-03-17 02:00:00,606.3,2.0,0
2023-03-17 03:00:00,563.3,2.8,0
2023-03-17 04:00:00,573.0,2.3,0
2023-03-17 05:00:00,617.8,1.5,0
2023-03-17 06:00:00,665.0,1.2,0
2023-03-17 07:00:00,707.4,0.4,0
2023-03-17 08:00:00,675.9,3.2,0
2023-03-17 09:00:00,670.0,4.1,0
2023-03-17 10:00:00,636.6,5.3,0
2023-03-17 11:00:00,606.4,6.5,0
2023-03-17 12:00:00,591.2,9.2,0
2023-03-17 13:00:00,583.4,9.3,0
2023-03-17 14:00:00,586.5,10.8,0
2023-03-17 15:00:00,624.9,11.2,0
2023-03-17 16:00:00,667.7,10.9,0
2023-03-17 17:00:00,689.9,8.6,0
2023-03-17 18:00:00,691.3,8.9,0
2023-03-17 19:00:00,673.0,7.3,0
2023-03-17 20:00:00,686.1,6.0,0
2023-03-17 21:00:00,658.4,5.2,0
2023-03-17 22:00:00,629.5,4.2,0
2023-03-17 23:00:00,609.2,4.3,0
2023-03-18 00:00:00,504.2,3.0,0
2023-03-18 01:00:00,513.6,2.5,0
2023-03-18 02:00:00,495.4,2.4,0
2023-03-18 03:00:00,515.3,2.3,0
2023-03-18 04:00:00,522.8,3.0,0
2023-03-18 05:00:00,544.0,3.2,0
2023-03-18 06:00:00,567.1,4.9,0
2023-03-18 07:00:00,590.5,5.0,0
2023-03-18 08:00:00,608.8,4.6,0
2023-03-18 09:00:00,612.7,5.6,0
2023-03-18 10:00:00,597.2,7.8,0
2023-03-18 11:00:00,573.9,8.2,0
2023-03-18 12:00:00,573.5,8.5,0
2023-03-18 13:00:00,532.3,8.8,0
2023-03-18 14:00:00,534.8,9.4,0
2023-03-18 15:00:00,551.9,9.4,0
2023-03-18 16:00:00,572.4,9.5,0
2023-03-18 17:00:00,631.2,7.5,0
2023-03-18 18:00:00,676.3,8.4,0
2023-03-18 19:00:00,678.9,8.1,0
2023-03-18 20:00:00,681.0,6.3,0
2023-03-18 21:00:00,655.7,6.6,0
2023-03-18 22:00:00,638.4,5.9,0
2023-03-18 23:00:00,600.6,6.3,0
2023-03-19 00:00:00,558.0,4.5,0
2023-03-19 01:00:00,549.0,5.3,0
2023-03-19 02:00:00,549.1,4.9,0
2023-03-19 03:00:00,553.0,2.8,0
2023-03-19 04:00:00,573.5,3.6,0
2023-03-19 05:00:00,572.4,3.7,0
2023-03-19 06:00:00,582.9,3.3,0
2023-03-19 07:00:00,604.4,4.0,0
2023-03-19 08:00:00,607.2,3.1,0
2023-03-19 09:00:00,586.2,4.8,0
2023-03-19 10:00:00,561.5,5.7,0
2023-03-19 11:00:00,528.4,6.4,0
2023-03-19 12:00:00,502.4,8.6,0
2023-03-19 13:00:00,478.2,9.3,0
2023-03-19 14:00:00,459.2,9.1,0
2023-03-19 15:00:00,511.1,8.4,0
2023-03-19 16:00:00,566.3,8.2,0
2023-03-19 17:00:00,612.6,8.9,0
2023-03-19 18:00:00,638.9,7.7,0
2023-03-19 19:00:00,663.1,6.0,0
2023-03-19 20:00:00,634.1,5.9,0
2023-03-19 21:00:00,627.7,5.0,0
2023-03-19 22:00:00,584.2,3.9,0
2023-03-19 23:00:00,557.9,5.0,0
2023-03-20 00:00:00,594.0,3.1,0
2023-03-20 01:00:00,600.3,2.7,0
2023-03-20 02:00:00,615.3,0.7,0
2023-03-20 03:00:00,589.3,0.3,0
2023-03-20 04:00:00,590.4,1.0,0
2023-03-20 05:00:00,585.9,2.5,0
2023-03-20 06:00:00,638.1,2.0,0
2023-03-20 07:00:00,667.3,3.6,0
2023-03-20 08:00:00,646.4,5.3,0
2023-03-20 09:00:00,643.3,6.3,0
2023-03-20 10:00:00,582.7,9.6,0
2023-03-20 11:00:00,553.5,10.5,0
2023-03-20 12:00:00,549.6,10.4,0
2023-03-20 13:00:00,564.1,11.4,0
2023-03-20 14:00:00,588.6,10.0,0
2023-03-20 15:00:00,607.3,11.6,0
2023-03-20 16:00:00,623.9,12.4,0
2023-03-20 17:00:00,659.9,11.5,0
2023-03-20 18:00:00,693.2,11.4,0
2023-03-20 19:00:00,695.8,11.0,0
2023-03-20 20:00:00,667.8,11.8,0
2023-03-20 21:00:00,647.8,10.0,0
2023-03-20 22:00:00,657.0,7.7,0
2023-03-20 23:00:00,676.9,4.7,0
2023-03-21 00:00:00,659.1,3.8,0
2023-03-21 01:00:00,664.6,1.7,0
2023-03-21 02:00:00,638.2,1.2,0
2023-03-21 03:00:00,608.3,1.5,0
2023-03-21 04:00:00,622.2,1.2,0
2023-03-21 05:00:00,633.3,0.8,0
2023-03-21 06:00:00,615.4,2.6,0
2023-03-21 07:00:00,640.6,3.3,0
2023-03-21 08:00:00,684.7,4.5,0
2023-03-21 09:00:00,659.2,6.4,0
2023-03-21 10:00:00,643.4,6.3,0
2023-03-21 11:00:00,619.9,6.4,0
2023-03-21 12:00:00,582.3,9.6,0
2023-03-21 13:00:00,554.6,10.1,0
2023-03-21 14:00:00,574.9,9.5,0
2023-03-21 15:00:00,610.6,9.4,0
2023-03-21 16:00:00,650.6,8.8,0
2023-03-21 17:00:00,701.2,7.3,0
2023-03-21 18:00:00,731.6,6.4,0
2023-03-21 19:00:00,748.4,5.6,0
2023-03-21 20:00:00,712.1,4.7,0
2023-03-21 21:00:00,651.1,4.3,0
2023-03-21 22:00:00,646.4,1.7,0
2023-03-21 23:00:00,658.6,-0.6,0
2023-03-22 00:00:00,631.4,-0.3,0
2023-03-22 01:00:00,622.7,-1.3,0
2023-03-22 02:00:00,610.0,-0.4,0
2023-03-22 03:00:00,607.9,-0.2,0
2023-03-22 04:00:00,646.0,-1.2,0
2023-03-22 05:00:00,648.8,-0.2,0
2023-03-22 06:00:00,694.4,-0.4,0
2023-03-22 07:00:00,720.4,0.8,0
2023-03-22 08:00:00,702.3,3.0,0
2023-03-22 09:00:00,661.4,6.1,0
2023-03-22 10:00:00,625.6,7.0,0
2023-03-22 11:00:00,581.5,8.7,0
2023-03-22 12:00:00,553.7,9.8,0
2023-03-22 13:00:00,529.6,11.1,0
2023-03-22 14:00:00,570.5,9.1,0
2023-03-22 15:00:00,602.3,9.0,0
2023-03-22 16:00:00,632.2,9.1,0
2023-03-22 17:00:00,669.7,9.2,0
2023-03-22 18:00:00,705.2,7.9,0
2023-03-22 19:00:00,729.3,7.9,0
2023-03-22 20:00:00,714.6,8.0,0
2023-03-22 21:00:00,676.7,7.0,0
2023-03-22 22:00:00,663.2,5.7,0
2023-03-22 23:00:00,623.7,4.4,0
2023-03-23 00:00:00,582.7,3.9,0
2023-03-23 01:00:00,556.8,4.4,0
2023-03-23 02:00:00,547.5,5.3,0
2023-03-23 03:00:00,546.4,4.7,0
2023-03-23 04:00:00,556.2,3.9,0
2023-03-23 05:00:00,577.3,3.5,0
2023-03-23 06:00:00,577.3,5.1,0
2023-03-23 07:00:00,586.4,6.1,0
2023-03-23 08:00:00,586.9,7.3,0
2023-03-23 09:00:00,587.9,8.7,0
2023-03-23 10:00:00,572.3,10.0,0
2023-03-23 11:00:00,565.1,10.8,0
2023-03-23 12:00:00,583.0,10.6,0
2023-03-23 13:00:00,591.7,10.7,0
2023-03-23 14:00:00,563.4,11.2,0
2023-03-23 15:00:00,573.0,11.6,0
2023-03-23 16:00:00,634.9,11.1,0
2023-03-23 17:00:00,675.4,10.3,0
2023-03-23 18:00:00,698.3,11.0,0
2023-03-23 19:00:00,707.6,9.7,0
2023-03-23 20:00:00,665.4,8.9,0
2023-03-23 21:00:00,649.9,7.5,0
2023-03-23 22:00:00,632.7,5.7,0
2023-03-23 23:00:00,620.7,3.3,0
2023-03-24 00:00:00,602.8,2.2,0
2023-03-24 01:00:00,635.7,0.9,0
2023-03-24 02:00:00,614.4,1.3,0
2023-03-24 03:00:00,604.2,0.2,0
2023-03-24 04:00:00,616.5,0.0,0
2023-03-24 05:00:00,614.3,1.1,0
2023-03-24 06:00:00,605.7,1.7,0
2023-03-24 07:00:00,623.6,3.1,0
2023-03-24 08:00:00,635.9,4.9,0
2023-03-24 09:00:00,627.6,4.4,0
2023-03-24 10:00:00,608.6,5.1,0
2023-03-24 11:00:00,592.2,5.3,0
2023-03-24 12:00:00,558.4,7.5,0
2023-03-24 13:00:00,551.2,8.1,0
2023-03-24 14:00:00,553.6,9.0,0
2023-03-24 15:00:00,563.5,10.8,0
2023-03-24 16:00:00,602.1,10.3,0
2023-03-24 17:00:00,652.3,10.0,0
2023-03-24 18:00:00,672.3,9.7,0
2023-03-24 19:00:00,671.0,8.7,0
2023-03-24 20:00:00,658.8,8.9,0
2023-03-24 21:00:00,618.5,8.6,0
2023-03-24 22:00:00,625.1,8.4,0
2023-03-24 23:00:00,604.9,7.4,0
2023-03-25 00:00:00,540.0,6.4,0
2023-03-25 01:00:00,535.0,5.3,0
2023-03-25 02:00:00,532.0,4.5,0
2023-03-25 03:00:00,556.3,2.9,0
2023-03-25 04:00:00,560.1,3.3,0
2023-03-25 05:00:00,561.6,4.5,0
2023-03-25 06:00:00,576.4,5.1,0
2023-03-25 07:00:00,585.0,5.4,0
2023-03-25 08:00:00,575.7,6.4,0
2023-03-25 09:00:00,575.7,7.7,0
2023-03-25 10:00:00,508.3,9.0,0
2023-03-25 11:00:00,504.6,11.6,0
2023-03-25 12:00:00,507.6,11.5,0
2023-03-25 13:00:00,493.0,12.4,0
2023-03-25 14:00:00,523.2,13.4,0
2023-03-25 15:00:00,566.5,13.6,0
2023-03-25 16:00:00,606.8,13.1,0
2023-03-25 17:00:00,599.2,11.7,0
2023-03-25 18:00:00,596.9,10.5,0
2023-03-25 19:00:00,612.8,10.3,0
2023-03-25 20:00:00,569.9,10.6,0
2023-03-25 21:00:00,558.4,8.9,0
2023-03-25 22:00:00,527.7,8.3,0
2023-03-25 23:00:00,520.3,7.7,0
2023-03-26 00:00:00,475.4,7.9,0
2023-03-26 01:00:00,470.7,7.4,0
2023-03-26 02:00:00,438.0,7.3,0
2023-03-26 03:00:00,437.6,7.8,0
2023-03-26 04:00:00,449.0,6.8,0
2023-03-26 05:00:00,492.5,7.1,0
2023-03-26 06:00:00,526.3,6.0,0
2023-03-26 07:00:00,577.2,5.0,0
2023-03-26 08:00:00,600.8,5.2,0
2023-03-26 09:00:00,596.3,4.9,0
2023-03-26 10:00:00,549.5,6.5,0
2023-03-26 11:00:00,517.6,8.4,0
2023-03-26 12:00:00,500.3,9.0,0
2023-03-26 13:00:00,507.8,9.5,0
2023-03-26 14:00:00,499.2,9.7,0
2023-03-26 15:00:00,504.4,9.7,0
2023-03-26 16:00:00,552.2,9.7,0
2023-03-26 17:00:00,593.3,9.7,0
2023-03-26 18:00:00,644.1,8.6,0
2023-03-26 19:00:00,675.0,7.1,0
2023-03-26 20:00:00,628.6,5.7,0
2023-03-26 21:00:00,600.2,5.5,0
2023-03-26 22:00:00,583.8,4.1,0
2023-03-26 23:00:00,558.3,4.6,0
2023-03-27 00:00:00,605.3,3.7,0
2023-03-27 01:00:00,614.0,4.3,0
2023-03-27 02:00:00,609.4,2.8,0
2023-03-27 03:00:00,607.8,2.1,0
2023-03-27 04:00:00,616.7,2.7,0
2023-03-27 05:00:00,636.2,3.6,0
2023-03-27 06:00:00,653.8,4.1,0
2023-03-27 07:00:00,665.2,6.8,0
2023-03-27 08:00:00,685.9,7.7,0
2023-03-27 09:00:00,652.3,9.0,0
2023-03-27 10:00:00,643.6,9.5,0
2023-03-27 11:00:00,586.6,11.9,0
2023-03-27 12:00:00,582.3,13.4,0
2023-03-27 13:00:00,555.2,14.3,0
2023-03-27 14:00:00,551.4,13.1,0
2023-03-27 15:00:00,549.0,13.5,0
2023-03-27 16:00:00,582.9,12.9,0
2023-03-27 17:00:00,621.9,12.8,0
2023-03-27 18:00:00,646.0,13.0,0
2023-03-27 19:00:00,651.9,11.4,0
2023-03-27 20:00:00,633.5,10.5,0
2023-03-27 21:00:00,596.5,10.2,0
2023-03-27 22:00:00,569.9,9.2,0
2023-03-27 23:00:00,566.2,7.9,0
2023-03-28 00:00:00,536.4,6.2,0
2023-03-28 01:00:00,544.6,4.9,0
2023-03-28 02:00:00,538.5,3.3,0
2023-03-28 03:00:00,513.8,4.1,0
2023-03-28 04:00:00,542.8,4.3,0
2023-03-28 05:00:00,566.0,3.6,0
2023-03-28 06:00:00,598.8,4.2,0
2023-03-28 07:00:00,621.2,3.9,0
2023-03-28 08:00:00,641.4,1.9,0
2023-03-28 09:00:00,600.1,4.2,0
2023-03-28 10:00:00,558.2,6.4,0
2023-03-28 11:00:00,574.2,6.1,0
2023-03-28 12:00:00,554.2,6.4,0
2023-03-28 13:00:00,554.2,7.3,0
2023-03-28 14:00:00,560.2,7.5,0
2023-03-28 15:00:00,592.6,6.9,0
2023-03-28 16:00:00,613.6,6.5,0
2023-03-28 17:00:00,676.9,6.0,0
2023-03-28 18:00:00,715.4,5.0,0
2023-03-28 19:00:00,714.2,4.5,0
2023-03-28 20:00:00,716.3,3.5,0
2023-03-28 21:00:00,674.1,1.9,0
2023-03-28 22:00:00,644.9,1.1,0
2023-03-28 23:00:00,663.1,-1.2,0
2023-03-29 00:00:00,640.7,-0.4,0
2023-03-29 01:00:00,645.9,-2.4,0
2023-03-29 02:00:00,669.1,-2.7,0
2023-03-29 03:00:00,675.7,-2.4,0
2023-03-29 04:00:00,654.9,-1.7,0
2023-03-29 05:00:00,672.3,-0.9,0
2023-03-29 06:00:00,693.7,1.0,0
2023-03-29 07:00:00,702.2,1.0,0
2023-03-29 08:00:00,725.6,2.0,0
2023-03-29 09:00:00,674.8,3.3,0
2023-03-29 10:00:00,669.6,4.0,0
2023-03-29 11:00:00,657.2,4.6,0
2023-03-29 12:00:00,642.8,6.7,0
2023-03-29 13:00:00,641.9,6.8,0
2023-03-29 14:00:00,642.7,6.9,0
2023-03-29 15:00:00,628.5,6.9,0
2023-03-29 16:00:00,687.0,6.7,0
2023-03-29 17:00:00,725.4,6.6,0
2023-03-29 18:00:00,760.4,5.9,0
2023-03-29 19:00:00,745.6,5.6,0
2023-03-29 20:00:00,688.7,4.8,0
2023-03-29 21:00:00,668.9,4.3,0
2023-03-29 22:00:00,620.2,4.6,0
2023-03-29 23:00:00,619.3,2.9,0
2023-03-30 00:00:00,581.2,3.9,0
2023-03-30 01:00:00,561.0,2.8,0
2023-03-30 02:00:00,561.0,3.1,0
2023-03-30 03:00:00,549.5,3.1,0
2023-03-30 04:00:00,556.3,3.0,0
2023-03-30 05:00:00,611.9,1.6,0
2023-03-30 06:00:00,598.3,3.8,0
2023-03-30 07:00:00,623.3,4.0,0
2023-03-30 08:00:00,637.9,4.3,0
2023-03-30 09:00:00,634.2,6.3,0
2023-03-30 10:00:00,605.5,7.5,0
2023-03-30 11:00:00,576.3,10.2,0
2023-03-30 12:00:00,531.8,12.5,0
2023-03-30 13:00:00,503.5,13.7,0
2023-03-30 14:00:00,514.8,14.2,0
2023-03-30 15:00:00,564.9,15.0,0
2023-03-30 16:00:00,608.6,13.6,0
2023-03-30 17:00:00,636.4,13.2,0
2023-03-30 18:00:00,652.6,12.7,0
2023-03-30 19:00:00,683.0,11.4,0
2023-03-30 20:00:00,671.8,10.6,0
2023-03-30 21:00:00,628.4,8.1,0
2023-03-30 22:00:00,568.6,7.9,0
2023-03-30 23:00:00,583.3,8.0,0
2023-03-31 00:00:00,562.8,6.2,0
2023-03-31 01:00:00,556.3,5.6,0
2023-03-31 02:00:00,543.5,6.6,0
2023-03-31 03:00:00,537.7,6.7,0
2023-03-31 04:00:00,553.1,5.8,0
2023-03-31 05:00:00,580.5,5.3,0
2023-03-31 06:00:00,567.9,6.7,0
2023-03-31 07:00:00,578.2,9.1,0
2023-03-31 08:00:00,592.8,9.0,0
2023-03-31 09:00:00,603.2,10.0,0
2023-03-31 10:00:00,599.8,10.2,0
2023-03-31 11:00:00,567.8,10.9,0
2023-03-31 12:00:00,546.9,11.9,0
2023-03-31 13:00:00,543.3,12.5,0
2023-03-31 14:00:00,584.3,12.2,0
2023-03-31 15:00:00,607.4,14.2,0
2023-03-31 16:00:00,621.6,13.9,0
2023-03-31 17:00:00,677.3,13.2,0
2023-03-31 18:00:00,676.8,13.5,0
2023-03-31 19:00:00,695.0,12.6,0
2023-03-31 20:00:00,673.5,11.4,0
2023-03-31 21:00:00,616.1,11.1,0
2023-03-31 22:00:00,591.0,9.0,0
2023-03-31 23:00:00,570.3,8.7,0
2023-04-01 00:00:00,483.4,8.9,0
2023-04-01 01:00:00,491.7,8.7,0
2023-04-01 02:00:00,455.0,8.0,0
2023-04-01 03:00:00,449.0,7.7,0
2023-04-01 04:00:00,492.2,6.2,0
2023-04-01 05:00:00,519.8,6.4,0
2023-04-01 06:00:00,549.5,7.3,0
2023-04-01 07:00:00,572.8,8.8,0
2023-04-01 08:00:00,587.0,9.8,0
2023-04-01 09:00:00,591.6,10.4,0
2023-04-01 10:00:00,556.0,10.6,0
2023-04-01 11:00:00,489.3,11.5,0
2023-04-01 12:00:00,481.7,12.4,0
2023-04-01 13:00:00,462.5,14.0,0
2023-04-01 14:00:00,446.2,14.3,0
2023-04-01 15:00:00,476.0,13.9,0
2023-04-01 16:00:00,502.6,13.6,0
2023-04-01 17:00:00,547.0,12.8,0
2023-04-01 18:00:00,548.4,11.9,0
2023-04-01 19:00:00,586.8,9.0,0
2023-04-01 20:00:00,589.5,6.7,0
2023-04-01 21:00:00,583.0,4.6,0
2023-04-01 22:00:00,548.8,4.1,0
2023-04-01 23:00:00,530.4,3.1,0
2023-04-02 00:00:00,517.6,2.7,0
2023-04-02 01:00:00,513.6,3.2,0
2023-04-02 02:00:00,515.3,1.9,0
2023-04-02 03:00:00,485.1,2.8,0
2023-04-02 04:00:00,502.3,3.3,0
2023-04-02 05:00:00,522.2,3.1,0
2023-04-02 06:00:00,549.5,5.1,0
2023-04-02 07:00:00,572.9,4.7,0
2023-04-02 08:00:00,592.9,4.7,0
2023-04-02 09:00:00,585.3,5.6,0
2023-04-02 10:00:00,544.0,7.1,0
2023-04-02 11:00:00,526.8,7.9,0
2023-04-02 12:00:00,501.5,6.9,0
2023-04-02 13:00:00,519.5,7.4,0
2023-04-02 14:00:00,516.9,7.8,0
2023-04-02 15:00:00,512.1,10.3,0
2023-04-02 16:00:00,535.7,11.5,0
2023-04-02 17:00:00,568.8,11.2,0
2023-04-02 18:00:00,595.0,9.6,0
2023-04-02 19:00:00,606.1,9.1,0
2023-04-02 20:00:00,592.3,7.1,0
2023-04-02 21:00:00,564.2,6.3,0
2023-04-02 22:00:00,545.3,5.6,0
2023-04-02 23:00:00,536.5,4.4,0
2023-04-03 00:00:00,555.3,4.0,0
2023-04-03 01:00:00,571.0,3.1,0
2023-04-03 02:00:00,603.9,2.2,0
2023-04-03 03:00:00,574.0,3.5,0
2023-04-03 04:00:00,588.8,4.2,0
2023-04-03 05:00:00,595.4,4.3,0
2023-04-03 06:00:00,622.3,4.3,0
2023-04-03 07:00:00,624.8,5.3,0
2023-04-03 08:00:00,619.8,6.8,0
2023-04-03 09:00:00,591.7,8.6,0
2023-04-03 10:00:00,560.3,10.9,0
2023-04-03 11:00:00,532.6,12.2,0
2023-04-03 12:00:00,560.6,12.0,0
2023-04-03 13:00:00,532.0,14.4,0
2023-04-03 14:00:00,549.9,15.7,0
2023-04-03 15:00:00,582.2,16.5,0
2023-04-03 16:00:00,583.1,17.4,0
2023-04-03 17:00:00,594.1,15.5,0
2023-04-03 18:00:00,639.5,14.4,0
2023-04-03 19:00:00,629.4,13.0,0
2023-04-03 20:00:00,607.1,13.0,0
2023-04-03 21:00:00,549.1,10.8,0
2023-04-03 22:00:00,523.2,9.4,0
2023-04-03 23:00:00,509.2,9.7,0
2023-04-04 00:00:00,500.4,9.5,0
2023-04-04 01:00:00,535.6,8.4,0
2023-04-04 02:00:00,506.5,9.6,0
2023-04-04 03:00:00,540.4,8.1,0
2023-04-04 04:00:00,543.5,8.5,0
2023-04-04 05:00:00,559.6,8.6,0
2023-04-04 06:00:00,579.1,9.6,0
2023-04-04 07:00:00,601.4,10.0,0
2023-04-04 08:00:00,592.3,10.1,0
2023-04-04 09:00:00,583.4,11.3,0
2023-04-04 10:00:00,552.8,11.0,0
2023-04-04 11:00:00,537.4,12.4,0
2023-04-04 12:00:00,569.6,12.9,0
2023-04-04 13:00:00,537.0,14.3,0
2023-04-04 14:00:00,572.0,14.2,0
2023-04-04 15:00:00,572.1,13.7,0
2023-04-04 16:00:00,597.8,13.8,0
2023-04-04 17:00:00,647.7,14.5,0
2023-04-04 18:00:00,687.3,11.9,0
2023-04-04 19:00:00,706.7,11.2,0
2023-04-04 20:00:00,700.3,10.7,0
2023-04-04 21:00:00,668.8,8.4,0
2023-04-04 22:00:00,637.7,6.6,0
2023-04-04 23:00:00,625.8,6.2,0
2023-04-05 00:00:00,602.8,4.8,0
2023-04-05 01:00:00,625.1,3.6,0
2023-04-05 02:00:00,560.9,4.8,0
2023-04-05 03:00:00,584.8,3.8,0
2023-04-05 04:00:00,605.6,3.2,0
2023-04-05 05:00:00,638.0,1.5,0
2023-04-05 06:00:00,657.3,1.3,0
2023-04-05 07:00:00,676.8,1.2,0
2023-04-05 08:00:00,652.5,3.8,0
2023-04-05 09:00:00,654.6,6.0,0
2023-04-05 10:00:00,635.3,6.0,0
2023-04-05 11:00:00,585.5,8.8,0
2023-04-05 12:00:00,562.5,10.4,0
2023-04-05 13:00:00,565.6,10.8,0
2023-04-05 14:00:00,577.2,12.0,0
2023-04-05 15:00:00,591.5,12.5,0
2023-04-05 16:00:00,621.9,11.6,0
2023-04-05 17:00:00,656.0,9.7,0
2023-04-05 18:00:00,690.7,8.3,0
2023-04-05 19:00:00,695.9,7.6,0
2023-04-05 20:00:00,674.8,6.4,0
2023-04-05 21:00:00,653.5,4.7,0
2023-04-05 22:00:00,644.8,4.7,0
2023-04-05 23:00:00,654.0,2.8,0
2023-04-06 00:00:00,612.6,3.1,0
2023-04-06 01:00:00,627.6,2.1,0
2023-04-06 02:00:00,616.5,1.9,0
2023-04-06 03:00:00,640.0,0.8,0
2023-04-06 04:00:00,639.3,1.1,0
2023-04-06 05:00:00,681.1,0.9,0
2023-04-06 06:00:00,721.6,0.1,0
2023-04-06 07:00:00,725.5,1.0,0
2023-04-06 08:00:00,702.8,2.1,0
2023-04-06 09:00:00,677.0,4.0,0
2023-04-06 10:00:00,644.5,5.5,0
2023-04-06 11:00:00,604.2,5.6,0
2023-04-06 12:00:00,586.5,6.1,0
2023-04-06 13:00:00,591.4,4.6,0
2023-04-06 14:00:00,612.0,4.3,0
2023-04-06 15:00:00,599.6,5.8,0
2023-04-06 16:00:00,624.0,7.2,0
2023-04-06 17:00:00,689.8,7.6,0
2023-04-06 18:00:00,728.3,7.4,0
2023-04-06 19:00:00,724.8,7.2,0
2023-04-06 20:00:00,725.4,6.7,0
2023-04-06 21:00:00,701.2,4.2,0
2023-04-06 22:00:00,695.3,2.6,0
2023-04-06 23:00:00,669.3,2.8,0
2023-04-07 00:00:00,611.1,3.3,0
2023-04-07 01:00:00,607.8,2.9,0
2023-04-07 02:00:00,638.4,2.3,0
2023-04-07 03:00:00,617.4,1.9,0
2023-04-07 04:00:00,611.1,1.6,0
2023-04-07 05:00:00,662.8,1.3,0
2023-04-07 06:00:00,689.4,0.3,0
2023-04-07 07:00:00,700.6,1.5,0
2023-04-07 08:00:00,697.8,2.2,0
2023-04-07 09:00:00,669.2,3.2,0
2023-04-07 10:00:00,632.0,5.9,0
2023-04-07 11:00:00,581.8,7.5,0
2023-04-07 12:00:00,553.9,7.8,0
2023-04-07 13:00:00,543.3,9.0,0
2023-04-07 14:00:00,572.9,8.2,0
2023-04-07 15:00:00,609.3,9.4,0
2023-04-07 16:00:00,637.1,9.6,0
2023-04-07 17:00:00,688.4,9.1,0
2023-04-07 18:00:00,729.5,9.0,0
2023-04-07 19:00:00,725.0,9.6,0
2023-04-07 20:00:00,717.6,8.2,0
2023-04-07 21:00:00,687.3,6.3,0
2023-04-07 22:00:00,615.2,7.2,0
2023-04-07 23:00:00,614.5,6.3,0
2023-04-08 00:00:00,484.3,7.0,0
2023-04-08 01:00:00,495.4,5.7,0
2023-04-08 02:00:00,473.9,5.6,0
2023-04-08 03:00:00,463.6,4.9,0
2023-04-08 04:00:00,470.7,5.6,0
2023-04-08 05:00:00,477.6,5.7,0
2023-04-08 06:00:00,518.4,5.7,0
2023-04-08 07:00:00,531.1,7.9,0
2023-04-08 08:00:00,538.2,9.2,0
2023-04-08 09:00:00,568.5,8.3,0
2023-04-08 10:00:00,555.2,9.2,0
2023-04-08 11:00:00,527.3,9.3,0
2023-04-08 12:00:00,527.7,9.1,0
2023-04-08 13:00:00,526.5,9.3,0
2023-04-08 14:00:00,525.2,9.4,0
2023-04-08 15:00:00,520.6,9.6,0
2023-04-08 16:00:00,549.2,8.9,0
2023-04-08 17:00:00,635.7,6.9,0
2023-04-08 18:00:00,666.1,5.9,0
2023-04-08 19:00:00,671.3,6.1,0
2023-04-08 20:00:00,691.5,4.0,0
2023-04-08 21:00:00,640.1,3.7,0
2023-04-08 22:00:00,625.7,3.2,0
2023-04-08 23:00:00,571.1,2.0,0
2023-04-09 00:00:00,520.5,1.8,0
2023-04-09 01:00:00,494.3,0.6,0
2023-04-09 02:00:00,503.8,-0.0,0
2023-04-09 03:00:00,522.9,-0.9,0
2023-04-09 04:00:00,519.7,-0.2,0
2023-04-09 05:00:00,519.2,1.6,0
2023-04-09 06:00:00,604.1,1.7,0
2023-04-09 07:00:00,615.3,3.7,0
2023-04-09 08:00:00,644.8,2.9,0
2023-04-09 09:00:00,617.0,3.2,0
2023-04-09 10:00:00,582.2,3.5,0
2023-04-09 11:00:00,540.3,6.2,0
2023-04-09 12:00:00,519.9,6.7,0
2023-04-09 13:00:00,503.8,8.1,0
2023-04-09 14:00:00,521.4,6.8,0
2023-04-09 15:00:00,513.8,7.2,0
2023-04-09 16:00:00,554.5,7.8,0
2023-04-09 17:00:00,600.3,7.5,0
2023-04-09 18:00:00,663.8,4.5,0
2023-04-09 19:00:00,680.5,4.1,0
2023-04-09 20:00:00,684.4,4.0,0
2023-04-09 21:00:00,632.7,4.4,0
2023-04-09 22:00:00,605.3,3.8,0
2023-04-09 23:00:00,627.6,1.4,0
2023-04-10 00:00:00,566.6,0.8,1
2023-04-10 01:00:00,564.6,1.1,1
2023-04-10 02:00:00,552.8,0.1,1
2023-04-10 03:00:00,533.6,0.6,1
2023-04-10 04:00:00,526.9,0.5,1
2023-04-10 05:00:00,542.3,1.1,1
2023-04-10 06:00:00,592.0,2.5,1
2023-04-10 07:00:00,642.5,2.8,1
2023-04-10 08:00:00,611.6,6.5,1
2023-04-10 09:00:00,595.6,7.7,1
2023-04-10 10:00:00,575.6,9.1,1
2023-04-10 11:00:00,526.5,9.4,1
2023-04-10 12:00:00,496.3,10.3,1
2023-04-10 13:00:00,485.7,10.7,1
2023-04-10 14:00:00,469.5,9.9,1
2023-04-10 15:00:00,491.5,8.7,1
2023-04-10 16:00:00,518.1,9.0,1
2023-04-10 17:00:00,557.8,8.6,1
2023-04-10 18:00:00,610.4,5.7,1
2023-04-10 19:00:00,607.2,3.1,1
2023-04-10 20:00:00,613.9,2.1,1
2023-04-10 21:00:00,589.0,1.3,1
2023-04-10 22:00:00,575.3,1.0,1
2023-04-10 23:00:00,591.2,-0.9,1
2023-04-11 00:00:00,629.2,-0.8,0
2023-04-11 01:00:00,657.3,-1.5,0
2023-04-11 02:00:00,626.1,-2.1,0
2023-04-11 03:00:00,626.8,-2.2,0
2023-04-11 04:00:00,624.2,-0.9,0
2023-04-11 05:00:00,657.8,0.2,0
2023-04-11 06:00:00,665.6,1.8,0
2023-04-11 07:00:00,697.7,2.1,0
2023-04-11 08:00:00,702.4,3.0,0
2023-04-11 09:00:00,724.5,3.1,0
2023-04-11 10:00:00,683.5,3.8,0
2023-04-11 11:00:00,634.9,4.6,0
2023-04-11 12:00:00,606.4,5.2,0
2023-04-11 13:00:00,596.4,6.7,0
2023-04-11 14:00:00,617.5,7.6,0
2023-04-11 15:00:00,587.2,8.6,0
2023-04-11 16:00:00,600.9,8.7,0
2023-04-11 17:00:00,659.3,9.4,0
2023-04-11 18:00:00,680.2,9.0,0
2023-04-11 19:00:00,669.4,9.1,0
2023-04-11 20:00:00,645.9,8.6,0
2023-04-11 21:00:00,604.0,8.3,0
2023-04-11 22:00:00,570.5,7.2,0
2023-04-11 23:00:00,578.3,5.2,0
2023-04-12 00:00:00,552.9,3.3,0
2023-04-12 01:00:00,563.5,4.5,0
2023-04-12 02:00:00,515.9,4.5,0
2023-04-12 03:00:00,528.6,4.8,0
2023-04-12 04:00:00,532.9,4.8,0
2023-04-12 05:00:00,589.2,4.8,0
2023-04-12 06:00:00,574.9,8.0,0
2023-04-12 07:00:00,617.6,7.8,0
2023-04-12 08:00:00,652.0,8.7,0
2023-04-12 09:00:00,643.6,9.7,0
2023-04-12 10:00:00,609.5,9.7,0
2023-04-12 11:00:00,585.8,9.5,0
2023-04-12 12:00:00,573.5,9.8,0
2023-04-12 13:00:00,590.2,10.1,0
2023-04-12 14:00:00,594.9,10.2,0
2023-04-12 15:00:00,614.1,11.1,0
2023-04-12 16:00:00,630.1,10.0,0
2023-04-12 17:00:00,664.3,10.1,0
2023-04-12 18:00:00,701.2,10.8,0
2023-04-12 19:00:00,691.6,10.8,0
2023-04-12 20:00:00,671.6,8.9,0
2023-04-12 21:00:00,662.4,5.2,0
2023-04-12 22:00:00,650.6,5.0,0
2023-04-12 23:00:00,638.1,4.6,0
2023-04-13 00:00:00,612.1,3.5,0
2023-04-13 01:00:00,578.1,4.1,0
2023-04-13 02:00:00,547.4,3.4,0
2023-04-13 03:00:00,567.1,3.5,0
2023-04-13 04:00:00,578.9,2.7,0
2023-04-13 05:00:00,608.8,3.5,0
2023-04-13 06:00:00,644.2,3.8,0
2023-04-13 07:00:00,657.1,4.3,0
2023-04-13 08:00:00,634.1,6.3,0
2023-04-13 09:00:00,635.2,7.6,0
2023-04-13 10:00:00,584.7,7.3,0
2023-04-13 11:00:00,520.3,9.0,0
2023-04-13 12:00:00,533.4,10.7,0
2023-04-13 13:00:00,523.6,10.6,0
2023-04-13 14:00:00,541.1,10.7,0
2023-04-13 15:00:00,581.9,11.0,0
2023-04-13 16:00:00,649.5,10.7,0
2023-04-13 17:00:00,663.6,10.5,0
2023-04-13 18:00:00,682.3,10.5,0
2023-04-13 19:00:00,704.6,9.3,0
2023-04-13 20:00:00,670.1,10.2,0
2023-04-13 21:00:00,632.1,8.6,0
2023-04-13 22:00:00,628.0,7.1,0
2023-04-13 23:00:00,569.0,7.9,0
2023-04-14 00:00:00,536.2,9.4,0
2023-04-14 01:00:00,528.9,8.7,0
2023-04-14 02:00:00,524.9,8.1,0
2023-04-14 03:00:00,522.6,6.9,0
2023-04-14 04:00:00,521.1,8.0,0
2023-04-14 05:00:00,559.5,8.5,0
2023-04-14 06:00:00,595.7,8.3,0
2023-04-14 07:00:00,632.5,9.5,0
2023-04-14 08:00:00,637.3,11.6,0
2023-04-14 09:00:00,612.0,13.2,0
2023-04-14 10:00:00,580.2,16.1,0
2023-04-14 11:00:00,559.2,17.9,0
2023-04-14 12:00:00,538.1,19.0,0
2023-04-14 13:00:00,558.2,19.4,0
2023-04-14 14:00:00,544.1,20.1,0
2023-04-14 15:00:00,592.4,21.1,0
2023-04-14 16:00:00,608.1,21.5,0
2023-04-14 17:00:00,626.9,21.8,0
2023-04-14 18:00:00,651.2,21.1,0
2023-04-14 19:00:00,631.7,20.7,0
2023-04-14 20:00:00,639.5,20.6,0
2023-04-14 21:00:00,629.1,19.1,0
2023-04-14 22:00:00,613.4,16.6,0
2023-04-14 23:00:00,610.3,16.9,0
2023-04-15 00:00:00,513.3,16.6,0
2023-04-15 01:00:00,458.3,15.2,0
2023-04-15 02:00:00,454.5,14.8,0
2023-04-15 03:00:00,436.4,14.2,0
2023-04-15 04:00:00,464.1,12.5,0
2023-04-15 05:00:00,477.6,12.5,0
2023-04-15 06:00:00,503.8,11.7,0
2023-04-15 07:00:00,513.2,12.6,0
2023-04-15 08:00:00,536.1,13.3,0
2023-04-15 09:00:00,543.4,15.2,0
2023-04-15 10:00:00,503.8,16.0,0
2023-04-15 11:00:00,490.5,17.1,0
2023-04-15 12:00:00,484.6,17.5,0
2023-04-15 13:00:00,478.6,17.7,0
2023-04-15 14:00:00,482.9,16.7,0
2023-04-15 15:00:00,522.2,17.6,0
2023-04-15 16:00:00,571.2,17.5,0
2023-04-15 17:00:00,610.5,16.5,0
2023-04-15 18:00:00,637.0,15.9,0
2023-04-15 19:00:00,640.7,14.6,0
2023-04-15 20:00:00,604.3,12.9,0
2023-04-15 21:00:00,566.8,12.0,0
2023-04-15 22:00:00,530.8,12.0,0
2023-04-15 23:00:00,498.9,10.7,0
2023-04-16 00:00:00,486.7,8.7,0
2023-04-16 01:00:00,513.3,7.5,0
2023-04-16 02:00:00,518.9,8.7,0
2023-04-16 03:00:00,509.0,7.7,0
2023-04-16 04:00:00,492.8,8.9,0
2023-04-16 05:00:00,496.5,9.0,0
2023-04-16 06:00:00,527.9,10.2,0
2023-04-16 07:00:00,548.3,10.8,0
2023-04-16 08:00:00,582.5,10.3,0
2023-04-16 09:00:00,549.7,10.9,0
2023-04-16 10:00:00,517.4,13.8,0
2023-04-16 11:00:00,484.3,14.6,0
2023-04-16 12:00:00,476.2,15.8,0
2023-04-16 13:00:00,470.3,16.1,0
2023-04-16 14:00:00,450.1,16.3,0
2023-04-16 15:00:00,490.4,16.6,0
2023-04-16 16:00:00,525.6,16.9,0
2023-04-16 17:00:00,565.1,18.4,0
2023-04-16 18:00:00,588.2,17.6,0
2023-04-16 19:00:00,574.1,16.4,0
2023-04-16 20:00:00,555.1,14.7,0
2023-04-16 21:00:00,543.9,12.4,0
2023-04-16 22:00:00,554.0,9.8,0
2023-04-16 23:00:00,533.4,9.5,0
2023-04-17 00:00:00,563.9,7.1,0
2023-04-17 01:00:00,563.3,7.7,0
2023-04-17 02:00:00,542.8,8.1,0
2023-04-17 03:00:00,537.8,7.6,0
2023-04-17 04:00:00,554.3,6.7,0
2023-04-17 05:00:00,581.9,7.1,0
2023-04-17 06:00:00,585.7,7.7,0
2023-04-17 07:00:00,603.9,9.6,0
2023-04-17 08:00:00,616.8,9.8,0
2023-04-17 09:00:00,600.7,10.5,0
2023-04-17 10:00:00,604.3,11.5,0
2023-04-17 11:00:00,551.8,12.2,0
2023-04-17 12:00:00,539.5,12.5,0
2023-04-17 13:00:00,547.1,11.6,0
2023-04-17 14:00:00,566.3,10.5,0
2023-04-17 15:00:00,613.0,10.2,0
2023-04-17 16:00:00,608.8,10.0,0
2023-04-17 17:00:00,637.0,10.6,0
2023-04-17 18:00:00,640.7,12.1,0
2023-04-17 19:00:00,620.1,12.9,0
2023-04-17 20:00:00,598.9,12.2,0
2023-04-17 21:00:00,576.0,12.9,0
2023-04-17 22:00:00,551.6,11.6,0
2023-04-17 23:00:00,576.0,10.1,0
2023-04-18 00:00:00,501.7,11.5,0
2023-04-18 01:00:00,510.6,9.8,0
2023-04-18 02:00:00,514.9,8.9,0
2023-04-18 03:00:00,519.5,8.5,0
2023-04-18 04:00:00,529.5,9.9,0
2023-04-18 05:00:00,548.7,9.7,0
2023-04-18 06:00:00,579.4,10.9,0
2023-04-18 07:00:00,601.1,11.3,0
2023-04-18 08:00:00,609.1,11.1,0
2023-04-18 09:00:00,583.3,12.3,0
2023-04-18 10:00:00,556.3,13.4,0
2023-04-18 11:00:00,552.8,13.3,0
2023-04-18 12:00:00,533.9,13.3,0
2023-04-18 13:00:00,546.0,13.2,0
2023-04-18 14:00:00,547.1,14.5,0
2023-04-18 15:00:00,567.7,15.0,0
2023-04-18 16:00:00,620.5,15.1,0
2023-04-18 17:00:00,633.6,15.1,0
2023-04-18 18:00:00,658.7,14.0,0
2023-04-18 19:00:00,675.2,13.6,0
2023-04-18 20:00:00,665.7,12.0,0
2023-04-18 21:00:00,647.6,9.8,0
2023-04-18 22:00:00,646.4,8.2,0
2023-04-18 23:00:00,616.8,7.4,0
2023-04-19 00:00:00,579.3,6.9,0
2023-04-19 01:00:00,588.7,7.2,0
2023-04-19 02:00:00,571.2,5.3,0
2023-04-19 03:00:00,578.2,5.0,0
2023-04-19 04:00:00,588.4,5.6,0
2023-04-19 05:00:00,615.9,5.1,0
2023-04-19 06:00:00,640.5,6.1,0
2023-04-19 07:00:00,647.1,6.6,0
2023-04-19 08:00:00,662.9,6.6,0
2023-04-19 09:00:00,635.6,8.7,0
2023-04-19 10:00:00,623.1,8.6,0
2023-04-19 11:00:00,589.3,10.5,0
2023-04-19 12:00:00,600.4,11.0,0
2023-04-19 13:00:00,607.5,10.9,0
2023-04-19 14:00:00,642.3,10.6,0
2023-04-19 15:00:00,668.1,10.2,0
2023-04-19 16:00:00,698.4,9.4,0
2023-04-19 17:00:00,732.5,9.4,0
2023-04-19 18:00:00,782.3,7.3,0
2023-04-19 19:00:00,751.6,7.7,0
2023-04-19 20:00:00,696.6,7.7,0
2023-04-19 21:00:00,634.0,8.0,0
2023-04-19 22:00:00,632.8,6.2,0
2023-04-19 23:00:00,635.9,3.2,0
2023-04-20 00:00:00,604.2,2.2,0
2023-04-20 01:00:00,603.3,1.6,0
2023-04-20 02:00:00,607.2,1.6,0
2023-04-20 03:00:00,603.2,1.2,0
2023-04-20 04:00:00,598.1,1.4,0
2023-04-20 05:00:00,607.9,2.1,0
2023-04-20 06:00:00,662.2,1.5,0
2023-04-20 07:00:00,660.1,4.2,0
2023-04-20 08:00:00,684.4,4.3,0
2023-04-20 09:00:00,679.3,5.7,0
2023-04-20 10:00:00,632.6,7.9,0
2023-04-20 11:00:00,594.4,8.3,0
2023-04-20 12:00:00,555.8,9.2,0
2023-04-20 13:00:00,534.2,11.5,0
2023-04-20 14:00:00,530.3,11.7,0
2023-04-20 15:00:00,555.4,12.9,0
2023-04-20 16:00:00,571.3,13.1,0
2023-04-20 17:00:00,617.8,12.9,0
2023-04-20 18:00:00,640.5,13.0,0
2023-04-20 19:00:00,663.8,12.0,0
2023-04-20 20:00:00,632.2,10.9,0
2023-04-20 21:00:00,604.7,10.7,0
2023-04-20 22:00:00,592.9,9.9,0
2023-04-20 23:00:00,551.1,9.4,0
2023-04-21 00:00:00,536.4,7.7,0
2023-04-21 01:00:00,525.2,7.1,0
2023-04-21 02:00:00,500.1,7.8,0
2023-04-21 03:00:00,476.0,8.5,0
2023-04-21 04:00:00,493.8,8.9,0
2023-04-21 05:00:00,516.2,8.8,0
2023-04-21 06:00:00,549.9,8.8,0
2023-04-21 07:00:00,589.6,10.0,0
2023-04-21 08:00:00,547.2,12.3,0
2023-04-21 09:00:00,563.4,13.3,0
2023-04-21 10:00:00,582.4,15.4,0
2023-04-21 11:00:00,560.1,16.0,0
2023-04-21 12:00:00,540.7,17.9,0
2023-04-21 13:00:00,537.3,17.5,0
2023-04-21 14:00:00,560.6,18.0,0
2023-04-21 15:00:00,617.5,17.1,0
2023-04-21 16:00:00,627.4,17.5,0
2023-04-21 17:00:00,609.9,17.5,0
2023-04-21 18:00:00,643.7,15.9,0
2023-04-21 19:00:00,646.8,14.4,0
2023-04-21 20:00:00,628.7,13.0,0
2023-04-21 21:00:00,606.6,10.6,0
2023-04-21 22:00:00,556.9,8.8,0
2023-04-21 23:00:00,563.8,7.1,0
2023-04-22 00:00:00,454.0,7.2,0
2023-04-22 01:00:00,448.9,7.9,0
2023-04-22 02:00:00,444.4,7.1,0
2023-04-22 03:00:00,437.9,6.7,0
2023-04-22 04:00:00,423.8,7.0,0
2023-04-22 05:00:00,480.8,7.0,0
2023-04-22 06:00:00,512.7,7.4,0
2023-04-22 07:00:00,538.8,9.0,0
2023-04-22 08:00:00,571.4,10.2,0
2023-04-22 09:00:00,564.7,11.2,0
2023-04-22 10:00:00,542.6,11.7,0
2023-04-22 11:00:00,472.2,14.0,0
2023-04-22 12:00:00,481.0,14.3,0
2023-04-22 13:00:00,491.1,15.0,0
2023-04-22 14:00:00,480.0,14.5,0
2023-04-22 15:00:00,479.1,14.1,0
2023-04-22 16:00:00,522.8,14.1,0
2023-04-22 17:00:00,561.0,13.4,0
2023-04-22 18:00:00,610.7,13.3,0
2023-04-22 19:00:00,591.4,12.6,0
2023-04-22 20:00:00,582.3,10.4,0
2023-04-22 21:00:00,583.6,7.3,0
2023-04-22 22:00:00,558.3,7.3,0
2023-04-22 23:00:00,528.6,5.9,0
2023-04-23 00:00:00,461.7,6.7,0
2023-04-23 01:00:00,454.9,6.2,0
2023-04-23 02:00:00,496.2,5.1,0
2023-04-23 03:00:00,476.4,5.6,0
2023-04-23 04:00:00,481.6,5.5,0
2023-04-23 05:00:00,516.5,6.0,0
2023-04-23 06:00:00,556.4,5.9,0
2023-04-23 07:00:00,592.1,7.4,0
2023-04-23 08:00:00,574.1,9.4,0
2023-04-23 09:00:00,551.6,10.0,0
2023-04-23 10:00:00,529.5,12.7,0
2023-04-23 11:00:00,501.6,13.1,0
2023-04-23 12:00:00,483.9,14.2,0
2023-04-23 13:00:00,467.7,13.4,0
2023-04-23 14:00:00,472.8,12.1,0
2023-04-23 15:00:00,476.7,14.2,0
2023-04-23 16:00:00,503.5,15.4,0
2023-04-23 17:00:00,534.2,16.1,0
2023-04-23 18:00:00,562.9,13.9,0
2023-04-23 19:00:00,566.8,13.3,0
2023-04-23 20:00:00,569.3,12.7,0
2023-04-23 21:00:00,569.0,11.7,0
2023-04-23 22:00:00,532.4,11.0,0
2023-04-23 23:00:00,545.9,9.2,0
2023-04-24 00:00:00,577.6,8.4,0
2023-04-24 01:00:00,538.9,6.7,0
2023-04-24 02:00:00,542.1,6.1,0
2023-04-24 03:00:00,516.3,6.3,0
2023-04-24 04:00:00,553.7,5.8,0
2023-04-24 05:00:00,567.3,6.0,0
2023-04-24 06:00:00,622.9,6.3,0
2023-04-24 07:00:00,663.3,7.3,0
2023-04-24 08:00:00,648.1,9.1,0
2023-04-24 09:00:00,614.2,10.4,0
2023-04-24 10:00:00,603.1,11.9,0
2023-04-24 11:00:00,567.9,11.6,0
2023-04-24 12:00:00,551.0,12.1,0
2023-04-24 13:00:00,557.8,13.6,0
2023-04-24 14:00:00,563.0,13.3,0
2023-04-24 15:00:00,593.9,13.1,0
2023-04-24 16:00:00,657.0,12.1,0
2023-04-24 17:00:00,684.1,13.1,0
2023-04-24 18:00:00,715.2,12.1,0
2023-04-24 19:00:00,705.9,10.7,0
2023-04-24 20:00:00,637.4,10.4,0
2023-04-24 21:00:00,608.8,10.4,0
2023-04-24 22:00:00,583.7,9.8,0
2023-04-24 23:00:00,573.3,9.8,0
2023-04-25 00:00:00,537.8,9.3,0
2023-04-25 01:00:00,523.0,8.6,0
2023-04-25 02:00:00,513.4,7.8,0
2023-04-25 03:00:00,521.7,7.2,0
2023-04-25 04:00:00,524.1,6.8,0
2023-04-25 05:00:00,524.0,7.6,0
2023-04-25 06:00:00,563.4,8.1,0
2023-04-25 07:00:00,591.0,9.1,0
2023-04-25 08:00:00,608.5,10.6,0
2023-04-25 09:00:00,590.5,11.6,0
2023-04-25 10:00:00,574.1,11.4,0
2023-04-25 11:00:00,541.2,11.7,0
2023-04-25 12:00:00,528.7,11.6,0
2023-04-25 13:00:00,551.4,10.6,0
2023-04-25 14:00:00,584.5,11.2,0
2023-04-25 15:00:00,602.3,10.4,0
2023-04-25 16:00:00,647.3,9.3,0
2023-04-25 17:00:00,677.2,8.1,0
2023-04-25 18:00:00,674.7,8.5,0
2023-04-25 19:00:00,678.0,7.6,0
2023-04-25 20:00:00,654.9,7.7,0
2023-04-25 21:00:00,628.5,6.7,0
2023-04-25 22:00:00,600.9,5.5,0
2023-04-25 23:00:00,591.4,5.2,0
2023-04-26 00:00:00,573.7,5.2,0
2023-04-26 01:00:00,558.4,4.8,0
2023-04-26 02:00:00,570.4,3.6,0
2023-04-26 03:00:00,582.7,3.2,0
2023-04-26 04:00:00,615.8,2.4,0
2023-04-26 05:00:00,641.2,2.7,0
2023-04-26 06:00:00,673.3,3.6,0
2023-04-26 07:00:00,673.1,5.9,0
2023-04-26 08:00:00,641.1,8.3,0
2023-04-26 09:00:00,604.8,10.0,0
2023-04-26 10:00:00,569.4,12.0,0
2023-04-26 11:00:00,532.0,13.2,0
2023-04-26 12:00:00,508.5,16.5,0
2023-04-26 13:00:00,510.2,18.5,0
2023-04-26 14:00:00,524.7,21.2,0
2023-04-26 15:00:00,544.3,21.5,0
2023-04-26 16:00:00,587.1,21.6,0
2023-04-26 17:00:00,655.3,21.9,0
2023-04-26 18:00:00,660.2,21.3,0
2023-04-26 19:00:00,652.1,20.5,0
2023-04-26 20:00:00,612.4,18.5,0
2023-04-26 21:00:00,599.9,18.1,0
2023-04-26 22:00:00,581.9,17.0,0
2023-04-26 23:00:00,537.6,16.6,0
2023-04-27 00:00:00,507.7,15.6,0
2023-04-27 01:00:00,480.8,13.1,0
2023-04-27 02:00:00,483.0,13.0,0
2023-04-27 03:00:00,481.4,13.8,0
2023-04-27 04:00:00,499.9,12.6,0
2023-04-27 05:00:00,500.5,12.0,0
2023-04-27 06:00:00,540.8,12.3,0
2023-04-27 07:00:00,575.9,12.8,0
2023-04-27 08:00:00,617.9,12.1,0
2023-04-27 09:00:00,603.3,14.7,0
2023-04-27 10:00:00,582.1,16.6,0
2023-04-27 11:00:00,550.4,16.9,0
2023-04-27 12:00:00,547.8,16.0,0
2023-04-27 13:00:00,557.7,16.9,0
2023-04-27 14:00:00,575.1,19.1,0
2023-04-27 15:00:00,605.3,19.9,0
2023-04-27 16:00:00,628.3,20.7,0
2023-04-27 17:00:00,637.0,19.3,0
2023-04-27 18:00:00,662.4,18.7,0
2023-04-27 19:00:00,685.1,16.4,0
2023-04-27 20:00:00,676.5,17.2,0
2023-04-27 21:00:00,623.6,16.5,0
2023-04-27 22:00:00,623.7,13.5,0
2023-04-27 23:00:00,628.8,10.8,0
2023-04-28 00:00:00,592.0,10.5,0
2023-04-28 01:00:00,557.4,10.0,0
2023-04-28 02:00:00,558.0,9.3,0
2023-04-28 03:00:00,561.1,9.7,0
2023-04-28 04:00:00,584.2,11.6,0
2023-04-28 05:00:00,583.5,12.2,0
2023-04-28 06:00:00,608.1,11.1,0
2023-04-28 07:00:00,645.9,11.7,0
2023-04-28 08:00:00,671.2,11.5,0
2023-04-28 09:00:00,667.2,11.8,0
2023-04-28 10:00:00,622.5,13.1,0
2023-04-28 11:00:00,582.1,13.9,0
2023-04-28 12:00:00,570.3,13.8,0
2023-04-28 13:00:00,569.5,14.4,0
2023-04-28 14:00:00,588.4,14.1,0
2023-04-28 15:00:00,590.1,14.8,0
2023-04-28 16:00:00,595.3,14.5,0
2023-04-28 17:00:00,649.9,14.5,0
2023-04-28 18:00:00,673.2,13.6,0
2023-04-28 19:00:00,670.7,13.5,0
2023-04-28 20:00:00,666.6,12.4,0
2023-04-28 21:00:00,611.8,11.4,0
2023-04-28 22:00:00,591.3,9.9,0
2023-04-28 23:00:00,572.0,9.1,0
2023-04-29 00:00:00,496.5,6.9,0
2023-04-29 01:00:00,469.3,8.7,0
2023-04-29 02:00:00,479.8,7.7,0
2023-04-29 03:00:00,457.2,7.7,0
2023-04-29 04:00:00,466.0,7.4,0
2023-04-29 05:00:00,479.4,7.4,0
2023-04-29 06:00:00,524.9,8.4,0
2023-04-29 07:00:00,572.4,8.8,0
2023-04-29 08:00:00,581.0,9.4,0
2023-04-29 09:00:00,585.2,9.3,0
2023-04-29 10:00:00,556.8,9.5,0
2023-04-29 11:00:00,524.2,9.6,0
2023-04-29 12:00:00,516.2,12.1,0
2023-04-29 13:00:00,510.9,11.7,0
2023-04-29 14:00:00,540.2,11.2,0
2023-04-29 15:00:00,588.8,11.7,0
2023-04-29 16:00:00,583.2,12.9,0
2023-04-29 17:00:00,630.9,11.1,0
2023-04-29 18:00:00,655.7,9.2,0
2023-04-29 19:00:00,661.6,8.7,0
2023-04-29 20:00:00,601.3,8.2,0
2023-04-29 21:00:00,598.3,6.0,0
2023-04-29 22:00:00,578.8,3.5,0
2023-04-29 23:00:00,583.1,1.9,0
2023-04-30 00:00:00,548.8,2.2,0
2023-04-30 01:00:00,555.9,1.7,0
2023-04-30 02:00:00,539.1,2.2,0
2023-04-30 03:00:00,541.2,2.1,0
2023-04-30 04:00:00,541.2,2.4,0
2023-04-30 05:00:00,527.4,3.5,0
2023-04-30 06:00:00,546.4,4.2,0
2023-04-30 07:00:00,561.5,5.4,0
2023-04-30 08:00:00,574.1,5.7,0
2023-04-30 09:00:00,570.5,6.4,0
2023-04-30 10:00:00,544.7,8.0,0
2023-04-30 11:00:00,536.4,8.9,0
2023-04-30 12:00:00,551.1,9.2,0
2023-04-30 13:00:00,515.5,10.6,0
2023-04-30 14:00:00,517.4,11.6,0
2023-04-30 15:00:00,541.1,11.9,0
2023-04-30 16:00:00,570.1,11.2,0
2023-04-30 17:00:00,610.6,11.7,0
2023-04-30 18:00:00,587.0,13.5,0
2023-04-30 19:00:00,608.9,11.9,0
2023-04-30 20:00:00,598.3,9.6,0
2023-04-30 21:00:00,548.5,8.0,0
2023-04-30 22:00:00,535.1,6.2,0
2023-04-30 23:00:00,569.6,4.3,0
2023-05-01 00:00:00,528.2,2.7,1
2023-05-01 01:00:00,545.0,3.1,1
2023-05-01 02:00:00,558.1,3.6,1
2023-05-01 03:00:00,535.3,4.9,1
2023-05-01 04:00:00,521.4,5.8,1
2023-05-01 05:00:00,547.8,5.9,1
2023-05-01 06:00:00,578.8,7.6,1
2023-05-01 07:00:00,623.0,7.9,1
2023-05-01 08:00:00,623.2,8.6,1
2023-05-01 09:00:00,591.5,8.7,1
2023-05-01 10:00:00,573.0,10.9,1
2023-05-01 11:00:00,503.4,12.8,1
2023-05-01 12:00:00,482.9,13.3,1
2023-05-01 13:00:00,478.7,13.7,1
2023-05-01 14:00:00,492.3,14.2,1
2023-05-01 15:00:00,500.2,14.5,1
2023-05-01 16:00:00,533.7,15.2,1
2023-05-01 17:00:00,582.4,14.9,1
2023-05-01 18:00:00,603.7,14.6,1
2023-05-01 19:00:00,596.0,12.5,1
2023-05-01 20:00:00,591.7,11.3,1
2023-05-01 21:00:00,575.6,8.7,1
2023-05-01 22:00:00,520.6,9.3,1
2023-05-01 23:00:00,486.6,9.7,1
2023-05-02 00:00:00,559.6,9.7,0
2023-05-02 01:00:00,539.8,10.0,0
2023-05-02 02:00:00,528.3,11.4,0
2023-05-02 03:00:00,512.5,12.0,0
2023-05-02 04:00:00,528.1,10.6,0
2023-05-02 05:00:00,549.4,10.7,0
2023-05-02 06:00:00,584.5,9.2,0
2023-05-02 07:00:00,627.1,9.3,0
2023-05-02 08:00:00,658.6,9.2,0
2023-05-02 09:00:00,654.0,10.2,0
2023-05-02 10:00:00,613.9,11.7,0
2023-05-02 11:00:00,579.6,11.8,0
2023-05-02 12:00:00,531.7,12.5,0
2023-05-02 13:00:00,547.7,13.4,0
2023-05-02 14:00:00,551.4,13.8,0
2023-05-02 15:00:00,555.0,13.8,0
2023-05-02 16:00:00,585.2,11.6,0
2023-05-02 17:00:00,644.7,10.9,0
2023-05-02 18:00:00,666.2,11.1,0
2023-05-02 19:00:00,685.1,10.6,0
2023-05-02 20:00:00,681.7,8.4,0
2023-05-02 21:00:00,671.1,7.3,0
2023-05-02 22:00:00,645.9,6.6,0
2023-05-02 23:00:00,593.0,4.9,0
2023-05-03 00:00:00,580.0,5.0,0
2023-05-03 01:00:00,562.2,3.8,0
2023-05-03 02:00:00,587.8,3.2,0
2023-05-03 03:00:00,588.7,3.1,0
2023-05-03 04:00:00,561.8,5.4,0
2023-05-03 05:00:00,576.7,5.6,0
2023-05-03 06:00:00,596.6,5.8,0
2023-05-03 07:00:00,622.7,7.4,0
2023-05-03 08:00:00,643.2,8.0,0
2023-05-03 09:00:00,607.3,9.3,0
2023-05-03 10:00:00,571.5,8.4,0
2023-05-03 11:00:00,570.7,9.8,0
2023-05-03 12:00:00,561.5,10.7,0
2023-05-03 13:00:00,542.9,10.3,0
2023-05-03 14:00:00,561.9,12.1,0
2023-05-03 15:00:00,602.6,12.1,0
2023-05-03 16:00:00,640.5,11.9,0
2023-05-03 17:00:00,689.1,10.5,0
2023-05-03 18:00:00,714.3,8.5,0
2023-05-03 19:00:00,675.9,7.4,0
2023-05-03 20:00:00,691.4,5.2,0
2023-05-03 21:00:00,651.2,4.9,0
2023-05-03 22:00:00,656.4,4.8,0
2023-05-03 23:00:00,640.7,3.5,0
2023-05-04 00:00:00,631.4,1.6,0
2023-05-04 01:00:00,615.1,0.8,0
2023-05-04 02:00:00,597.9,-0.3,0
2023-05-04 03:00:00,590.2,-0.0,0
2023-05-04 04:00:00,633.1,0.5,0
2023-05-04 05:00:00,651.9,0.8,0
2023-05-04 06:00:00,639.9,1.7,0
2023-05-04 07:00:00,668.9,3.7,0
2023-05-04 08:00:00,676.2,6.4,0
2023-05-04 09:00:00,648.4,7.1,0
2023-05-04 10:00:00,616.0,8.9,0
2023-05-04 11:00:00,589.1,9.8,0
2023-05-04 12:00:00,564.2,9.8,0
2023-05-04 13:00:00,552.9,11.8,0
2023-05-04 14:00:00,533.3,12.6,0
2023-05-04 15:00:00,564.4,13.0,0
2023-05-04 16:00:00,615.0,13.3,0
2023-05-04 17:00:00,638.5,12.8,0
2023-05-04 18:00:00,683.5,11.3,0
2023-05-04 19:00:00,690.6,12.2,0
2023-05-04 20:00:00,674.1,12.1,0
2023-05-04 21:00:00,662.6,11.3,0
2023-05-04 22:00:00,623.6,11.2,0
2023-05-04 23:00:00,582.6,11.4,0
2023-05-05 00:00:00,558.6,10.5,0
2023-05-05 01:00:00,552.1,10.3,0
2023-05-05 02:00:00,509.0,9.6,0
2023-05-05 03:00:00,508.4,10.0,0
2023-05-05 04:00:00,509.6,9.9,0
2023-05-05 05:00:00,514.9,12.4,0
2023-05-05 06:00:00,551.8,12.6,0
2023-05-05 07:00:00,604.2,13.8,0
2023-05-05 08:00:00,620.8,15.1,0
2023-05-05 09:00:00,601.7,15.7,0
2023-05-05 10:00:00,573.6,17.5,0
2023-05-05 11:00:00,558.6,18.2,0
2023-05-05 12:00:00,553.2,18.6,0
2023-05-05 13:00:00,593.6,19.1,0
2023-05-05 14:00:00,577.8,18.7,0
2023-05-05 15:00:00,585.2,19.9,0
2023-05-05 16:00:00,631.0,20.2,0
2023-05-05 17:00:00,656.0,20.5,0
2023-05-05 18:00:00,680.0,18.5,0
2023-05-05 19:00:00,651.6,17.9,0
2023-05-05 20:00:00,605.0,16.1,0
2023-05-05 21:00:00,588.5,15.1,0
2023-05-05 22:00:00,544.0,15.1,0
2023-05-05 23:00:00,542.5,14.2,0
2023-05-06 00:00:00,437.0,13.3,0
2023-05-06 01:00:00,433.4,13.6,0
2023-05-06 02:00:00,444.1,13.9,0
2023-05-06 03:00:00,425.5,15.3,0
2023-05-06 04:00:00,427.8,13.6,0
2023-05-06 05:00:00,470.7,14.1,0
2023-05-06 06:00:00,501.6,14.2,0
2023-05-06 07:00:00,528.6,14.1,0
2023-05-06 08:00:00,555.8,15.1,0
2023-05-06 09:00:00,531.9,14.9,0
2023-05-06 10:00:00,515.8,13.9,0
2023-05-06 11:00:00,476.1,14.0,0
2023-05-06 12:00:00,445.6,14.6,0
2023-05-06 13:00:00,461.3,17.0,0
2023-05-06 14:00:00,493.5,16.7,0
2023-05-06 15:00:00,516.9,15.8,0
2023-05-06 16:00:00,527.2,13.9,0
2023-05-06 17:00:00,566.6,13.2,0
2023-05-06 18:00:00,602.5,12.4,0
2023-05-06 19:00:00,607.1,11.8,0
2023-05-06 20:00:00,617.9,9.6,0
2023-05-06 21:00:00,579.9,8.0,0
2023-05-06 22:00:00,580.6,5.1,0
2023-05-06 23:00:00,559.2,4.5,0
2023-05-07 00:00:00,539.3,2.6,0
2023-05-07 01:00:00,557.9,-0.3,0
2023-05-07 02:00:00,547.1,0.6,0
2023-05-07 03:00:00,519.5,1.2,0
2023-05-07 04:00:00,520.9,1.9,0
2023-05-07 05:00:00,543.2,2.8,0
2023-05-07 06:00:00,592.3,2.7,0
2023-05-07 07:00:00,616.7,4.7,0
2023-05-07 08:00:00,628.4,4.9,0
2023-05-07 09:00:00,609.6,7.8,0
2023-05-07 10:00:00,593.1,9.2,0
2023-05-07 11:00:00,566.3,8.7,0
2023-05-07 12:00:00,564.8,10.4,0
2023-05-07 13:00:00,560.2,13.0,0
2023-05-07 14:00:00,548.7,13.3,0
2023-05-07 15:00:00,553.0,14.5,0
2023-05-07 16:00:00,570.2,14.2,0
2023-05-07 17:00:00,601.6,13.3,0
2023-05-07 18:00:00,643.3,10.4,0
2023-05-07 19:00:00,640.7,10.9,0
2023-05-07 20:00:00,615.4,9.6,0
2023-05-07 21:00:00,590.3,9.0,0
2023-05-07 22:00:00,590.5,7.1,0
2023-05-07 23:00:00,592.5,5.4,0
2023-05-08 00:00:00,614.5,6.0,0
2023-05-08 01:00:00,597.9,5.1,0
2023-05-08 02:00:00,585.0,4.5,0
2023-05-08 03:00:00,618.6,3.3,0
2023-05-08 04:00:00,616.3,3.8,0
2023-05-08 05:00:00,608.0,5.1,0
2023-05-08 06:00:00,648.0,5.4,0
2023-05-08 07:00:00,691.2,6.2,0
2023-05-08 08:00:00,673.1,6.2,0
2023-05-08 09:00:00,669.7,8.7,0
2023-05-08 10:00:00,623.3,9.3,0
2023-05-08 11:00:00,607.3,10.3,0
2023-05-08 12:00:00,576.5,12.7,0
2023-05-08 13:00:00,558.0,13.3,0
2023-05-08 14:00:00,554.5,12.4,0
2023-05-08 15:00:00,564.2,11.8,0
2023-05-08 16:00:00,583.1,11.5,0
2023-05-08 17:00:00,612.6,12.8,0
2023-05-08 18:00:00,661.2,12.5,0
2023-05-08 19:00:00,664.9,11.6,0
2023-05-08 20:00:00,675.6,11.5,0
2023-05-08 21:00:00,631.4,11.7,0
2023-05-08 22:00:00,596.9,10.0,0
2023-05-08 23:00:00,572.9,10.4,0
2023-05-09 00:00:00,558.7,10.5,0
2023-05-09 01:00:00,532.4,10.3,0
2023-05-09 02:00:00,541.8,7.7,0
2023-05-09 03:00:00,554.3,7.8,0
2023-05-09 04:00:00,540.9,9.3,0
2023-05-09 05:00:00,569.5,9.4,0
2023-05-09 06:00:00,577.9,12.2,0
2023-05-09 07:00:00,598.6,13.0,0
2023-05-09 08:00:00,610.8,13.0,0
2023-05-09 09:00:00,596.0,14.5,0
2023-05-09 10:00:00,589.1,15.8,0
2023-05-09 11:00:00,542.5,17.5,0
2023-05-09 12:00:00,513.4,18.0,0
2023-05-09 13:00:00,510.4,19.8,0
2023-05-09 14:00:00,501.8,19.6,0
2023-05-09 15:00:00,517.9,19.8,0
2023-05-09 16:00:00,542.0,18.5,0
2023-05-09 17:00:00,587.9,17.3,0
2023-05-09 18:00:00,595.2,16.8,0
2023-05-09 19:00:00,604.3,15.4,0
2023-05-09 20:00:00,584.3,14.0,0
2023-05-09 21:00:00,581.7,12.8,0
2023-05-09 22:00:00,534.1,12.0,0
2023-05-09 23:00:00,497.6,11.8,0
2023-05-10 00:00:00,445.8,11.8,0
2023-05-10 01:00:00,430.5,12.1,0
2023-05-10 02:00:00,424.5,11.8,0
2023-05-10 03:00:00,452.1,11.1,0
2023-05-10 04:00:00,469.2,9.7,0
2023-05-10 05:00:00,499.4,9.8,0
2023-05-10 06:00:00,539.1,9.8,0
2023-05-10 07:00:00,591.6,9.0,0
2023-05-10 08:00:00,571.3,11.5,0
2023-05-10 09:00:00,564.8,10.9,0
2023-05-10 10:00:00,546.2,12.3,0
2023-05-10 11:00:00,548.3,13.9,0
2023-05-10 12:00:00,524.9,14.6,0
2023-05-10 13:00:00,513.7,17.6,0
2023-05-10 14:00:00,538.9,18.0,0
2023-05-10 15:00:00,562.8,17.4,0
2023-05-10 16:00:00,596.0,18.9,0
2023-05-10 17:00:00,660.6,17.7,0
2023-05-10 18:00:00,667.6,15.8,0
2023-05-10 19:00:00,679.8,14.1,0
2023-05-10 20:00:00,688.6,12.6,0
2023-05-10 21:00:00,642.6,11.6,0
2023-05-10 22:00:00,644.7,11.0,0
2023-05-10 23:00:00,639.7,8.7,0
2023-05-11 00:00:00,595.8,8.4,0
2023-05-11 01:00:00,585.9,9.9,0
2023-05-11 02:00:00,575.8,8.9,0
2023-05-11 03:00:00,526.0,8.6,0
2023-05-11 04:00:00,533.6,9.4,0
2023-05-11 05:00:00,542.4,11.0,0
2023-05-11 06:00:00,551.0,11.0,0
2023-05-11 07:00:00,596.7,10.9,0
2023-05-11 08:00:00,603.9,11.0,0
2023-05-11 09:00:00,576.0,13.1,0
2023-05-11 10:00:00,591.1,15.0,0
2023-05-11 11:00:00,588.9,13.9,0
2023-05-11 12:00:00,599.2,12.9,0
2023-05-11 13:00:00,617.4,12.5,0
2023-05-11 14:00:00,597.1,11.7,0
2023-05-11 15:00:00,637.1,12.4,0
2023-05-11 16:00:00,640.7,12.6,0
2023-05-11 17:00:00,647.7,14.1,0
2023-05-11 18:00:00,675.1,14.3,0
2023-05-11 19:00:00,669.7,13.7,0
2023-05-11 20:00:00,671.9,13.9,0
2023-05-11 21:00:00,633.6,12.0,0
2023-05-11 22:00:00,622.7,9.8,0
2023-05-11 23:00:00,602.4,8.9,0
2023-05-12 00:00:00,544.9,9.2,0
2023-05-12 01:00:00,545.9,7.2,0
2023-05-12 02:00:00,526.0,7.7,0
2023-05-12 03:00:00,522.8,8.4,0
2023-05-12 04:00:00,534.0,8.1,0
2023-05-12 05:00:00,566.9,8.8,0
2023-05-12 06:00:00,589.3,9.2,0
2023-05-12 07:00:00,616.2,10.2,0
2023-05-12 08:00:00,644.5,11.9,0
2023-05-12 09:00:00,639.1,12.3,0
2023-05-12 10:00:00,649.3,14.3,0
2023-05-12 11:00:00,616.3,16.1,0
2023-05-12 12:00:00,597.6,17.7,0
2023-05-12 13:00:00,594.9,16.5,0
2023-05-12 14:00:00,611.9,15.3,0
2023-05-12 15:00:00,633.4,16.1,0
2023-05-12 16:00:00,653.3,15.5,0
2023-05-12 17:00:00,676.8,14.5,0
2023-05-12 18:00:00,691.4,13.3,0
2023-05-12 19:00:00,697.4,11.4,0
2023-05-12 20:00:00,653.6,10.3,0
2023-05-12 21:00:00,612.9,8.7,0
2023-05-12 22:00:00,580.6,7.2,0
2023-05-12 23:00:00,592.5,6.9,0
2023-05-13 00:00:00,509.9,5.3,0
2023-05-13 01:00:00,509.9,5.9,0
2023-05-13 02:00:00,518.2,3.6,0
2023-05-13 03:00:00,496.5,5.9,0
2023-05-13 04:00:00,501.5,5.0,0
2023-05-13 05:00:00,484.4,6.1,0
2023-05-13 06:00:00,504.5,7.7,0
2023-05-13 07:00:00,525.0,8.6,0
2023-05-13 08:00:00,523.7,10.4,0
2023-05-13 09:00:00,497.2,11.4,0
2023-05-13 10:00:00,501.0,10.9,0
2023-05-13 11:00:00,491.3,12.3,0
2023-05-13 12:00:00,481.9,14.3,0
2023-05-13 13:00:00,496.5,14.5,0
2023-05-13 14:00:00,492.5,13.4,0
2023-05-13 15:00:00,524.0,13.2,0
2023-05-13 16:00:00,552.0,13.5,0
2023-05-13 17:00:00,578.2,13.5,0
2023-05-13 18:00:00,600.8,14.0,0
2023-05-13 19:00:00,587.0,13.8,0
2023-05-13 20:00:00,563.1,13.3,0
2023-05-13 21:00:00,547.0,10.5,0
2023-05-13 22:00:00,482.8,11.6,0
2023-05-13 23:00:00,498.2,10.8,0
2023-05-14 00:00:00,474.3,10.9,0
2023-05-14 01:00:00,480.1,10.0,0
2023-05-14 02:00:00,498.1,9.5,0
2023-05-14 03:00:00,499.2,9.4,0
2023-05-14 04:00:00,499.0,11.1,0
2023-05-14 05:00:00,529.3,12.8,0
2023-05-14 06:00:00,536.9,14.0,0
2023-05-14 07:00:00,535.4,16.5,0
2023-05-14 08:00:00,562.8,17.0,0
2023-05-14 09:00:00,549.0,18.4,0
2023-05-14 10:00:00,543.3,18.9,0
2023-05-14 11:00:00,528.1,21.0,0
2023-05-14 12:00:00,498.2,21.7,0
2023-05-14 13:00:00,499.4,23.1,0
2023-05-14 14:00:00,516.9,24.9,0
2023-05-14 15:00:00,510.4,23.0,0
2023-05-14 16:00:00,566.2,24.7,0
2023-05-14 17:00:00,610.2,24.4,0
2023-05-14 18:00:00,645.5,23.3,0
2023-05-14 19:00:00,633.3,20.5,0
2023-05-14 20:00:00,598.9,19.2,0
2023-05-14 21:00:00,561.3,15.9,0
2023-05-14 22:00:00,524.0,14.9,0
2023-05-14 23:00:00,495.5,13.7,0
2023-05-15 00:00:00,520.2,14.7,0
2023-05-15 01:00:00,492.8,13.7,0
2023-05-15 02:00:00,471.6,14.2,0
2023-05-15 03:00:00,477.2,15.1,0
2023-05-15 04:00:00,505.4,17.0,0
2023-05-15 05:00:00,536.2,17.0,0
2023-05-15 06:00:00,561.9,18.1,0
2023-05-15 07:00:00,608.6,17.4,0
2023-05-15 08:00:00,624.6,17.2,0
2023-05-15 09:00:00,642.2,17.9,0
2023-05-15 10:00:00,622.6,18.8,0
2023-05-15 11:00:00,594.1,18.5,0
2023-05-15 12:00:00,556.0,18.9,0
2023-05-15 13:00:00,572.0,20.2,0
2023-05-15 14:00:00,590.9,20.1,0
2023-05-15 15:00:00,625.9,20.1,0
2023-05-15 16:00:00,639.2,19.1,0
2023-05-15 17:00:00,651.0,19.9,0
2023-05-15 18:00:00,694.3,20.9,0
2023-05-15 19:00:00,688.5,20.2,0
2023-05-15 20:00:00,622.0,19.0,0
2023-05-15 21:00:00,601.0,19.4,0
2023-05-15 22:00:00,550.0,18.7,0
2023-05-15 23:00:00,555.3,17.0,0
2023-05-16 00:00:00,532.3,14.9,0
2023-05-16 01:00:00,489.5,13.7,0
2023-05-16 02:00:00,485.8,15.2,0
2023-05-16 03:00:00,486.5,14.4,0
2023-05-16 04:00:00,506.9,17.1,0
2023-05-16 05:00:00,510.3,17.4,0
2023-05-16 06:00:00,523.1,17.6,0
2023-05-16 07:00:00,574.1,19.5,0
2023-05-16 08:00:00,561.0,20.1,0
2023-05-16 09:00:00,562.6,21.3,0
2023-05-16 10:00:00,557.7,21.2,0
2023-05-16 11:00:00,553.8,20.8,0
2023-05-16 12:00:00,548.0,20.9,0
2023-05-16 13:00:00,581.6,21.6,0
2023-05-16 14:00:00,601.9,21.3,0
2023-05-16 15:00:00,610.7,19.6,0
2023-05-16 16:00:00,633.3,19.9,0
2023-05-16 17:00:00,651.6,19.3,0
2023-05-16 18:00:00,676.3,18.4,0
2023-05-16 19:00:00,707.4,17.0,0
2023-05-16 20:00:00,688.8,14.0,0
2023-05-16 21:00:00,641.7,14.5,0
2023-05-16 22:00:00,589.0,13.0,0
2023-05-16 23:00:00,528.5,12.6,0
2023-05-17 00:00:00,491.1,13.2,0
2023-05-17 01:00:00,471.5,13.6,0
2023-05-17 02:00:00,476.3,13.3,0
2023-05-17 03:00:00,462.3,13.2,0
2023-05-17 04:00:00,489.9,13.5,0
2023-05-17 05:00:00,509.3,14.7,0
2023-05-17 06:00:00,534.6,15.8,0
2023-05-17 07:00:00,574.0,16.1,0
2023-05-17 08:00:00,584.3,17.4,0
2023-05-17 09:00:00,582.1,18.7,0
2023-05-17 10:00:00,554.8,20.3,0
2023-05-17 11:00:00,547.1,21.3,0
2023-05-17 12:00:00,520.4,23.3,0
2023-05-17 13:00:00,533.1,24.0,0
2023-05-17 14:00:00,575.8,25.1,0
2023-05-17 15:00:00,613.6,25.1,0
2023-05-17 16:00:00,638.8,24.2,0
2023-05-17 17:00:00,673.9,22.8,0
2023-05-17 18:00:00,691.3,21.9,0
2023-05-17 19:00:00,726.6,21.5,0
2023-05-17 20:00:00,682.5,21.6,0
2023-05-17 21:00:00,607.1,20.3,0
2023-05-17 22:00:00,540.2,18.6,0
2023-05-17 23:00:00,495.4,17.1,0
2023-05-18 00:00:00,466.5,17.5,0
2023-05-18 01:00:00,437.3,16.8,0
2023-05-18 02:00:00,417.9,15.8,0
2023-05-18 03:00:00,442.2,16.2,0
2023-05-18 04:00:00,433.9,15.0,0
2023-05-18 05:00:00,471.6,15.4,0
2023-05-18 06:00:00,527.9,15.9,0
2023-05-18 07:00:00,582.0,16.5,0
2023-05-18 08:00:00,601.6,16.4,0
2023-05-18 09:00:00,574.3,18.2,0
2023-05-18 10:00:00,544.3,20.8,0
2023-05-18 11:00:00,553.7,20.4,0
2023-05-18 12:00:00,567.3,21.2,0
2023-05-18 13:00:00,555.3,22.4,0
2023-05-18 14:00:00,606.9,24.8,0
2023-05-18 15:00:00,628.0,24.4,0
2023-05-18 16:00:00,632.0,23.2,0
2023-05-18 17:00:00,674.9,22.7,0
2023-05-18 18:00:00,691.1,23.8,0
2023-05-18 19:00:00,686.9,22.9,0
2023-05-18 20:00:00,664.0,22.0,0
2023-05-18 21:00:00,623.5,22.5,0
2023-05-18 22:00:00,577.1,19.2,0
2023-05-18 23:00:00,579.1,16.1,0
2023-05-19 00:00:00,521.2,16.2,0
2023-05-19 01:00:00,493.9,16.2,0
2023-05-19 02:00:00,465.0,14.4,0
2023-05-19 03:00:00,465.0,14.7,0
2023-05-19 04:00:00,477.4,14.8,0
2023-05-19 05:00:00,492.4,15.3,0
2023-05-19 06:00:00,548.6,15.1,0
2023-05-19 07:00:00,582.2,15.5,0
2023-05-19 08:00:00,607.4,15.6,0
2023-05-19 09:00:00,579.2,16.6,0
2023-05-19 10:00:00,558.9,17.4,0
2023-05-19 11:00:00,567.8,19.9,0
2023-05-19 12:00:00,570.5,21.3,0
2023-05-19 13:00:00,570.9,20.4,0
2023-05-19 14:00:00,592.7,21.1,0
2023-05-19 15:00:00,619.9,22.5,0
2023-05-19 16:00:00,648.8,22.6,0
2023-05-19 17:00:00,687.5,23.1,0
2023-05-19 18:00:00,704.8,22.3,0
2023-05-19 19:00:00,690.0,22.0,0
2023-05-19 20:00:00,689.7,20.1,0
2023-05-19 21:00:00,683.7,19.7,0
2023-05-19 22:00:00,639.1,17.3,0
2023-05-19 23:00:00,604.6,17.4,0
2023-05-20 00:00:00,528.4,15.2,0
2023-05-20 01:00:00,517.0,12.6,0
2023-05-20 02:00:00,503.5,12.7,0
2023-05-20 03:00:00,498.5,12.4,0
2023-05-20 04:00:00,497.7,12.6,0
2023-05-20 05:00:00,502.7,13.4,0
2023-05-20 06:00:00,538.8,14.0,0
2023-05-20 07:00:00,537.9,14.0,0
2023-05-20 08:00:00,566.1,15.1,0
2023-05-20 09:00:00,580.4,16.5,0
2023-05-20 10:00:00,549.8,17.9,0
2023-05-20 11:00:00,518.0,20.7,0
2023-05-20 12:00:00,533.5,20.8,0
2023-05-20 13:00:00,519.6,21.4,0
2023-05-20 14:00:00,513.7,22.3,0
2023-05-20 15:00:00,545.2,21.9,0
2023-05-20 16:00:00,554.0,20.6,0
2023-05-20 17:00:00,554.9,19.7,0
2023-05-20 18:00:00,584.2,20.0,0
2023-05-20 19:00:00,580.5,18.9,0
2023-05-20 20:00:00,549.7,18.5,0
2023-05-20 21:00:00,509.5,16.7,0
2023-05-20 22:00:00,475.0,16.1,0
2023-05-20 23:00:00,457.6,14.5,0
2023-05-21 00:00:00,394.2,13.0,0
2023-05-21 01:00:00,411.0,12.5,0
2023-05-21 02:00:00,406.7,12.1,0
2023-05-21 03:00:00,401.0,13.4,0
2023-05-21 04:00:00,420.4,12.0,0
2023-05-21 05:00:00,459.1,12.9,0
2023-05-21 06:00:00,492.1,15.0,0
2023-05-21 07:00:00,558.7,17.0,0
2023-05-21 08:00:00,533.3,17.5,0
2023-05-21 09:00:00,543.3,17.9,0
2023-05-21 10:00:00,539.1,18.4,0
2023-05-21 11:00:00,469.1,19.6,0
2023-05-21 12:00:00,471.9,20.6,0
2023-05-21 13:00:00,470.9,21.5,0
2023-05-21 14:00:00,481.5,22.4,0
2023-05-21 15:00:00,503.6,21.4,0
2023-05-21 16:00:00,544.1,20.2,0
2023-05-21 17:00:00,573.5,18.7,0
2023-05-21 18:00:00,587.1,16.9,0
2023-05-21 19:00:00,606.1,16.0,0
2023-05-21 20:00:00,582.2,15.4,0
2023-05-21 21:00:00,560.2,16.7,0
2023-05-21 22:00:00,567.7,16.2,0
2023-05-21 23:00:00,513.5,15.2,0
2023-05-22 00:00:00,519.2,15.8,0
2023-05-22 01:00:00,496.8,14.4,0
2023-05-22 02:00:00,488.4,14.3,0
2023-05-22 03:00:00,514.3,15.0,0
2023-05-22 04:00:00,527.9,15.8,0
2023-05-22 05:00:00,564.2,16.5,0
2023-05-22 06:00:00,619.5,16.7,0
2023-05-22 07:00:00,605.8,16.2,0
2023-05-22 08:00:00,612.2,17.0,0
2023-05-22 09:00:00,594.7,17.4,0
2023-05-22 10:00:00,583.9,19.1,0
2023-05-22 11:00:00,547.1,19.9,0
2023-05-22 12:00:00,563.8,21.2,0
2023-05-22 13:00:00,550.7,20.3,0
2023-05-22 14:00:00,546.4,21.5,0
2023-05-22 15:00:00,552.4,20.9,0
2023-05-22 16:00:00,568.3,19.3,0
2023-05-22 17:00:00,610.8,17.6,0
2023-05-22 18:00:00,631.5,16.5,0
2023-05-22 19:00:00,643.7,16.8,0
2023-05-22 20:00:00,617.0,16.5,0
2023-05-22 21:00:00,595.4,14.4,0
2023-05-22 22:00:00,572.2,13.5,0
2023-05-22 23:00:00,574.1,12.5,0
2023-05-23 00:00:00,556.3,10.4,0
2023-05-23 01:00:00,542.9,9.0,0
2023-05-23 02:00:00,570.7,6.8,0
2023-05-23 03:00:00,562.2,6.1,0
2023-05-23 04:00:00,577.2,3.9,0
2023-05-23 05:00:00,616.5,3.9,0
2023-05-23 06:00:00,625.9,3.9,0
2023-05-23 07:00:00,643.3,4.3,0
2023-05-23 08:00:00,632.8,4.8,0
2023-05-23 09:00:00,588.5,7.2,0
2023-05-23 10:00:00,577.2,8.2,0
2023-05-23 11:00:00,539.1,9.7,0
2023-05-23 12:00:00,550.9,11.5,0
2023-05-23 13:00:00,565.2,13.2,0
2023-05-23 14:00:00,572.3,14.4,0
2023-05-23 15:00:00,579.6,14.2,0
2023-05-23 16:00:00,614.2,13.3,0
2023-05-23 17:00:00,649.0,12.4,0
2023-05-23 18:00:00,695.8,11.5,0
2023-05-23 19:00:00,665.8,10.9,0
2023-05-23 20:00:00,648.4,10.1,0
2023-05-23 21:00:00,616.4,10.3,0
2023-05-23 22:00:00,599.8,9.4,0
2023-05-23 23:00:00,583.6,10.2,0
2023-05-24 00:00:00,533.1,10.6,0
2023-05-24 01:00:00,538.4,9.6,0
2023-05-24 02:00:00,504.9,10.1,0
2023-05-24 03:00:00,545.2,7.4,0
2023-05-24 04:00:00,546.8,9.0,0
2023-05-24 05:00:00,558.7,9.9,0
2023-05-24 06:00:00,599.4,11.0,0
2023-05-24 07:00:00,617.2,10.4,0
2023-05-24 08:00:00,585.1,13.8,0
2023-05-24 09:00:00,589.5,14.6,0
2023-05-24 10:00:00,573.4,15.6,0
2023-05-24 11:00:00,549.2,17.6,0
2023-05-24 12:00:00,527.9,18.3,0
2023-05-24 13:00:00,536.8,18.2,0
2023-05-24 14:00:00,561.1,19.3,0
2023-05-24 15:00:00,565.8,18.5,0
2023-05-24 16:00:00,577.2,19.1,0
2023-05-24 17:00:00,629.0,18.9,0
2023-05-24 18:00:00,637.7,19.3,0
2023-05-24 19:00:00,663.4,17.4,0
2023-05-24 20:00:00,662.7,17.6,0
2023-05-24 21:00:00,614.1,16.9,0
2023-05-24 22:00:00,617.2,17.6,0
2023-05-24 23:00:00,582.8,16.0,0
2023-05-25 00:00:00,535.6,17.0,0
2023-05-25 01:00:00,518.0,16.9,0
2023-05-25 02:00:00,513.0,17.1,0
2023-05-25 03:00:00,520.9,16.2,0
2023-05-25 04:00:00,531.0,16.7,0
2023-05-25 05:00:00,537.4,17.6,0
2023-05-25 06:00:00,562.0,17.4,0
2023-05-25 07:00:00,566.4,17.1,0
2023-05-25 08:00:00,569.4,17.2,0
2023-05-25 09:00:00,573.6,19.6,0
2023-05-25 10:00:00,559.7,20.7,0
2023-05-25 11:00:00,536.2,22.4,0
2023-05-25 12:00:00,541.8,23.4,0
2023-05-25 13:00:00,539.8,24.0,0
2023-05-25 14:00:00,561.1,24.5,0
2023-05-25 15:00:00,580.8,24.2,0
2023-05-25 16:00:00,648.0,25.0,0
2023-05-25 17:00:00,691.5,24.7,0
2023-05-25 18:00:00,685.5,24.1,0
2023-05-25 19:00:00,658.2,21.9,0
2023-05-25 20:00:00,607.8,21.1,0
2023-05-25 21:00:00,611.2,19.3,0
2023-05-25 22:00:00,543.9,17.8,0
2023-05-25 23:00:00,527.0,17.7,0
2023-05-26 00:00:00,467.4,15.9,0
2023-05-26 01:00:00,465.8,15.1,0
2023-05-26 02:00:00,467.3,15.2,0
2023-05-26 03:00:00,480.6,16.0,0
2023-05-26 04:00:00,483.1,15.6,0
2023-05-26 05:00:00,521.3,16.2,0
2023-05-26 06:00:00,542.9,17.0,0
2023-05-26 07:00:00,560.5,16.7,0
2023-05-26 08:00:00,568.0,15.7,0
2023-05-26 09:00:00,557.2,15.0,0
2023-05-26 10:00:00,573.1,16.6,0
2023-05-26 11:00:00,568.4,17.7,0
2023-05-26 12:00:00,564.0,17.3,0
2023-05-26 13:00:00,526.0,17.5,0
2023-05-26 14:00:00,536.7,17.6,0
2023-05-26 15:00:00,570.9,17.5,0
2023-05-26 16:00:00,575.3,17.4,0
2023-05-26 17:00:00,631.9,19.1,0
2023-05-26 18:00:00,639.9,17.8,0
2023-05-26 19:00:00,644.4,17.2,0
2023-05-26 20:00:00,628.6,15.6,0
2023-05-26 21:00:00,595.9,14.0,0
2023-05-26 22:00:00,573.2,12.3,0
2023-05-26 23:00:00,567.0,11.2,0
2023-05-27 00:00:00,489.0,10.1,0
2023-05-27 01:00:00,499.8,9.9,0
2023-05-27 02:00:00,505.6,9.8,0
2023-05-27 03:00:00,502.3,9.0,0
2023-05-27 04:00:00,457.3,11.0,0
2023-05-27 05:00:00,466.3,10.4,0
2023-05-27 06:00:00,486.8,11.5,0
2023-05-27 07:00:00,517.7,14.4,0
2023-05-27 08:00:00,552.2,14.7,0
2023-05-27 09:00:00,537.7,17.0,0
2023-05-27 10:00:00,507.3,19.3,0
2023-05-27 11:00:00,490.3,20.6,0
2023-05-27 12:00:00,482.0,19.6,0
2023-05-27 13:00:00,490.8,21.6,0
2023-05-27 14:00:00,509.6,22.0,0
2023-05-27 15:00:00,522.9,21.6,0
2023-05-27 16:00:00,516.1,22.7,0
2023-05-27 17:00:00,546.9,21.5,0
2023-05-27 18:00:00,528.9,21.9,0
2023-05-27 19:00:00,540.5,20.5,0
2023-05-27 20:00:00,571.9,20.0,0
2023-05-27 21:00:00,557.4,17.9,0
2023-05-27 22:00:00,527.7,16.5,0
2023-05-27 23:00:00,538.6,14.6,0
2023-05-28 00:00:00,476.3,13.3,0
2023-05-28 01:00:00,468.7,12.9,0
2023-05-28 02:00:00,466.0,12.3,0
2023-05-28 03:00:00,447.6,12.4,0
2023-05-28 04:00:00,440.5,13.7,0
2023-05-28 05:00:00,474.1,14.0,0
2023-05-28 06:00:00,512.3,12.9,0
2023-05-28 07:00:00,528.0,13.6,0
2023-05-28 08:00:00,537.6,14.6,0
2023-05-28 09:00:00,542.9,16.7,0
2023-05-28 10:00:00,519.0,18.7,0
2023-05-28 11:00:00,486.6,20.5,0
2023-05-28 12:00:00,482.1,21.1,0
2023-05-28 13:00:00,478.8,22.3,0
2023-05-28 14:00:00,489.3,21.3,0
2023-05-28 15:00:00,494.3,22.6,0
2023-05-28 16:00:00,531.2,22.8,0
2023-05-28 17:00:00,563.7,22.8,0
2023-05-28 18:00:00,562.9,21.8,0
2023-05-28 19:00:00,595.2,21.0,0
2023-05-28 20:00:00,575.0,19.3,0
2023-05-28 21:00:00,544.3,18.8,0
2023-05-28 22:00:00,525.5,16.5,0
2023-05-28 23:00:00,523.1,16.4,0
2023-05-29 00:00:00,557.0,16.2,0
2023-05-29 01:00:00,526.0,17.4,0
2023-05-29 02:00:00,515.9,16.8,0
2023-05-29 03:00:00,500.4,16.5,0
2023-05-29 04:00:00,505.5,16.7,0
2023-05-29 05:00:00,534.4,17.1,0
2023-05-29 06:00:00,583.9,17.5,0
2023-05-29 07:00:00,591.6,17.2,0
2023-05-29 08:00:00,618.4,17.1,0
2023-05-29 09:00:00,616.4,17.6,0
2023-05-29 10:00:00,577.5,18.4,0
2023-05-29 11:00:00,604.7,18.2,0
2023-05-29 12:00:00,581.7,18.0,0
2023-05-29 13:00:00,591.9,18.5,0
2023-05-29 14:00:00,590.5,19.6,0
2023-05-29 15:00:00,610.2,19.6,0
2023-05-29 16:00:00,649.6,20.2,0
2023-05-29 17:00:00,677.2,20.7,0
2023-05-29 18:00:00,694.2,20.8,0
2023-05-29 19:00:00,708.7,19.5,0
2023-05-29 20:00:00,694.4,18.2,0
2023-05-29 21:00:00,688.6,15.5,0
2023-05-29 22:00:00,647.7,13.8,0
2023-05-29 23:00:00,585.4,13.4,0
2023-05-30 00:00:00,525.3,11.8,0
2023-05-30 01:00:00,519.0,12.5,0
2023-05-30 02:00:00,488.1,13.4,0
2023-05-30 03:00:00,467.8,13.0,0
2023-05-30 04:00:00,499.0,14.0,0
2023-05-30 05:00:00,501.2,13.0,0
2023-05-30 06:00:00,514.8,12.7,0
2023-05-30 07:00:00,555.4,13.3,0
2023-05-30 08:00:00,593.8,14.3,0
2023-05-30 09:00:00,602.8,15.3,0
2023-05-30 10:00:00,564.9,15.6,0
2023-05-30 11:00:00,560.4,18.4,0
2023-05-30 12:00:00,531.8,19.6,0
2023-05-30 13:00:00,537.8,20.5,0
2023-05-30 14:00:00,498.7,21.5,0
2023-05-30 15:00:00,510.3,21.8,0
2023-05-30 16:00:00,561.3,21.5,0
2023-05-30 17:00:00,603.1,20.5,0
2023-05-30 18:00:00,641.0,18.4,0
2023-05-30 19:00:00,583.4,19.0,0
2023-05-30 20:00:00,598.7,17.2,0
2023-05-30 21:00:00,586.6,14.7,0
2023-05-30 22:00:00,597.9,13.0,0
2023-05-30 23:00:00,577.2,10.7,0
2023-05-31 00:00:00,543.7,12.0,0
2023-05-31 01:00:00,539.7,11.7,0
2023-05-31 02:00:00,517.5,12.7,0
2023-05-31 03:00:00,516.1,13.9,0
2023-05-31 04:00:00,522.1,14.6,0
2023-05-31 05:00:00,552.3,15.5,0
2023-05-31 06:00:00,576.4,15.4,0
2023-05-31 07:00:00,604.3,16.2,0
2023-05-31 08:00:00,604.2,16.6,0
2023-05-31 09:00:00,592.3,17.6,0
2023-05-31 10:00:00,578.4,18.0,0
2023-05-31 11:00:00,564.1,20.2,0
2023-05-31 12:00:00,557.3,21.7,0
2023-05-31 13:00:00,568.3,22.2,0
2023-05-31 14:00:00,560.3,21.0,0
2023-05-31 15:00:00,567.9,21.8,0
2023-05-31 16:00:00,576.6,22.5,0
2023-05-31 17:00:00,637.4,22.0,0
2023-05-31 18:00:00,693.6,20.2,0
2023-05-31 19:00:00,694.3,19.7,0
2023-05-31 20:00:00,675.6,19.7,0
2023-05-31 21:00:00,621.6,16.9,0
2023-05-31 22:00:00,588.8,16.4,0
2023-05-31 23:00:00,590.4,13.8,0
2023-06-01 00:00:00,551.5,13.2,0
2023-06-01 01:00:00,507.4,14.2,0
2023-06-01 02:00:00,503.8,13.9,0
2023-06-01 03:00:00,500.3,14.2,0
2023-06-01 04:00:00,524.5,14.1,0
2023-06-01 05:00:00,569.9,14.5,0
2023-06-01 06:00:00,593.8,17.2,0
2023-06-01 07:00:00,625.3,19.2,0
2023-06-01 08:00:00,649.5,19.8,0
2023-06-01 09:00:00,621.6,20.4,0
2023-06-01 10:00:00,595.2,21.4,0
2023-06-01 11:00:00,569.7,24.3,0
2023-06-01 12:00:00,581.4,25.2,0
2023-06-01 13:00:00,628.1,26.7,0
2023-06-01 14:00:00,639.2,26.6,0
2023-06-01 15:00:00,637.9,25.4,0
2023-06-01 16:00:00,677.4,26.4,0
2023-06-01 17:00:00,684.7,25.8,0
2023-06-01 18:00:00,702.3,24.3,0
2023-06-01 19:00:00,691.0,22.7,0
2023-06-01 20:00:00,654.3,21.0,0
2023-06-01 21:00:00,627.1,19.4,0
2023-06-01 22:00:00,579.2,16.9,0
2023-06-01 23:00:00,541.4,17.0,0
2023-06-02 00:00:00,510.3,16.6,0
2023-06-02 01:00:00,498.8,16.8,0
2023-06-02 02:00:00,496.1,16.0,0
2023-06-02 03:00:00,533.2,16.2,0
2023-06-02 04:00:00,542.9,16.4,0
2023-06-02 05:00:00,561.7,17.8,0
2023-06-02 06:00:00,620.6,19.1,0
2023-06-02 07:00:00,626.1,20.1,0
2023-06-02 08:00:00,632.0,20.4,0
2023-06-02 09:00:00,614.1,20.2,0
2023-06-02 10:00:00,591.6,20.4,0
2023-06-02 11:00:00,607.0,20.8,0
2023-06-02 12:00:00,554.6,21.1,0
2023-06-02 13:00:00,572.3,20.6,0
2023-06-02 14:00:00,557.1,22.5,0
2023-06-02 15:00:00,555.8,22.9,0
2023-06-02 16:00:00,585.9,20.9,0
2023-06-02 17:00:00,624.4,19.5,0
2023-06-02 18:00:00,647.3,17.7,0
2023-06-02 19:00:00,633.7,17.2,0
2023-06-02 20:00:00,628.0,17.3,0
2023-06-02 21:00:00,575.5,15.4,0
2023-06-02 22:00:00,560.3,15.0,0
2023-06-02 23:00:00,590.9,13.8,0
2023-06-03 00:00:00,458.2,14.2,0
2023-06-03 01:00:00,449.2,14.9,0
2023-06-03 02:00:00,441.0,14.8,0
2023-06-03 03:00:00,413.0,15.3,0
2023-06-03 04:00:00,427.4,15.4,0
2023-06-03 05:00:00,469.8,15.4,0
2023-06-03 06:00:00,516.5,14.9,0
2023-06-03 07:00:00,554.0,16.1,0
2023-06-03 08:00:00,554.7,17.0,0
2023-06-03 09:00:00,545.5,17.6,0
2023-06-03 10:00:00,511.1,18.6,0
2023-06-03 11:00:00,512.1,19.4,0
2023-06-03 12:00:00,485.5,19.3,0
2023-06-03 13:00:00,466.3,19.5,0
2023-06-03 14:00:00,469.5,21.0,0
2023-06-03 15:00:00,523.1,21.0,0
2023-06-03 16:00:00,528.1,22.2,0
2023-06-03 17:00:00,581.4,20.7,0
2023-06-03 18:00:00,617.8,18.8,0
2023-06-03 19:00:00,606.8,18.2,0
2023-06-03 20:00:00,586.6,18.0,0
2023-06-03 21:00:00,526.5,16.4,0
2023-06-03 22:00:00,504.9,16.0,0
2023-06-03 23:00:00,493.0,15.9,0
2023-06-04 00:00:00,441.2,16.2,0
2023-06-04 01:00:00,435.6,15.4,0
2023-06-04 02:00:00,428.8,14.9,0
2023-06-04 03:00:00,442.8,13.3,0
2023-06-04 04:00:00,463.0,13.5,0
2023-06-04 05:00:00,498.6,14.2,0
2023-06-04 06:00:00,521.5,16.1,0
2023-06-04 07:00:00,556.8,15.7,0
2023-06-04 08:00:00,581.1,15.9,0
2023-06-04 09:00:00,595.9,16.1,0
2023-06-04 10:00:00,567.9,18.0,0
2023-06-04 11:00:00,531.3,16.7,0
2023-06-04 12:00:00,502.5,16.7,0
2023-06-04 13:00:00,496.2,19.3,0
2023-06-04 14:00:00,475.1,20.4,0
2023-06-04 15:00:00,482.9,19.3,0
2023-06-04 16:00:00,533.0,19.2,0
2023-06-04 17:00:00,604.4,19.7,0
2023-06-04 18:00:00,646.5,19.6,0
2023-06-04 19:00:00,628.9,18.6,0
2023-06-04 20:00:00,621.1,17.0,0
2023-06-04 21:00:00,584.4,16.8,0
2023-06-04 22:00:00,536.9,15.8,0
2023-06-04 23:00:00,533.1,15.6,0
2023-06-05 00:00:00,565.1,15.3,0
2023-06-05 01:00:00,561.1,14.2,0
2023-06-05 02:00:00,550.2,15.1,0
2023-06-05 03:00:00,555.7,14.5,0
2023-06-05 04:00:00,549.7,15.1,0
2023-06-05 05:00:00,560.5,14.9,0
2023-06-05 06:00:00,577.6,15.3,0
2023-06-05 07:00:00,620.0,15.9,0
2023-06-05 08:00:00,638.2,16.3,0
2023-06-05 09:00:00,643.7,17.6,0
2023-06-05 10:00:00,612.2,19.8,0
2023-06-05 11:00:00,584.8,22.4,0
2023-06-05 12:00:00,595.6,24.5,0
2023-06-05 13:00:00,598.4,24.9,0
2023-06-05 14:00:00,638.2,26.5,0
2023-06-05 15:00:00,691.6,26.9,0
2023-06-05 16:00:00,760.7,28.3,0
2023-06-05 17:00:00,699.9,26.5,0
2023-06-05 18:00:00,733.2,27.1,0
2023-06-05 19:00:00,704.6,25.6,0
2023-06-05 20:00:00,685.8,25.5,0
2023-06-05 21:00:00,623.8,23.8,0
2023-06-05 22:00:00,584.7,23.5,0
2023-06-05 23:00:00,578.2,22.1,0
2023-06-06 00:00:00,522.2,19.5,0
2023-06-06 01:00:00,523.4,17.8,0
2023-06-06 02:00:00,527.3,17.1,0
2023-06-06 03:00:00,536.9,16.9,0
2023-06-06 04:00:00,576.0,15.0,0
2023-06-06 05:00:00,573.7,14.3,0
2023-06-06 06:00:00,588.1,14.3,0
2023-06-06 07:00:00,619.4,14.9,0
2023-06-06 08:00:00,639.0,16.2,0
2023-06-06 09:00:00,638.1,16.5,0
2023-06-06 10:00:00,602.6,16.2,0
2023-06-06 11:00:00,574.1,17.5,0
2023-06-06 12:00:00,586.6,18.2,0
2023-06-06 13:00:00,589.7,19.7,0
2023-06-06 14:00:00,602.7,19.7,0
2023-06-06 15:00:00,629.8,20.5,0
2023-06-06 16:00:00,682.4,19.6,0
2023-06-06 17:00:00,702.5,19.5,0
2023-06-06 18:00:00,721.5,19.0,0
2023-06-06 19:00:00,686.9,18.7,0
2023-06-06 20:00:00,655.8,16.9,0
2023-06-06 21:00:00,625.3,15.8,0
2023-06-06 22:00:00,603.7,14.1,0
2023-06-06 23:00:00,570.9,13.1,0
2023-06-07 00:00:00,509.2,13.1,0
2023-06-07 01:00:00,482.7,15.2,0
2023-06-07 02:00:00,445.9,14.8,0
2023-06-07 03:00:00,438.8,15.3,0
2023-06-07 04:00:00,459.6,15.6,0
2023-06-07 05:00:00,501.2,17.0,0
2023-06-07 06:00:00,564.0,18.0,0
2023-06-07 07:00:00,597.4,19.7,0
2023-06-07 08:00:00,600.2,20.9,0
2023-06-07 09:00:00,620.0,24.0,0
2023-06-07 10:00:00,638.8,26.1,0
2023-06-07 11:00:00,620.8,25.3,0
2023-06-07 12:00:00,646.1,26.3,0
2023-06-07 13:00:00,626.6,26.8,0
2023-06-07 14:00:00,591.7,25.1,0
2023-06-07 15:00:00,634.7,24.4,0
2023-06-07 16:00:00,671.8,23.8,0
2023-06-07 17:00:00,683.1,22.7,0
2023-06-07 18:00:00,647.9,22.1,0
2023-06-07 19:00:00,664.2,19.7,0
2023-06-07 20:00:00,648.8,19.4,0
2023-06-07 21:00:00,611.5,19.1,0
2023-06-07 22:00:00,593.1,18.3,0
2023-06-07 23:00:00,574.0,17.1,0
2023-06-08 00:00:00,541.1,16.3,0
2023-06-08 01:00:00,521.8,15.3,0
2023-06-08 02:00:00,507.8,15.9,0
2023-06-08 03:00:00,511.3,16.2,0
2023-06-08 04:00:00,514.1,18.1,0
2023-06-08 05:00:00,517.3,18.1,0
2023-06-08 06:00:00,532.3,19.9,0
2023-06-08 07:00:00,573.3,20.1,0
2023-06-08 08:00:00,579.1,20.8,0
2023-06-08 09:00:00,565.9,20.8,0
2023-06-08 10:00:00,544.6,22.3,0
2023-06-08 11:00:00,551.0,23.1,0
2023-06-08 12:00:00,527.9,24.4,0
2023-06-08 13:00:00,536.3,26.3,0
2023-06-08 14:00:00,570.0,26.6,0
2023-06-08 15:00:00,609.3,26.9,0
2023-06-08 16:00:00,691.2,27.5,0
2023-06-08 17:00:00,708.5,26.9,0
2023-06-08 18:00:00,681.0,25.6,0
2023-06-08 19:00:00,680.0,25.0,0
2023-06-08 20:00:00,654.9,24.4,0
2023-06-08 21:00:00,620.9,23.9,0
2023-06-08 22:00:00,589.7,23.5,0
2023-06-08 23:00:00,591.2,21.7,0
2023-06-09 00:00:00,538.7,21.3,0
2023-06-09 01:00:00,529.2,21.6,0
2023-06-09 02:00:00,514.6,20.6,0
2023-06-09 03:00:00,481.6,20.6,0
2023-06-09 04:00:00,475.0,20.0,0
2023-06-09 05:00:00,489.5,20.4,0
2023-06-09 06:00:00,526.0,22.5,0
2023-06-09 07:00:00,550.9,23.3,0
2023-06-09 08:00:00,597.3,23.2,0
2023-06-09 09:00:00,610.8,24.4,0
2023-06-09 10:00:00,599.8,25.4,0
2023-06-09 11:00:00,618.2,27.3,0
2023-06-09 12:00:00,597.2,26.7,0
2023-06-09 13:00:00,581.4,26.3,0
2023-06-09 14:00:00,584.2,26.5,0
2023-06-09 15:00:00,561.8,25.2,0
2023-06-09 16:00:00,622.3,26.0,0
2023-06-09 17:00:00,650.0,23.7,0
2023-06-09 18:00:00,616.3,22.2,0
2023-06-09 19:00:00,619.2,20.1,0
2023-06-09 20:00:00,605.1,18.5,0
2023-06-09 21:00:00,563.7,18.3,0
2023-06-09 22:00:00,575.4,17.8,0
2023-06-09 23:00:00,556.0,17.7,0
2023-06-10 00:00:00,423.5,17.5,0
2023-06-10 01:00:00,421.0,15.0,0
2023-06-10 02:00:00,396.0,14.9,0
2023-06-10 03:00:00,419.1,13.1,0
2023-06-10 04:00:00,433.2,12.8,0
2023-06-10 05:00:00,477.1,12.9,0
2023-06-10 06:00:00,490.3,13.2,0
2023-06-10 07:00:00,523.1,14.5,0
2023-06-10 08:00:00,563.7,14.8,0
2023-06-10 09:00:00,548.8,17.5,0
2023-06-10 10:00:00,510.1,19.2,0
2023-06-10 11:00:00,484.9,21.2,0
2023-06-10 12:00:00,481.6,22.7,0
2023-06-10 13:00:00,491.8,24.1,0
2023-06-10 14:00:00,514.7,24.5,0
2023-06-10 15:00:00,593.6,26.3,0
2023-06-10 16:00:00,581.7,25.1,0
2023-06-10 17:00:00,590.4,25.1,0
2023-06-10 18:00:00,590.9,24.4,0
2023-06-10 19:00:00,555.3,23.3,0
2023-06-10 20:00:00,522.4,22.5,0
2023-06-10 21:00:00,491.3,20.8,0
2023-06-10 22:00:00,440.8,20.5,0
2023-06-10 23:00:00,432.7,20.1,0
2023-06-11 00:00:00,402.1,19.4,0
2023-06-11 01:00:00,373.1,19.4,0
2023-06-11 02:00:00,368.7,17.9,0
2023-06-11 03:00:00,351.3,16.1,0
2023-06-11 04:00:00,384.8,15.7,0
2023-06-11 05:00:00,412.3,15.8,0
2023-06-11 06:00:00,459.7,18.7,0
2023-06-11 07:00:00,516.8,19.3,0
2023-06-11 08:00:00,541.7,21.1,0
2023-06-11 09:00:00,538.2,22.8,0
2023-06-11 10:00:00,568.3,25.6,0
2023-06-11 11:00:00,559.8,26.6,0
2023-06-11 12:00:00,580.8,27.8,0
2023-06-11 13:00:00,614.7,28.1,0
2023-06-11 14:00:00,592.0,27.6,0
2023-06-11 15:00:00,583.5,26.7,0
2023-06-11 16:00:00,594.3,25.7,0
2023-06-11 17:00:00,652.3,26.5,0
2023-06-11 18:00:00,672.5,26.0,0
2023-06-11 19:00:00,625.6,24.9,0
2023-06-11 20:00:00,575.1,23.9,0
2023-06-11 21:00:00,522.7,22.2,0
2023-06-11 22:00:00,495.7,21.1,0
2023-06-11 23:00:00,484.3,20.0,0
2023-06-12 00:00:00,513.4,19.8,0
2023-06-12 01:00:00,500.4,19.9,0
2023-06-12 02:00:00,474.5,17.9,0
2023-06-12 03:00:00,455.9,17.9,0
2023-06-12 04:00:00,451.9,19.2,0
2023-06-12 05:00:00,495.7,18.6,0
2023-06-12 06:00:00,555.9,18.9,0
2023-06-12 07:00:00,570.1,19.8,0
2023-06-12 08:00:00,563.9,21.7,0
2023-06-12 09:00:00,565.9,23.2,0
2023-06-12 10:00:00,565.3,23.9,0
2023-06-12 11:00:00,563.7,25.2,0
2023-06-12 12:00:00,591.0,26.8,0
2023-06-12 13:00:00,627.3,27.7,0
2023-06-12 14:00:00,704.8,29.6,0
2023-06-12 15:00:00,729.9,29.9,0
2023-06-12 16:00:00,699.6,28.7,0
2023-06-12 17:00:00,699.3,27.4,0
2023-06-12 18:00:00,720.6,26.5,0
2023-06-12 19:00:00,667.5,25.4,0
2023-06-12 20:00:00,663.0,24.8,0
2023-06-12 21:00:00,615.4,24.0,0
2023-06-12 22:00:00,612.3,24.4,0
2023-06-12 23:00:00,568.1,24.0,0
2023-06-13 00:00:00,520.3,24.4,0
2023-06-13 01:00:00,467.6,22.8,0
2023-06-13 02:00:00,462.5,21.8,0
2023-06-13 03:00:00,466.6,22.1,0
2023-06-13 04:00:00,475.9,22.2,0
2023-06-13 05:00:00,508.5,22.9,0
2023-06-13 06:00:00,557.0,23.6,0
2023-06-13 07:00:00,575.3,23.6,0
2023-06-13 08:00:00,651.5,26.0,0
2023-06-13 09:00:00,669.3,27.8,0
2023-06-13 10:00:00,629.9,27.2,0
2023-06-13 11:00:00,626.4,27.4,0
2023-06-13 12:00:00,632.6,28.1,0
2023-06-13 13:00:00,670.6,29.2,0
2023-06-13 14:00:00,661.6,29.3,0
2023-06-13 15:00:00,643.5,28.1,0
2023-06-13 16:00:00,695.9,28.5,0
2023-06-13 17:00:00,691.1,27.8,0
2023-06-13 18:00:00,741.5,28.1,0
2023-06-13 19:00:00,705.6,27.4,0
2023-06-13 20:00:00,670.2,27.2,0
2023-06-13 21:00:00,610.6,26.7,0
2023-06-13 22:00:00,581.2,26.2,0
2023-06-13 23:00:00,520.3,24.6,0
2023-06-14 00:00:00,499.0,24.6,0
2023-06-14 01:00:00,495.0,23.9,0
2023-06-14 02:00:00,464.6,22.2,0
2023-06-14 03:00:00,474.0,21.5,0
2023-06-14 04:00:00,512.6,21.1,0
2023-06-14 05:00:00,504.4,21.8,0
2023-06-14 06:00:00,515.7,22.9,0
2023-06-14 07:00:00,577.0,22.6,0
2023-06-14 08:00:00,595.1,24.0,0
2023-06-14 09:00:00,652.1,24.9,0
2023-06-14 10:00:00,638.8,24.8,0
2023-06-14 11:00:00,609.5,26.4,0
2023-06-14 12:00:00,612.0,26.4,0
2023-06-14 13:00:00,592.4,25.9,0
2023-06-14 14:00:00,626.4,26.9,0
2023-06-14 15:00:00,683.2,27.7,0
2023-06-14 16:00:00,678.6,26.9,0
2023-06-14 17:00:00,720.3,27.3,0
2023-06-14 18:00:00,750.7,27.5,0
2023-06-14 19:00:00,685.6,26.1,0
2023-06-14 20:00:00,680.4,26.8,0
2023-06-14 21:00:00,624.1,25.5,0
2023-06-14 22:00:00,575.8,24.5,0
2023-06-14 23:00:00,531.1,21.2,0
2023-06-15 00:00:00,493.0,21.0,0
2023-06-15 01:00:00,452.0,19.7,0
2023-06-15 02:00:00,436.4,19.6,0
2023-06-15 03:00:00,412.9,17.8,0
2023-06-15 04:00:00,441.5,18.9,0
2023-06-15 05:00:00,489.8,20.6,0
2023-06-15 06:00:00,533.4,22.8,0
2023-06-15 07:00:00,530.2,20.8,0
2023-06-15 08:00:00,549.0,22.2,0
2023-06-15 09:00:00,576.3,23.5,0
2023-06-15 10:00:00,557.5,21.7,0
2023-06-15 11:00:00,551.7,22.0,0
2023-06-15 12:00:00,555.8,22.8,0
2023-06-15 13:00:00,560.5,24.7,0
2023-06-15 14:00:00,567.3,24.3,0
2023-06-15 15:00:00,598.7,24.6,0
2023-06-15 16:00:00,610.4,24.4,0
2023-06-15 17:00:00,637.5,24.4,0
2023-06-15 18:00:00,648.1,23.3,0
2023-06-15 19:00:00,682.0,23.3,0
2023-06-15 20:00:00,670.3,23.2,0
2023-06-15 21:00:00,620.9,20.9,0
2023-06-15 22:00:00,584.7,20.9,0
2023-06-15 23:00:00,533.8,19.2,0
2023-06-16 00:00:00,496.5,18.2,0
2023-06-16 01:00:00,502.6,18.5,0
2023-06-16 02:00:00,485.3,18.2,0
2023-06-16 03:00:00,492.1,18.5,0
2023-06-16 04:00:00,522.6,19.3,0
2023-06-16 05:00:00,535.3,20.2,0
2023-06-16 06:00:00,539.3,20.3,0
2023-06-16 07:00:00,569.7,20.2,0
2023-06-16 08:00:00,584.3,21.7,0
2023-06-16 09:00:00,634.4,23.3,0
2023-06-16 10:00:00,627.1,24.6,0
2023-06-16 11:00:00,614.3,25.3,0
2023-06-16 12:00:00,650.6,26.9,0
2023-06-16 13:00:00,644.6,27.4,0
2023-06-16 14:00:00,620.6,26.5,0
2023-06-16 15:00:00,646.8,26.8,0
2023-06-16 16:00:00,682.6,27.1,0
2023-06-16 17:00:00,730.3,27.3,0
2023-06-16 18:00:00,716.9,25.8,0
2023-06-16 19:00:00,647.6,24.2,0
2023-06-16 20:00:00,637.6,23.5,0
2023-06-16 21:00:00,584.4,22.0,0
2023-06-16 22:00:00,565.8,20.9,0
2023-06-16 23:00:00,545.5,20.8,0
2023-06-17 00:00:00,450.8,20.3,0
2023-06-17 01:00:00,458.4,21.3,0
2023-06-17 02:00:00,440.6,21.0,0
2023-06-17 03:00:00,429.1,22.3,0
2023-06-17 04:00:00,452.1,23.3,0
2023-06-17 05:00:00,515.7,25.8,0
2023-06-17 06:00:00,584.2,26.2,0
2023-06-17 07:00:00,616.9,26.7,0
2023-06-17 08:00:00,673.8,28.6,0
2023-06-17 09:00:00,708.9,29.0,0
2023-06-17 10:00:00,684.8,29.4,0
2023-06-17 11:00:00,708.3,30.3,0
2023-06-17 12:00:00,717.5,31.3,0
2023-06-17 13:00:00,691.8,30.5,0
2023-06-17 14:00:00,739.4,31.0,0
2023-06-17 15:00:00,762.7,30.7,0
2023-06-17 16:00:00,766.3,30.4,0
2023-06-17 17:00:00,789.2,30.0,0
2023-06-17 18:00:00,791.7,29.0,0
2023-06-17 19:00:00,784.0,29.0,0
2023-06-17 20:00:00,759.8,28.4,0
2023-06-17 21:00:00,697.4,27.0,0
2023-06-17 22:00:00,649.4,25.9,0
2023-06-17 23:00:00,606.8,25.7,0
2023-06-18 00:00:00,555.1,25.5,0
2023-06-18 01:00:00,519.4,25.8,0
2023-06-18 02:00:00,474.5,25.1,0
2023-06-18 03:00:00,476.3,24.9,0
2023-06-18 04:00:00,511.6,26.6,0
2023-06-18 05:00:00,538.5,26.8,0
2023-06-18 06:00:00,609.0,28.7,0
2023-06-18 07:00:00,675.6,30.0,0
2023-06-18 08:00:00,686.8,30.3,0
2023-06-18 09:00:00,677.0,29.8,0
2023-06-18 10:00:00,703.3,31.2,0
2023-06-18 11:00:00,696.4,31.3,0
2023-06-18 12:00:00,698.1,31.3,0
2023-06-18 13:00:00,651.1,30.2,0
2023-06-18 14:00:00,713.9,31.6,0
2023-06-18 15:00:00,776.7,31.6,0
2023-06-18 16:00:00,801.7,31.4,0
2023-06-18 17:00:00,848.6,31.2,0
2023-06-18 18:00:00,864.5,30.6,0
2023-06-18 19:00:00,833.3,29.7,0
2023-06-18 20:00:00,782.8,29.1,0
2023-06-18 21:00:00,664.8,27.6,0
2023-06-18 22:00:00,555.6,24.1,0
2023-06-18 23:00:00,507.1,23.8,0
2023-06-19 00:00:00,503.3,23.3,0
2023-06-19 01:00:00,487.3,22.6,0
2023-06-19 02:00:00,509.5,23.5,0
2023-06-19 03:00:00,503.8,22.0,0
2023-06-19 04:00:00,523.0,19.5,0
2023-06-19 05:00:00,554.3,21.2,0
2023-06-19 06:00:00,593.1,22.1,0
2023-06-19 07:00:00,598.6,21.4,0
2023-06-19 08:00:00,593.7,22.0,0
2023-06-19 09:00:00,605.1,23.6,0
2023-06-19 10:00:00,603.0,23.5,0
2023-06-19 11:00:00,604.7,25.0,0
2023-06-19 12:00:00,645.8,27.7,0
2023-06-19 13:00:00,694.0,29.5,0
2023-06-19 14:00:00,707.2,29.8,0
2023-06-19 15:00:00,733.1,30.2,0
2023-06-19 16:00:00,715.1,29.1,0
2023-06-19 17:00:00,771.8,28.7,0
2023-06-19 18:00:00,768.3,27.7,0
2023-06-19 19:00:00,695.0,25.9,0
2023-06-19 20:00:00,637.5,23.8,0
2023-06-19 21:00:00,625.5,24.4,0
2023-06-19 22:00:00,592.6,23.4,0
2023-06-19 23:00:00,541.3,21.5,0
2023-06-20 00:00:00,473.6,20.4,0
2023-06-20 01:00:00,506.5,21.1,0
2023-06-20 02:00:00,475.6,22.1,0
2023-06-20 03:00:00,454.6,21.3,0
2023-06-20 04:00:00,474.9,21.5,0
2023-06-20 05:00:00,524.4,22.7,0
2023-06-20 06:00:00,575.0,22.9,0
2023-06-20 07:00:00,586.4,22.6,0
2023-06-20 08:00:00,602.7,22.6,0
2023-06-20 09:00:00,597.2,23.7,0
2023-06-20 10:00:00,585.8,24.0,0
2023-06-20 11:00:00,554.2,23.8,0
2023-06-20 12:00:00,596.3,24.4,0
2023-06-20 13:00:00,639.4,26.0,0
2023-06-20 14:00:00,663.0,27.0,0
2023-06-20 15:00:00,674.2,26.9,0
2023-06-20 16:00:00,770.3,28.5,0
2023-06-20 17:00:00,752.4,27.3,0
2023-06-20 18:00:00,748.3,26.6,0
2023-06-20 19:00:00,693.0,24.5,0
2023-06-20 20:00:00,665.0,24.3,0
2023-06-20 21:00:00,640.6,23.1,0
2023-06-20 22:00:00,584.6,20.6,0
2023-06-20 23:00:00,540.4,18.9,0
2023-06-21 00:00:00,484.4,19.8,0
2023-06-21 01:00:00,468.3,19.8,0
2023-06-21 02:00:00,443.2,19.5,0
2023-06-21 03:00:00,431.3,20.1,0
2023-06-21 04:00:00,439.6,18.8,0
2023-06-21 05:00:00,483.0,18.5,0
2023-06-21 06:00:00,527.2,18.0,0
2023-06-21 07:00:00,557.0,18.1,0
2023-06-21 08:00:00,583.7,18.8,0
2023-06-21 09:00:00,582.5,20.4,0
2023-06-21 10:00:00,566.1,22.4,0
2023-06-21 11:00:00,557.4,24.3,0
2023-06-21 12:00:00,638.0,27.6,0
2023-06-21 13:00:00,640.6,27.7,0
2023-06-21 14:00:00,657.2,28.0,0
2023-06-21 15:00:00,690.9,28.6,0
2023-06-21 16:00:00,699.6,27.7,0
2023-06-21 17:00:00,715.5,27.0,0
2023-06-21 18:00:00,713.1,26.7,0
2023-06-21 19:00:00,670.5,25.0,0
2023-06-21 20:00:00,623.2,24.5,0
2023-06-21 21:00:00,550.3,24.5,0
2023-06-21 22:00:00,486.7,22.4,0
2023-06-21 23:00:00,521.8,19.4,0
2023-06-22 00:00:00,459.1,18.8,0
2023-06-22 01:00:00,456.1,17.3,0
2023-06-22 02:00:00,467.8,17.1,0
2023-06-22 03:00:00,468.0,16.6,0
2023-06-22 04:00:00,480.7,17.1,0
2023-06-22 05:00:00,491.2,18.5,0
2023-06-22 06:00:00,517.9,19.9,0
2023-06-22 07:00:00,543.7,20.4,0
2023-06-22 08:00:00,548.0,20.4,0
2023-06-22 09:00:00,550.7,19.2,0
2023-06-22 10:00:00,550.9,18.4,0
2023-06-22 11:00:00,550.7,18.8,0
2023-06-22 12:00:00,567.0,19.9,0
2023-06-22 13:00:00,569.9,20.1,0
2023-06-22 14:00:00,625.8,20.1,0
2023-06-22 15:00:00,634.8,19.0,0
2023-06-22 16:00:00,636.8,17.6,0
2023-06-22 17:00:00,642.3,16.0,0
2023-06-22 18:00:00,669.8,16.2,0
2023-06-22 19:00:00,685.1,13.8,0
2023-06-22 20:00:00,673.2,13.8,0
2023-06-22 21:00:00,639.9,12.2,0
2023-06-22 22:00:00,625.8,11.9,0
2023-06-22 23:00:00,600.0,11.4,0
2023-06-23 00:00:00,546.4,11.6,0
2023-06-23 01:00:00,524.9,12.2,0
2023-06-23 02:00:00,520.2,11.3,0
2023-06-23 03:00:00,531.8,10.5,0
2023-06-23 04:00:00,519.0,10.4,0
2023-06-23 05:00:00,526.8,10.3,0
2023-06-23 06:00:00,572.8,11.8,0
2023-06-23 07:00:00,591.7,12.7,0
2023-06-23 08:00:00,621.8,13.9,0
2023-06-23 09:00:00,621.4,15.4,0
2023-06-23 10:00:00,603.1,16.2,0
2023-06-23 11:00:00,598.1,18.3,0
2023-06-23 12:00:00,575.8,17.6,0
2023-06-23 13:00:00,578.7,18.6,0
2023-06-23 14:00:00,594.1,19.7,0
2023-06-23 15:00:00,624.3,19.2,0
2023-06-23 16:00:00,631.4,18.6,0
2023-06-23 17:00:00,661.4,19.2,0
2023-06-23 18:00:00,706.0,18.4,0
2023-06-23 19:00:00,709.8,16.0,0
2023-06-23 20:00:00,701.7,14.0,0
2023-06-23 21:00:00,680.1,14.1,0
2023-06-23 22:00:00,631.1,12.5,0
2023-06-23 23:00:00,597.9,12.9,0
2023-06-24 00:00:00,507.4,13.5,0
2023-06-24 01:00:00,497.3,12.8,0
2023-06-24 02:00:00,463.2,13.0,0
2023-06-24 03:00:00,467.7,12.3,0
2023-06-24 04:00:00,479.6,12.2,0
2023-06-24 05:00:00,489.3,12.1,0
2023-06-24 06:00:00,505.9,13.4,0
2023-06-24 07:00:00,550.6,13.2,0
2023-06-24 08:00:00,569.7,14.2,0
2023-06-24 09:00:00,539.7,15.4,0
2023-06-24 10:00:00,505.4,17.0,0
2023-06-24 11:00:00,482.9,16.2,0
2023-06-24 12:00:00,473.7,15.6,0
2023-06-24 13:00:00,472.5,15.7,0
2023-06-24 14:00:00,469.7,16.1,0
2023-06-24 15:00:00,500.2,16.6,0
2023-06-24 16:00:00,501.9,16.9,0
2023-06-24 17:00:00,531.7,18.5,0
2023-06-24 18:00:00,565.2,18.6,0
2023-06-24 19:00:00,572.5,18.4,0
2023-06-24 20:00:00,553.0,17.1,0
2023-06-24 21:00:00,528.6,16.9,0
2023-06-24 22:00:00,502.1,16.6,0
2023-06-24 23:00:00,477.1,16.3,0
2023-06-25 00:00:00,465.5,15.5,0
2023-06-25 01:00:00,449.4,15.4,0
2023-06-25 02:00:00,480.6,16.4,0
2023-06-25 03:00:00,441.9,15.6,0
2023-06-25 04:00:00,466.9,13.8,0
2023-06-25 05:00:00,461.9,15.0,0
2023-06-25 06:00:00,466.4,16.3,0
2023-06-25 07:00:00,486.2,17.0,0
2023-06-25 08:00:00,461.7,17.6,0
2023-06-25 09:00:00,463.6,21.1,0
2023-06-25 10:00:00,457.3,21.7,0
2023-06-25 11:00:00,432.6,21.5,0
2023-06-25 12:00:00,425.2,21.9,0
2023-06-25 13:00:00,448.7,23.0,0
2023-06-25 14:00:00,453.5,22.9,0
2023-06-25 15:00:00,496.2,22.7,0
2023-06-25 16:00:00,521.5,22.9,0
2023-06-25 17:00:00,587.1,22.1,0
2023-06-25 18:00:00,608.3,21.6,0
2023-06-25 19:00:00,585.2,20.8,0
2023-06-25 20:00:00,576.3,18.9,0
2023-06-25 21:00:00,545.2,18.0,0
2023-06-25 22:00:00,488.1,16.0,0
2023-06-25 23:00:00,502.5,15.9,0
2023-06-26 00:00:00,518.1,14.4,0
2023-06-26 01:00:00,517.8,13.6,0
2023-06-26 02:00:00,559.8,11.7,0
2023-06-26 03:00:00,539.1,11.3,0
2023-06-26 04:00:00,537.0,10.4,0
2023-06-26 05:00:00,553.7,12.3,0
2023-06-26 06:00:00,540.3,13.0,0
2023-06-26 07:00:00,587.8,14.4,0
2023-06-26 08:00:00,590.6,13.9,0
2023-06-26 09:00:00,611.6,14.0,0
2023-06-26 10:00:00,608.5,15.0,0
2023-06-26 11:00:00,564.8,14.9,0
2023-06-26 12:00:00,530.1,17.0,0
2023-06-26 13:00:00,552.0,17.4,0
2023-06-26 14:00:00,539.5,18.1,0
2023-06-26 15:00:00,564.0,18.7,0
2023-06-26 16:00:00,606.2,18.6,0
2023-06-26 17:00:00,656.0,19.0,0
2023-06-26 18:00:00,677.9,17.9,0
2023-06-26 19:00:00,662.6,17.5,0
2023-06-26 20:00:00,653.5,17.8,0
2023-06-26 21:00:00,624.0,17.0,0
2023-06-26 22:00:00,606.5,16.2,0
2023-06-26 23:00:00,561.8,15.0,0
2023-06-27 00:00:00,547.1,14.3,0
2023-06-27 01:00:00,538.0,14.4,0
2023-06-27 02:00:00,518.9,13.8,0
2023-06-27 03:00:00,530.4,12.3,0
2023-06-27 04:00:00,531.9,12.6,0
2023-06-27 05:00:00,519.4,13.0,0
2023-06-27 06:00:00,539.2,14.1,0
2023-06-27 07:00:00,577.5,15.1,0
2023-06-27 08:00:00,599.6,17.5,0
2023-06-27 09:00:00,599.1,17.5,0
2023-06-27 10:00:00,567.9,17.8,0
2023-06-27 11:00:00,533.6,19.4,0
2023-06-27 12:00:00,519.5,19.4,0
2023-06-27 13:00:00,526.0,20.4,0
2023-06-27 14:00:00,536.9,20.9,0
2023-06-27 15:00:00,566.9,19.3,0
2023-06-27 16:00:00,589.6,19.9,0
2023-06-27 17:00:00,618.7,20.8,0
2023-06-27 18:00:00,637.2,20.4,0
2023-06-27 19:00:00,638.2,18.4,0
2023-06-27 20:00:00,610.2,18.3,0
2023-06-27 21:00:00,580.3,16.4,0
2023-06-27 22:00:00,545.7,15.3,0
2023-06-27 23:00:00,551.7,14.8,0
2023-06-28 00:00:00,504.5,13.5,0
2023-06-28 01:00:00,490.7,11.4,0
2023-06-28 02:00:00,496.2,11.0,0
2023-06-28 03:00:00,524.8,11.0,0
2023-06-28 04:00:00,532.7,10.5,0
2023-06-28 05:00:00,535.3,10.4,0
2023-06-28 06:00:00,572.9,11.8,0
2023-06-28 07:00:00,580.5,12.7,0
2023-06-28 08:00:00,594.4,13.4,0
2023-06-28 09:00:00,585.0,14.1,0
2023-06-28 10:00:00,548.1,15.4,0
2023-06-28 11:00:00,547.6,16.6,0
2023-06-28 12:00:00,543.1,17.5,0
2023-06-28 13:00:00,539.1,17.0,0
2023-06-28 14:00:00,553.5,17.3,0
2023-06-28 15:00:00,555.2,17.0,0
2023-06-28 16:00:00,586.2,17.2,0
2023-06-28 17:00:00,630.7,18.0,0
2023-06-28 18:00:00,667.9,18.3,0
2023-06-28 19:00:00,637.2,18.2,0
2023-06-28 20:00:00,626.6,17.4,0
2023-06-28 21:00:00,577.0,16.2,0
2023-06-28 22:00:00,515.9,15.5,0
2023-06-28 23:00:00,520.4,14.2,0
2023-06-29 00:00:00,508.6,13.3,0
2023-06-29 01:00:00,488.4,12.0,0
2023-06-29 02:00:00,499.3,11.7,0
2023-06-29 03:00:00,500.6,11.6,0
2023-06-29 04:00:00,515.3,13.4,0
2023-06-29 05:00:00,564.5,14.4,0
2023-06-29 06:00:00,608.4,14.7,0
2023-06-29 07:00:00,630.8,16.3,0
2023-06-29 08:00:00,618.5,16.9,0
2023-06-29 09:00:00,598.4,18.9,0
2023-06-29 10:00:00,574.3,20.6,0
2023-06-29 11:00:00,566.2,24.1,0
2023-06-29 12:00:00,559.5,23.9,0
2023-06-29 13:00:00,576.7,24.4,0
2023-06-29 14:00:00,619.1,24.7,0
2023-06-29 15:00:00,659.0,25.0,0
2023-06-29 16:00:00,670.1,25.5,0
2023-06-29 17:00:00,717.6,24.2,0
2023-06-29 18:00:00,713.4,22.8,0
2023-06-29 19:00:00,693.9,22.3,0
2023-06-29 20:00:00,635.3,22.1,0
2023-06-29 21:00:00,603.5,20.1,0
2023-06-29 22:00:00,609.6,17.7,0
2023-06-29 23:00:00,581.0,17.7,0
2023-06-30 00:00:00,544.8,17.7,0
2023-06-30 01:00:00,534.3,17.9,0
2023-06-30 02:00:00,536.3,16.6,0
2023-06-30 03:00:00,514.7,16.3,0
2023-06-30 04:00:00,507.6,16.6,0
2023-06-30 05:00:00,540.9,17.4,0
2023-06-30 06:00:00,586.2,17.9,0
2023-06-30 07:00:00,600.1,18.6,0
2023-06-30 08:00:00,619.8,20.4,0
2023-06-30 09:00:00,628.2,21.0,0
2023-06-30 10:00:00,609.9,21.5,0
2023-06-30 11:00:00,577.6,22.1,0
2023-06-30 12:00:00,598.5,22.5,0
2023-06-30 13:00:00,617.8,23.2,0
2023-06-30 14:00:00,627.3,23.4,0
2023-06-30 15:00:00,631.0,23.2,0
2023-06-30 16:00:00,649.0,24.3,0
2023-06-30 17:00:00,671.1,24.1,0
2023-06-30 18:00:00,681.1,23.2,0
2023-06-30 19:00:00,667.1,23.4,0
2023-06-30 20:00:00,651.8,21.9,0
2023-06-30 21:00:00,594.5,20.8,0
2023-06-30 22:00:00,592.1,19.7,0
2023-06-30 23:00:00,560.8,18.2,0
2023-07-01 00:00:00,442.7,17.0,0
2023-07-01 01:00:00,428.3,16.5,0
2023-07-01 02:00:00,430.1,14.8,0
2023-07-01 03:00:00,447.1,14.4,0
2023-07-01 04:00:00,435.3,14.8,0
2023-07-01 05:00:00,470.2,15.4,0
2023-07-01 06:00:00,493.5,16.3,0
2023-07-01 07:00:00,501.8,19.2,0
2023-07-01 08:00:00,502.6,20.7,0
2023-07-01 09:00:00,524.8,21.5,0
2023-07-01 10:00:00,487.2,22.4,0
2023-07-01 11:00:00,471.5,23.3,0
2023-07-01 12:00:00,484.0,24.5,0
2023-07-01 13:00:00,517.9,24.8,0
2023-07-01 14:00:00,527.3,26.4,0
2023-07-01 15:00:00,535.8,25.5,0
2023-07-01 16:00:00,583.3,25.9,0
2023-07-01 17:00:00,593.2,25.8,0
2023-07-01 18:00:00,583.8,24.1,0
2023-07-01 19:00:00,581.0,23.8,0
2023-07-01 20:00:00,566.5,23.2,0
2023-07-01 21:00:00,520.9,21.6,0
2023-07-01 22:00:00,485.8,22.5,0
2023-07-01 23:00:00,470.8,22.0,0
2023-07-02 00:00:00,452.3,20.8,0
2023-07-02 01:00:00,418.4,19.6,0
2023-07-02 02:00:00,414.0,18.5,0
2023-07-02 03:00:00,411.7,18.5,0
2023-07-02 04:00:00,424.2,18.6,0
2023-07-02 05:00:00,465.4,17.7,0
2023-07-02 06:00:00,486.6,17.4,0
2023-07-02 07:00:00,493.2,17.6,0
2023-07-02 08:00:00,510.6,18.2,0
2023-07-02 09:00:00,489.6,18.9,0
2023-07-02 10:00:00,506.5,19.4,0
2023-07-02 11:00:00,511.0,21.0,0
2023-07-02 12:00:00,480.6,22.6,0
2023-07-02 13:00:00,486.2,23.3,0
2023-07-02 14:00:00,458.6,21.8,0
2023-07-02 15:00:00,482.5,21.9,0
2023-07-02 16:00:00,513.0,22.3,0
2023-07-02 17:00:00,584.6,21.8,0
2023-07-02 18:00:00,614.7,21.5,0
2023-07-02 19:00:00,615.7,20.8,0
2023-07-02 20:00:00,607.5,18.5,0
2023-07-02 21:00:00,559.5,15.4,0
2023-07-02 22:00:00,534.9,15.0,0
2023-07-02 23:00:00,499.9,13.7,0
2023-07-03 00:00:00,514.0,13.4,0
2023-07-03 01:00:00,538.9,12.6,0
2023-07-03 02:00:00,479.7,12.2,0
2023-07-03 03:00:00,487.5,13.3,0
2023-07-03 04:00:00,491.0,12.5,0
2023-07-03 05:00:00,531.4,13.0,0
2023-07-03 06:00:00,551.8,12.8,0
2023-07-03 07:00:00,582.8,13.8,0
2023-07-03 08:00:00,574.2,15.3,0
2023-07-03 09:00:00,592.8,16.9,0
2023-07-03 10:00:00,562.7,18.2,0
2023-07-03 11:00:00,522.0,18.0,0
2023-07-03 12:00:00,463.5,19.2,0
2023-07-03 13:00:00,447.4,20.7,0
2023-07-03 14:00:00,487.3,22.0,0
2023-07-03 15:00:00,519.7,24.0,0
2023-07-03 16:00:00,549.9,24.3,0
2023-07-03 17:00:00,583.2,23.0,0
2023-07-03 18:00:00,610.0,22.0,0
2023-07-03 19:00:00,622.8,21.2,0
2023-07-03 20:00:00,602.2,21.2,0
2023-07-03 21:00:00,605.1,19.1,0
2023-07-03 22:00:00,553.3,18.9,0
2023-07-03 23:00:00,524.1,18.5,0
2023-07-04 00:00:00,485.3,16.9,0
2023-07-04 01:00:00,488.2,16.8,0
2023-07-04 02:00:00,506.3,15.7,0
2023-07-04 03:00:00,502.4,15.6,0
2023-07-04 04:00:00,523.8,15.5,0
2023-07-04 05:00:00,549.4,16.1,0
2023-07-04 06:00:00,626.1,15.7,0
2023-07-04 07:00:00,631.3,17.0,0
2023-07-04 08:00:00,660.6,16.1,0
2023-07-04 09:00:00,643.2,16.9,0
2023-07-04 10:00:00,619.3,17.5,0
2023-07-04 11:00:00,602.7,19.9,0
2023-07-04 12:00:00,602.4,21.3,0
2023-07-04 13:00:00,577.8,21.5,0
2023-07-04 14:00:00,577.4,21.2,0
2023-07-04 15:00:00,577.7,21.4,0
2023-07-04 16:00:00,564.0,20.8,0
2023-07-04 17:00:00,644.5,22.4,0
2023-07-04 18:00:00,668.8,19.4,0
2023-07-04 19:00:00,666.9,18.7,0
2023-07-04 20:00:00,629.1,15.8,0
2023-07-04 21:00:00,592.1,15.8,0
2023-07-04 22:00:00,570.2,14.2,0
2023-07-04 23:00:00,568.6,14.7,0
2023-07-05 00:00:00,533.7,13.5,0
2023-07-05 01:00:00,519.7,13.9,0
2023-07-05 02:00:00,489.9,13.8,0
2023-07-05 03:00:00,476.5,14.7,0
2023-07-05 04:00:00,489.6,14.9,0
2023-07-05 05:00:00,491.1,12.8,0
2023-07-05 06:00:00,522.1,12.9,0
2023-07-05 07:00:00,562.7,12.5,0
2023-07-05 08:00:00,603.4,14.4,0
2023-07-05 09:00:00,568.3,16.0,0
2023-07-05 10:00:00,532.4,17.2,0
2023-07-05 11:00:00,534.8,18.7,0
2023-07-05 12:00:00,486.2,19.7,0
2023-07-05 13:00:00,533.1,20.0,0
2023-07-05 14:00:00,547.6,22.1,0
2023-07-05 15:00:00,586.6,22.5,0
2023-07-05 16:00:00,624.9,22.2,0
2023-07-05 17:00:00,627.5,20.6,0
2023-07-05 18:00:00,663.7,19.5,0
2023-07-05 19:00:00,647.8,18.8,0
2023-07-05 20:00:00,623.8,17.8,0
2023-07-05 21:00:00,592.0,16.4,0
2023-07-05 22:00:00,565.9,15.4,0
2023-07-05 23:00:00,562.3,13.6,0
2023-07-06 00:00:00,524.4,12.9,0
2023-07-06 01:00:00,540.8,11.1,0
2023-07-06 02:00:00,538.8,10.1,0
2023-07-06 03:00:00,527.7,9.5,0
2023-07-06 04:00:00,536.0,10.6,0
2023-07-06 05:00:00,543.0,11.6,0
2023-07-06 06:00:00,582.9,12.4,0
2023-07-06 07:00:00,603.3,12.4,0
2023-07-06 08:00:00,607.5,13.2,0
2023-07-06 09:00:00,613.2,15.1,0
2023-07-06 10:00:00,560.8,17.3,0
2023-07-06 11:00:00,552.1,17.1,0
2023-07-06 12:00:00,532.6,17.7,0
2023-07-06 13:00:00,544.7,18.6,0
2023-07-06 14:00:00,563.6,19.4,0
2023-07-06 15:00:00,566.6,19.7,0
2023-07-06 16:00:00,607.8,20.2,0
2023-07-06 17:00:00,669.4,18.7,0
2023-07-06 18:00:00,680.8,19.5,0
2023-07-06 19:00:00,690.2,17.8,0
2023-07-06 20:00:00,701.5,17.0,0
2023-07-06 21:00:00,622.3,16.5,0
2023-07-06 22:00:00,582.9,16.6,0
2023-07-06 23:00:00,590.1,16.5,0
2023-07-07 00:00:00,539.9,16.5,0
2023-07-07 01:00:00,520.6,16.9,0
2023-07-07 02:00:00,490.4,16.4,0
2023-07-07 03:00:00,443.7,16.9,0
2023-07-07 04:00:00,476.0,18.3,0
2023-07-07 05:00:00,515.1,18.0,0
2023-07-07 06:00:00,570.4,17.4,0
2023-07-07 07:00:00,607.2,17.4,0
2023-07-07 08:00:00,601.4,19.5,0
2023-07-07 09:00:00,564.3,21.6,0
2023-07-07 10:00:00,557.1,22.3,0
2023-07-07 11:00:00,576.4,23.4,0
2023-07-07 12:00:00,588.2,24.6,0
2023-07-07 13:00:00,624.1,26.1,0
2023-07-07 14:00:00,630.1,24.8,0
2023-07-07 15:00:00,627.0,24.5,0
2023-07-07 16:00:00,644.7,24.1,0
2023-07-07 17:00:00,689.9,24.0,0
2023-07-07 18:00:00,692.3,23.4,0
2023-07-07 19:00:00,666.5,22.3,0
2023-07-07 20:00:00,634.6,21.5,0
2023-07-07 21:00:00,611.5,18.3,0
2023-07-07 22:00:00,565.1,19.9,0
2023-07-07 23:00:00,539.1,19.7,0
2023-07-08 00:00:00,442.3,19.6,0
2023-07-08 01:00:00,417.4,18.3,0
2023-07-08 02:00:00,402.9,18.2,0
2023-07-08 03:00:00,409.5,19.8,0
2023-07-08 04:00:00,427.1,21.4,0
2023-07-08 05:00:00,439.4,21.7,0
2023-07-08 06:00:00,466.2,21.1,0
2023-07-08 07:00:00,516.5,22.0,0
2023-07-08 08:00:00,527.5,22.6,0
2023-07-08 09:00:00,545.0,24.3,0
2023-07-08 10:00:00,523.1,24.1,0
2023-07-08 11:00:00,506.9,24.8,0
2023-07-08 12:00:00,530.8,25.8,0
2023-07-08 13:00:00,528.1,25.9,0
2023-07-08 14:00:00,541.3,27.2,0
2023-07-08 15:00:00,572.0,26.2,0
2023-07-08 16:00:00,572.3,25.0,0
2023-07-08 17:00:00,597.5,24.3,0
2023-07-08 18:00:00,627.6,24.3,0
2023-07-08 19:00:00,603.4,23.2,0
2023-07-08 20:00:00,553.7,21.7,0
2023-07-08 21:00:00,507.1,21.4,0
2023-07-08 22:00:00,471.2,20.5,0
2023-07-08 23:00:00,467.9,19.0,0
2023-07-09 00:00:00,426.1,18.3,0
2023-07-09 01:00:00,426.5,17.5,0
2023-07-09 02:00:00,380.4,17.6,0
2023-07-09 03:00:00,371.4,17.5,0
2023-07-09 04:00:00,394.0,16.9,0
2023-07-09 05:00:00,406.9,16.9,0
2023-07-09 06:00:00,461.2,17.2,0
2023-07-09 07:00:00,493.4,18.3,0
2023-07-09 08:00:00,508.9,19.6,0
2023-07-09 09:00:00,492.2,19.9,0
2023-07-09 10:00:00,477.8,20.8,0
2023-07-09 11:00:00,440.1,22.1,0
2023-07-09 12:00:00,470.3,23.9,0
2023-07-09 13:00:00,492.2,24.7,0
2023-07-09 14:00:00,545.3,26.7,0
2023-07-09 15:00:00,554.0,26.8,0
2023-07-09 16:00:00,611.1,27.3,0
2023-07-09 17:00:00,615.5,26.5,0
2023-07-09 18:00:00,626.4,24.9,0
2023-07-09 19:00:00,624.6,24.1,0
2023-07-09 20:00:00,579.0,23.5,0
2023-07-09 21:00:00,532.7,22.7,0
2023-07-09 22:00:00,527.6,21.7,0
2023-07-09 23:00:00,511.8,20.4,0
2023-07-10 00:00:00,546.8,18.8,0
2023-07-10 01:00:00,519.1,17.9,0
2023-07-10 02:00:00,518.4,17.9,0
2023-07-10 03:00:00,489.7,18.5,0
2023-07-10 04:00:00,510.3,15.8,0
2023-07-10 05:00:00,546.9,16.7,0
2023-07-10 06:00:00,570.2,18.3,0
2023-07-10 07:00:00,604.2,20.2,0
2023-07-10 08:00:00,609.0,21.4,0
2023-07-10 09:00:00,603.2,23.0,0
2023-07-10 10:00:00,594.5,23.5,0
2023-07-10 11:00:00,593.1,24.4,0
2023-07-10 12:00:00,604.9,25.6,0
2023-07-10 13:00:00,599.7,25.2,0
2023-07-10 14:00:00,581.8,24.9,0
2023-07-10 15:00:00,585.0,25.2,0
2023-07-10 16:00:00,606.3,23.9,0
2023-07-10 17:00:00,600.0,23.5,0
2023-07-10 18:00:00,594.1,21.6,0
2023-07-10 19:00:00,585.4,21.0,0
2023-07-10 20:00:00,589.1,20.1,0
2023-07-10 21:00:00,574.2,18.6,0
2023-07-10 22:00:00,597.7,16.8,0
2023-07-10 23:00:00,565.5,15.5,0
2023-07-11 00:00:00,523.5,12.8,0
2023-07-11 01:00:00,512.8,12.0,0
2023-07-11 02:00:00,481.1,11.9,0
2023-07-11 03:00:00,494.5,12.9,0
2023-07-11 04:00:00,490.7,12.7,0
2023-07-11 05:00:00,502.3,13.1,0
2023-07-11 06:00:00,536.6,15.0,0
2023-07-11 07:00:00,561.5,17.4,0
2023-07-11 08:00:00,589.2,18.0,0
2023-07-11 09:00:00,597.8,20.0,0
2023-07-11 10:00:00,590.9,22.0,0
2023-07-11 11:00:00,578.7,23.4,0
2023-07-11 12:00:00,549.0,23.4,0
2023-07-11 13:00:00,545.2,23.2,0
2023-07-11 14:00:00,549.3,24.1,0
2023-07-11 15:00:00,593.6,26.3,0
2023-07-11 16:00:00,600.0,25.9,0
2023-07-11 17:00:00,685.8,26.8,0
2023-07-11 18:00:00,718.1,27.7,0
2023-07-11 19:00:00,693.3,25.7,0
2023-07-11 20:00:00,641.6,24.1,0
2023-07-11 21:00:00,606.9,24.3,0
2023-07-11 22:00:00,574.2,24.0,0
2023-07-11 23:00:00,572.9,23.4,0
2023-07-12 00:00:00,497.7,22.4,0
2023-07-12 01:00:00,495.0,22.1,0
2023-07-12 02:00:00,478.3,21.0,0
2023-07-12 03:00:00,467.3,22.9,0
2023-07-12 04:00:00,442.7,21.9,0
2023-07-12 05:00:00,461.0,20.6,0
2023-07-12 06:00:00,489.2,21.2,0
2023-07-12 07:00:00,540.7,23.2,0
2023-07-12 08:00:00,585.0,23.6,0
2023-07-12 09:00:00,605.2,24.4,0
2023-07-12 10:00:00,585.6,24.5,0
2023-07-12 11:00:00,612.7,25.3,0
2023-07-12 12:00:00,584.4,25.2,0
2023-07-12 13:00:00,576.9,24.9,0
2023-07-12 14:00:00,564.0,24.0,0
2023-07-12 15:00:00,591.9,23.6,0
2023-07-12 16:00:00,656.2,25.1,0
2023-07-12 17:00:00,679.2,24.7,0
2023-07-12 18:00:00,702.3,24.2,0
2023-07-12 19:00:00,723.3,25.2,0
2023-07-12 20:00:00,657.1,23.6,0
2023-07-12 21:00:00,622.4,21.7,0
2023-07-12 22:00:00,578.1,21.0,0
2023-07-12 23:00:00,544.6,19.0,0
2023-07-13 00:00:00,517.6,18.4,0
2023-07-13 01:00:00,496.8,18.8,0
2023-07-13 02:00:00,488.9,17.4,0
2023-07-13 03:00:00,529.8,16.8,0
2023-07-13 04:00:00,546.3,18.4,0
2023-07-13 05:00:00,552.0,17.8,0
2023-07-13 06:00:00,569.8,17.8,0
2023-07-13 07:00:00,613.1,18.8,0
2023-07-13 08:00:00,628.7,19.5,0
2023-07-13 09:00:00,603.1,19.8,0
2023-07-13 10:00:00,594.4,22.2,0
2023-07-13 11:00:00,547.9,22.7,0
2023-07-13 12:00:00,572.3,23.8,0
2023-07-13 13:00:00,592.7,24.0,0
2023-07-13 14:00:00,625.7,24.2,0
2023-07-13 15:00:00,600.7,23.2,0
2023-07-13 16:00:00,648.6,23.9,0
2023-07-13 17:00:00,701.2,23.1,0
2023-07-13 18:00:00,727.7,23.6,0
2023-07-13 19:00:00,701.2,21.8,0
2023-07-13 20:00:00,692.0,20.4,0
2023-07-13 21:00:00,623.5,19.8,0
2023-07-13 22:00:00,586.3,18.9,0
2023-07-13 23:00:00,569.3,17.4,0
2023-07-14 00:00:00,518.7,16.5,0
2023-07-14 01:00:00,507.5,14.7,0
2023-07-14 02:00:00,513.0,14.5,0
2023-07-14 03:00:00,531.0,12.1,0
2023-07-14 04:00:00,532.6,12.5,0
2023-07-14 05:00:00,525.2,14.2,0
2023-07-14 06:00:00,531.4,15.7,0
2023-07-14 07:00:00,551.9,17.3,0
2023-07-14 08:00:00,565.6,17.9,0
2023-07-14 09:00:00,555.5,19.5,0
2023-07-14 10:00:00,591.0,20.2,0
2023-07-14 11:00:00,565.5,21.1,0
2023-07-14 12:00:00,549.6,21.9,0
2023-07-14 13:00:00,557.2,19.6,0
2023-07-14 14:00:00,542.2,21.0,0
2023-07-14 15:00:00,555.9,21.6,0
2023-07-14 16:00:00,602.2,22.3,0
2023-07-14 17:00:00,626.1,21.1,0
2023-07-14 18:00:00,669.2,21.2,0
2023-07-14 19:00:00,658.1,20.8,0
2023-07-14 20:00:00,639.6,17.9,0
2023-07-14 21:00:00,628.4,15.5,0
2023-07-14 22:00:00,609.9,14.6,0
2023-07-14 23:00:00,588.0,13.3,0
2023-07-15 00:00:00,483.3,12.6,0
2023-07-15 01:00:00,484.3,11.5,0
2023-07-15 02:00:00,456.3,12.6,0
2023-07-15 03:00:00,443.0,10.9,0
2023-07-15 04:00:00,476.0,10.0,0
2023-07-15 05:00:00,516.8,9.8,0
2023-07-15 06:00:00,550.1,9.5,0
2023-07-15 07:00:00,566.6,10.0,0
2023-07-15 08:00:00,551.7,11.2,0
2023-07-15 09:00:00,536.4,11.3,0
2023-07-15 10:00:00,505.8,13.0,0
2023-07-15 11:00:00,487.1,15.3,0
2023-07-15 12:00:00,490.1,17.3,0
2023-07-15 13:00:00,487.5,19.9,0
2023-07-15 14:00:00,501.4,21.4,0
2023-07-15 15:00:00,499.3,21.6,0
2023-07-15 16:00:00,542.8,23.1,0
2023-07-15 17:00:00,601.2,23.3,0
2023-07-15 18:00:00,626.1,24.3,0
2023-07-15 19:00:00,580.7,23.3,0
2023-07-15 20:00:00,564.5,20.5,0
2023-07-15 21:00:00,556.0,18.5,0
2023-07-15 22:00:00,532.8,17.7,0
2023-07-15 23:00:00,498.7,17.2,0
2023-07-16 00:00:00,466.6,16.3,0
2023-07-16 01:00:00,418.1,16.5,0
2023-07-16 02:00:00,414.3,15.2,0
2023-07-16 03:00:00,404.7,14.5,0
2023-07-16 04:00:00,437.2,15.5,0
2023-07-16 05:00:00,444.8,16.0,0
2023-07-16 06:00:00,513.3,16.8,0
2023-07-16 07:00:00,578.3,18.8,0
2023-07-16 08:00:00,614.0,20.7,0
2023-07-16 09:00:00,609.8,21.1,0
2023-07-16 10:00:00,564.8,22.3,0
2023-07-16 11:00:00,529.8,21.7,0
2023-07-16 12:00:00,529.1,22.6,0
2023-07-16 13:00:00,535.3,23.6,0
2023-07-16 14:00:00,514.4,22.5,0
2023-07-16 15:00:00,545.5,24.1,0
2023-07-16 16:00:00,592.9,25.7,0
2023-07-16 17:00:00,634.9,25.7,0
2023-07-16 18:00:00,659.3,25.8,0
2023-07-16 19:00:00,689.1,26.2,0
2023-07-16 20:00:00,645.5,25.0,0
2023-07-16 21:00:00,594.1,24.8,0
2023-07-16 22:00:00,566.3,24.0,0
2023-07-16 23:00:00,481.3,21.5,0
2023-07-17 00:00:00,484.2,19.9,0
2023-07-17 01:00:00,469.0,18.7,0
2023-07-17 02:00:00,475.3,19.2,0
2023-07-17 03:00:00,508.1,19.1,0
2023-07-17 04:00:00,528.2,20.0,0
2023-07-17 05:00:00,551.3,19.9,0
2023-07-17 06:00:00,578.2,19.4,0
2023-07-17 07:00:00,575.7,21.9,0
2023-07-17 08:00:00,624.6,25.2,0
2023-07-17 09:00:00,668.4,26.4,0
2023-07-17 10:00:00,672.9,27.1,0
2023-07-17 11:00:00,697.8,28.9,0
2023-07-17 12:00:00,675.9,28.6,0
2023-07-17 13:00:00,674.1,28.9,0
2023-07-17 14:00:00,623.9,28.0,0
2023-07-17 15:00:00,663.9,28.4,0
2023-07-17 16:00:00,692.4,28.4,0
2023-07-17 17:00:00,690.0,27.5,0
2023-07-17 18:00:00,686.4,26.3,0
2023-07-17 19:00:00,645.0,24.0,0
2023-07-17 20:00:00,613.0,22.3,0
2023-07-17 21:00:00,584.1,22.4,0
2023-07-17 22:00:00,558.1,21.0,0
2023-07-17 23:00:00,535.8,21.1,0
2023-07-18 00:00:00,487.3,19.4,0
2023-07-18 01:00:00,479.3,18.7,0
2023-07-18 02:00:00,474.6,17.9,0
2023-07-18 03:00:00,492.2,17.5,0
2023-07-18 04:00:00,503.1,18.3,0
2023-07-18 05:00:00,515.0,16.9,0
2023-07-18 06:00:00,562.2,18.2,0
2023-07-18 07:00:00,590.7,19.6,0
2023-07-18 08:00:00,618.4,20.5,0
2023-07-18 09:00:00,644.6,21.6,0
2023-07-18 10:00:00,631.1,22.4,0
2023-07-18 11:00:00,598.3,24.0,0
2023-07-18 12:00:00,581.9,24.9,0
2023-07-18 13:00:00,585.3,24.7,0
2023-07-18 14:00:00,575.9,25.3,0
2023-07-18 15:00:00,614.7,26.2,0
2023-07-18 16:00:00,658.6,26.4,0
2023-07-18 17:00:00,678.7,25.9,0
2023-07-18 18:00:00,681.2,25.4,0
2023-07-18 19:00:00,661.4,24.1,0
2023-07-18 20:00:00,618.8,22.7,0
2023-07-18 21:00:00,576.2,20.1,0
2023-07-18 22:00:00,557.9,18.9,0
2023-07-18 23:00:00,528.5,18.8,0
2023-07-19 00:00:00,489.4,17.6,0
2023-07-19 01:00:00,502.4,16.2,0
2023-07-19 02:00:00,507.0,16.7,0
2023-07-19 03:00:00,502.9,16.7,0
2023-07-19 04:00:00,507.6,17.0,0
2023-07-19 05:00:00,533.9,17.8,0
2023-07-19 06:00:00,567.8,19.0,0
2023-07-19 07:00:00,574.8,19.8,0
2023-07-19 08:00:00,579.8,20.0,0
2023-07-19 09:00:00,599.2,22.5,0
2023-07-19 10:00:00,575.9,23.6,0
2023-07-19 11:00:00,589.3,23.8,0
2023-07-19 12:00:00,601.6,24.8,0
2023-07-19 13:00:00,630.9,26.4,0
2023-07-19 14:00:00,607.9,25.6,0
2023-07-19 15:00:00,659.9,26.8,0
2023-07-19 16:00:00,695.8,26.5,0
2023-07-19 17:00:00,769.9,27.8,0
2023-07-19 18:00:00,806.1,27.6,0
2023-07-19 19:00:00,777.9,26.6,0
2023-07-19 20:00:00,736.4,26.6,0
2023-07-19 21:00:00,704.3,26.5,0
2023-07-19 22:00:00,644.9,25.0,0
2023-07-19 23:00:00,598.8,24.1,0
2023-07-20 00:00:00,521.8,22.7,0
2023-07-20 01:00:00,497.3,22.7,0
2023-07-20 02:00:00,495.7,20.9,0
2023-07-20 03:00:00,479.7,20.5,0
2023-07-20 04:00:00,521.3,18.7,0
2023-07-20 05:00:00,553.2,19.6,0
2023-07-20 06:00:00,551.1,18.3,0
2023-07-20 07:00:00,565.3,18.2,0
2023-07-20 08:00:00,586.3,19.4,0
2023-07-20 09:00:00,564.5,20.1,0
2023-07-20 10:00:00,550.2,20.8,0
2023-07-20 11:00:00,550.7,21.0,0
2023-07-20 12:00:00,550.6,21.5,0
2023-07-20 13:00:00,530.3,20.7,0
2023-07-20 14:00:00,554.3,21.5,0
2023-07-20 15:00:00,593.0,22.4,0
2023-07-20 16:00:00,615.6,23.0,0
2023-07-20 17:00:00,657.3,22.6,0
2023-07-20 18:00:00,673.3,23.1,0
2023-07-20 19:00:00,648.1,22.7,0
2023-07-20 20:00:00,647.0,22.6,0
2023-07-20 21:00:00,627.0,21.9,0
2023-07-20 22:00:00,575.7,20.8,0
2023-07-20 23:00:00,511.6,19.2,0
2023-07-21 00:00:00,496.4,16.1,0
2023-07-21 01:00:00,478.7,16.1,0
2023-07-21 02:00:00,480.4,15.6,0
2023-07-21 03:00:00,460.3,17.2,0
2023-07-21 04:00:00,485.1,15.7,0
2023-07-21 05:00:00,529.4,16.8,0
2023-07-21 06:00:00,563.1,16.7,0
2023-07-21 07:00:00,605.2,17.6,0
2023-07-21 08:00:00,622.0,17.8,0
2023-07-21 09:00:00,628.7,19.2,0
2023-07-21 10:00:00,595.1,20.3,0
2023-07-21 11:00:00,563.0,22.1,0
2023-07-21 12:00:00,525.2,23.0,0
2023-07-21 13:00:00,536.0,24.1,0
2023-07-21 14:00:00,575.0,25.6,0
2023-07-21 15:00:00,596.3,26.2,0
2023-07-21 16:00:00,646.5,25.9,0
2023-07-21 17:00:00,696.2,26.5,0
2023-07-21 18:00:00,752.5,25.7,0
2023-07-21 19:00:00,743.8,25.2,0
2023-07-21 20:00:00,676.1,23.9,0
2023-07-21 21:00:00,620.0,22.3,0
2023-07-21 22:00:00,596.2,18.6,0
2023-07-21 23:00:00,587.5,18.3,0
2023-07-22 00:00:00,500.5,16.5,0
2023-07-22 01:00:00,471.5,16.5,0
2023-07-22 02:00:00,471.8,17.7,0
2023-07-22 03:00:00,461.0,16.4,0
2023-07-22 04:00:00,480.0,17.3,0
2023-07-22 05:00:00,493.1,17.7,0
2023-07-22 06:00:00,518.3,18.7,0
2023-07-22 07:00:00,548.9,18.5,0
2023-07-22 08:00:00,548.6,19.5,0
2023-07-22 09:00:00,541.5,20.7,0
2023-07-22 10:00:00,533.4,23.0,0
2023-07-22 11:00:00,528.7,25.7,0
2023-07-22 12:00:00,536.8,26.8,0
2023-07-22 13:00:00,538.2,27.0,0
2023-07-22 14:00:00,636.5,29.2,0
2023-07-22 15:00:00,658.2,29.1,0
2023-07-22 16:00:00,680.6,28.8,0
2023-07-22 17:00:00,690.8,28.4,0
2023-07-22 18:00:00,713.4,28.1,0
2023-07-22 19:00:00,699.1,27.7,0
2023-07-22 20:00:00,649.9,26.1,0
2023-07-22 21:00:00,581.1,24.9,0
2023-07-22 22:00:00,556.9,25.4,0
2023-07-22 23:00:00,550.1,25.6,0
2023-07-23 00:00:00,501.7,25.0,0
2023-07-23 01:00:00,451.1,24.4,0
2023-07-23 02:00:00,435.6,23.6,0
2023-07-23 03:00:00,443.0,24.1,0
2023-07-23 04:00:00,417.1,23.6,0
2023-07-23 05:00:00,432.5,23.9,0
2023-07-23 06:00:00,490.5,24.0,0
2023-07-23 07:00:00,532.7,24.1,0
2023-07-23 08:00:00,558.3,25.0,0
2023-07-23 09:00:00,591.2,25.9,0
2023-07-23 10:00:00,554.0,26.3,0
2023-07-23 11:00:00,582.4,27.1,0
2023-07-23 12:00:00,582.9,27.9,0
2023-07-23 13:00:00,610.3,28.0,0
2023-07-23 14:00:00,601.7,27.7,0
2023-07-23 15:00:00,611.4,27.7,0
2023-07-23 16:00:00,660.7,28.1,0
2023-07-23 17:00:00,705.7,28.5,0
2023-07-23 18:00:00,728.2,27.9,0
2023-07-23 19:00:00,705.2,26.8,0
2023-07-23 20:00:00,644.4,25.7,0
2023-07-23 21:00:00,615.0,26.2,0
2023-07-23 22:00:00,571.7,25.8,0
2023-07-23 23:00:00,539.4,23.8,0
2023-07-24 00:00:00,544.3,22.8,0
2023-07-24 01:00:00,539.8,21.6,0
2023-07-24 02:00:00,522.9,20.8,0
2023-07-24 03:00:00,502.3,19.1,0
2023-07-24 04:00:00,484.4,19.2,0
2023-07-24 05:00:00,515.3,18.4,0
2023-07-24 06:00:00,557.5,18.5,0
2023-07-24 07:00:00,591.7,20.7,0
2023-07-24 08:00:00,628.6,22.4,0
2023-07-24 09:00:00,632.2,22.7,0
2023-07-24 10:00:00,637.9,22.8,0
2023-07-24 11:00:00,619.0,23.0,0
2023-07-24 12:00:00,576.0,22.2,0
2023-07-24 13:00:00,586.1,22.0,0
2023-07-24 14:00:00,570.6,22.3,0
2023-07-24 15:00:00,585.4,21.6,0
2023-07-24 16:00:00,595.5,22.2,0
2023-07-24 17:00:00,647.5,21.9,0
2023-07-24 18:00:00,693.2,20.9,0
2023-07-24 19:00:00,665.8,21.7,0
2023-07-24 20:00:00,627.7,21.4,0
2023-07-24 21:00:00,583.9,20.4,0
2023-07-24 22:00:00,525.4,21.0,0
2023-07-24 23:00:00,511.3,21.1,0
2023-07-25 00:00:00,475.0,19.6,0
2023-07-25 01:00:00,448.3,19.2,0
2023-07-25 02:00:00,412.7,18.4,0
2023-07-25 03:00:00,402.7,17.0,0
2023-07-25 04:00:00,434.1,18.8,0
2023-07-25 05:00:00,445.6,20.5,0
2023-07-25 06:00:00,492.8,19.9,0
2023-07-25 07:00:00,538.6,21.1,0
2023-07-25 08:00:00,573.9,20.6,0
2023-07-25 09:00:00,575.1,22.6,0
2023-07-25 10:00:00,574.2,23.6,0
2023-07-25 11:00:00,591.0,24.2,0
2023-07-25 12:00:00,605.1,26.1,0
2023-07-25 13:00:00,617.7,26.7,0
2023-07-25 14:00:00,650.0,26.8,0
2023-07-25 15:00:00,672.3,27.7,0
2023-07-25 16:00:00,701.8,27.2,0
2023-07-25 17:00:00,701.6,27.5,0
2023-07-25 18:00:00,686.6,26.8,0
2023-07-25 19:00:00,666.5,26.6,0
2023-07-25 20:00:00,640.4,26.1,0
2023-07-25 21:00:00,605.8,25.6,0
2023-07-25 22:00:00,508.6,23.6,0
2023-07-25 23:00:00,540.2,24.2,0
2023-07-26 00:00:00,525.1,23.0,0
2023-07-26 01:00:00,541.8,23.8,0
2023-07-26 02:00:00,511.6,22.7,0
2023-07-26 03:00:00,511.1,22.2,0
2023-07-26 04:00:00,505.4,21.9,0
2023-07-26 05:00:00,527.2,23.2,0
2023-07-26 06:00:00,549.3,23.3,0
2023-07-26 07:00:00,602.9,24.4,0
2023-07-26 08:00:00,602.7,23.8,0
2023-07-26 09:00:00,601.4,24.3,0
2023-07-26 10:00:00,637.6,25.5,0
2023-07-26 11:00:00,627.9,26.3,0
2023-07-26 12:00:00,604.3,25.4,0
2023-07-26 13:00:00,629.9,26.4,0
2023-07-26 14:00:00,616.3,25.9,0
2023-07-26 15:00:00,676.8,27.7,0
2023-07-26 16:00:00,717.2,27.4,0
2023-07-26 17:00:00,786.1,28.9,0
2023-07-26 18:00:00,813.8,28.7,0
2023-07-26 19:00:00,786.4,28.1,0
2023-07-26 20:00:00,712.9,26.6,0
2023-07-26 21:00:00,672.4,25.3,0
2023-07-26 22:00:00,592.6,24.6,0
2023-07-26 23:00:00,532.3,21.8,0
2023-07-27 00:00:00,486.6,21.7,0
2023-07-27 01:00:00,487.1,20.0,0
2023-07-27 02:00:00,469.8,19.3,0
2023-07-27 03:00:00,474.5,16.7,0
2023-07-27 04:00:00,499.0,17.3,0
2023-07-27 05:00:00,554.5,18.3,0
2023-07-27 06:00:00,596.2,19.2,0
2023-07-27 07:00:00,595.8,20.3,0
2023-07-27 08:00:00,637.0,20.9,0
2023-07-27 09:00:00,624.8,22.1,0
2023-07-27 10:00:00,606.2,24.1,0
2023-07-27 11:00:00,598.1,24.7,0
2023-07-27 12:00:00,593.8,25.9,0
2023-07-27 13:00:00,617.8,27.1,0
2023-07-27 14:00:00,618.1,27.2,0
2023-07-27 15:00:00,644.2,27.5,0
2023-07-27 16:00:00,641.5,27.5,0
2023-07-27 17:00:00,685.2,26.6,0
2023-07-27 18:00:00,755.6,28.0,0
2023-07-27 19:00:00,736.2,26.7,0
2023-07-27 20:00:00,730.9,27.1,0
2023-07-27 21:00:00,686.8,26.9,0
2023-07-27 22:00:00,612.6,23.9,0
2023-07-27 23:00:00,596.3,23.1,0
2023-07-28 00:00:00,542.0,23.0,0
2023-07-28 01:00:00,538.0,22.9,0
2023-07-28 02:00:00,510.9,21.6,0
2023-07-28 03:00:00,497.4,21.6,0
2023-07-28 04:00:00,513.2,20.5,0
2023-07-28 05:00:00,535.1,19.9,0
2023-07-28 06:00:00,562.9,20.3,0
2023-07-28 07:00:00,558.6,21.2,0
2023-07-28 08:00:00,578.1,23.5,0
2023-07-28 09:00:00,601.9,24.8,0
2023-07-28 10:00:00,641.4,26.6,0
2023-07-28 11:00:00,628.7,26.4,0
2023-07-28 12:00:00,600.1,26.2,0
2023-07-28 13:00:00,610.6,26.3,0
2023-07-28 14:00:00,651.1,28.2,0
2023-07-28 15:00:00,650.3,27.1,0
2023-07-28 16:00:00,675.4,25.5,0
2023-07-28 17:00:00,692.2,25.0,0
2023-07-28 18:00:00,704.4,25.4,0
2023-07-28 19:00:00,684.0,23.1,0
2023-07-28 20:00:00,647.6,22.0,0
2023-07-28 21:00:00,610.7,19.7,0
2023-07-28 22:00:00,585.6,20.0,0
2023-07-28 23:00:00,555.7,19.7,0
2023-07-29 00:00:00,461.8,19.0,0
2023-07-29 01:00:00,435.6,18.3,0
2023-07-29 02:00:00,414.1,17.7,0
2023-07-29 03:00:00,419.6,17.7,0
2023-07-29 04:00:00,438.0,17.2,0
2023-07-29 05:00:00,464.3,16.9,0
2023-07-29 06:00:00,505.9,16.6,0
2023-07-29 07:00:00,532.0,17.4,0
2023-07-29 08:00:00,534.4,17.8,0
2023-07-29 09:00:00,537.0,19.6,0
2023-07-29 10:00:00,491.6,18.9,0
2023-07-29 11:00:00,475.7,20.4,0
2023-07-29 12:00:00,482.0,21.8,0
2023-07-29 13:00:00,501.8,23.6,0
2023-07-29 14:00:00,529.7,23.8,0
2023-07-29 15:00:00,528.3,22.7,0
2023-07-29 16:00:00,549.8,21.8,0
2023-07-29 17:00:00,577.3,22.5,0
2023-07-29 18:00:00,591.0,21.6,0
2023-07-29 19:00:00,595.9,20.5,0
2023-07-29 20:00:00,588.6,19.1,0
2023-07-29 21:00:00,550.0,18.1,0
2023-07-29 22:00:00,540.9,17.0,0
2023-07-29 23:00:00,520.4,14.7,0
2023-07-30 00:00:00,444.8,13.5,0
2023-07-30 01:00:00,443.8,13.9,0
2023-07-30 02:00:00,423.7,14.8,0
2023-07-30 03:00:00,424.7,14.7,0
2023-07-30 04:00:00,424.2,14.4,0
2023-07-30 05:00:00,440.7,16.1,0
2023-07-30 06:00:00,509.9,16.6,0
2023-07-30 07:00:00,553.2,16.5,0
2023-07-30 08:00:00,556.5,17.4,0
2023-07-30 09:00:00,535.5,19.1,0
2023-07-30 10:00:00,510.1,21.6,0
2023-07-30 11:00:00,481.3,22.1,0
2023-07-30 12:00:00,493.1,23.5,0
2023-07-30 13:00:00,514.4,23.8,0
2023-07-30 14:00:00,520.1,25.2,0
2023-07-30 15:00:00,558.1,25.6,0
2023-07-30 16:00:00,591.3,25.7,0
2023-07-30 17:00:00,597.1,24.4,0
2023-07-30 18:00:00,620.9,23.5,0
2023-07-30 19:00:00,596.7,22.4,0
2023-07-30 20:00:00,559.4,18.3,0
2023-07-30 21:00:00,526.3,18.1,0
2023-07-30 22:00:00,485.5,17.1,0
2023-07-30 23:00:00,460.4,16.1,0
2023-07-31 00:00:00,503.7,15.0,0
2023-07-31 01:00:00,474.4,14.5,0
2023-07-31 02:00:00,491.6,14.4,0
2023-07-31 03:00:00,517.1,13.2,0
2023-07-31 04:00:00,517.0,13.5,0
2023-07-31 05:00:00,547.0,14.1,0
2023-07-31 06:00:00,557.0,14.9,0
2023-07-31 07:00:00,584.1,14.5,0
2023-07-31 08:00:00,592.7,15.5,0
2023-07-31 09:00:00,576.9,15.5,0
2023-07-31 10:00:00,578.4,17.0,0
2023-07-31 11:00:00,565.3,19.3,0
2023-07-31 12:00:00,568.0,21.0,0
2023-07-31 13:00:00,537.4,21.4,0
2023-07-31 14:00:00,546.6,21.4,0
2023-07-31 15:00:00,563.0,21.2,0
2023-07-31 16:00:00,573.8,21.4,0
2023-07-31 17:00:00,634.0,20.6,0
2023-07-31 18:00:00,661.7,19.6,0
2023-07-31 19:00:00,669.5,16.7,0
2023-07-31 20:00:00,670.5,15.2,0
2023-07-31 21:00:00,625.4,13.6,0
2023-07-31 22:00:00,622.5,12.3,0
2023-07-31 23:00:00,563.1,12.7,0
2023-08-01 00:00:00,557.3,10.8,0
2023-08-01 01:00:00,566.4,9.2,0
2023-08-01 02:00:00,530.1,9.6,0
2023-08-01 03:00:00,513.4,8.8,0
2023-08-01 04:00:00,566.9,9.0,0
2023-08-01 05:00:00,569.4,9.8,0
2023-08-01 06:00:00,612.6,10.7,0
2023-08-01 07:00:00,641.2,11.1,0
2023-08-01 08:00:00,641.6,13.1,0
2023-08-01 09:00:00,623.3,15.6,0
2023-08-01 10:00:00,580.9,15.9,0
2023-08-01 11:00:00,543.4,16.8,0
2023-08-01 12:00:00,522.6,18.7,0
2023-08-01 13:00:00,541.7,19.3,0
2023-08-01 14:00:00,521.4,18.9,0
2023-08-01 15:00:00,533.0,18.9,0
2023-08-01 16:00:00,581.6,19.6,0
2023-08-01 17:00:00,621.5,18.5,0
2023-08-01 18:00:00,642.6,18.3,0
2023-08-01 19:00:00,632.3,17.9,0
2023-08-01 20:00:00,588.1,16.6,0
2023-08-01 21:00:00,552.1,16.2,0
2023-08-01 22:00:00,512.7,15.9,0
2023-08-01 23:00:00,495.8,15.9,0
2023-08-02 00:00:00,452.6,15.9,0
2023-08-02 01:00:00,431.3,14.0,0
2023-08-02 02:00:00,457.8,14.5,0
2023-08-02 03:00:00,429.7,15.0,0
2023-08-02 04:00:00,465.7,16.0,0
2023-08-02 05:00:00,489.8,15.7,0
2023-08-02 06:00:00,520.0,17.2,0
2023-08-02 07:00:00,538.1,18.3,0
2023-08-02 08:00:00,547.9,18.3,0
2023-08-02 09:00:00,546.7,20.5,0
2023-08-02 10:00:00,504.6,20.9,0
2023-08-02 11:00:00,516.0,21.0,0
2023-08-02 12:00:00,515.2,22.2,0
2023-08-02 13:00:00,519.6,22.3,0
2023-08-02 14:00:00,539.1,23.1,0
2023-08-02 15:00:00,581.8,23.1,0
2023-08-02 16:00:00,615.4,23.2,0
2023-08-02 17:00:00,667.4,23.6,0
2023-08-02 18:00:00,670.3,22.9,0
2023-08-02 19:00:00,698.0,22.9,0
2023-08-02 20:00:00,656.0,22.7,0
2023-08-02 21:00:00,597.8,20.9,0
2023-08-02 22:00:00,556.1,20.6,0
2023-08-02 23:00:00,552.6,20.1,0
2023-08-03 00:00:00,538.1,19.3,0
2023-08-03 01:00:00,527.4,19.6,0
2023-08-03 02:00:00,547.6,20.6,0
2023-08-03 03:00:00,518.4,21.0,0
2023-08-03 04:00:00,511.2,19.8,0
2023-08-03 05:00:00,524.8,20.5,0
2023-08-03 06:00:00,578.2,20.9,0
2023-08-03 07:00:00,588.8,21.4,0
2023-08-03 08:00:00,606.1,22.6,0
2023-08-03 09:00:00,588.0,23.2,0
2023-08-03 10:00:00,617.5,25.6,0
2023-08-03 11:00:00,612.4,26.7,0
2023-08-03 12:00:00,673.3,27.5,0
2023-08-03 13:00:00,714.4,28.7,0
2023-08-03 14:00:00,739.8,29.6,0
2023-08-03 15:00:00,807.3,30.7,0
2023-08-03 16:00:00,841.7,30.9,0
2023-08-03 17:00:00,839.1,30.3,0
2023-08-03 18:00:00,844.5,29.6,0
2023-08-03 19:00:00,729.2,26.7,0
2023-08-03 20:00:00,680.5,24.3,0
2023-08-03 21:00:00,659.2,24.1,0
2023-08-03 22:00:00,584.2,22.7,0
2023-08-03 23:00:00,564.2,23.3,0
2023-08-04 00:00:00,500.2,23.8,0
2023-08-04 01:00:00,486.6,21.9,0
2023-08-04 02:00:00,485.3,21.7,0
2023-08-04 03:00:00,506.8,23.9,0
2023-08-04 04:00:00,498.7,23.1,0
2023-08-04 05:00:00,530.3,23.7,0
2023-08-04 06:00:00,556.8,23.9,0
2023-08-04 07:00:00,594.0,24.4,0
2023-08-04 08:00:00,612.1,24.9,0
2023-08-04 09:00:00,620.0,25.8,0
2023-08-04 10:00:00,636.1,27.4,0
2023-08-04 11:00:00,584.8,27.5,0
2023-08-04 12:00:00,607.7,28.6,0
2023-08-04 13:00:00,629.5,28.5,0
2023-08-04 14:00:00,694.0,29.2,0
2023-08-04 15:00:00,717.1,29.5,0
2023-08-04 16:00:00,722.0,28.5,0
2023-08-04 17:00:00,768.6,28.2,0
2023-08-04 18:00:00,724.3,26.8,0
2023-08-04 19:00:00,695.3,25.1,0
2023-08-04 20:00:00,645.2,25.1,0
2023-08-04 21:00:00,585.1,22.4,0
2023-08-04 22:00:00,551.9,21.8,0
2023-08-04 23:00:00,532.3,21.4,0
2023-08-05 00:00:00,427.7,19.9,0
2023-08-05 01:00:00,451.5,20.2,0
2023-08-05 02:00:00,395.9,20.5,0
2023-08-05 03:00:00,377.2,19.1,0
2023-08-05 04:00:00,400.8,19.6,0
2023-08-05 05:00:00,435.1,20.4,0
2023-08-05 06:00:00,460.0,20.3,0
2023-08-05 07:00:00,501.9,21.5,0
2023-08-05 08:00:00,528.0,23.1,0
2023-08-05 09:00:00,531.3,23.4,0
2023-08-05 10:00:00,525.4,22.6,0
2023-08-05 11:00:00,504.3,23.9,0
2023-08-05 12:00:00,499.0,24.1,0
2023-08-05 13:00:00,500.2,23.2,0
2023-08-05 14:00:00,498.4,23.3,0
2023-08-05 15:00:00,529.7,21.4,0
2023-08-05 16:00:00,543.5,21.1,0
2023-08-05 17:00:00,551.0,22.1,0
2023-08-05 18:00:00,561.5,19.0,0
2023-08-05 19:00:00,570.3,18.7,0
2023-08-05 20:00:00,568.9,17.1,0
2023-08-05 21:00:00,528.5,15.8,0
2023-08-05 22:00:00,499.0,14.2,0
2023-08-05 23:00:00,479.4,13.9,0
2023-08-06 00:00:00,454.3,13.2,0
2023-08-06 01:00:00,431.8,12.0,0
2023-08-06 02:00:00,432.0,10.6,0
2023-08-06 03:00:00,420.2,10.3,0
2023-08-06 04:00:00,434.6,11.6,0
2023-08-06 05:00:00,477.4,11.1,0
2023-08-06 06:00:00,464.9,12.3,0
2023-08-06 07:00:00,499.5,13.6,0
2023-08-06 08:00:00,518.8,13.0,0
2023-08-06 09:00:00,523.9,15.2,0
2023-08-06 10:00:00,494.2,16.4,0
2023-08-06 11:00:00,478.2,19.4,0
2023-08-06 12:00:00,448.5,21.9,0
2023-08-06 13:00:00,466.6,22.4,0
2023-08-06 14:00:00,517.5,22.7,0
2023-08-06 15:00:00,533.5,22.0,0
2023-08-06 16:00:00,585.8,20.8,0
2023-08-06 17:00:00,637.2,21.2,0
2023-08-06 18:00:00,644.2,20.4,0
2023-08-06 19:00:00,636.5,19.3,0
2023-08-06 20:00:00,607.9,18.3,0
2023-08-06 21:00:00,583.2,18.0,0
2023-08-06 22:00:00,531.0,17.9,0
2023-08-06 23:00:00,516.7,17.0,0
2023-08-07 00:00:00,521.0,15.9,0
2023-08-07 01:00:00,518.3,15.5,0
2023-08-07 02:00:00,505.1,16.9,0
2023-08-07 03:00:00,472.7,15.0,0
2023-08-07 04:00:00,481.6,14.2,0
2023-08-07 05:00:00,515.2,15.1,0
2023-08-07 06:00:00,546.3,15.9,0
2023-08-07 07:00:00,582.2,17.9,0
2023-08-07 08:00:00,634.9,20.0,0
2023-08-07 09:00:00,605.9,22.8,0
2023-08-07 10:00:00,576.7,23.1,0
2023-08-07 11:00:00,566.9,24.5,0
2023-08-07 12:00:00,569.2,25.1,0
2023-08-07 13:00:00,595.3,26.5,0
2023-08-07 14:00:00,617.5,27.0,0
2023-08-07 15:00:00,652.9,27.9,0
2023-08-07 16:00:00,653.5,27.0,0
2023-08-07 17:00:00,718.7,26.7,0
2023-08-07 18:00:00,755.3,25.5,0
2023-08-07 19:00:00,721.9,24.4,0
2023-08-07 20:00:00,673.4,23.0,0
2023-08-07 21:00:00,598.7,21.0,0
2023-08-07 22:00:00,560.9,21.0,0
2023-08-07 23:00:00,553.7,20.2,0
2023-08-08 00:00:00,520.0,20.3,0
2023-08-08 01:00:00,503.3,18.7,0
2023-08-08 02:00:00,523.6,16.5,0
2023-08-08 03:00:00,564.3,15.8,0
2023-08-08 04:00:00,556.7,15.9,0
2023-08-08 05:00:00,551.9,17.0,0
2023-08-08 06:00:00,588.5,18.6,0
2023-08-08 07:00:00,626.5,20.5,0
2023-08-08 08:00:00,623.5,22.7,0
2023-08-08 09:00:00,634.7,24.3,0
2023-08-08 10:00:00,651.1,25.4,0
2023-08-08 11:00:00,636.2,25.6,0
2023-08-08 12:00:00,637.1,26.9,0
2023-08-08 13:00:00,650.4,27.0,0
2023-08-08 14:00:00,630.9,26.6,0
2023-08-08 15:00:00,692.5,27.2,0
2023-08-08 16:00:00,718.7,27.2,0
2023-08-08 17:00:00,726.4,27.5,0
2023-08-08 18:00:00,702.5,26.1,0
2023-08-08 19:00:00,723.7,26.3,0
2023-08-08 20:00:00,713.8,25.5,0
2023-08-08 21:00:00,654.6,24.2,0
2023-08-08 22:00:00,590.7,22.4,0
2023-08-08 23:00:00,602.0,20.4,0
2023-08-09 00:00:00,530.4,18.3,0
2023-08-09 01:00:00,532.4,18.9,0
2023-08-09 02:00:00,491.8,17.2,0
2023-08-09 03:00:00,461.6,17.6,0
2023-08-09 04:00:00,460.0,17.5,0
2023-08-09 05:00:00,505.1,17.4,0
2023-08-09 06:00:00,545.3,17.6,0
2023-08-09 07:00:00,574.5,18.4,0
2023-08-09 08:00:00,599.1,20.1,0
2023-08-09 09:00:00,582.7,21.7,0
2023-08-09 10:00:00,595.2,22.7,0
2023-08-09 11:00:00,572.3,22.4,0
2023-08-09 12:00:00,564.8,21.7,0
2023-08-09 13:00:00,557.1,24.0,0
2023-08-09 14:00:00,559.0,23.5,0
2023-08-09 15:00:00,549.6,22.3,0
2023-08-09 16:00:00,606.2,23.3,0
2023-08-09 17:00:00,607.2,21.6,0
2023-08-09 18:00:00,649.8,21.7,0
2023-08-09 19:00:00,670.0,21.7,0
2023-08-09 20:00:00,654.6,21.0,0
2023-08-09 21:00:00,637.4,20.9,0
2023-08-09 22:00:00,624.0,18.6,0
2023-08-09 23:00:00,587.3,16.6,0
2023-08-10 00:00:00,532.4,15.6,0
2023-08-10 01:00:00,509.2,15.0,0
2023-08-10 02:00:00,498.9,14.6,0
2023-08-10 03:00:00,492.2,15.0,0
2023-08-10 04:00:00,499.2,14.5,0
2023-08-10 05:00:00,556.4,13.1,0
2023-08-10 06:00:00,580.3,14.2,0
2023-08-10 07:00:00,597.4,14.9,0
2023-08-10 08:00:00,634.8,16.7,0
2023-08-10 09:00:00,604.5,19.7,0
2023-08-10 10:00:00,583.0,20.8,0
2023-08-10 11:00:00,572.3,22.3,0
2023-08-10 12:00:00,568.3,22.4,0
2023-08-10 13:00:00,557.2,23.9,0
2023-08-10 14:00:00,555.9,24.6,0
2023-08-10 15:00:00,568.8,24.9,0
2023-08-10 16:00:00,609.3,25.6,0
2023-08-10 17:00:00,645.2,24.2,0
2023-08-10 18:00:00,668.7,24.0,0
2023-08-10 19:00:00,670.9,23.6,0
2023-08-10 20:00:00,640.6,24.0,0
2023-08-10 21:00:00,580.8,21.3,0
2023-08-10 22:00:00,563.6,20.2,0
2023-08-10 23:00:00,549.4,21.1,0
2023-08-11 00:00:00,505.0,19.8,0
2023-08-11 01:00:00,510.7,18.7,0
2023-08-11 02:00:00,489.8,19.8,0
2023-08-11 03:00:00,479.5,21.8,0
2023-08-11 04:00:00,484.8,21.9,0
2023-08-11 05:00:00,501.4,21.5,0
2023-08-11 06:00:00,551.2,21.5,0
2023-08-11 07:00:00,558.0,21.9,0
2023-08-11 08:00:00,585.7,22.0,0
2023-08-11 09:00:00,553.7,22.2,0
2023-08-11 10:00:00,525.0,23.4,0
2023-08-11 11:00:00,531.6,24.3,0
2023-08-11 12:00:00,557.3,25.5,0
2023-08-11 13:00:00,573.5,26.1,0
2023-08-11 14:00:00,538.3,25.4,0
2023-08-11 15:00:00,607.4,26.1,0
2023-08-11 16:00:00,663.7,26.2,0
2023-08-11 17:00:00,664.1,25.2,0
2023-08-11 18:00:00,695.4,24.3,0
2023-08-11 19:00:00,675.0,23.7,0
2023-08-11 20:00:00,641.7,22.8,0
2023-08-11 21:00:00,589.5,21.6,0
2023-08-11 22:00:00,543.4,21.2,0
2023-08-11 23:00:00,502.4,21.1,0
2023-08-12 00:00:00,402.9,19.9,0
2023-08-12 01:00:00,411.0,19.2,0
2023-08-12 02:00:00,400.7,17.7,0
2023-08-12 03:00:00,414.4,17.4,0
2023-08-12 04:00:00,440.8,17.9,0
2023-08-12 05:00:00,487.6,19.1,0
2023-08-12 06:00:00,530.8,19.8,0
2023-08-12 07:00:00,553.7,20.5,0
2023-08-12 08:00:00,566.7,20.7,0
2023-08-12 09:00:00,553.4,21.9,0
2023-08-12 10:00:00,516.6,21.9,0
2023-08-12 11:00:00,482.9,23.0,0
2023-08-12 12:00:00,512.2,23.8,0
2023-08-12 13:00:00,490.1,23.7,0
2023-08-12 14:00:00,519.5,24.4,0
2023-08-12 15:00:00,562.3,24.3,0
2023-08-12 16:00:00,599.3,24.7,0
2023-08-12 17:00:00,606.2,23.9,0
2023-08-12 18:00:00,630.7,23.7,0
2023-08-12 19:00:00,661.1,24.2,0
2023-08-12 20:00:00,602.0,23.3,0
2023-08-12 21:00:00,544.7,22.9,0
2023-08-12 22:00:00,498.8,21.3,0
2023-08-12 23:00:00,491.7,19.9,0
2023-08-13 00:00:00,464.1,17.3,0
2023-08-13 01:00:00,440.2,16.5,0
2023-08-13 02:00:00,431.8,15.2,0
2023-08-13 03:00:00,444.2,15.2,0
2023-08-13 04:00:00,435.7,13.5,0
2023-08-13 05:00:00,459.2,13.2,0
2023-08-13 06:00:00,496.5,14.1,0
2023-08-13 07:00:00,535.5,15.3,0
2023-08-13 08:00:00,559.3,14.9,0
2023-08-13 09:00:00,526.9,15.7,0
2023-08-13 10:00:00,508.2,19.2,0
2023-08-13 11:00:00,480.1,20.9,0
2023-08-13 12:00:00,474.3,21.9,0
2023-08-13 13:00:00,480.7,20.1,0
2023-08-13 14:00:00,487.6,19.8,0
2023-08-13 15:00:00,512.7,20.6,0
2023-08-13 16:00:00,579.7,20.7,0
2023-08-13 17:00:00,637.4,20.8,0
2023-08-13 18:00:00,664.5,21.1,0
2023-08-13 19:00:00,652.7,20.5,0
2023-08-13 20:00:00,651.9,20.3,0
2023-08-13 21:00:00,591.3,17.7,0
2023-08-13 22:00:00,520.3,19.0,0
2023-08-13 23:00:00,493.3,17.7,0
2023-08-14 00:00:00,501.6,16.3,0
2023-08-14 01:00:00,454.7,17.0,0
2023-08-14 02:00:00,437.4,17.1,0
2023-08-14 03:00:00,440.3,17.8,0
2023-08-14 04:00:00,453.4,17.3,0
2023-08-14 05:00:00,492.3,18.0,0
2023-08-14 06:00:00,540.9,19.2,0
2023-08-14 07:00:00,584.0,19.0,0
2023-08-14 08:00:00,581.0,19.7,0
2023-08-14 09:00:00,591.8,20.5,0
2023-08-14 10:00:00,600.0,21.3,0
2023-08-14 11:00:00,571.7,21.6,0
2023-08-14 12:00:00,552.9,21.3,0
2023-08-14 13:00:00,558.5,22.4,0
2023-08-14 14:00:00,579.9,23.1,0
2023-08-14 15:00:00,613.5,24.2,0
2023-08-14 16:00:00,645.7,24.0,0
2023-08-14 17:00:00,648.4,23.0,0
2023-08-14 18:00:00,636.1,21.1,0
2023-08-14 19:00:00,632.0,20.4,0
2023-08-14 20:00:00,608.0,19.3,0
2023-08-14 21:00:00,577.8,20.0,0
2023-08-14 22:00:00,541.9,21.0,0
2023-08-14 23:00:00,510.9,21.4,0
2023-08-15 00:00:00,482.1,19.6,0
2023-08-15 01:00:00,484.3,17.6,0
2023-08-15 02:00:00,473.9,17.0,0
2023-08-15 03:00:00,469.5,16.0,0
2023-08-15 04:00:00,484.8,17.4,0
2023-08-15 05:00:00,502.2,17.9,0
2023-08-15 06:00:00,546.3,18.1,0
2023-08-15 07:00:00,569.5,18.9,0
2023-08-15 08:00:00,556.2,21.0,0
2023-08-15 09:00:00,589.3,21.1,0
2023-08-15 10:00:00,580.4,22.5,0
2023-08-15 11:00:00,573.3,22.3,0
2023-08-15 12:00:00,559.6,22.9,0
2023-08-15 13:00:00,553.7,23.0,0
2023-08-15 14:00:00,571.0,23.7,0
2023-08-15 15:00:00,597.3,23.9,0
2023-08-15 16:00:00,642.1,24.8,0
2023-08-15 17:00:00,666.5,25.0,0
2023-08-15 18:00:00,681.2,23.8,0
2023-08-15 19:00:00,665.6,21.8,0
2023-08-15 20:00:00,673.1,20.1,0
2023-08-15 21:00:00,618.4,18.7,0
2023-08-15 22:00:00,577.5,17.5,0
2023-08-15 23:00:00,554.0,15.9,0
2023-08-16 00:00:00,482.6,16.0,0
2023-08-16 01:00:00,463.2,16.2,0
2023-08-16 02:00:00,429.7,15.6,0
2023-08-16 03:00:00,430.2,15.0,0
2023-08-16 04:00:00,455.0,15.0,0
2023-08-16 05:00:00,489.6,15.4,0
2023-08-16 06:00:00,545.7,16.0,0
2023-08-16 07:00:00,581.7,15.4,0
2023-08-16 08:00:00,614.2,16.1,0
2023-08-16 09:00:00,615.3,15.5,0
2023-08-16 10:00:00,557.1,16.7,0
2023-08-16 11:00:00,543.9,18.4,0
2023-08-16 12:00:00,509.7,18.4,0
2023-08-16 13:00:00,525.4,19.3,0
2023-08-16 14:00:00,558.4,19.3,0
2023-08-16 15:00:00,600.4,18.9,0
2023-08-16 16:00:00,632.9,20.7,0
2023-08-16 17:00:00,663.2,21.2,0
2023-08-16 18:00:00,660.6,21.0,0
2023-08-16 19:00:00,673.6,19.8,0
2023-08-16 20:00:00,651.9,19.3,0
2023-08-16 21:00:00,610.1,18.1,0
2023-08-16 22:00:00,555.8,17.5,0
2023-08-16 23:00:00,515.6,15.8,0
2023-08-17 00:00:00,475.2,14.9,0
2023-08-17 01:00:00,486.8,14.0,0
2023-08-17 02:00:00,487.5,12.4,0
2023-08-17 03:00:00,468.3,13.8,0
2023-08-17 04:00:00,494.1,14.7,0
2023-08-17 05:00:00,536.9,14.5,0
2023-08-17 06:00:00,572.6,13.9,0
2023-08-17 07:00:00,595.4,14.1,0
2023-08-17 08:00:00,612.8,14.5,0
2023-08-17 09:00:00,602.7,15.1,0
2023-08-17 10:00:00,591.9,14.9,0
2023-08-17 11:00:00,551.7,15.3,0
2023-08-17 12:00:00,560.6,16.4,0
2023-08-17 13:00:00,556.3,17.6,0
2023-08-17 14:00:00,600.0,16.4,0
2023-08-17 15:00:00,577.8,16.7,0
2023-08-17 16:00:00,595.3,15.9,0
2023-08-17 17:00:00,608.6,14.8,0
2023-08-17 18:00:00,641.0,14.2,0
2023-08-17 19:00:00,657.1,13.0,0
2023-08-17 20:00:00,627.1,12.9,0
2023-08-17 21:00:00,599.7,12.7,0
2023-08-17 22:00:00,579.3,11.6,0
2023-08-17 23:00:00,554.9,10.3,0
2023-08-18 00:00:00,512.4,11.2,0
2023-08-18 01:00:00,478.6,12.3,0
2023-08-18 02:00:00,468.4,12.4,0
2023-08-18 03:00:00,465.0,12.2,0
2023-08-18 04:00:00,465.7,13.3,0
2023-08-18 05:00:00,474.9,15.1,0
2023-08-18 06:00:00,522.3,15.3,0
2023-08-18 07:00:00,558.6,17.7,0
2023-08-18 08:00:00,608.2,18.6,0
2023-08-18 09:00:00,567.5,20.6,0
2023-08-18 10:00:00,552.6,21.1,0
2023-08-18 11:00:00,539.1,22.1,0
2023-08-18 12:00:00,541.3,22.5,0
2023-08-18 13:00:00,550.3,23.2,0
2023-08-18 14:00:00,615.7,24.5,0
2023-08-18 15:00:00,606.0,23.8,0
2023-08-18 16:00:00,602.9,23.3,0
2023-08-18 17:00:00,650.8,23.4,0
2023-08-18 18:00:00,651.0,22.4,0
2023-08-18 19:00:00,665.2,23.3,0
2023-08-18 20:00:00,628.2,21.0,0
2023-08-18 21:00:00,629.3,22.2,0
2023-08-18 22:00:00,575.6,20.5,0
2023-08-18 23:00:00,579.1,20.3,0
2023-08-19 00:00:00,476.3,20.8,0
2023-08-19 01:00:00,462.1,20.5,0
2023-08-19 02:00:00,449.7,18.7,0
2023-08-19 03:00:00,427.2,18.2,0
2023-08-19 04:00:00,437.9,18.3,0
2023-08-19 05:00:00,463.2,19.1,0
2023-08-19 06:00:00,488.9,20.5,0
2023-08-19 07:00:00,500.1,22.2,0
2023-08-19 08:00:00,535.4,24.3,0
2023-08-19 09:00:00,531.8,24.3,0
2023-08-19 10:00:00,551.9,26.1,0
2023-08-19 11:00:00,496.3,25.3,0
2023-08-19 12:00:00,513.8,26.2,0
2023-08-19 13:00:00,525.9,25.7,0
2023-08-19 14:00:00,507.4,24.5,0
2023-08-19 15:00:00,571.2,25.4,0
2023-08-19 16:00:00,599.8,25.2,0
2023-08-19 17:00:00,633.3,25.6,0
2023-08-19 18:00:00,601.3,23.5,0
2023-08-19 19:00:00,572.0,21.5,0
2023-08-19 20:00:00,542.2,20.4,0
2023-08-19 21:00:00,510.6,18.8,0
2023-08-19 22:00:00,466.9,17.8,0
2023-08-19 23:00:00,449.1,16.3,0
2023-08-20 00:00:00,444.9,15.1,0
2023-08-20 01:00:00,406.4,13.5,0
2023-08-20 02:00:00,405.7,14.3,0
2023-08-20 03:00:00,412.3,13.9,0
2023-08-20 04:00:00,435.4,13.1,0
2023-08-20 05:00:00,461.3,14.1,0
2023-08-20 06:00:00,491.6,15.2,0
2023-08-20 07:00:00,516.3,16.3,0
2023-08-20 08:00:00,529.0,17.5,0
2023-08-20 09:00:00,511.0,18.2,0
2023-08-20 10:00:00,485.1,19.1,0
2023-08-20 11:00:00,472.4,18.2,0
2023-08-20 12:00:00,465.5,17.7,0
2023-08-20 13:00:00,469.3,17.4,0
2023-08-20 14:00:00,468.4,18.2,0
2023-08-20 15:00:00,474.0,19.5,0
2023-08-20 16:00:00,547.4,19.4,0
2023-08-20 17:00:00,589.6,18.8,0
2023-08-20 18:00:00,625.1,19.3,0
2023-08-20 19:00:00,624.2,18.3,0
2023-08-20 20:00:00,607.8,18.0,0
2023-08-20 21:00:00,582.7,17.4,0
2023-08-20 22:00:00,564.3,15.2,0
2023-08-20 23:00:00,531.4,14.6,0
2023-08-21 00:00:00,557.9,13.9,0
2023-08-21 01:00:00,558.8,12.3,0
2023-08-21 02:00:00,522.6,11.1,0
2023-08-21 03:00:00,526.6,10.0,0
2023-08-21 04:00:00,530.9,11.5,0
2023-08-21 05:00:00,525.4,13.9,0
2023-08-21 06:00:00,546.1,15.2,0
2023-08-21 07:00:00,597.0,17.5,0
2023-08-21 08:00:00,617.6,17.2,0
2023-08-21 09:00:00,608.8,19.5,0
2023-08-21 10:00:00,580.5,22.3,0
2023-08-21 11:00:00,593.4,24.7,0
2023-08-21 12:00:00,632.4,24.5,0
2023-08-21 13:00:00,653.4,26.1,0
2023-08-21 14:00:00,641.5,26.3,0
2023-08-21 15:00:00,658.1,27.3,0
2023-08-21 16:00:00,687.4,26.4,0
2023-08-21 17:00:00,716.9,25.9,0
2023-08-21 18:00:00,696.1,24.7,0
2023-08-21 19:00:00,710.6,24.2,0
2023-08-21 20:00:00,687.6,23.0,0
2023-08-21 21:00:00,631.4,22.9,0
2023-08-21 22:00:00,580.4,22.5,0
2023-08-21 23:00:00,562.6,21.8,0
2023-08-22 00:00:00,520.6,20.7,0
2023-08-22 01:00:00,516.1,19.6,0
2023-08-22 02:00:00,522.1,19.1,0
2023-08-22 03:00:00,505.6,19.5,0
2023-08-22 04:00:00,518.1,19.6,0
2023-08-22 05:00:00,517.7,20.2,0
2023-08-22 06:00:00,562.1,20.6,0
2023-08-22 07:00:00,609.0,21.3,0
2023-08-22 08:00:00,575.6,21.5,0
2023-08-22 09:00:00,556.7,20.7,0
2023-08-22 10:00:00,552.6,22.2,0
2023-08-22 11:00:00,526.1,23.6,0
2023-08-22 12:00:00,522.3,23.5,0
2023-08-22 13:00:00,579.7,25.8,0
2023-08-22 14:00:00,578.5,25.1,0
2023-08-22 15:00:00,635.1,26.0,0
2023-08-22 16:00:00,666.1,26.0,0
2023-08-22 17:00:00,714.2,25.8,0
2023-08-22 18:00:00,736.6,26.1,0
2023-08-22 19:00:00,724.2,26.0,0
2023-08-22 20:00:00,662.1,24.9,0
2023-08-22 21:00:00,570.2,22.8,0
2023-08-22 22:00:00,539.8,20.5,0
2023-08-22 23:00:00,525.5,19.6,0
2023-08-23 00:00:00,487.9,20.0,0
2023-08-23 01:00:00,465.8,20.1,0
2023-08-23 02:00:00,457.2,19.5,0
2023-08-23 03:00:00,478.7,19.5,0
2023-08-23 04:00:00,494.9,20.2,0
2023-08-23 05:00:00,539.4,21.9,0
2023-08-23 06:00:00,576.0,21.7,0
2023-08-23 07:00:00,602.1,23.0,0
2023-08-23 08:00:00,665.2,24.0,0
2023-08-23 09:00:00,639.8,24.2,0
2023-08-23 10:00:00,590.0,24.2,0
2023-08-23 11:00:00,602.9,26.2,0
2023-08-23 12:00:00,623.4,27.1,0
2023-08-23 13:00:00,644.3,27.4,0
2023-08-23 14:00:00,666.5,27.7,0
2023-08-23 15:00:00,704.0,28.6,0
2023-08-23 16:00:00,752.8,28.4,0
2023-08-23 17:00:00,818.8,29.3,0
2023-08-23 18:00:00,806.7,28.2,0
2023-08-23 19:00:00,746.5,26.5,0
2023-08-23 20:00:00,720.1,25.2,0
2023-08-23 21:00:00,665.0,23.2,0
2023-08-23 22:00:00,600.7,21.7,0
2023-08-23 23:00:00,593.8,21.7,0
2023-08-24 00:00:00,551.0,22.2,0
2023-08-24 01:00:00,528.1,21.9,0
2023-08-24 02:00:00,533.2,21.5,0
2023-08-24 03:00:00,514.2,20.4,0
2023-08-24 04:00:00,522.4,19.4,0
2023-08-24 05:00:00,562.7,20.0,0
2023-08-24 06:00:00,591.5,20.7,0
2023-08-24 07:00:00,593.5,20.9,0
2023-08-24 08:00:00,597.7,21.3,0
2023-08-24 09:00:00,612.3,23.6,0
2023-08-24 10:00:00,614.5,25.4,0
2023-08-24 11:00:00,617.3,26.3,0
2023-08-24 12:00:00,641.2,27.1,0
2023-08-24 13:00:00,678.0,28.7,0
2023-08-24 14:00:00,685.6,29.3,0
2023-08-24 15:00:00,722.6,29.4,0
2023-08-24 16:00:00,729.2,27.7,0
2023-08-24 17:00:00,706.2,25.6,0
2023-08-24 18:00:00,692.9,23.2,0
2023-08-24 19:00:00,690.7,20.3,0
2023-08-24 20:00:00,668.5,19.3,0
2023-08-24 21:00:00,609.0,18.6,0
2023-08-24 22:00:00,584.6,16.8,0
2023-08-24 23:00:00,570.9,16.2,0
2023-08-25 00:00:00,515.9,15.7,0
2023-08-25 01:00:00,511.9,15.0,0
2023-08-25 02:00:00,493.9,13.3,0
2023-08-25 03:00:00,473.0,14.5,0
2023-08-25 04:00:00,473.7,15.9,0
2023-08-25 05:00:00,521.7,15.7,0
2023-08-25 06:00:00,570.3,18.1,0
2023-08-25 07:00:00,601.6,18.9,0
2023-08-25 08:00:00,641.8,19.1,0
2023-08-25 09:00:00,617.9,19.7,0
2023-08-25 10:00:00,610.6,19.1,0
2023-08-25 11:00:00,578.2,19.7,0
2023-08-25 12:00:00,529.6,19.1,0
2023-08-25 13:00:00,545.2,20.9,0
2023-08-25 14:00:00,559.5,21.6,0
2023-08-25 15:00:00,557.2,20.5,0
2023-08-25 16:00:00,587.8,21.0,0
2023-08-25 17:00:00,635.6,19.1,0
2023-08-25 18:00:00,655.7,18.7,0
2023-08-25 19:00:00,671.1,18.4,0
2023-08-25 20:00:00,622.4,17.5,0
2023-08-25 21:00:00,627.0,15.5,0
2023-08-25 22:00:00,589.8,14.5,0
2023-08-25 23:00:00,557.4,13.5,0
2023-08-26 00:00:00,448.6,12.7,0
2023-08-26 01:00:00,425.1,13.5,0
2023-08-26 02:00:00,390.4,14.6,0
2023-08-26 03:00:00,378.6,15.9,0
2023-08-26 04:00:00,402.3,15.5,0
2023-08-26 05:00:00,446.4,15.2,0
2023-08-26 06:00:00,462.8,15.8,0
2023-08-26 07:00:00,505.8,17.0,0
2023-08-26 08:00:00,518.4,16.1,0
2023-08-26 09:00:00,553.7,16.7,0
2023-08-26 10:00:00,541.6,19.4,0
2023-08-26 11:00:00,529.3,19.2,0
2023-08-26 12:00:00,516.3,19.4,0
2023-08-26 13:00:00,515.8,19.5,0
2023-08-26 14:00:00,514.6,20.4,0
2023-08-26 15:00:00,518.6,20.5,0
2023-08-26 16:00:00,576.5,20.2,0
2023-08-26 17:00:00,628.5,18.5,0
2023-08-26 18:00:00,660.4,18.5,0
2023-08-26 19:00:00,632.5,17.7,0
2023-08-26 20:00:00,603.1,16.3,0
2023-08-26 21:00:00,574.7,15.3,0
2023-08-26 22:00:00,538.1,15.1,0
2023-08-26 23:00:00,489.5,12.9,0
2023-08-27 00:00:00,463.8,10.7,0
2023-08-27 01:00:00,442.4,9.2,0
2023-08-27 02:00:00,429.1,8.2,0
2023-08-27 03:00:00,469.2,5.5,0
2023-08-27 04:00:00,434.7,5.4,0
2023-08-27 05:00:00,474.6,7.1,0
2023-08-27 06:00:00,492.3,7.6,0
2023-08-27 07:00:00,507.7,9.6,0
2023-08-27 08:00:00,540.3,8.2,0
2023-08-27 09:00:00,526.6,9.4,0
2023-08-27 10:00:00,494.1,12.0,0
2023-08-27 11:00:00,457.9,14.6,0
2023-08-27 12:00:00,455.0,15.1,0
2023-08-27 13:00:00,441.1,15.2,0
2023-08-27 14:00:00,456.6,16.1,0
2023-08-27 15:00:00,484.6,15.4,0
2023-08-27 16:00:00,518.2,15.1,0
2023-08-27 17:00:00,582.5,13.4,0
2023-08-27 18:00:00,605.1,13.1,0
2023-08-27 19:00:00,599.7,12.5,0
2023-08-27 20:00:00,609.7,13.3,0
2023-08-27 21:00:00,595.2,12.7,0
2023-08-27 22:00:00,571.7,11.3,0
2023-08-27 23:00:00,542.5,10.4,0
2023-08-28 00:00:00,600.5,8.5,0
2023-08-28 01:00:00,588.1,8.1,0
2023-08-28 02:00:00,571.3,7.7,0
2023-08-28 03:00:00,557.3,8.1,0
2023-08-28 04:00:00,568.7,9.3,0
2023-08-28 05:00:00,600.3,8.0,0
2023-08-28 06:00:00,607.2,9.2,0
2023-08-28 07:00:00,587.4,10.8,0
2023-08-28 08:00:00,618.9,10.9,0
2023-08-28 09:00:00,600.7,13.8,0
2023-08-28 10:00:00,594.5,14.3,0
2023-08-28 11:00:00,575.0,17.7,0
2023-08-28 12:00:00,576.1,19.3,0
2023-08-28 13:00:00,577.1,20.8,0
2023-08-28 14:00:00,579.5,21.5,0
2023-08-28 15:00:00,595.8,22.6,0
2023-08-28 16:00:00,591.8,21.5,0
2023-08-28 17:00:00,605.9,20.4,0
2023-08-28 18:00:00,670.8,18.0,0
2023-08-28 19:00:00,656.3,17.8,0
2023-08-28 20:00:00,624.0,16.2,0
2023-08-28 21:00:00,625.9,16.0,0
2023-08-28 22:00:00,594.7,15.5,0
2023-08-28 23:00:00,541.5,13.4,0
2023-08-29 00:00:00,464.9,13.2,0
2023-08-29 01:00:00,438.4,12.8,0
2023-08-29 02:00:00,437.8,12.7,0
2023-08-29 03:00:00,461.1,13.0,0
2023-08-29 04:00:00,485.5,13.1,0
2023-08-29 05:00:00,503.2,13.6,0
2023-08-29 06:00:00,550.7,15.2,0
2023-08-29 07:00:00,559.6,15.1,0
2023-08-29 08:00:00,574.8,15.0,0
2023-08-29 09:00:00,593.5,15.5,0
2023-08-29 10:00:00,620.5,17.5,0
2023-08-29 11:00:00,581.6,18.2,0
2023-08-29 12:00:00,548.1,20.8,0
2023-08-29 13:00:00,549.5,18.7,0
2023-08-29 14:00:00,561.7,18.5,0
2023-08-29 15:00:00,594.0,18.4,0
2023-08-29 16:00:00,632.1,18.6,0
2023-08-29 17:00:00,689.4,19.5,0
2023-08-29 18:00:00,735.4,18.8,0
2023-08-29 19:00:00,733.3,17.1,0
2023-08-29 20:00:00,680.9,17.0,0
2023-08-29 21:00:00,634.4,17.4,0
2023-08-29 22:00:00,602.1,14.1,0
2023-08-29 23:00:00,573.8,13.7,0
2023-08-30 00:00:00,553.3,13.1,0
2023-08-30 01:00:00,553.8,11.8,0
2023-08-30 02:00:00,547.0,11.0,0
2023-08-30 03:00:00,538.4,11.2,0
2023-08-30 04:00:00,557.6,11.5,0
2023-08-30 05:00:00,560.1,11.7,0
2023-08-30 06:00:00,571.4,11.4,0
2023-08-30 07:00:00,588.9,12.6,0
2023-08-30 08:00:00,587.7,13.1,0
2023-08-30 09:00:00,574.7,14.3,0
2023-08-30 10:00:00,520.6,14.9,0
2023-08-30 11:00:00,512.0,16.2,0
2023-08-30 12:00:00,498.9,17.8,0
2023-08-30 13:00:00,519.1,18.7,0
2023-08-30 14:00:00,549.7,19.8,0
2023-08-30 15:00:00,581.9,18.7,0
2023-08-30 16:00:00,587.9,19.1,0
2023-08-30 17:00:00,631.0,19.1,0
2023-08-30 18:00:00,662.5,17.9,0
2023-08-30 19:00:00,646.0,17.0,0
2023-08-30 20:00:00,638.2,13.6,0
2023-08-30 21:00:00,595.0,12.8,0
2023-08-30 22:00:00,549.2,11.6,0
2023-08-30 23:00:00,563.0,8.7,0
2023-08-31 00:00:00,522.7,8.4,0
2023-08-31 01:00:00,560.3,7.4,0
2023-08-31 02:00:00,552.3,7.5,0
2023-08-31 03:00:00,541.5,7.3,0
2023-08-31 04:00:00,547.6,8.1,0
2023-08-31 05:00:00,565.4,8.7,0
2023-08-31 06:00:00,590.5,9.3,0
2023-08-31 07:00:00,595.6,10.7,0
2023-08-31 08:00:00,590.0,12.6,0
2023-08-31 09:00:00,619.7,11.7,0
2023-08-31 10:00:00,580.5,12.9,0
2023-08-31 11:00:00,586.4,13.5,0
2023-08-31 12:00:00,557.2,13.5,0
2023-08-31 13:00:00,563.9,15.6,0
2023-08-31 14:00:00,569.6,17.0,0
2023-08-31 15:00:00,610.7,16.3,0
2023-08-31 16:00:00,638.5,15.4,0
2023-08-31 17:00:00,669.1,15.9,0
2023-08-31 18:00:00,680.1,14.8,0
2023-08-31 19:00:00,684.4,13.9,0
2023-08-31 20:00:00,680.9,11.3,0
2023-08-31 21:00:00,662.4,10.4,0
2023-08-31 22:00:00,619.5,10.6,0
2023-08-31 23:00:00,601.7,9.4,0
2023-09-01 00:00:00,563.2,8.5,0
2023-09-01 01:00:00,507.4,9.6,0
2023-09-01 02:00:00,503.2,10.1,0
2023-09-01 03:00:00,477.2,11.4,0
2023-09-01 04:00:00,490.2,12.2,0
2023-09-01 05:00:00,502.6,13.7,0
2023-09-01 06:00:00,536.3,12.8,0
2023-09-01 07:00:00,571.0,13.0,0
2023-09-01 08:00:00,573.4,12.5,0
2023-09-01 09:00:00,568.3,15.7,0
2023-09-01 10:00:00,581.6,16.9,0
2023-09-01 11:00:00,587.7,17.8,0
2023-09-01 12:00:00,599.6,18.0,0
2023-09-01 13:00:00,606.7,17.8,0
2023-09-01 14:00:00,611.3,15.8,0
2023-09-01 15:00:00,653.3,18.1,0
2023-09-01 16:00:00,670.5,18.0,0
2023-09-01 17:00:00,709.1,17.8,0
2023-09-01 18:00:00,730.1,16.0,0
2023-09-01 19:00:00,721.6,15.2,0
2023-09-01 20:00:00,674.6,14.7,0
2023-09-01 21:00:00,642.0,13.7,0
2023-09-01 22:00:00,636.2,13.3,0
2023-09-01 23:00:00,618.3,11.7,0
2023-09-02 00:00:00,503.0,11.1,0
2023-09-02 01:00:00,487.2,11.4,0
2023-09-02 02:00:00,465.7,11.6,0
2023-09-02 03:00:00,458.3,11.9,0
2023-09-02 04:00:00,452.7,11.9,0
2023-09-02 05:00:00,491.5,11.5,0
2023-09-02 06:00:00,509.7,12.7,0
2023-09-02 07:00:00,534.4,13.2,0
2023-09-02 08:00:00,548.0,13.4,0
2023-09-02 09:00:00,513.0,15.2,0
2023-09-02 10:00:00,523.2,14.9,0
2023-09-02 11:00:00,530.7,15.4,0
2023-09-02 12:00:00,501.9,17.1,0
2023-09-02 13:00:00,538.7,18.7,0
2023-09-02 14:00:00,538.4,18.8,0
2023-09-02 15:00:00,543.9,19.1,0
2023-09-02 16:00:00,575.6,19.5,0
2023-09-02 17:00:00,612.8,19.1,0
2023-09-02 18:00:00,622.1,17.8,0
2023-09-02 19:00:00,626.0,17.4,0
2023-09-02 20:00:00,577.8,16.7,0
2023-09-02 21:00:00,556.0,15.8,0
2023-09-02 22:00:00,511.8,15.8,0
2023-09-02 23:00:00,467.0,15.1,0
2023-09-03 00:00:00,434.9,13.7,0
2023-09-03 01:00:00,409.3,13.3,0
2023-09-03 02:00:00,418.6,14.6,0
2023-09-03 03:00:00,447.6,13.8,0
2023-09-03 04:00:00,437.5,13.7,0
2023-09-03 05:00:00,455.8,13.3,0
2023-09-03 06:00:00,468.5,14.3,0
2023-09-03 07:00:00,486.4,14.0,0
2023-09-03 08:00:00,493.6,15.4,0
2023-09-03 09:00:00,496.6,17.1,0
2023-09-03 10:00:00,462.7,17.5,0
2023-09-03 11:00:00,466.6,17.7,0
2023-09-03 12:00:00,496.9,17.2,0
2023-09-03 13:00:00,476.5,18.0,0
2023-09-03 14:00:00,487.2,17.5,0
2023-09-03 15:00:00,500.5,17.1,0
2023-09-03 16:00:00,494.2,16.8,0
2023-09-03 17:00:00,508.0,15.9,0
2023-09-03 18:00:00,575.3,16.1,0
2023-09-03 19:00:00,580.3,16.8,0
2023-09-03 20:00:00,589.6,14.0,0
2023-09-03 21:00:00,561.3,12.4,0
2023-09-03 22:00:00,545.6,11.7,0
2023-09-03 23:00:00,549.8,9.9,0
2023-09-04 00:00:00,569.8,8.7,0
2023-09-04 01:00:00,579.8,8.4,0
2023-09-04 02:00:00,577.0,9.4,0
2023-09-04 03:00:00,553.7,10.4,0
2023-09-04 04:00:00,558.5,10.4,0
2023-09-04 05:00:00,553.3,11.0,0
2023-09-04 06:00:00,608.2,11.4,0
2023-09-04 07:00:00,612.8,12.1,0
2023-09-04 08:00:00,627.3,12.1,0
2023-09-04 09:00:00,614.0,11.7,0
2023-09-04 10:00:00,584.1,12.5,0
2023-09-04 11:00:00,573.6,14.5,0
2023-09-04 12:00:00,562.1,16.2,0
2023-09-04 13:00:00,576.7,15.3,0
2023-09-04 14:00:00,580.4,15.7,0
2023-09-04 15:00:00,615.7,15.4,0
2023-09-04 16:00:00,623.7,15.7,0
2023-09-04 17:00:00,645.9,14.4,0
2023-09-04 18:00:00,613.8,14.8,0
2023-09-04 19:00:00,647.2,14.0,0
2023-09-04 20:00:00,646.5,13.7,0
2023-09-04 21:00:00,590.6,13.5,0
2023-09-04 22:00:00,561.8,10.9,0
2023-09-04 23:00:00,552.6,9.9,0
2023-09-05 00:00:00,497.9,10.4,0
2023-09-05 01:00:00,519.6,9.9,0
2023-09-05 02:00:00,536.9,10.6,0
2023-09-05 03:00:00,533.8,10.9,0
2023-09-05 04:00:00,547.1,10.6,0
2023-09-05 05:00:00,558.0,11.4,0
2023-09-05 06:00:00,557.3,13.0,0
2023-09-05 07:00:00,558.7,15.0,0
2023-09-05 08:00:00,568.6,17.3,0
2023-09-05 09:00:00,569.3,17.3,0
2023-09-05 10:00:00,576.4,19.1,0
2023-09-05 11:00:00,546.5,18.8,0
2023-09-05 12:00:00,544.2,19.5,0
2023-09-05 13:00:00,575.1,19.9,0
2023-09-05 14:00:00,609.3,20.9,0
2023-09-05 15:00:00,636.8,21.3,0
2023-09-05 16:00:00,674.1,22.3,0
2023-09-05 17:00:00,657.2,21.3,0
2023-09-05 18:00:00,671.5,21.4,0
2023-09-05 19:00:00,675.8,20.9,0
2023-09-05 20:00:00,651.2,19.9,0
2023-09-05 21:00:00,627.8,17.7,0
2023-09-05 22:00:00,608.8,17.2,0
2023-09-05 23:00:00,590.0,16.4,0
2023-09-06 00:00:00,526.8,16.1,0
2023-09-06 01:00:00,506.0,15.4,0
2023-09-06 02:00:00,482.2,14.7,0
2023-09-06 03:00:00,501.5,14.9,0
2023-09-06 04:00:00,517.2,15.4,0
2023-09-06 05:00:00,559.5,16.3,0
2023-09-06 06:00:00,588.6,18.6,0
2023-09-06 07:00:00,596.5,18.7,0
2023-09-06 08:00:00,608.8,21.3,0
2023-09-06 09:00:00,587.3,19.6,0
2023-09-06 10:00:00,548.0,21.4,0
2023-09-06 11:00:00,508.7,21.5,0
2023-09-06 12:00:00,542.9,24.0,0
2023-09-06 13:00:00,536.9,23.8,0
2023-09-06 14:00:00,555.2,25.0,0
2023-09-06 15:00:00,558.1,24.1,0
2023-09-06 16:00:00,581.7,22.9,0
2023-09-06 17:00:00,623.6,23.1,0
2023-09-06 18:00:00,649.0,23.2,0
2023-09-06 19:00:00,636.8,21.6,0
2023-09-06 20:00:00,636.1,22.7,0
2023-09-06 21:00:00,593.0,21.3,0
2023-09-06 22:00:00,593.1,21.5,0
2023-09-06 23:00:00,553.8,19.5,0
2023-09-07 00:00:00,469.1,17.5,0
2023-09-07 01:00:00,452.6,16.8,0
2023-09-07 02:00:00,462.9,15.4,0
2023-09-07 03:00:00,473.0,15.6,0
2023-09-07 04:00:00,501.7,13.7,0
2023-09-07 05:00:00,537.4,14.3,0
2023-09-07 06:00:00,596.5,14.4,0
2023-09-07 07:00:00,611.4,14.3,0
2023-09-07 08:00:00,640.1,15.5,0
2023-09-07 09:00:00,631.7,16.3,0
2023-09-07 10:00:00,603.8,17.0,0
2023-09-07 11:00:00,605.8,18.7,0
2023-09-07 12:00:00,609.2,19.8,0
2023-09-07 13:00:00,570.3,20.8,0
2023-09-07 14:00:00,591.7,22.3,0
2023-09-07 15:00:00,620.4,22.4,0
2023-09-07 16:00:00,629.2,22.9,0
2023-09-07 17:00:00,644.9,22.1,0
2023-09-07 18:00:00,665.4,21.9,0
2023-09-07 19:00:00,663.5,21.5,0
2023-09-07 20:00:00,658.0,20.0,0
2023-09-07 21:00:00,639.9,17.5,0
2023-09-07 22:00:00,580.4,15.3,0
2023-09-07 23:00:00,518.6,13.5,0
2023-09-08 00:00:00,475.6,13.1,0
2023-09-08 01:00:00,483.5,12.3,0
2023-09-08 02:00:00,490.2,11.7,0
2023-09-08 03:00:00,513.7,12.0,0
2023-09-08 04:00:00,540.1,12.8,0
2023-09-08 05:00:00,571.7,14.5,0
2023-09-08 06:00:00,578.3,14.5,0
2023-09-08 07:00:00,627.6,15.8,0
2023-09-08 08:00:00,621.5,17.4,0
2023-09-08 09:00:00,641.3,17.5,0
2023-09-08 10:00:00,631.4,18.6,0
2023-09-08 11:00:00,612.0,18.7,0
2023-09-08 12:00:00,603.1,19.4,0
2023-09-08 13:00:00,601.1,20.4,0
2023-09-08 14:00:00,597.9,19.3,0
2023-09-08 15:00:00,589.9,18.6,0
2023-09-08 16:00:00,635.4,17.8,0
2023-09-08 17:00:00,676.2,17.6,0
2023-09-08 18:00:00,704.8,16.4,0
2023-09-08 19:00:00,694.3,16.0,0
2023-09-08 20:00:00,683.5,14.3,0
2023-09-08 21:00:00,637.2,12.9,0
2023-09-08 22:00:00,582.1,12.5,0
2023-09-08 23:00:00,583.1,12.0,0
2023-09-09 00:00:00,477.0,11.2,0
2023-09-09 01:00:00,458.3,10.6,0
2023-09-09 02:00:00,439.7,11.2,0
2023-09-09 03:00:00,459.5,12.3,0
2023-09-09 04:00:00,473.7,12.1,0
2023-09-09 05:00:00,487.6,11.9,0
2023-09-09 06:00:00,503.6,11.6,0
2023-09-09 07:00:00,510.6,14.1,0
2023-09-09 08:00:00,527.6,14.2,0
2023-09-09 09:00:00,502.6,14.1,0
2023-09-09 10:00:00,484.3,15.5,0
2023-09-09 11:00:00,466.6,17.4,0
2023-09-09 12:00:00,441.4,17.2,0
2023-09-09 13:00:00,442.2,17.8,0
2023-09-09 14:00:00,445.0,17.0,0
2023-09-09 15:00:00,477.4,16.6,0
2023-09-09 16:00:00,542.7,18.0,0
2023-09-09 17:00:00,608.6,17.8,0
2023-09-09 18:00:00,610.6,17.0,0
2023-09-09 19:00:00,607.8,16.3,0
2023-09-09 20:00:00,593.0,15.7,0
2023-09-09 21:00:00,550.5,14.6,0
2023-09-09 22:00:00,500.9,12.6,0
2023-09-09 23:00:00,483.5,10.6,0
2023-09-10 00:00:00,428.0,11.6,0
2023-09-10 01:00:00,414.4,10.3,0
2023-09-10 02:00:00,412.9,11.0,0
2023-09-10 03:00:00,422.7,10.3,0
2023-09-10 04:00:00,416.4,11.7,0
2023-09-10 05:00:00,467.4,12.7,0
2023-09-10 06:00:00,494.6,13.2,0
2023-09-10 07:00:00,548.4,15.8,0
2023-09-10 08:00:00,553.9,15.9,0
2023-09-10 09:00:00,550.0,16.7,0
2023-09-10 10:00:00,522.5,16.9,0
2023-09-10 11:00:00,497.6,17.2,0
2023-09-10 12:00:00,469.0,17.8,0
2023-09-10 13:00:00,449.1,17.6,0
2023-09-10 14:00:00,448.9,17.8,0
2023-09-10 15:00:00,490.0,19.4,0
2023-09-10 16:00:00,540.0,17.7,0
2023-09-10 17:00:00,589.9,16.3,0
2023-09-10 18:00:00,590.6,14.9,0
2023-09-10 19:00:00,619.6,13.8,0
2023-09-10 20:00:00,599.9,13.9,0
2023-09-10 21:00:00,546.4,13.6,0
2023-09-10 22:00:00,512.1,13.0,0
2023-09-10 23:00:00,493.0,12.3,0
2023-09-11 00:00:00,516.7,13.5,0
2023-09-11 01:00:00,481.0,11.9,0
2023-09-11 02:00:00,463.0,10.5,0
2023-09-11 03:00:00,482.7,10.4,0
2023-09-11 04:00:00,505.5,10.8,0
2023-09-11 05:00:00,515.4,11.0,0
2023-09-11 06:00:00,552.5,10.9,0
2023-09-11 07:00:00,604.0,10.7,0
2023-09-11 08:00:00,615.6,11.5,0
2023-09-11 09:00:00,603.1,12.0,0
2023-09-11 10:00:00,554.1,12.7,0
2023-09-11 11:00:00,522.2,12.9,0
2023-09-11 12:00:00,519.3,15.0,0
2023-09-11 13:00:00,523.4,16.2,0
2023-09-11 14:00:00,543.2,18.4,0
2023-09-11 15:00:00,549.0,18.1,0
2023-09-11 16:00:00,547.5,18.1,0
2023-09-11 17:00:00,584.6,17.5,0
2023-09-11 18:00:00,612.6,17.0,0
2023-09-11 19:00:00,618.4,16.0,0
2023-09-11 20:00:00,626.8,14.9,0
2023-09-11 21:00:00,626.2,12.2,0
2023-09-11 22:00:00,604.2,11.0,0
2023-09-11 23:00:00,582.6,10.8,0
2023-09-12 00:00:00,565.4,8.2,0
2023-09-12 01:00:00,555.3,7.4,0
2023-09-12 02:00:00,560.1,7.6,0
2023-09-12 03:00:00,518.4,8.8,0
2023-09-12 04:00:00,542.0,8.9,0
2023-09-12 05:00:00,562.7,9.8,0
2023-09-12 06:00:00,573.4,12.1,0
2023-09-12 07:00:00,568.7,14.1,0
2023-09-12 08:00:00,591.8,14.7,0
2023-09-12 09:00:00,570.9,15.2,0
2023-09-12 10:00:00,538.2,17.2,0
2023-09-12 11:00:00,524.2,18.3,0
2023-09-12 12:00:00,515.2,18.7,0
2023-09-12 13:00:00,518.9,19.1,0
2023-09-12 14:00:00,520.6,19.8,0
2023-09-12 15:00:00,547.0,19.8,0
2023-09-12 16:00:00,612.2,19.4,0
2023-09-12 17:00:00,646.2,18.8,0
2023-09-12 18:00:00,654.0,16.9,0
2023-09-12 19:00:00,642.9,17.6,0
2023-09-12 20:00:00,613.4,17.8,0
2023-09-12 21:00:00,607.3,18.1,0
2023-09-12 22:00:00,582.8,16.9,0
2023-09-12 23:00:00,582.6,16.0,0
2023-09-13 00:00:00,543.2,15.4,0
2023-09-13 01:00:00,552.7,15.5,0
2023-09-13 02:00:00,509.1,13.3,0
2023-09-13 03:00:00,479.0,13.5,0
2023-09-13 04:00:00,499.6,12.7,0
2023-09-13 05:00:00,531.7,13.0,0
2023-09-13 06:00:00,545.0,13.0,0
2023-09-13 07:00:00,566.5,15.4,0
2023-09-13 08:00:00,578.2,16.8,0
2023-09-13 09:00:00,588.5,17.7,0
2023-09-13 10:00:00,557.7,19.9,0
2023-09-13 11:00:00,524.5,20.7,0
2023-09-13 12:00:00,509.3,20.8,0
2023-09-13 13:00:00,500.8,21.2,0
2023-09-13 14:00:00,520.0,21.3,0
2023-09-13 15:00:00,546.3,21.4,0
2023-09-13 16:00:00,597.4,22.0,0
2023-09-13 17:00:00,625.0,21.4,0
2023-09-13 18:00:00,645.7,20.6,0
2023-09-13 19:00:00,635.5,20.7,0
2023-09-13 20:00:00,651.6,19.9,0
2023-09-13 21:00:00,601.5,19.6,0
2023-09-13 22:00:00,579.9,18.6,0
2023-09-13 23:00:00,565.7,16.3,0
2023-09-14 00:00:00,508.0,14.3,0
2023-09-14 01:00:00,519.6,12.1,0
2023-09-14 02:00:00,512.8,12.7,0
2023-09-14 03:00:00,495.7,12.9,0
2023-09-14 04:00:00,483.2,12.6,0
2023-09-14 05:00:00,508.2,12.1,0
2023-09-14 06:00:00,532.8,13.1,0
2023-09-14 07:00:00,549.6,13.8,0
2023-09-14 08:00:00,555.5,15.0,0
2023-09-14 09:00:00,567.1,15.3,0
2023-09-14 10:00:00,541.5,15.4,0
2023-09-14 11:00:00,511.5,17.8,0
2023-09-14 12:00:00,510.4,17.7,0
2023-09-14 13:00:00,537.0,18.4,0
2023-09-14 14:00:00,530.1,20.0,0
2023-09-14 15:00:00,536.7,18.5,0
2023-09-14 16:00:00,598.1,19.0,0
2023-09-14 17:00:00,601.3,18.7,0
2023-09-14 18:00:00,627.9,17.9,0
2023-09-14 19:00:00,656.1,17.4,0
2023-09-14 20:00:00,632.0,15.4,0
2023-09-14 21:00:00,597.6,12.4,0
2023-09-14 22:00:00,565.3,13.1,0
2023-09-14 23:00:00,562.9,12.0,0
2023-09-15 00:00:00,512.1,11.8,0
2023-09-15 01:00:00,500.3,12.2,0
2023-09-15 02:00:00,486.0,12.1,0
2023-09-15 03:00:00,493.7,12.3,0
2023-09-15 04:00:00,506.2,13.1,0
2023-09-15 05:00:00,513.2,14.8,0
2023-09-15 06:00:00,545.9,15.8,0
2023-09-15 07:00:00,581.3,17.7,0
2023-09-15 08:00:00,617.7,18.3,0
2023-09-15 09:00:00,608.9,18.8,0
2023-09-15 10:00:00,574.8,19.8,0
2023-09-15 11:00:00,557.2,21.1,0
2023-09-15 12:00:00,578.6,22.3,0
2023-09-15 13:00:00,618.6,24.5,0
2023-09-15 14:00:00,660.4,25.5,0
2023-09-15 15:00:00,648.0,25.5,0
2023-09-15 16:00:00,743.1,27.0,0
2023-09-15 17:00:00,767.6,26.6,0
2023-09-15 18:00:00,773.0,26.1,0
2023-09-15 19:00:00,751.3,25.5,0
2023-09-15 20:00:00,700.8,24.0,0
2023-09-15 21:00:00,606.6,21.8,0
2023-09-15 22:00:00,590.6,20.7,0
2023-09-15 23:00:00,543.6,19.2,0
2023-09-16 00:00:00,468.6,17.3,0
2023-09-16 01:00:00,458.4,16.6,0
2023-09-16 02:00:00,434.8,15.9,0
2023-09-16 03:00:00,416.1,15.1,0
2023-09-16 04:00:00,428.6,13.6,0
2023-09-16 05:00:00,478.9,13.8,0
2023-09-16 06:00:00,505.2,15.9,0
2023-09-16 07:00:00,535.0,17.4,0
2023-09-16 08:00:00,535.0,19.2,0
2023-09-16 09:00:00,555.9,20.1,0
2023-09-16 10:00:00,528.3,21.9,0
2023-09-16 11:00:00,495.4,22.2,0
2023-09-16 12:00:00,490.2,22.4,0
2023-09-16 13:00:00,486.5,23.4,0
2023-09-16 14:00:00,483.0,22.4,0
2023-09-16 15:00:00,479.3,22.5,0
2023-09-16 16:00:00,492.4,22.5,0
2023-09-16 17:00:00,557.5,23.5,0
2023-09-16 18:00:00,562.2,22.2,0
2023-09-16 19:00:00,578.2,21.6,0
2023-09-16 20:00:00,566.2,19.9,0
2023-09-16 21:00:00,544.3,18.3,0
2023-09-16 22:00:00,522.3,14.8,0
2023-09-16 23:00:00,521.7,13.0,0
2023-09-17 00:00:00,473.7,13.0,0
2023-09-17 01:00:00,453.7,12.8,0
2023-09-17 02:00:00,461.4,12.5,0
2023-09-17 03:00:00,429.1,14.6,0
2023-09-17 04:00:00,423.5,15.1,0
2023-09-17 05:00:00,430.6,14.3,0
2023-09-17 06:00:00,455.5,14.7,0
2023-09-17 07:00:00,512.9,15.4,0
2023-09-17 08:00:00,552.1,17.7,0
2023-09-17 09:00:00,537.0,17.8,0
2023-09-17 10:00:00,494.0,19.2,0
2023-09-17 11:00:00,465.9,20.9,0
2023-09-17 12:00:00,462.4,20.9,0
2023-09-17 13:00:00,489.6,21.6,0
2023-09-17 14:00:00,493.1,20.1,0
2023-09-17 15:00:00,528.7,20.3,0
2023-09-17 16:00:00,570.2,18.2,0
2023-09-17 17:00:00,576.8,17.5,0
2023-09-17 18:00:00,619.5,18.4,0
2023-09-17 19:00:00,637.1,17.9,0
2023-09-17 20:00:00,615.7,17.0,0
2023-09-17 21:00:00,571.5,16.1,0
2023-09-17 22:00:00,553.1,16.9,0
2023-09-17 23:00:00,532.3,16.4,0
2023-09-18 00:00:00,551.3,16.2,0
2023-09-18 01:00:00,539.9,15.1,0
2023-09-18 02:00:00,548.9,14.2,0
2023-09-18 03:00:00,525.8,13.1,0
2023-09-18 04:00:00,528.0,13.0,0
2023-09-18 05:00:00,541.6,12.7,0
2023-09-18 06:00:00,570.9,14.2,0
2023-09-18 07:00:00,600.2,15.5,0
2023-09-18 08:00:00,607.4,16.3,0
2023-09-18 09:00:00,606.0,16.8,0
2023-09-18 10:00:00,584.1,15.2,0
2023-09-18 11:00:00,584.3,15.7,0
2023-09-18 12:00:00,585.3,16.8,0
2023-09-18 13:00:00,575.3,18.1,0
2023-09-18 14:00:00,580.0,15.8,0
2023-09-18 15:00:00,593.8,13.9,0
2023-09-18 16:00:00,609.1,14.0,0
2023-09-18 17:00:00,656.6,12.9,0
2023-09-18 18:00:00,698.6,12.2,0
2023-09-18 19:00:00,670.3,11.2,0
2023-09-18 20:00:00,635.0,10.9,0
2023-09-18 21:00:00,641.6,8.4,0
2023-09-18 22:00:00,644.3,7.0,0
2023-09-18 23:00:00,603.0,7.1,0
2023-09-19 00:00:00,550.6,6.5,0
2023-09-19 01:00:00,531.3,5.3,0
2023-09-19 02:00:00,544.8,5.5,0
2023-09-19 03:00:00,545.7,5.8,0
2023-09-19 04:00:00,560.7,5.3,0
2023-09-19 05:00:00,560.8,6.5,0
2023-09-19 06:00:00,596.4,7.9,0
2023-09-19 07:00:00,613.0,8.7,0
2023-09-19 08:00:00,638.0,10.6,0
2023-09-19 09:00:00,626.1,10.7,0
2023-09-19 10:00:00,608.3,12.6,0
2023-09-19 11:00:00,589.0,13.5,0
2023-09-19 12:00:00,573.6,13.6,0
2023-09-19 13:00:00,561.3,13.8,0
2023-09-19 14:00:00,592.7,15.4,0
2023-09-19 15:00:00,626.9,15.1,0
2023-09-19 16:00:00,633.5,14.8,0
2023-09-19 17:00:00,693.2,14.0,0
2023-09-19 18:00:00,691.8,12.8,0
2023-09-19 19:00:00,696.8,12.9,0
2023-09-19 20:00:00,675.4,14.1,0
2023-09-19 21:00:00,633.8,14.3,0
2023-09-19 22:00:00,582.3,13.7,0
2023-09-19 23:00:00,546.3,13.4,0
2023-09-20 00:00:00,529.6,12.1,0
2023-09-20 01:00:00,511.5,11.0,0
2023-09-20 02:00:00,514.6,9.6,0
2023-09-20 03:00:00,509.7,10.8,0
2023-09-20 04:00:00,511.3,10.6,0
2023-09-20 05:00:00,521.6,10.4,0
2023-09-20 06:00:00,538.3,10.5,0
2023-09-20 07:00:00,563.7,11.6,0
2023-09-20 08:00:00,600.6,12.1,0
2023-09-20 09:00:00,591.1,13.2,0
2023-09-20 10:00:00,566.4,14.4,0
2023-09-20 11:00:00,576.5,16.6,0
2023-09-20 12:00:00,583.5,16.4,0
2023-09-20 13:00:00,588.3,17.3,0
2023-09-20 14:00:00,595.9,17.1,0
2023-09-20 15:00:00,618.3,16.9,0
2023-09-20 16:00:00,658.5,18.3,0
2023-09-20 17:00:00,688.8,18.5,0
2023-09-20 18:00:00,719.4,17.5,0
2023-09-20 19:00:00,713.2,17.1,0
2023-09-20 20:00:00,696.8,16.1,0
2023-09-20 21:00:00,629.2,16.1,0
2023-09-20 22:00:00,576.3,14.6,0
2023-09-20 23:00:00,580.3,14.0,0
2023-09-21 00:00:00,561.9,12.8,0
2023-09-21 01:00:00,532.7,12.1,0
2023-09-21 02:00:00,506.2,11.6,0
2023-09-21 03:00:00,526.8,10.9,0
2023-09-21 04:00:00,529.0,11.1,0
2023-09-21 05:00:00,545.0,12.4,0
2023-09-21 06:00:00,597.3,12.4,0
2023-09-21 07:00:00,628.8,12.9,0
2023-09-21 08:00:00,634.2,14.2,0
2023-09-21 09:00:00,643.9,14.6,0
2023-09-21 10:00:00,589.1,16.4,0
2023-09-21 11:00:00,557.8,17.9,0
2023-09-21 12:00:00,595.1,16.7,0
2023-09-21 13:00:00,596.0,16.8,0
2023-09-21 14:00:00,620.8,16.3,0
2023-09-21 15:00:00,615.6,17.2,0
2023-09-21 16:00:00,672.4,18.0,0
2023-09-21 17:00:00,674.8,16.5,0
2023-09-21 18:00:00,702.2,15.3,0
2023-09-21 19:00:00,701.8,14.5,0
2023-09-21 20:00:00,661.1,13.3,0
2023-09-21 21:00:00,634.4,13.0,0
2023-09-21 22:00:00,549.4,12.9,0
2023-09-21 23:00:00,549.4,12.4,0
2023-09-22 00:00:00,512.1,12.4,0
2023-09-22 01:00:00,491.8,12.6,0
2023-09-22 02:00:00,466.0,12.1,0
2023-09-22 03:00:00,454.3,11.5,0
2023-09-22 04:00:00,460.2,11.0,0
2023-09-22 05:00:00,472.2,12.1,0
2023-09-22 06:00:00,510.5,13.5,0
2023-09-22 07:00:00,523.1,15.2,0
2023-09-22 08:00:00,539.7,15.8,0
2023-09-22 09:00:00,518.2,16.4,0
2023-09-22 10:00:00,548.4,17.6,0
2023-09-22 11:00:00,542.6,19.7,0
2023-09-22 12:00:00,491.2,20.7,0
2023-09-22 13:00:00,510.9,21.5,0
2023-09-22 14:00:00,569.8,21.0,0
2023-09-22 15:00:00,592.3,21.5,0
2023-09-22 16:00:00,629.2,21.7,0
2023-09-22 17:00:00,668.9,20.4,0
2023-09-22 18:00:00,718.5,21.3,0
2023-09-22 19:00:00,743.6,19.5,0
2023-09-22 20:00:00,709.4,19.3,0
2023-09-22 21:00:00,628.7,18.0,0
2023-09-22 22:00:00,590.6,17.0,0
2023-09-22 23:00:00,538.8,15.2,0
2023-09-23 00:00:00,417.3,13.6,0
2023-09-23 01:00:00,429.7,13.6,0
2023-09-23 02:00:00,422.8,12.9,0
2023-09-23 03:00:00,420.4,12.4,0
2023-09-23 04:00:00,438.4,13.3,0
2023-09-23 05:00:00,473.0,14.3,0
2023-09-23 06:00:00,488.4,14.9,0
2023-09-23 07:00:00,544.4,15.9,0
2023-09-23 08:00:00,541.8,18.3,0
2023-09-23 09:00:00,547.4,19.0,0
2023-09-23 10:00:00,521.6,20.3,0
2023-09-23 11:00:00,498.2,21.5,0
2023-09-23 12:00:00,480.4,20.9,0
2023-09-23 13:00:00,495.7,19.7,0
2023-09-23 14:00:00,516.0,20.2,0
2023-09-23 15:00:00,532.5,21.1,0
2023-09-23 16:00:00,580.0,21.0,0
2023-09-23 17:00:00,586.2,20.1,0
2023-09-23 18:00:00,615.9,18.8,0
2023-09-23 19:00:00,591.6,18.7,0
2023-09-23 20:00:00,525.2,17.4,0
2023-09-23 21:00:00,474.4,14.9,0
2023-09-23 22:00:00,470.2,14.4,0
2023-09-23 23:00:00,457.3,13.6,0
2023-09-24 00:00:00,429.3,12.9,0
2023-09-24 01:00:00,407.9,13.2,0
2023-09-24 02:00:00,391.5,13.9,0
2023-09-24 03:00:00,378.1,14.2,0
2023-09-24 04:00:00,397.2,14.0,0
2023-09-24 05:00:00,439.0,12.5,0
2023-09-24 06:00:00,473.4,13.3,0
2023-09-24 07:00:00,505.3,14.0,0
2023-09-24 08:00:00,519.1,16.0,0
2023-09-24 09:00:00,519.6,18.1,0
2023-09-24 10:00:00,514.8,19.5,0
2023-09-24 11:00:00,481.5,21.5,0
2023-09-24 12:00:00,480.6,22.2,0
2023-09-24 13:00:00,499.6,22.6,0
2023-09-24 14:00:00,480.7,22.1,0
2023-09-24 15:00:00,491.1,21.9,0
2023-09-24 16:00:00,521.6,21.8,0
2023-09-24 17:00:00,545.0,22.2,0
2023-09-24 18:00:00,567.3,20.8,0
2023-09-24 19:00:00,564.4,20.6,0
2023-09-24 20:00:00,574.7,21.6,0
2023-09-24 21:00:00,545.0,19.2,0
2023-09-24 22:00:00,537.4,17.8,0
2023-09-24 23:00:00,507.9,16.7,0
2023-09-25 00:00:00,528.9,16.5,0
2023-09-25 01:00:00,512.4,17.4,0
2023-09-25 02:00:00,498.1,17.9,0
2023-09-25 03:00:00,539.4,17.5,0
2023-09-25 04:00:00,561.0,16.7,0
2023-09-25 05:00:00,575.8,16.9,0
2023-09-25 06:00:00,564.7,17.3,0
2023-09-25 07:00:00,586.8,18.1,0
2023-09-25 08:00:00,618.3,18.1,0
2023-09-25 09:00:00,615.8,20.4,0
2023-09-25 10:00:00,589.3,20.6,0
2023-09-25 11:00:00,581.3,22.0,0
2023-09-25 12:00:00,574.7,22.8,0
2023-09-25 13:00:00,552.5,22.3,0
2023-09-25 14:00:00,565.9,22.7,0
2023-09-25 15:00:00,598.0,22.7,0
2023-09-25 16:00:00,636.5,22.2,0
2023-09-25 17:00:00,665.0,22.4,0
2023-09-25 18:00:00,674.1,21.2,0
2023-09-25 19:00:00,674.3,22.5,0
2023-09-25 20:00:00,658.7,22.4,0
2023-09-25 21:00:00,624.3,20.3,0
2023-09-25 22:00:00,607.5,16.9,0
2023-09-25 23:00:00,574.0,16.9,0
2023-09-26 00:00:00,529.6,16.0,0
2023-09-26 01:00:00,512.5,15.3,0
2023-09-26 02:00:00,510.9,13.9,0
2023-09-26 03:00:00,495.9,12.4,0
2023-09-26 04:00:00,538.3,10.8,0
2023-09-26 05:00:00,540.0,13.4,0
2023-09-26 06:00:00,589.5,15.4,0
2023-09-26 07:00:00,637.6,15.6,0
2023-09-26 08:00:00,621.4,18.1,0
2023-09-26 09:00:00,617.4,17.4,0
2023-09-26 10:00:00,604.7,18.9,0
2023-09-26 11:00:00,579.8,20.4,0
2023-09-26 12:00:00,573.5,20.3,0
2023-09-26 13:00:00,552.8,20.5,0
2023-09-26 14:00:00,576.4,19.8,0
2023-09-26 15:00:00,597.9,20.0,0
2023-09-26 16:00:00,622.8,20.9,0
2023-09-26 17:00:00,615.2,21.3,0
2023-09-26 18:00:00,658.1,20.9,0
2023-09-26 19:00:00,637.2,21.0,0
2023-09-26 20:00:00,643.0,18.3,0
2023-09-26 21:00:00,625.2,18.9,0
2023-09-26 22:00:00,568.3,17.7,0
2023-09-26 23:00:00,524.2,15.4,0
2023-09-27 00:00:00,499.8,14.0,0
2023-09-27 01:00:00,518.5,12.7,0
2023-09-27 02:00:00,514.2,12.3,0
2023-09-27 03:00:00,515.4,12.3,0
2023-09-27 04:00:00,538.8,10.3,0
2023-09-27 05:00:00,577.8,11.8,0
2023-09-27 06:00:00,601.6,14.0,0
2023-09-27 07:00:00,604.9,13.8,0
2023-09-27 08:00:00,637.6,16.0,0
2023-09-27 09:00:00,643.0,18.0,0
2023-09-27 10:00:00,615.7,19.8,0
2023-09-27 11:00:00,586.9,22.1,0
2023-09-27 12:00:00,593.5,21.5,0
2023-09-27 13:00:00,596.1,22.6,0
2023-09-27 14:00:00,589.4,22.0,0
2023-09-27 15:00:00,645.4,24.1,0
2023-09-27 16:00:00,647.5,22.9,0
2023-09-27 17:00:00,668.2,21.2,0
2023-09-27 18:00:00,659.4,21.5,0
2023-09-27 19:00:00,655.6,21.1,0
2023-09-27 20:00:00,678.7,20.0,0
2023-09-27 21:00:00,610.6,18.9,0
2023-09-27 22:00:00,556.7,18.2,0
2023-09-27 23:00:00,555.2,18.7,0
2023-09-28 00:00:00,503.0,16.8,0
2023-09-28 01:00:00,509.5,15.5,0
2023-09-28 02:00:00,528.4,14.4,0
2023-09-28 03:00:00,516.4,14.0,0
2023-09-28 04:00:00,513.7,14.1,0
2023-09-28 05:00:00,557.3,13.2,0
2023-09-28 06:00:00,591.5,14.0,0
2023-09-28 07:00:00,642.5,13.6,0
2023-09-28 08:00:00,643.3,14.2,0
2023-09-28 09:00:00,637.5,14.9,0
2023-09-28 10:00:00,601.4,15.7,0
2023-09-28 11:00:00,559.7,18.0,0
2023-09-28 12:00:00,531.4,20.2,0
2023-09-28 13:00:00,517.4,21.7,0
2023-09-28 14:00:00,569.3,23.4,0
2023-09-28 15:00:00,601.6,23.1,0
2023-09-28 16:00:00,645.4,24.0,0
2023-09-28 17:00:00,666.9,23.4,0
2023-09-28 18:00:00,679.6,22.7,0
2023-09-28 19:00:00,695.0,22.0,0
2023-09-28 20:00:00,666.1,19.6,0
2023-09-28 21:00:00,599.1,17.9,0
2023-09-28 22:00:00,566.7,16.5,0
2023-09-28 23:00:00,517.3,15.8,0
2023-09-29 00:00:00,477.8,14.5,0
2023-09-29 01:00:00,466.1,13.0,0
2023-09-29 02:00:00,445.2,11.5,0
2023-09-29 03:00:00,429.7,11.3,0
2023-09-29 04:00:00,462.5,10.3,0
2023-09-29 05:00:00,512.0,9.6,0
2023-09-29 06:00:00,556.5,10.1,0
2023-09-29 07:00:00,570.8,11.1,0
2023-09-29 08:00:00,576.6,11.4,0
2023-09-29 09:00:00,585.9,10.8,0
2023-09-29 10:00:00,581.0,12.2,0
2023-09-29 11:00:00,571.1,13.9,0
2023-09-29 12:00:00,557.0,14.4,0
2023-09-29 13:00:00,537.1,14.8,0
2023-09-29 14:00:00,563.9,13.2,0
2023-09-29 15:00:00,585.7,14.2,0
2023-09-29 16:00:00,611.3,13.2,0
2023-09-29 17:00:00,628.4,13.5,0
2023-09-29 18:00:00,652.3,12.5,0
2023-09-29 19:00:00,680.8,11.6,0
2023-09-29 20:00:00,685.0,10.6,0
2023-09-29 21:00:00,659.6,8.1,0
2023-09-29 22:00:00,615.4,9.6,0
2023-09-29 23:00:00,635.9,7.3,0
2023-09-30 00:00:00,509.1,6.5,0
2023-09-30 01:00:00,500.6,5.3,0
2023-09-30 02:00:00,493.6,4.8,0
2023-09-30 03:00:00,487.0,6.0,0
2023-09-30 04:00:00,484.9,4.6,0
2023-09-30 05:00:00,516.5,5.0,0
2023-09-30 06:00:00,515.5,6.2,0
2023-09-30 07:00:00,557.5,7.3,0
2023-09-30 08:00:00,561.9,8.7,0
2023-09-30 09:00:00,547.5,9.2,0
2023-09-30 10:00:00,548.8,8.8,0
2023-09-30 11:00:00,529.9,8.8,0
2023-09-30 12:00:00,497.1,9.4,0
2023-09-30 13:00:00,502.1,10.9,0
2023-09-30 14:00:00,501.8,11.5,0
2023-09-30 15:00:00,519.2,13.3,0
2023-09-30 16:00:00,572.1,13.4,0
2023-09-30 17:00:00,579.9,13.2,0
2023-09-30 18:00:00,617.7,12.9,0
2023-09-30 19:00:00,643.8,10.6,0
2023-09-30 20:00:00,654.0,10.3,0
2023-09-30 21:00:00,592.6,8.3,0
2023-09-30 22:00:00,581.7,7.1,0
2023-09-30 23:00:00,580.2,8.4,0
2023-10-01 00:00:00,553.9,6.3,0
2023-10-01 01:00:00,537.4,5.9,0
2023-10-01 02:00:00,515.1,5.9,0
2023-10-01 03:00:00,480.1,6.0,0
2023-10-01 04:00:00,511.4,6.2,0
2023-10-01 05:00:00,511.3,6.2,0
2023-10-01 06:00:00,492.6,8.7,0
2023-10-01 07:00:00,550.7,7.7,0
2023-10-01 08:00:00,584.8,7.9,0
2023-10-01 09:00:00,573.5,10.4,0
2023-10-01 10:00:00,554.7,12.0,0
2023-10-01 11:00:00,511.9,12.3,0
2023-10-01 12:00:00,496.5,12.4,0
2023-10-01 13:00:00,485.1,12.9,0
2023-10-01 14:00:00,473.7,15.8,0
2023-10-01 15:00:00,504.0,16.4,0
2023-10-01 16:00:00,520.5,15.3,0
2023-10-01 17:00:00,557.6,15.2,0
2023-10-01 18:00:00,611.3,14.0,0
2023-10-01 19:00:00,606.7,14.6,0
2023-10-01 20:00:00,581.4,13.9,0
2023-10-01 21:00:00,558.4,14.0,0
2023-10-01 22:00:00,506.6,13.1,0
2023-10-01 23:00:00,488.8,13.9,0
2023-10-02 00:00:00,535.8,13.2,0
2023-10-02 01:00:00,532.9,12.7,0
2023-10-02 02:00:00,514.9,11.3,0
2023-10-02 03:00:00,530.0,10.7,0
2023-10-02 04:00:00,527.0,11.1,0
2023-10-02 05:00:00,562.7,11.0,0
2023-10-02 06:00:00,560.3,13.8,0
2023-10-02 07:00:00,570.5,14.5,0
2023-10-02 08:00:00,614.4,14.7,0
2023-10-02 09:00:00,603.4,16.5,0
2023-10-02 10:00:00,580.5,16.9,0
2023-10-02 11:00:00,539.2,18.2,0
2023-10-02 12:00:00,522.5,18.8,0
2023-10-02 13:00:00,549.1,18.7,0
2023-10-02 14:00:00,565.2,20.3,0
2023-10-02 15:00:00,583.5,20.4,0
2023-10-02 16:00:00,583.3,21.1,0
2023-10-02 17:00:00,636.7,20.3,0
2023-10-02 18:00:00,668.5,18.2,0
2023-10-02 19:00:00,686.9,16.2,0
2023-10-02 20:00:00,652.1,14.7,0
2023-10-02 21:00:00,627.2,13.5,0
2023-10-02 22:00:00,586.3,12.5,0
2023-10-02 23:00:00,542.8,11.9,0
2023-10-03 00:00:00,489.9,9.8,0
2023-10-03 01:00:00,503.1,9.3,0
2023-10-03 02:00:00,505.9,7.8,0
2023-10-03 03:00:00,514.8,7.1,0
2023-10-03 04:00:00,482.6,9.6,0
2023-10-03 05:00:00,531.9,11.1,0
2023-10-03 06:00:00,554.8,11.3,0
2023-10-03 07:00:00,546.8,13.7,0
2023-10-03 08:00:00,545.3,15.9,0
2023-10-03 09:00:00,541.2,17.6,0
2023-10-03 10:00:00,549.0,19.8,0
2023-10-03 11:00:00,541.8,20.3,0
2023-10-03 12:00:00,540.4,20.9,0
2023-10-03 13:00:00,527.6,20.6,0
2023-10-03 14:00:00,552.9,21.3,0
2023-10-03 15:00:00,573.0,20.2,0
2023-10-03 16:00:00,622.3,19.5,0
2023-10-03 17:00:00,641.0,19.4,0
2023-10-03 18:00:00,654.1,18.2,0
2023-10-03 19:00:00,641.6,17.6,0
2023-10-03 20:00:00,611.6,18.2,0
2023-10-03 21:00:00,567.9,16.1,0
2023-10-03 22:00:00,550.9,16.2,0
2023-10-03 23:00:00,526.6,14.5,0
2023-10-04 00:00:00,473.4,12.5,0
2023-10-04 01:00:00,466.2,12.0,0
2023-10-04 02:00:00,452.2,12.4,0
2023-10-04 03:00:00,437.2,11.5,0
2023-10-04 04:00:00,466.9,10.9,0
2023-10-04 05:00:00,503.0,10.9,0
2023-10-04 06:00:00,542.7,10.8,0
2023-10-04 07:00:00,596.9,11.7,0
2023-10-04 08:00:00,585.4,12.0,0
2023-10-04 09:00:00,591.6,12.8,0
2023-10-04 10:00:00,573.7,14.1,0
2023-10-04 11:00:00,536.9,14.7,0
2023-10-04 12:00:00,549.0,16.6,0
2023-10-04 13:00:00,526.3,16.5,0
2023-10-04 14:00:00,540.9,16.2,0
2023-10-04 15:00:00,573.4,18.2,0
2023-10-04 16:00:00,599.6,19.3,0
2023-10-04 17:00:00,624.6,18.9,0
2023-10-04 18:00:00,666.0,18.9,0
2023-10-04 19:00:00,684.3,18.3,0
2023-10-04 20:00:00,647.9,16.7,0
2023-10-04 21:00:00,631.9,16.2,0
2023-10-04 22:00:00,599.2,15.3,0
2023-10-04 23:00:00,552.7,15.4,0
2023-10-05 00:00:00,533.3,12.6,0
2023-10-05 01:00:00,517.2,12.6,0
2023-10-05 02:00:00,501.0,12.2,0
2023-10-05 03:00:00,511.0,11.3,0
2023-10-05 04:00:00,528.4,11.0,0
2023-10-05 05:00:00,537.5,10.9,0
2023-10-05 06:00:00,565.8,10.3,0
2023-10-05 07:00:00,607.1,10.6,0
2023-10-05 08:00:00,624.3,12.2,0
2023-10-05 09:00:00,647.4,11.9,0
2023-10-05 10:00:00,616.5,12.6,0
2023-10-05 11:00:00,599.6,11.4,0
2023-10-05 12:00:00,566.9,11.8,0
2023-10-05 13:00:00,589.8,12.9,0
2023-10-05 14:00:00,593.0,13.3,0
2023-10-05 15:00:00,613.8,13.6,0
2023-10-05 16:00:00,665.0,12.5,0
2023-10-05 17:00:00,701.6,12.7,0
2023-10-05 18:00:00,710.3,11.4,0
2023-10-05 19:00:00,698.9,11.5,0
2023-10-05 20:00:00,694.8,10.8,0
2023-10-05 21:00:00,667.7,9.4,0
2023-10-05 22:00:00,618.0,9.8,0
2023-10-05 23:00:00,599.1,8.5,0
2023-10-06 00:00:00,575.0,8.5,0
2023-10-06 01:00:00,543.4,8.0,0
2023-10-06 02:00:00,535.2,7.6,0
2023-10-06 03:00:00,545.9,8.4,0
2023-10-06 04:00:00,565.9,8.9,0
2023-10-06 05:00:00,563.6,9.2,0
2023-10-06 06:00:00,588.8,9.8,0
2023-10-06 07:00:00,617.1,10.7,0
2023-10-06 08:00:00,628.4,11.8,0
2023-10-06 09:00:00,613.2,12.5,0
2023-10-06 10:00:00,583.6,12.6,0
2023-10-06 11:00:00,568.0,11.2,0
2023-10-06 12:00:00,554.9,12.0,0
2023-10-06 13:00:00,551.4,12.5,0
2023-10-06 14:00:00,581.3,14.1,0
2023-10-06 15:00:00,602.1,14.7,0
2023-10-06 16:00:00,641.1,15.6,0
2023-10-06 17:00:00,680.0,16.8,0
2023-10-06 18:00:00,691.6,16.0,0
2023-10-06 19:00:00,701.8,14.4,0
2023-10-06 20:00:00,663.0,14.1,0
2023-10-06 21:00:00,647.9,12.5,0
2023-10-06 22:00:00,627.3,11.2,0
2023-10-06 23:00:00,588.4,11.6,0
2023-10-07 00:00:00,496.9,11.0,0
2023-10-07 01:00:00,470.8,11.3,0
2023-10-07 02:00:00,483.5,9.6,0
2023-10-07 03:00:00,461.6,9.4,0
2023-10-07 04:00:00,466.8,10.5,0
2023-10-07 05:00:00,516.5,9.7,0
2023-10-07 06:00:00,528.9,10.5,0
2023-10-07 07:00:00,517.5,11.6,0
2023-10-07 08:00:00,531.6,10.4,0
2023-10-07 09:00:00,525.9,12.9,0
2023-10-07 10:00:00,507.1,13.3,0
2023-10-07 11:00:00,461.1,14.1,0
2023-10-07 12:00:00,445.5,16.4,0
2023-10-07 13:00:00,443.1,15.4,0
2023-10-07 14:00:00,426.9,16.2,0
2023-10-07 15:00:00,453.2,15.9,0
2023-10-07 16:00:00,494.4,15.8,0
2023-10-07 17:00:00,532.2,14.7,0
2023-10-07 18:00:00,557.1,15.3,0
2023-10-07 19:00:00,591.2,13.4,0
2023-10-07 20:00:00,549.9,12.8,0
2023-10-07 21:00:00,515.1,12.3,0
2023-10-07 22:00:00,514.8,11.1,0
2023-10-07 23:00:00,506.0,9.9,0
2023-10-08 00:00:00,454.6,8.6,0
2023-10-08 01:00:00,453.3,8.9,0
2023-10-08 02:00:00,407.3,8.9,0
2023-10-08 03:00:00,410.2,8.7,0
2023-10-08 04:00:00,447.0,7.8,0
2023-10-08 05:00:00,450.4,8.3,0
2023-10-08 06:00:00,494.2,9.4,0
2023-10-08 07:00:00,525.1,10.2,0
2023-10-08 08:00:00,530.0,12.5,0
2023-10-08 09:00:00,574.3,11.7,0
2023-10-08 10:00:00,549.7,15.0,0
2023-10-08 11:00:00,524.9,15.7,0
2023-10-08 12:00:00,479.1,15.5,0
2023-10-08 13:00:00,453.1,14.5,0
2023-10-08 14:00:00,459.9,15.7,0
2023-10-08 15:00:00,487.6,16.3,0
2023-10-08 16:00:00,534.4,16.0,0
2023-10-08 17:00:00,555.6,15.5,0
2023-10-08 18:00:00,576.2,15.0,0
2023-10-08 19:00:00,592.1,13.8,0
2023-10-08 20:00:00,545.9,13.9,0
2023-10-08 21:00:00,517.6,13.4,0
2023-10-08 22:00:00,511.9,12.2,0
2023-10-08 23:00:00,501.8,9.7,0
2023-10-09 00:00:00,530.4,9.9,0
2023-10-09 01:00:00,530.6,8.8,0
2023-10-09 02:00:00,541.4,7.4,0
2023-10-09 03:00:00,537.4,8.5,0
2023-10-09 04:00:00,538.8,9.0,0
2023-10-09 05:00:00,567.0,7.6,0
2023-10-09 06:00:00,602.4,6.7,0
2023-10-09 07:00:00,638.5,7.2,0
2023-10-09 08:00:00,639.5,7.1,0
2023-10-09 09:00:00,649.5,8.1,0
2023-10-09 10:00:00,561.5,11.6,0
2023-10-09 11:00:00,543.6,15.3,0
2023-10-09 12:00:00,561.9,16.0,0
2023-10-09 13:00:00,558.8,17.3,0
2023-10-09 14:00:00,575.4,18.5,0
2023-10-09 15:00:00,598.4,18.4,0
2023-10-09 16:00:00,671.2,16.9,0
2023-10-09 17:00:00,709.6,17.4,0
2023-10-09 18:00:00,744.7,16.5,0
2023-10-09 19:00:00,720.5,16.0,0
2023-10-09 20:00:00,687.7,15.6,0
2023-10-09 21:00:00,639.3,13.8,0
2023-10-09 22:00:00,594.5,14.2,0
2023-10-09 23:00:00,562.7,13.2,0
2023-10-10 00:00:00,528.8,12.3,0
2023-10-10 01:00:00,508.8,11.1,0
2023-10-10 02:00:00,514.5,11.3,0
2023-10-10 03:00:00,510.4,11.9,0
2023-10-10 04:00:00,533.8,11.4,0
2023-10-10 05:00:00,538.7,12.2,0
2023-10-10 06:00:00,577.3,12.4,0
2023-10-10 07:00:00,648.5,12.0,0
2023-10-10 08:00:00,666.5,12.6,0
2023-10-10 09:00:00,655.0,14.1,0
2023-10-10 10:00:00,638.4,15.5,0
2023-10-10 11:00:00,628.3,17.4,0
2023-10-10 12:00:00,625.4,17.5,0
2023-10-10 13:00:00,600.3,17.7,0
2023-10-10 14:00:00,592.7,18.1,0
2023-10-10 15:00:00,611.9,18.7,0
2023-10-10 16:00:00,662.5,18.4,0
2023-10-10 17:00:00,702.9,17.0,0
2023-10-10 18:00:00,708.8,14.9,0
2023-10-10 19:00:00,711.2,15.2,0
2023-10-10 20:00:00,688.6,15.1,0
2023-10-10 21:00:00,643.2,13.4,0
2023-10-10 22:00:00,594.8,13.6,0
2023-10-10 23:00:00,546.4,12.5,0
2023-10-11 00:00:00,490.8,11.8,0
2023-10-11 01:00:00,469.3,12.2,0
2023-10-11 02:00:00,502.8,11.3,0
2023-10-11 03:00:00,512.8,10.3,0
2023-10-11 04:00:00,552.9,8.8,0
2023-10-11 05:00:00,573.2,9.4,0
2023-10-11 06:00:00,592.8,10.4,0
2023-10-11 07:00:00,637.1,12.0,0
2023-10-11 08:00:00,637.0,13.4,0
2023-10-11 09:00:00,636.9,14.4,0
2023-10-11 10:00:00,615.3,16.4,0
2023-10-11 11:00:00,578.7,16.3,0
2023-10-11 12:00:00,555.6,17.4,0
2023-10-11 13:00:00,562.7,18.4,0
2023-10-11 14:00:00,562.9,18.6,0
2023-10-11 15:00:00,603.6,20.2,0
2023-10-11 16:00:00,625.6,20.3,0
2023-10-11 17:00:00,668.9,21.0,0
2023-10-11 18:00:00,689.4,21.0,0
2023-10-11 19:00:00,684.2,19.8,0
2023-10-11 20:00:00,665.5,20.4,0
2023-10-11 21:00:00,621.5,20.1,0
2023-10-11 22:00:00,576.6,18.8,0
2023-10-11 23:00:00,545.3,17.5,0
2023-10-12 00:00:00,511.2,15.3,0
2023-10-12 01:00:00,505.3,14.3,0
2023-10-12 02:00:00,518.6,13.5,0
2023-10-12 03:00:00,519.8,13.4,0
2023-10-12 04:00:00,541.9,13.0,0
2023-10-12 05:00:00,571.5,13.7,0
2023-10-12 06:00:00,592.5,14.1,0
2023-10-12 07:00:00,637.6,13.3,0
2023-10-12 08:00:00,634.4,13.7,0
2023-10-12 09:00:00,594.5,13.8,0
2023-10-12 10:00:00,530.3,13.6,0
2023-10-12 11:00:00,516.4,14.3,0
2023-10-12 12:00:00,530.2,15.9,0
2023-10-12 13:00:00,525.2,15.5,0
2023-10-12 14:00:00,467.8,14.1,0
2023-10-12 15:00:00,529.5,14.1,0
2023-10-12 16:00:00,592.2,16.7,0
2023-10-12 17:00:00,618.2,15.7,0
2023-10-12 18:00:00,654.2,15.3,0
2023-10-12 19:00:00,681.5,14.1,0
2023-10-12 20:00:00,645.2,13.8,0
2023-10-12 21:00:00,598.4,14.1,0
2023-10-12 22:00:00,578.6,12.8,0
2023-10-12 23:00:00,571.3,12.8,0
2023-10-13 00:00:00,541.0,10.7,0
2023-10-13 01:00:00,538.7,10.2,0
2023-10-13 02:00:00,545.6,8.6,0
2023-10-13 03:00:00,548.7,8.6,0
2023-10-13 04:00:00,566.1,8.1,0
2023-10-13 05:00:00,565.8,8.7,0
2023-10-13 06:00:00,570.2,8.3,0
2023-10-13 07:00:00,590.0,9.3,0
2023-10-13 08:00:00,590.8,10.4,0
2023-10-13 09:00:00,556.0,10.9,0
2023-10-13 10:00:00,569.8,11.2,0
2023-10-13 11:00:00,544.5,11.2,0
2023-10-13 12:00:00,550.5,11.7,0
2023-10-13 13:00:00,532.3,12.8,0
2023-10-13 14:00:00,548.5,13.1,0
2023-10-13 15:00:00,575.9,13.4,0
2023-10-13 16:00:00,611.5,14.5,0
2023-10-13 17:00:00,645.7,13.8,0
2023-10-13 18:00:00,667.0,13.5,0
2023-10-13 19:00:00,667.5,13.4,0
2023-10-13 20:00:00,691.7,12.9,0
2023-10-13 21:00:00,673.8,12.2,0
2023-10-13 22:00:00,624.0,11.2,0
2023-10-13 23:00:00,588.9,12.0,0
2023-10-14 00:00:00,467.8,10.8,0
2023-10-14 01:00:00,491.3,9.7,0
2023-10-14 02:00:00,489.9,9.8,0
2023-10-14 03:00:00,470.0,11.1,0
2023-10-14 04:00:00,450.0,12.4,0
2023-10-14 05:00:00,455.9,12.6,0
2023-10-14 06:00:00,479.4,13.9,0
2023-10-14 07:00:00,503.5,15.0,0
2023-10-14 08:00:00,517.6,15.8,0
2023-10-14 09:00:00,513.7,17.3,0
2023-10-14 10:00:00,480.0,18.7,0
2023-10-14 11:00:00,470.8,19.6,0
2023-10-14 12:00:00,462.6,21.8,0
2023-10-14 13:00:00,475.2,21.9,0
2023-10-14 14:00:00,473.6,23.3,0
2023-10-14 15:00:00,541.6,25.1,0
2023-10-14 16:00:00,627.0,26.6,0
2023-10-14 17:00:00,653.9,26.1,0
2023-10-14 18:00:00,636.8,24.9,0
2023-10-14 19:00:00,589.1,22.3,0
2023-10-14 20:00:00,565.7,21.0,0
2023-10-14 21:00:00,538.2,21.9,0
2023-10-14 22:00:00,514.9,19.2,0
2023-10-14 23:00:00,493.4,16.5,0
2023-10-15 00:00:00,425.9,16.0,0
2023-10-15 01:00:00,414.5,15.7,0
2023-10-15 02:00:00,414.1,13.4,0
2023-10-15 03:00:00,409.6,13.1,0
2023-10-15 04:00:00,430.2,13.3,0
2023-10-15 05:00:00,479.9,12.2,0
2023-10-15 06:00:00,485.3,13.5,0
2023-10-15 07:00:00,528.5,13.0,0
2023-10-15 08:00:00,524.8,14.9,0
2023-10-15 09:00:00,507.6,15.9,0
2023-10-15 10:00:00,489.6,16.2,0
2023-10-15 11:00:00,505.1,15.6,0
2023-10-15 12:00:00,500.4,16.0,0
2023-10-15 13:00:00,491.3,16.5,0
2023-10-15 14:00:00,517.0,16.7,0
2023-10-15 15:00:00,534.2,16.3,0
2023-10-15 16:00:00,569.4,15.9,0
2023-10-15 17:00:00,582.8,16.2,0
2023-10-15 18:00:00,589.8,14.7,0
2023-10-15 19:00:00,571.3,13.7,0
2023-10-15 20:00:00,571.5,13.1,0
2023-10-15 21:00:00,521.3,12.0,0
2023-10-15 22:00:00,519.6,11.7,0
2023-10-15 23:00:00,474.0,12.1,0
2023-10-16 00:00:00,512.1,10.7,0
2023-10-16 01:00:00,511.7,10.2,0
2023-10-16 02:00:00,511.9,7.0,0
2023-10-16 03:00:00,488.0,6.6,0
2023-10-16 04:00:00,494.1,7.3,0
2023-10-16 05:00:00,559.9,6.7,0
2023-10-16 06:00:00,602.4,8.5,0
2023-10-16 07:00:00,617.1,7.6,0
2023-10-16 08:00:00,617.8,9.9,0
2023-10-16 09:00:00,607.0,10.4,0
2023-10-16 10:00:00,608.3,10.5,0
2023-10-16 11:00:00,588.8,11.1,0
2023-10-16 12:00:00,555.6,11.7,0
2023-10-16 13:00:00,592.4,11.5,0
2023-10-16 14:00:00,612.4,10.7,0
2023-10-16 15:00:00,614.1,10.5,0
2023-10-16 16:00:00,656.9,11.3,0
2023-10-16 17:00:00,698.9,11.4,0
2023-10-16 18:00:00,730.9,12.1,0
2023-10-16 19:00:00,709.9,10.7,0
2023-10-16 20:00:00,693.2,9.5,0
2023-10-16 21:00:00,652.7,8.2,0
2023-10-16 22:00:00,623.6,7.4,0
2023-10-16 23:00:00,602.4,6.9,0
2023-10-17 00:00:00,563.9,7.5,0
2023-10-17 01:00:00,535.2,7.5,0
2023-10-17 02:00:00,547.8,7.2,0
2023-10-17 03:00:00,528.9,8.3,0
2023-10-17 04:00:00,551.7,7.7,0
2023-10-17 05:00:00,580.0,6.9,0
2023-10-17 06:00:00,605.7,8.1,0
2023-10-17 07:00:00,639.0,9.0,0
2023-10-17 08:00:00,637.0,10.1,0
2023-10-17 09:00:00,632.6,12.0,0
2023-10-17 10:00:00,599.0,12.6,0
2023-10-17 11:00:00,579.8,13.5,0
2023-10-17 12:00:00,559.3,14.6,0
2023-10-17 13:00:00,543.4,15.8,0
2023-10-17 14:00:00,516.3,17.0,0
2023-10-17 15:00:00,531.8,17.2,0
2023-10-17 16:00:00,562.2,17.2,0
2023-10-17 17:00:00,599.7,14.5,0
2023-10-17 18:00:00,652.5,14.9,0
2023-10-17 19:00:00,647.3,12.6,0
2023-10-17 20:00:00,644.5,11.6,0
2023-10-17 21:00:00,647.8,12.9,0
2023-10-17 22:00:00,601.6,11.4,0
2023-10-17 23:00:00,602.0,9.0,0
2023-10-18 00:00:00,567.7,9.4,0
2023-10-18 01:00:00,561.8,8.2,0
2023-10-18 02:00:00,556.8,7.6,0
2023-10-18 03:00:00,565.7,7.3,0
2023-10-18 04:00:00,604.0,8.0,0
2023-10-18 05:00:00,595.8,9.1,0
2023-10-18 06:00:00,625.8,9.5,0
2023-10-18 07:00:00,639.5,11.3,0
2023-10-18 08:00:00,682.2,11.3,0
2023-10-18 09:00:00,681.3,12.9,0
2023-10-18 10:00:00,677.9,13.3,0
2023-10-18 11:00:00,644.6,14.8,0
2023-10-18 12:00:00,622.3,14.9,0
2023-10-18 13:00:00,606.6,15.1,0
2023-10-18 14:00:00,598.0,16.8,0
2023-10-18 15:00:00,598.5,15.8,0
2023-10-18 16:00:00,633.4,14.6,0
2023-10-18 17:00:00,676.8,14.7,0
2023-10-18 18:00:00,702.5,13.8,0
2023-10-18 19:00:00,677.0,12.5,0
2023-10-18 20:00:00,668.4,11.4,0
2023-10-18 21:00:00,671.3,12.3,0
2023-10-18 22:00:00,640.3,10.2,0
2023-10-18 23:00:00,602.9,9.0,0
2023-10-19 00:00:00,588.6,8.1,0
2023-10-19 01:00:00,568.2,6.5,0
2023-10-19 02:00:00,563.7,6.1,0
2023-10-19 03:00:00,562.3,6.4,0
2023-10-19 04:00:00,568.5,5.7,0
2023-10-19 05:00:00,563.5,7.1,0
2023-10-19 06:00:00,607.2,6.7,0
2023-10-19 07:00:00,613.8,7.4,0
2023-10-19 08:00:00,629.1,8.6,0
2023-10-19 09:00:00,608.1,12.5,0
2023-10-19 10:00:00,574.9,11.9,0
2023-10-19 11:00:00,564.7,13.1,0
2023-10-19 12:00:00,527.1,16.1,0
2023-10-19 13:00:00,533.5,16.1,0
2023-10-19 14:00:00,533.5,17.4,0
2023-10-19 15:00:00,539.8,17.6,0
2023-10-19 16:00:00,571.8,16.1,0
2023-10-19 17:00:00,617.5,16.0,0
2023-10-19 18:00:00,659.6,14.4,0
2023-10-19 19:00:00,674.4,13.6,0
2023-10-19 20:00:00,648.7,11.2,0
2023-10-19 21:00:00,616.7,10.8,0
2023-10-19 22:00:00,569.2,7.6,0
2023-10-19 23:00:00,581.0,6.5,0
2023-10-20 00:00:00,545.0,6.7,0
2023-10-20 01:00:00,537.4,6.5,0
2023-10-20 02:00:00,535.1,5.8,0
2023-10-20 03:00:00,510.7,5.4,0
2023-10-20 04:00:00,538.3,5.2,0
2023-10-20 05:00:00,544.2,8.0,0
2023-10-20 06:00:00,575.7,8.5,0
2023-10-20 07:00:00,620.7,9.3,0
2023-10-20 08:00:00,631.7,9.5,0
2023-10-20 09:00:00,614.3,10.1,0
2023-10-20 10:00:00,605.7,11.7,0
2023-10-20 11:00:00,577.8,12.0,0
2023-10-20 12:00:00,550.3,12.1,0
2023-10-20 13:00:00,514.0,12.3,0
2023-10-20 14:00:00,523.7,12.4,0
2023-10-20 15:00:00,544.9,12.7,0
2023-10-20 16:00:00,570.5,12.1,0
2023-10-20 17:00:00,626.4,11.6,0
2023-10-20 18:00:00,638.4,10.3,0
2023-10-20 19:00:00,645.0,10.6,0
2023-10-20 20:00:00,636.8,9.8,0
2023-10-20 21:00:00,634.5,8.5,0
2023-10-20 22:00:00,610.4,7.7,0
2023-10-20 23:00:00,594.9,6.7,0
2023-10-21 00:00:00,533.0,4.3,0
2023-10-21 01:00:00,550.7,3.6,0
2023-10-21 02:00:00,528.0,4.7,0
2023-10-21 03:00:00,504.1,5.1,0
2023-10-21 04:00:00,509.4,6.2,0
2023-10-21 05:00:00,513.9,6.0,0
2023-10-21 06:00:00,575.7,5.3,0
2023-10-21 07:00:00,605.0,5.5,0
2023-10-21 08:00:00,581.6,7.8,0
2023-10-21 09:00:00,605.6,7.9,0
2023-10-21 10:00:00,555.2,8.3,0
2023-10-21 11:00:00,536.5,10.3,0
2023-10-21 12:00:00,511.0,10.9,0
2023-10-21 13:00:00,496.1,11.4,0
2023-10-21 14:00:00,476.0,12.2,0
2023-10-21 15:00:00,470.0,12.4,0
2023-10-21 16:00:00,518.7,12.0,0
2023-10-21 17:00:00,546.6,11.9,0
2023-10-21 18:00:00,604.3,10.6,0
2023-10-21 19:00:00,613.6,9.8,0
2023-10-21 20:00:00,601.2,9.4,0
2023-10-21 21:00:00,614.5,7.5,0
2023-10-21 22:00:00,560.8,6.3,0
2023-10-21 23:00:00,562.1,4.3,0
2023-10-22 00:00:00,518.7,4.1,0
2023-10-22 01:00:00,520.5,4.1,0
2023-10-22 02:00:00,503.1,4.5,0
2023-10-22 03:00:00,484.9,5.3,0
2023-10-22 04:00:00,474.0,6.4,0
2023-10-22 05:00:00,488.9,7.4,0
2023-10-22 06:00:00,503.0,7.3,0
2023-10-22 07:00:00,537.5,8.9,0
2023-10-22 08:00:00,511.1,9.0,0
2023-10-22 09:00:00,505.5,12.1,0
2023-10-22 10:00:00,497.1,13.3,0
2023-10-22 11:00:00,478.8,14.7,0
2023-10-22 12:00:00,465.8,14.3,0
2023-10-22 13:00:00,481.4,15.8,0
2023-10-22 14:00:00,502.6,17.2,0
2023-10-22 15:00:00,534.4,15.7,0
2023-10-22 16:00:00,555.6,15.0,0
2023-10-22 17:00:00,597.8,14.1,0
2023-10-22 18:00:00,621.8,12.9,0
2023-10-22 19:00:00,609.9,13.2,0
2023-10-22 20:00:00,599.9,14.1,0
2023-10-22 21:00:00,548.4,12.0,0
2023-10-22 22:00:00,514.1,11.8,0
2023-10-22 23:00:00,481.8,10.5,0
2023-10-23 00:00:00,481.6,10.6,0
2023-10-23 01:00:00,524.2,7.6,0
2023-10-23 02:00:00,538.5,6.8,0
2023-10-23 03:00:00,535.1,7.7,0
2023-10-23 04:00:00,532.5,7.0,0
2023-10-23 05:00:00,547.5,8.4,0
2023-10-23 06:00:00,594.0,8.5,0
2023-10-23 07:00:00,579.4,10.3,0
2023-10-23 08:00:00,603.3,11.7,0
2023-10-23 09:00:00,604.6,12.2,0
2023-10-23 10:00:00,614.9,12.4,0
2023-10-23 11:00:00,571.4,13.2,0
2023-10-23 12:00:00,582.6,15.0,0
2023-10-23 13:00:00,575.1,15.5,0
2023-10-23 14:00:00,584.3,15.2,0
2023-10-23 15:00:00,613.7,18.2,0
2023-10-23 16:00:00,676.0,16.5,0
2023-10-23 17:00:00,714.5,15.8,0
2023-10-23 18:00:00,754.5,15.5,0
2023-10-23 19:00:00,742.1,13.6,0
2023-10-23 20:00:00,720.7,12.6,0
2023-10-23 21:00:00,694.9,11.1,0
2023-10-23 22:00:00,645.3,8.6,0
2023-10-23 23:00:00,625.8,8.0,0
2023-10-24 00:00:00,602.4,5.9,0
2023-10-24 01:00:00,608.3,4.6,0
2023-10-24 02:00:00,612.0,5.3,0
2023-10-24 03:00:00,623.6,4.2,0
2023-10-24 04:00:00,621.4,4.9,0
2023-10-24 05:00:00,623.1,6.3,0
2023-10-24 06:00:00,635.4,7.8,0
2023-10-24 07:00:00,627.5,9.0,0
2023-10-24 08:00:00,633.3,9.7,0
2023-10-24 09:00:00,616.3,9.4,0
2023-10-24 10:00:00,570.2,10.5,0
2023-10-24 11:00:00,564.9,11.8,0
2023-10-24 12:00:00,537.7,12.1,0
2023-10-24 13:00:00,525.2,11.9,0
2023-10-24 14:00:00,508.2,13.0,0
2023-10-24 15:00:00,563.1,12.2,0
2023-10-24 16:00:00,622.0,12.5,0
2023-10-24 17:00:00,667.9,11.6,0
2023-10-24 18:00:00,699.6,9.5,0
2023-10-24 19:00:00,702.6,10.1,0
2023-10-24 20:00:00,688.3,9.7,0
2023-10-24 21:00:00,655.4,9.2,0
2023-10-24 22:00:00,644.2,6.8,0
2023-10-24 23:00:00,602.5,5.8,0
2023-10-25 00:00:00,575.2,5.0,0
2023-10-25 01:00:00,572.5,3.7,0
2023-10-25 02:00:00,551.3,4.8,0
2023-10-25 03:00:00,572.5,2.8,0
2023-10-25 04:00:00,554.5,3.6,0
2023-10-25 05:00:00,603.4,2.3,0
2023-10-25 06:00:00,658.7,1.6,0
2023-10-25 07:00:00,658.3,1.4,0
2023-10-25 08:00:00,638.5,3.0,0
2023-10-25 09:00:00,662.5,3.5,0
2023-10-25 10:00:00,618.1,4.0,0
2023-10-25 11:00:00,615.2,4.3,0
2023-10-25 12:00:00,625.1,4.0,0
2023-10-25 13:00:00,653.5,4.0,0
2023-10-25 14:00:00,655.1,3.7,0
2023-10-25 15:00:00,659.8,3.8,0
2023-10-25 16:00:00,683.2,3.5,0
2023-10-25 17:00:00,735.6,1.2,0
2023-10-25 18:00:00,748.2,0.2,0
2023-10-25 19:00:00,731.9,0.8,0
2023-10-25 20:00:00,724.1,-0.4,0
2023-10-25 21:00:00,702.2,-1.2,0
2023-10-25 22:00:00,710.4,-2.7,0
2023-10-25 23:00:00,724.1,-4.0,0
2023-10-26 00:00:00,698.4,-4.8,0
2023-10-26 01:00:00,682.8,-6.4,0
2023-10-26 02:00:00,694.1,-6.7,0
2023-10-26 03:00:00,712.6,-8.1,0
2023-10-26 04:00:00,685.3,-7.3,0
2023-10-26 05:00:00,720.6,-8.1,0
2023-10-26 06:00:00,725.7,-6.5,0
2023-10-26 07:00:00,735.9,-4.5,0
2023-10-26 08:00:00,768.0,-4.8,0
2023-10-26 09:00:00,767.1,-2.8,0
2023-10-26 10:00:00,723.8,-1.9,0
2023-10-26 11:00:00,678.4,0.3,0
2023-10-26 12:00:00,642.6,0.9,0
2023-10-26 13:00:00,627.8,1.5,0
2023-10-26 14:00:00,615.8,1.9,0
2023-10-26 15:00:00,627.0,3.4,0
2023-10-26 16:00:00,694.4,1.7,0
2023-10-26 17:00:00,722.1,2.2,0
2023-10-26 18:00:00,776.6,1.8,0
2023-10-26 19:00:00,787.2,0.7,0
2023-10-26 20:00:00,788.8,-0.3,0
2023-10-26 21:00:00,745.1,-0.3,0
2023-10-26 22:00:00,712.0,-0.4,0
2023-10-26 23:00:00,707.6,0.3,0
2023-10-27 00:00:00,665.2,-1.2,0
2023-10-27 01:00:00,692.7,-3.4,0
2023-10-27 02:00:00,663.9,-4.2,0
2023-10-27 03:00:00,663.0,-4.3,0
2023-10-27 04:00:00,692.1,-4.4,0
2023-10-27 05:00:00,726.9,-2.8,0
2023-10-27 06:00:00,728.4,0.0,0
2023-10-27 07:00:00,738.1,1.3,0
2023-10-27 08:00:00,748.5,0.7,0
2023-10-27 09:00:00,708.2,2.7,0
2023-10-27 10:00:00,681.6,3.3,0
2023-10-27 11:00:00,648.6,4.3,0
2023-10-27 12:00:00,637.3,6.0,0
2023-10-27 13:00:00,605.9,7.0,0
2023-10-27 14:00:00,594.9,7.4,0
2023-10-27 15:00:00,630.9,7.8,0
2023-10-27 16:00:00,666.4,8.4,0
2023-10-27 17:00:00,689.5,8.6,0
2023-10-27 18:00:00,698.7,9.8,0
2023-10-27 19:00:00,737.3,6.2,0
2023-10-27 20:00:00,723.3,4.5,0
2023-10-27 21:00:00,691.9,3.0,0
2023-10-27 22:00:00,665.7,2.8,0
2023-10-27 23:00:00,664.6,2.0,0
2023-10-28 00:00:00,545.7,1.8,0
2023-10-28 01:00:00,552.3,-0.1,0
2023-10-28 02:00:00,562.3,-0.7,0
2023-10-28 03:00:00,526.6,-0.2,0
2023-10-28 04:00:00,537.2,-0.1,0
2023-10-28 05:00:00,580.1,-0.0,0
2023-10-28 06:00:00,588.8,0.9,0
2023-10-28 07:00:00,606.0,3.2,0
2023-10-28 08:00:00,671.5,2.3,0
2023-10-28 09:00:00,643.2,4.8,0
2023-10-28 10:00:00,589.0,6.1,0
2023-10-28 11:00:00,601.2,6.2,0
2023-10-28 12:00:00,578.9,7.7,0
2023-10-28 13:00:00,577.7,8.3,0
2023-10-28 14:00:00,569.4,9.8,0
2023-10-28 15:00:00,572.6,9.2,0
2023-10-28 16:00:00,591.9,9.9,0
2023-10-28 17:00:00,629.4,8.6,0
2023-10-28 18:00:00,682.5,8.3,0
2023-10-28 19:00:00,696.4,8.0,0
2023-10-28 20:00:00,667.1,6.9,0
2023-10-28 21:00:00,633.2,6.4,0
2023-10-28 22:00:00,619.5,4.8,0
2023-10-28 23:00:00,611.6,4.8,0
2023-10-29 00:00:00,592.7,3.2,0
2023-10-29 01:00:00,567.3,1.9,0
2023-10-29 02:00:00,578.9,1.4,0
2023-10-29 03:00:00,553.3,1.2,0
2023-10-29 04:00:00,561.6,0.5,0
2023-10-29 05:00:00,547.0,1.6,0
2023-10-29 06:00:00,571.9,2.1,0
2023-10-29 07:00:00,603.5,3.5,0
2023-10-29 08:00:00,625.7,3.1,0
2023-10-29 09:00:00,640.2,2.9,0
2023-10-29 10:00:00,625.7,3.8,0
2023-10-29 11:00:00,595.8,3.9,0
2023-10-29 12:00:00,562.9,4.7,0
2023-10-29 13:00:00,568.4,5.9,0
2023-10-29 14:00:00,569.8,7.3,0
2023-10-29 15:00:00,588.5,8.8,0
2023-10-29 16:00:00,628.1,9.4,0
2023-10-29 17:00:00,656.8,8.3,0
2023-10-29 18:00:00,663.4,8.2,0
2023-10-29 19:00:00,674.5,6.8,0
2023-10-29 20:00:00,643.4,6.3,0
2023-10-29 21:00:00,616.1,4.3,0
2023-10-29 22:00:00,568.3,4.5,0
2023-10-29 23:00:00,554.8,3.9,0
2023-10-30 00:00:00,592.3,2.6,0
2023-10-30 01:00:00,613.9,0.7,0
2023-10-30 02:00:00,617.8,0.5,0
2023-10-30 03:00:00,643.5,-0.1,0
2023-10-30 04:00:00,649.9,0.3,0
2023-10-30 05:00:00,675.6,0.0,0
2023-10-30 06:00:00,709.3,0.2,0
2023-10-30 07:00:00,719.9,1.6,0
2023-10-30 08:00:00,710.4,4.0,0
2023-10-30 09:00:00,692.7,3.8,0
2023-10-30 10:00:00,664.6,4.7,0
2023-10-30 11:00:00,608.3,6.0,0
2023-10-30 12:00:00,609.2,6.7,0
2023-10-30 13:00:00,606.4,7.0,0
2023-10-30 14:00:00,601.0,9.4,0
2023-10-30 15:00:00,602.1,8.7,0
2023-10-30 16:00:00,619.7,8.9,0
2023-10-30 17:00:00,657.1,8.0,0
2023-10-30 18:00:00,660.5,7.3,0
2023-10-30 19:00:00,716.0,4.4,0
2023-10-30 20:00:00,708.8,4.3,0
2023-10-30 21:00:00,689.1,3.1,0
2023-10-30 22:00:00,697.2,1.2,0
2023-10-30 23:00:00,637.3,1.8,0
2023-10-31 00:00:00,599.8,0.6,0
2023-10-31 01:00:00,626.9,-0.6,0
2023-10-31 02:00:00,646.3,-1.7,0
2023-10-31 03:00:00,630.8,-0.8,0
2023-10-31 04:00:00,645.6,-0.6,0
2023-10-31 05:00:00,667.6,-0.5,0
2023-10-31 06:00:00,697.7,-1.0,0
2023-10-31 07:00:00,718.5,-0.9,0
2023-10-31 08:00:00,702.7,0.4,0
2023-10-31 09:00:00,688.0,1.5,0
2023-10-31 10:00:00,677.9,0.8,0
2023-10-31 11:00:00,672.0,1.1,0
2023-10-31 12:00:00,619.7,2.3,0
2023-10-31 13:00:00,587.8,5.5,0
2023-10-31 14:00:00,595.9,5.3,0
2023-10-31 15:00:00,629.0,3.5,0
2023-10-31 16:00:00,654.9,4.2,0
2023-10-31 17:00:00,728.3,3.5,0
2023-10-31 18:00:00,800.0,1.8,0
2023-10-31 19:00:00,761.8,1.6,0
2023-10-31 20:00:00,768.7,0.6,0
2023-10-31 21:00:00,728.0,-1.2,0
2023-10-31 22:00:00,709.0,-3.2,0
2023-10-31 23:00:00,691.1,-4.1,0
2023-11-01 00:00:00,648.8,-4.9,0
2023-11-01 01:00:00,697.0,-6.9,0
2023-11-01 02:00:00,708.5,-6.2,0
2023-11-01 03:00:00,694.1,-7.3,0
2023-11-01 04:00:00,695.0,-5.7,0
2023-11-01 05:00:00,714.4,-4.8,0
2023-11-01 06:00:00,730.6,-4.2,0
2023-11-01 07:00:00,738.1,-2.9,0
2023-11-01 08:00:00,744.4,-2.3,0
2023-11-01 09:00:00,721.4,-1.2,0
2023-11-01 10:00:00,656.9,1.5,0
2023-11-01 11:00:00,633.3,2.0,0
2023-11-01 12:00:00,609.1,3.7,0
2023-11-01 13:00:00,613.8,3.6,0
2023-11-01 14:00:00,601.8,4.1,0
2023-11-01 15:00:00,628.3,5.3,0
2023-11-01 16:00:00,653.0,4.1,0
2023-11-01 17:00:00,683.3,4.1,0
2023-11-01 18:00:00,722.8,1.7,0
2023-11-01 19:00:00,722.6,-0.0,0
2023-11-01 20:00:00,729.5,-1.2,0
2023-11-01 21:00:00,691.9,-1.3,0
2023-11-01 22:00:00,693.7,-1.5,0
2023-11-01 23:00:00,694.3,-3.1,0
2023-11-02 00:00:00,686.5,-4.1,0
2023-11-02 01:00:00,666.5,-4.4,0
2023-11-02 02:00:00,675.3,-6.1,0
2023-11-02 03:00:00,680.4,-5.7,0
2023-11-02 04:00:00,663.4,-4.2,0
2023-11-02 05:00:00,652.9,-2.5,0
2023-11-02 06:00:00,689.0,-2.3,0
2023-11-02 07:00:00,734.9,-1.8,0
2023-11-02 08:00:00,753.6,-1.5,0
2023-11-02 09:00:00,746.0,-0.8,0
2023-11-02 10:00:00,751.1,0.1,0
2023-11-02 11:00:00,712.7,1.8,0
2023-11-02 12:00:00,670.5,2.9,0
2023-11-02 13:00:00,665.5,2.8,0
2023-11-02 14:00:00,635.4,4.1,0
2023-11-02 15:00:00,639.7,5.1,0
2023-11-02 16:00:00,702.5,4.5,0
2023-11-02 17:00:00,747.1,4.0,0
2023-11-02 18:00:00,754.1,3.3,0
2023-11-02 19:00:00,767.9,1.1,0
2023-11-02 20:00:00,730.7,0.4,0
2023-11-02 21:00:00,741.8,0.1,0
2023-11-02 22:00:00,689.6,1.0,0
2023-11-02 23:00:00,657.0,0.2,0
2023-11-03 00:00:00,660.9,-1.0,0
2023-11-03 01:00:00,658.3,-1.7,0
2023-11-03 02:00:00,628.5,-1.5,0
2023-11-03 03:00:00,606.1,-0.9,0
2023-11-03 04:00:00,610.7,-1.5,0
2023-11-03 05:00:00,630.2,-0.9,0
2023-11-03 06:00:00,650.0,0.4,0
2023-11-03 07:00:00,704.7,-0.6,0
2023-11-03 08:00:00,680.9,1.7,0
2023-11-03 09:00:00,661.8,2.5,0
2023-11-03 10:00:00,635.1,4.4,0
2023-11-03 11:00:00,629.5,5.3,0
2023-11-03 12:00:00,642.1,5.9,0
2023-11-03 13:00:00,646.0,6.5,0
2023-11-03 14:00:00,619.1,7.2,0
2023-11-03 15:00:00,622.9,8.1,0
2023-11-03 16:00:00,667.4,7.8,0
2023-11-03 17:00:00,697.5,6.3,0
2023-11-03 18:00:00,712.6,5.1,0
2023-11-03 19:00:00,708.2,3.4,0
2023-11-03 20:00:00,694.2,3.2,0
2023-11-03 21:00:00,675.6,1.4,0
2023-11-03 22:00:00,639.5,1.8,0
2023-11-03 23:00:00,614.9,1.0,0
2023-11-04 00:00:00,539.1,-0.1,0
2023-11-04 01:00:00,514.6,0.5,0
2023-11-04 02:00:00,503.0,-0.3,0
2023-11-04 03:00:00,499.0,-0.7,0
2023-11-04 04:00:00,489.7,0.2,0
2023-11-04 05:00:00,522.6,1.3,0
2023-11-04 06:00:00,579.6,1.0,0
2023-11-04 07:00:00,568.7,4.0,0
2023-11-04 08:00:00,563.0,5.4,0
2023-11-04 09:00:00,600.4,5.2,0
2023-11-04 10:00:00,586.0,6.1,0
2023-11-04 11:00:00,570.2,7.8,0
2023-11-04 12:00:00,551.5,8.8,0
2023-11-04 13:00:00,533.7,10.1,0
2023-11-04 14:00:00,525.1,12.6,0
2023-11-04 15:00:00,562.0,13.4,0
2023-11-04 16:00:00,616.0,14.9,0
2023-11-04 17:00:00,643.3,14.9,0
2023-11-04 18:00:00,660.6,13.5,0
2023-11-04 19:00:00,664.7,13.8,0
2023-11-04 20:00:00,650.3,12.0,0
2023-11-04 21:00:00,603.5,11.6,0
2023-11-04 22:00:00,556.3,10.9,0
2023-11-04 23:00:00,532.7,9.0,0
2023-11-05 00:00:00,531.9,7.1,0
2023-11-05 01:00:00,516.9,6.1,0
2023-11-05 02:00:00,501.0,5.9,0
2023-11-05 03:00:00,483.3,6.8,0
2023-11-05 04:00:00,473.7,6.8,0
2023-11-05 05:00:00,492.3,8.8,0
2023-11-05 06:00:00,516.0,9.9,0
2023-11-05 07:00:00,554.5,9.9,0
2023-11-05 08:00:00,590.7,10.1,0
2023-11-05 09:00:00,571.2,11.0,0
2023-11-05 10:00:00,548.3,11.4,0
2023-11-05 11:00:00,510.1,12.1,0
2023-11-05 12:00:00,505.6,13.5,0
2023-11-05 13:00:00,505.1,14.2,0
2023-11-05 14:00:00,525.8,15.3,0
2023-11-05 15:00:00,566.8,14.6,0
2023-11-05 16:00:00,571.1,13.5,0
2023-11-05 17:00:00,636.9,11.7,0
2023-11-05 18:00:00,648.1,9.4,0
2023-11-05 19:00:00,639.0,8.1,0
2023-11-05 20:00:00,592.8,7.2,0
2023-11-05 21:00:00,601.4,5.9,0
2023-11-05 22:00:00,572.0,4.9,0
2023-11-05 23:00:00,553.4,5.7,0
2023-11-06 00:00:00,589.1,3.6,0
2023-11-06 01:00:00,617.1,2.7,0
2023-11-06 02:00:00,594.3,1.8,0
2023-11-06 03:00:00,605.0,0.9,0
2023-11-06 04:00:00,582.0,2.2,0
2023-11-06 05:00:00,601.6,2.6,0
2023-11-06 06:00:00,641.8,4.3,0
2023-11-06 07:00:00,678.3,4.1,0
2023-11-06 08:00:00,670.6,6.7,0
2023-11-06 09:00:00,650.2,9.7,0
2023-11-06 10:00:00,617.8,9.8,0
2023-11-06 11:00:00,569.8,10.6,0
2023-11-06 12:00:00,537.8,11.3,0
2023-11-06 13:00:00,527.2,12.3,0
2023-11-06 14:00:00,566.4,11.4,0
2023-11-06 15:00:00,585.7,11.9,0
2023-11-06 16:00:00,608.6,12.3,0
2023-11-06 17:00:00,653.5,11.3,0
2023-11-06 18:00:00,687.1,8.6,0
2023-11-06 19:00:00,717.2,7.1,0
2023-11-06 20:00:00,718.4,5.8,0
2023-11-06 21:00:00,671.0,5.5,0
2023-11-06 22:00:00,683.0,3.9,0
2023-11-06 23:00:00,658.7,1.9,0
2023-11-07 00:00:00,630.5,1.5,0
2023-11-07 01:00:00,615.9,1.2,0
2023-11-07 02:00:00,616.9,1.5,0
2023-11-07 03:00:00,627.9,1.4,0
2023-11-07 04:00:00,622.0,2.5,0
2023-11-07 05:00:00,636.5,3.3,0
2023-11-07 06:00:00,653.4,2.3,0
2023-11-07 07:00:00,649.1,3.3,0
2023-11-07 08:00:00,652.5,5.0,0
2023-11-07 09:00:00,646.2,6.0,0
2023-11-07 10:00:00,600.4,8.3,0
2023-11-07 11:00:00,590.3,8.8,0
2023-11-07 12:00:00,585.9,10.2,0
2023-11-07 13:00:00,556.9,9.7,0
2023-11-07 14:00:00,572.4,10.1,0
2023-11-07 15:00:00,628.8,9.7,0
2023-11-07 16:00:00,663.3,8.7,0
2023-11-07 17:00:00,708.1,7.1,0
2023-11-07 18:00:00,733.0,6.7,0
2023-11-07 19:00:00,742.5,6.3,0
2023-11-07 20:00:00,690.1,4.8,0
2023-11-07 21:00:00,690.0,2.7,0
2023-11-07 22:00:00,674.5,1.0,0
2023-11-07 23:00:00,668.4,0.8,0
2023-11-08 00:00:00,644.6,-1.2,0
2023-11-08 01:00:00,627.9,-0.7,0
2023-11-08 02:00:00,650.9,-2.6,0
2023-11-08 03:00:00,663.2,-2.3,0
2023-11-08 04:00:00,657.4,-1.5,0
2023-11-08 05:00:00,665.2,0.1,0
2023-11-08 06:00:00,675.1,0.4,0
2023-11-08 07:00:00,703.1,0.6,0
2023-11-08 08:00:00,728.6,0.4,0
2023-11-08 09:00:00,730.6,2.3,0
2023-11-08 10:00:00,680.4,3.4,0
2023-11-08 11:00:00,653.3,4.0,0
2023-11-08 12:00:00,624.5,4.5,0
2023-11-08 13:00:00,621.7,5.5,0
2023-11-08 14:00:00,610.2,6.0,0
2023-11-08 15:00:00,633.8,7.3,0
2023-11-08 16:00:00,666.4,5.3,0
2023-11-08 17:00:00,726.1,5.8,0
2023-11-08 18:00:00,757.7,4.8,0
2023-11-08 19:00:00,759.0,4.0,0
2023-11-08 20:00:00,747.5,2.8,0
2023-11-08 21:00:00,726.1,1.8,0
2023-11-08 22:00:00,700.1,1.6,0
2023-11-08 23:00:00,700.4,0.9,0
2023-11-09 00:00:00,683.5,-1.3,0
2023-11-09 01:00:00,664.9,-1.9,0
2023-11-09 02:00:00,636.8,-2.3,0
2023-11-09 03:00:00,626.2,-2.0,0
2023-11-09 04:00:00,621.4,-1.7,0
2023-11-09 05:00:00,661.1,-1.3,0
2023-11-09 06:00:00,656.4,0.4,0
2023-11-09 07:00:00,685.2,0.3,0
2023-11-09 08:00:00,674.9,3.3,0
2023-11-09 09:00:00,691.3,3.8,0
2023-11-09 10:00:00,644.1,4.0,0
2023-11-09 11:00:00,607.8,5.7,0
2023-11-09 12:00:00,596.9,7.6,0
2023-11-09 13:00:00,553.8,9.4,0
2023-11-09 14:00:00,567.1,11.1,0
2023-11-09 15:00:00,551.6,11.6,0
2023-11-09 16:00:00,591.6,11.4,0
2023-11-09 17:00:00,619.3,11.3,0
2023-11-09 18:00:00,649.3,10.6,0
2023-11-09 19:00:00,673.4,9.2,0
2023-11-09 20:00:00,676.4,9.6,0
2023-11-09 21:00:00,623.4,10.1,0
2023-11-09 22:00:00,627.9,9.0,0
2023-11-09 23:00:00,640.7,7.7,0
2023-11-10 00:00:00,583.4,6.1,0
2023-11-10 01:00:00,594.4,3.8,0
2023-11-10 02:00:00,605.2,2.8,0
2023-11-10 03:00:00,632.3,2.1,0
2023-11-10 04:00:00,646.1,2.2,0
2023-11-10 05:00:00,661.2,1.7,0
2023-11-10 06:00:00,693.6,0.6,0
2023-11-10 07:00:00,715.4,2.1,0
2023-11-10 08:00:00,685.7,4.7,0
2023-11-10 09:00:00,693.2,3.8,0
2023-11-10 10:00:00,663.2,4.7,0
2023-11-10 11:00:00,610.7,6.5,0
2023-11-10 12:00:00,638.8,6.3,0
2023-11-10 13:00:00,638.7,5.7,0
2023-11-10 14:00:00,671.5,6.2,0
2023-11-10 15:00:00,698.7,6.3,0
2023-11-10 16:00:00,741.4,5.6,0
2023-11-10 17:00:00,741.9,6.8,0
2023-11-10 18:00:00,741.1,7.6,0
2023-11-10 19:00:00,739.1,7.4,0
2023-11-10 20:00:00,718.2,6.4,0
2023-11-10 21:00:00,673.0,5.1,0
2023-11-10 22:00:00,680.2,4.8,0
2023-11-10 23:00:00,703.0,3.7,0
2023-11-11 00:00:00,591.7,4.0,0
2023-11-11 01:00:00,566.4,4.4,0
2023-11-11 02:00:00,553.9,3.4,0
2023-11-11 03:00:00,523.1,3.9,0
2023-11-11 04:00:00,522.5,5.4,0
2023-11-11 05:00:00,533.7,6.3,0
2023-11-11 06:00:00,576.2,6.0,0
2023-11-11 07:00:00,613.4,6.5,0
2023-11-11 08:00:00,651.7,7.0,0
2023-11-11 09:00:00,624.5,8.1,0
2023-11-11 10:00:00,591.8,9.1,0
2023-11-11 11:00:00,554.9,9.7,0
2023-11-11 12:00:00,531.5,11.3,0
2023-11-11 13:00:00,497.6,13.1,0
2023-11-11 14:00:00,532.1,12.8,0
2023-11-11 15:00:00,562.4,11.6,0
2023-11-11 16:00:00,566.2,11.7,0
2023-11-11 17:00:00,603.3,11.3,0
2023-11-11 18:00:00,647.3,11.0,0
2023-11-11 19:00:00,663.8,9.5,0
2023-11-11 20:00:00,630.1,8.8,0
2023-11-11 21:00:00,618.5,6.9,0
2023-11-11 22:00:00,587.7,6.8,0
2023-11-11 23:00:00,546.9,7.3,0
2023-11-12 00:00:00,528.9,5.4,0
2023-11-12 01:00:00,528.9,2.4,0
2023-11-12 02:00:00,525.1,1.6,0
2023-11-12 03:00:00,513.0,1.0,0
2023-11-12 04:00:00,540.6,1.4,0
2023-11-12 05:00:00,577.3,1.8,0
2023-11-12 06:00:00,587.8,3.0,0
2023-11-12 07:00:00,586.6,6.3,0
2023-11-12 08:00:00,620.9,6.7,0
2023-11-12 09:00:00,579.2,7.4,0
2023-11-12 10:00:00,548.2,8.8,0
2023-11-12 11:00:00,544.0,8.1,0
2023-11-12 12:00:00,527.3,9.6,0
2023-11-12 13:00:00,514.2,9.7,0
2023-11-12 14:00:00,497.2,8.8,0
2023-11-12 15:00:00,517.3,8.3,0
2023-11-12 16:00:00,569.8,8.7,0
2023-11-12 17:00:00,594.2,9.1,0
2023-11-12 18:00:00,620.8,9.7,0
2023-11-12 19:00:00,623.4,9.2,0
2023-11-12 20:00:00,630.0,7.6,0
2023-11-12 21:00:00,587.4,7.1,0
2023-11-12 22:00:00,571.8,6.0,0
2023-11-12 23:00:00,543.0,7.2,0
2023-11-13 00:00:00,578.5,4.3,0
2023-11-13 01:00:00,566.5,5.1,0
2023-11-13 02:00:00,571.9,5.3,0
2023-11-13 03:00:00,572.7,5.5,0
2023-11-13 04:00:00,569.3,5.5,0
2023-11-13 05:00:00,584.4,5.3,0
2023-11-13 06:00:00,599.9,5.1,0
2023-11-13 07:00:00,623.7,4.5,0
2023-11-13 08:00:00,586.1,7.3,0
2023-11-13 09:00:00,584.0,9.2,0
2023-11-13 10:00:00,563.4,10.8,0
2023-11-13 11:00:00,542.8,12.0,0
2023-11-13 12:00:00,582.7,11.0,0
2023-11-13 13:00:00,575.9,11.4,0
2023-11-13 14:00:00,591.4,11.9,0
2023-11-13 15:00:00,580.9,13.1,0
2023-11-13 16:00:00,613.5,12.0,0
2023-11-13 17:00:00,641.1,11.8,0
2023-11-13 18:00:00,676.1,11.0,0
2023-11-13 19:00:00,666.1,10.1,0
2023-11-13 20:00:00,649.2,8.5,0
2023-11-13 21:00:00,614.7,7.8,0
2023-11-13 22:00:00,602.1,6.8,0
2023-11-13 23:00:00,591.1,4.2,0
2023-11-14 00:00:00,560.2,4.3,0
2023-11-14 01:00:00,548.8,5.7,0
2023-11-14 02:00:00,557.4,4.5,0
2023-11-14 03:00:00,568.1,5.3,0
2023-11-14 04:00:00,586.1,4.6,0
2023-11-14 05:00:00,612.0,4.5,0
2023-11-14 06:00:00,624.0,6.7,0
2023-11-14 07:00:00,657.8,7.6,0
2023-11-14 08:00:00,657.3,9.9,0
2023-11-14 09:00:00,639.2,11.1,0
2023-11-14 10:00:00,617.1,13.0,0
2023-11-14 11:00:00,575.9,13.7,0
2023-11-14 12:00:00,571.4,15.7,0
2023-11-14 13:00:00,545.8,17.8,0
2023-11-14 14:00:00,576.4,18.6,0
2023-11-14 15:00:00,583.9,18.1,0
2023-11-14 16:00:00,611.4,17.4,0
2023-11-14 17:00:00,642.7,16.0,0
2023-11-14 18:00:00,675.4,15.8,0
2023-11-14 19:00:00,643.5,15.3,0
2023-11-14 20:00:00,621.2,13.6,0
2023-11-14 21:00:00,603.1,13.2,0
2023-11-14 22:00:00,587.5,11.5,0
2023-11-14 23:00:00,544.5,12.1,0
2023-11-15 00:00:00,531.2,11.7,0
2023-11-15 01:00:00,546.1,12.3,0
2023-11-15 02:00:00,524.2,11.0,0
2023-11-15 03:00:00,522.2,9.8,0
2023-11-15 04:00:00,525.8,8.1,0
2023-11-15 05:00:00,535.6,9.0,0
2023-11-15 06:00:00,573.5,8.5,0
2023-11-15 07:00:00,627.5,10.5,0
2023-11-15 08:00:00,611.9,11.4,0
2023-11-15 09:00:00,629.8,13.0,0
2023-11-15 10:00:00,607.1,12.8,0
2023-11-15 11:00:00,576.0,13.1,0
2023-11-15 12:00:00,550.6,14.1,0
2023-11-15 13:00:00,556.5,15.3,0
2023-11-15 14:00:00,558.4,14.4,0
2023-11-15 15:00:00,575.2,14.8,0
2023-11-15 16:00:00,607.6,13.9,0
2023-11-15 17:00:00,643.8,14.2,0
2023-11-15 18:00:00,675.9,13.3,0
2023-11-15 19:00:00,676.5,12.1,0
2023-11-15 20:00:00,644.1,11.5,0
2023-11-15 21:00:00,622.2,11.5,0
2023-11-15 22:00:00,601.0,10.1,0
2023-11-15 23:00:00,579.2,10.2,0
2023-11-16 00:00:00,523.0,8.2,0
2023-11-16 01:00:00,520.3,7.7,0
2023-11-16 02:00:00,517.7,6.3,0
2023-11-16 03:00:00,506.0,6.3,0
2023-11-16 04:00:00,524.5,5.5,0
2023-11-16 05:00:00,537.4,5.9,0
2023-11-16 06:00:00,536.9,7.1,0
2023-11-16 07:00:00,562.3,7.0,0
2023-11-16 08:00:00,612.9,6.4,0
2023-11-16 09:00:00,605.2,7.3,0
2023-11-16 10:00:00,567.4,8.9,0
2023-11-16 11:00:00,546.8,10.1,0
2023-11-16 12:00:00,509.6,10.1,0
2023-11-16 13:00:00,533.5,11.5,0
2023-11-16 14:00:00,564.2,11.7,0
2023-11-16 15:00:00,579.2,12.5,0
2023-11-16 16:00:00,623.3,11.6,0
2023-11-16 17:00:00,647.6,11.6,0
2023-11-16 18:00:00,663.1,12.0,0
2023-11-16 19:00:00,670.8,10.6,0
2023-11-16 20:00:00,650.6,9.3,0
2023-11-16 21:00:00,631.6,8.9,0
2023-11-16 22:00:00,587.0,8.3,0
2023-11-16 23:00:00,584.7,7.6,0
2023-11-17 00:00:00,541.9,6.5,0
2023-11-17 01:00:00,558.4,4.4,0
2023-11-17 02:00:00,577.4,4.0,0
2023-11-17 03:00:00,617.2,2.7,0
2023-11-17 04:00:00,595.0,3.0,0
2023-11-17 05:00:00,647.7,1.3,0
2023-11-17 06:00:00,677.7,3.3,0
2023-11-17 07:00:00,674.9,5.9,0
2023-11-17 08:00:00,694.2,7.3,0
2023-11-17 09:00:00,665.1,7.6,0
2023-11-17 10:00:00,635.5,8.3,0
2023-11-17 11:00:00,634.6,10.1,0
2023-11-17 12:00:00,615.0,11.5,0
2023-11-17 13:00:00,617.6,11.5,0
2023-11-17 14:00:00,604.7,13.0,0
2023-11-17 15:00:00,611.0,13.7,0
2023-11-17 16:00:00,650.8,14.0,0
2023-11-17 17:00:00,682.7,13.2,0
2023-11-17 18:00:00,730.1,12.6,0
2023-11-17 19:00:00,716.1,11.0,0
2023-11-17 20:00:00,677.7,10.2,0
2023-11-17 21:00:00,660.1,8.5,0
2023-11-17 22:00:00,601.1,8.5,0
2023-11-17 23:00:00,599.8,7.6,0
2023-11-18 00:00:00,525.6,6.7,0
2023-11-18 01:00:00,542.5,6.3,0
2023-11-18 02:00:00,506.2,6.1,0
2023-11-18 03:00:00,509.9,4.7,0
2023-11-18 04:00:00,519.3,5.9,0
2023-11-18 05:00:00,527.8,6.3,0
2023-11-18 06:00:00,565.0,6.4,0
2023-11-18 07:00:00,566.7,6.3,0
2023-11-18 08:00:00,580.2,6.7,0
2023-11-18 09:00:00,583.0,7.2,0
2023-11-18 10:00:00,544.6,8.2,0
2023-11-18 11:00:00,532.7,8.4,0
2023-11-18 12:00:00,514.4,9.4,0
2023-11-18 13:00:00,501.4,10.2,0
2023-11-18 14:00:00,497.2,10.0,0
2023-11-18 15:00:00,505.3,12.1,0
2023-11-18 16:00:00,548.2,11.9,0
2023-11-18 17:00:00,582.4,11.8,0
2023-11-18 18:00:00,622.5,11.2,0
2023-11-18 19:00:00,636.7,10.2,0
2023-11-18 20:00:00,595.4,9.8,0
2023-11-18 21:00:00,561.8,10.0,0
2023-11-18 22:00:00,556.8,8.8,0
2023-11-18 23:00:00,558.2,7.0,0
2023-11-19 00:00:00,514.9,6.5,0
2023-11-19 01:00:00,506.7,3.8,0
2023-11-19 02:00:00,505.5,3.6,0
2023-11-19 03:00:00,512.8,3.3,0
2023-11-19 04:00:00,538.0,3.7,0
2023-11-19 05:00:00,568.0,2.7,0
2023-11-19 06:00:00,595.6,3.0,0
2023-11-19 07:00:00,630.4,2.9,0
2023-11-19 08:00:00,659.0,3.5,0
2023-11-19 09:00:00,645.7,5.1,0
2023-11-19 10:00:00,640.4,6.0,0
2023-11-19 11:00:00,595.2,6.5,0
2023-11-19 12:00:00,573.5,8.5,0
2023-11-19 13:00:00,559.6,9.1,0
2023-11-19 14:00:00,595.2,7.8,0
2023-11-19 15:00:00,603.2,7.0,0
2023-11-19 16:00:00,636.5,7.4,0
2023-11-19 17:00:00,673.5,7.4,0
2023-11-19 18:00:00,677.4,7.1,0
2023-11-19 19:00:00,678.0,6.5,0
2023-11-19 20:00:00,664.1,4.8,0
2023-11-19 21:00:00,629.9,3.8,0
2023-11-19 22:00:00,608.8,1.8,0
2023-11-19 23:00:00,586.1,0.1,0
2023-11-20 00:00:00,644.8,-1.5,0
2023-11-20 01:00:00,655.0,-2.8,0
2023-11-20 02:00:00,658.5,-3.4,0
2023-11-20 03:00:00,659.5,-3.5,0
2023-11-20 04:00:00,682.9,-4.0,0
2023-11-20 05:00:00,675.2,-2.4,0
2023-11-20 06:00:00,690.3,-2.1,0
2023-11-20 07:00:00,701.6,0.2,0
2023-11-20 08:00:00,701.7,2.2,0
2023-11-20 09:00:00,705.7,2.2,0
2023-11-20 10:00:00,671.1,4.1,0
2023-11-20 11:00:00,632.2,3.9,0
2023-11-20 12:00:00,581.0,6.1,0
2023-11-20 13:00:00,563.8,7.1,0
2023-11-20 14:00:00,612.7,6.6,0
2023-11-20 15:00:00,660.1,4.9,0
2023-11-20 16:00:00,676.5,4.5,0
2023-11-20 17:00:00,745.6,3.0,0
2023-11-20 18:00:00,774.2,3.5,0
2023-11-20 19:00:00,783.8,1.7,0
2023-11-20 20:00:00,781.7,0.6,0
2023-11-20 21:00:00,751.2,0.2,0
2023-11-20 22:00:00,726.9,-0.7,0
2023-11-20 23:00:00,715.0,-1.3,0
2023-11-21 00:00:00,705.4,-2.4,0
2023-11-21 01:00:00,697.1,-2.3,0
2023-11-21 02:00:00,669.2,-3.5,0
2023-11-21 03:00:00,651.6,-3.0,0
2023-11-21 04:00:00,697.5,-3.8,0
2023-11-21 05:00:00,743.9,-3.2,0
2023-11-21 06:00:00,753.4,-3.4,0
2023-11-21 07:00:00,787.4,-2.7,0
2023-11-21 08:00:00,751.0,-1.1,0
2023-11-21 09:00:00,736.9,1.2,0
2023-11-21 10:00:00,715.6,0.7,0
2023-11-21 11:00:00,706.3,1.1,0
2023-11-21 12:00:00,696.4,1.2,0
2023-11-21 13:00:00,653.3,3.1,0
2023-11-21 14:00:00,646.7,2.8,0
2023-11-21 15:00:00,639.0,3.7,0
2023-11-21 16:00:00,652.4,3.2,0
2023-11-21 17:00:00,663.5,1.7,0
2023-11-21 18:00:00,692.7,1.3,0
2023-11-21 19:00:00,732.6,-0.4,0
2023-11-21 20:00:00,718.6,-0.5,0
2023-11-21 21:00:00,705.4,-0.7,0
2023-11-21 22:00:00,670.2,-0.4,0
2023-11-21 23:00:00,690.0,-2.2,0
2023-11-22 00:00:00,654.3,-1.7,0
2023-11-22 01:00:00,634.5,-1.4,0
2023-11-22 02:00:00,635.7,-3.4,0
2023-11-22 03:00:00,584.2,-1.4,0
2023-11-22 04:00:00,595.4,0.2,0
2023-11-22 05:00:00,632.1,-0.3,0
2023-11-22 06:00:00,628.9,0.6,0
2023-11-22 07:00:00,661.4,0.2,0
2023-11-22 08:00:00,670.8,1.1,0
2023-11-22 09:00:00,686.0,2.3,0
2023-11-22 10:00:00,668.9,3.9,0
2023-11-22 11:00:00,642.0,4.2,0
2023-11-22 12:00:00,631.6,5.0,0
2023-11-22 13:00:00,604.7,4.8,0
2023-11-22 14:00:00,601.1,5.6,0
2023-11-22 15:00:00,612.0,6.4,0
2023-11-22 16:00:00,627.6,6.3,0
2023-11-22 17:00:00,684.6,7.0,0
2023-11-22 18:00:00,704.5,7.0,0
2023-11-22 19:00:00,733.3,6.5,0
2023-11-22 20:00:00,681.9,6.5,0
2023-11-22 21:00:00,687.3,4.3,0
2023-11-22 22:00:00,679.7,3.2,0
2023-11-22 23:00:00,668.5,0.6,0
2023-11-23 00:00:00,647.0,-0.4,0
2023-11-23 01:00:00,653.4,-1.4,0
2023-11-23 02:00:00,649.7,-1.0,0
2023-11-23 03:00:00,645.7,-1.6,0
2023-11-23 04:00:00,646.5,-2.0,0
2023-11-23 05:00:00,651.3,-1.6,0
2023-11-23 06:00:00,684.4,-1.1,0
2023-11-23 07:00:00,691.6,0.2,0
2023-11-23 08:00:00,708.8,0.4,0
2023-11-23 09:00:00,672.0,0.2,0
2023-11-23 10:00:00,663.3,-0.1,0
2023-11-23 11:00:00,598.8,2.0,0
2023-11-23 12:00:00,604.5,1.8,0
2023-11-23 13:00:00,629.8,2.1,0
2023-11-23 14:00:00,653.1,1.7,0
2023-11-23 15:00:00,659.2,2.8,0
2023-11-23 16:00:00,714.6,2.2,0
2023-11-23 17:00:00,706.8,3.1,0
2023-11-23 18:00:00,741.4,1.9,0
2023-11-23 19:00:00,770.0,1.5,0
2023-11-23 20:00:00,742.0,1.3,0
2023-11-23 21:00:00,680.4,1.2,0
2023-11-23 22:00:00,665.4,-0.9,0
2023-11-23 23:00:00,677.5,-2.1,0
2023-11-24 00:00:00,665.4,-3.0,0
2023-11-24 01:00:00,691.0,-5.2,0
2023-11-24 02:00:00,694.1,-4.8,0
2023-11-24 03:00:00,688.8,-4.5,0
2023-11-24 04:00:00,692.2,-3.8,0
2023-11-24 05:00:00,741.0,-4.6,0
2023-11-24 06:00:00,726.6,-3.6,0
2023-11-24 07:00:00,785.1,-2.3,0
2023-11-24 08:00:00,773.7,-0.3,0
2023-11-24 09:00:00,790.0,0.3,0
2023-11-24 10:00:00,740.8,2.0,0
2023-11-24 11:00:00,700.7,4.8,0
2023-11-24 12:00:00,679.8,5.2,0
2023-11-24 13:00:00,670.0,5.5,0
2023-11-24 14:00:00,668.4,5.7,0
2023-11-24 15:00:00,689.4,4.5,0
2023-11-24 16:00:00,743.2,4.1,0
2023-11-24 17:00:00,770.8,5.2,0
2023-11-24 18:00:00,825.8,3.8,0
2023-11-24 19:00:00,798.7,2.9,0
2023-11-24 20:00:00,736.5,3.0,0
2023-11-24 21:00:00,715.6,2.5,0
2023-11-24 22:00:00,718.1,1.7,0
2023-11-24 23:00:00,686.9,0.5,0
2023-11-25 00:00:00,577.0,-0.6,0
2023-11-25 01:00:00,561.3,-1.2,0
2023-11-25 02:00:00,551.9,-1.0,0
2023-11-25 03:00:00,572.7,-1.0,0
2023-11-25 04:00:00,569.3,-0.1,0
2023-11-25 05:00:00,614.5,-1.3,0
2023-11-25 06:00:00,602.5,0.0,0
2023-11-25 07:00:00,602.3,0.4,0
2023-11-25 08:00:00,619.9,1.4,0
2023-11-25 09:00:00,618.8,2.1,0
2023-11-25 10:00:00,574.7,3.7,0
2023-11-25 11:00:00,555.0,4.6,0
2023-11-25 12:00:00,534.6,6.0,0
2023-11-25 13:00:00,546.2,5.9,0
2023-11-25 14:00:00,540.1,6.5,0
2023-11-25 15:00:00,551.9,7.7,0
2023-11-25 16:00:00,607.2,8.5,0
2023-11-25 17:00:00,631.3,7.8,0
2023-11-25 18:00:00,652.5,7.2,0
2023-11-25 19:00:00,655.3,6.0,0
2023-11-25 20:00:00,657.0,4.9,0
2023-11-25 21:00:00,617.2,3.9,0
2023-11-25 22:00:00,565.2,3.9,0
2023-11-25 23:00:00,542.8,3.4,0
2023-11-26 00:00:00,484.0,3.6,0
2023-11-26 01:00:00,480.8,4.3,0
2023-11-26 02:00:00,527.8,2.6,0
2023-11-26 03:00:00,536.8,2.6,0
2023-11-26 04:00:00,558.4,2.3,0
2023-11-26 05:00:00,599.4,1.1,0
2023-11-26 06:00:00,626.7,0.8,0
2023-11-26 07:00:00,625.1,1.1,0
2023-11-26 08:00:00,598.7,3.6,0
2023-11-26 09:00:00,602.6,4.6,0
2023-11-26 10:00:00,554.1,5.4,0
2023-11-26 11:00:00,559.1,6.3,0
2023-11-26 12:00:00,526.6,6.5,0
2023-11-26 13:00:00,513.6,7.2,0
2023-11-26 14:00:00,509.5,7.5,0
2023-11-26 15:00:00,529.2,6.2,0
2023-11-26 16:00:00,568.4,5.6,0
2023-11-26 17:00:00,584.8,8.2,0
2023-11-26 18:00:00,612.7,8.1,0
2023-11-26 19:00:00,634.8,7.1,0
2023-11-26 20:00:00,621.2,6.7,0
2023-11-26 21:00:00,629.2,4.7,0
2023-11-26 22:00:00,598.7,3.7,0
2023-11-26 23:00:00,564.6,3.5,0
2023-11-27 00:00:00,609.5,1.0,0
2023-11-27 01:00:00,616.9,-0.3,0
2023-11-27 02:00:00,640.3,-1.1,0
2023-11-27 03:00:00,646.0,-1.5,0
2023-11-27 04:00:00,653.3,-1.8,0
2023-11-27 05:00:00,671.6,-1.1,0
2023-11-27 06:00:00,664.8,0.4,0
2023-11-27 07:00:00,678.4,1.6,0
2023-11-27 08:00:00,665.9,3.4,0
2023-11-27 09:00:00,629.4,5.3,0
2023-11-27 10:00:00,623.6,5.8,0
2023-11-27 11:00:00,583.3,6.9,0
2023-11-27 12:00:00,562.7,7.4,0
2023-11-27 13:00:00,539.2,8.5,0
2023-11-27 14:00:00,561.9,8.5,0
2023-11-27 15:00:00,572.6,8.5,0
2023-11-27 16:00:00,636.9,9.8,0
2023-11-27 17:00:00,661.1,9.1,0
2023-11-27 18:00:00,720.1,7.0,0
2023-11-27 19:00:00,735.9,6.3,0
2023-11-27 20:00:00,731.8,5.5,0
2023-11-27 21:00:00,710.6,4.0,0
2023-11-27 22:00:00,668.9,3.0,0
2023-11-27 23:00:00,683.4,2.9,0
2023-11-28 00:00:00,657.1,1.4,0
2023-11-28 01:00:00,632.2,0.6,0
2023-11-28 02:00:00,655.9,-0.5,0
2023-11-28 03:00:00,646.7,-0.3,0
2023-11-28 04:00:00,642.0,-0.3,0
2023-11-28 05:00:00,680.8,-0.8,0
2023-11-28 06:00:00,705.2,-0.3,0
2023-11-28 07:00:00,713.2,2.2,0
2023-11-28 08:00:00,730.9,1.6,0
2023-11-28 09:00:00,741.3,1.4,0
2023-11-28 10:00:00,707.8,2.8,0
2023-11-28 11:00:00,678.4,2.6,0
2023-11-28 12:00:00,634.5,5.2,0
2023-11-28 13:00:00,653.4,4.5,0
2023-11-28 14:00:00,663.6,3.9,0
2023-11-28 15:00:00,671.5,3.6,0
2023-11-28 16:00:00,695.1,4.5,0
2023-11-28 17:00:00,734.2,4.9,0
2023-11-28 18:00:00,763.6,4.8,0
2023-11-28 19:00:00,743.9,4.3,0
2023-11-28 20:00:00,701.0,4.5,0
2023-11-28 21:00:00,694.9,1.8,0
2023-11-28 22:00:00,689.0,1.1,0
2023-11-28 23:00:00,667.5,1.4,0
2023-11-29 00:00:00,675.9,-0.5,0
2023-11-29 01:00:00,689.2,-0.9,0
2023-11-29 02:00:00,675.4,-0.2,0
2023-11-29 03:00:00,655.6,0.8,0
2023-11-29 04:00:00,655.9,0.7,0
2023-11-29 05:00:00,636.1,2.7,0
2023-11-29 06:00:00,658.7,3.7,0
2023-11-29 07:00:00,651.4,5.3,0
2023-11-29 08:00:00,683.5,5.2,0
2023-11-29 09:00:00,647.2,5.5,0
2023-11-29 10:00:00,648.8,5.8,0
2023-11-29 11:00:00,602.7,8.3,0
2023-11-29 12:00:00,590.5,6.9,0
2023-11-29 13:00:00,602.6,5.9,0
2023-11-29 14:00:00,604.7,7.0,0
2023-11-29 15:00:00,625.2,7.3,0
2023-11-29 16:00:00,664.4,4.5,0
2023-11-29 17:00:00,666.6,3.9,0
2023-11-29 18:00:00,727.5,3.0,0
2023-11-29 19:00:00,731.5,3.3,0
2023-11-29 20:00:00,755.0,0.7,0
2023-11-29 21:00:00,700.6,-0.7,0
2023-11-29 22:00:00,671.2,-0.7,0
2023-11-29 23:00:00,645.3,-0.9,0
2023-11-30 00:00:00,640.0,-2.6,0
2023-11-30 01:00:00,663.1,-3.4,0
2023-11-30 02:00:00,661.3,-5.0,0
2023-11-30 03:00:00,657.0,-3.8,0
2023-11-30 04:00:00,681.4,-4.0,0
2023-11-30 05:00:00,650.5,-2.4,0
2023-11-30 06:00:00,670.4,-1.0,0
2023-11-30 07:00:00,705.9,-0.9,0
2023-11-30 08:00:00,710.2,-0.0,0
2023-11-30 09:00:00,697.6,1.6,0
2023-11-30 10:00:00,684.2,3.1,0
2023-11-30 11:00:00,649.3,5.4,0
2023-11-30 12:00:00,634.8,7.2,0
2023-11-30 13:00:00,632.4,8.1,0
2023-11-30 14:00:00,623.2,9.0,0
2023-11-30 15:00:00,632.5,8.5,0
2023-11-30 16:00:00,648.5,7.8,0
2023-11-30 17:00:00,653.8,7.9,0
2023-11-30 18:00:00,678.5,7.5,0
2023-11-30 19:00:00,708.4,5.6,0
2023-11-30 20:00:00,698.1,4.6,0
2023-11-30 21:00:00,685.1,2.8,0
2023-11-30 22:00:00,687.3,1.3,0
2023-11-30 23:00:00,678.5,1.5,0
2023-12-01 00:00:00,654.1,-0.3,0
2023-12-01 01:00:00,655.0,-1.5,0
2023-12-01 02:00:00,619.8,-1.4,0
2023-12-01 03:00:00,641.0,-1.4,0
2023-12-01 04:00:00,644.7,-1.1,0
2023-12-01 05:00:00,637.8,-2.0,0
2023-12-01 06:00:00,670.4,-1.3,0
2023-12-01 07:00:00,697.5,-0.8,0
2023-12-01 08:00:00,726.7,-0.5,0
2023-12-01 09:00:00,716.5,0.1,0
2023-12-01 10:00:00,696.8,1.0,0
2023-12-01 11:00:00,647.1,2.8,0
2023-12-01 12:00:00,623.0,5.3,0
2023-12-01 13:00:00,594.2,6.1,0
2023-12-01 14:00:00,587.6,7.8,0
2023-12-01 15:00:00,612.8,8.0,0
2023-12-01 16:00:00,654.6,6.5,0
2023-12-01 17:00:00,709.5,6.2,0
2023-12-01 18:00:00,733.9,6.7,0
2023-12-01 19:00:00,732.4,7.1,0
2023-12-01 20:00:00,726.4,5.3,0
2023-12-01 21:00:00,687.2,6.2,0
2023-12-01 22:00:00,678.3,4.4,0
2023-12-01 23:00:00,654.9,2.7,0
2023-12-02 00:00:00,565.9,1.3,0
2023-12-02 01:00:00,542.6,1.9,0
2023-12-02 02:00:00,530.2,1.7,0
2023-12-02 03:00:00,524.7,2.3,0
2023-12-02 04:00:00,558.9,0.4,0
2023-12-02 05:00:00,558.6,0.7,0
2023-12-02 06:00:00,585.6,1.3,0
2023-12-02 07:00:00,620.0,2.7,0
2023-12-02 08:00:00,640.3,3.2,0
2023-12-02 09:00:00,581.7,5.2,0
2023-12-02 10:00:00,554.2,5.6,0
2023-12-02 11:00:00,548.6,5.3,0
2023-12-02 12:00:00,524.4,4.7,0
2023-12-02 13:00:00,514.0,6.5,0
2023-12-02 14:00:00,542.4,7.5,0
2023-12-02 15:00:00,574.8,7.0,0
2023-12-02 16:00:00,582.9,7.8,0
2023-12-02 17:00:00,630.2,7.3,0
2023-12-02 18:00:00,632.6,6.5,0
2023-12-02 19:00:00,657.6,4.4,0
2023-12-02 20:00:00,621.9,3.0,0
2023-12-02 21:00:00,598.0,2.1,0
2023-12-02 22:00:00,554.4,1.2,0
2023-12-02 23:00:00,552.4,-0.2,0
2023-12-03 00:00:00,519.6,-0.2,0
2023-12-03 01:00:00,528.7,0.4,0
2023-12-03 02:00:00,546.4,-0.7,0
2023-12-03 03:00:00,575.3,-0.5,0
2023-12-03 04:00:00,619.5,-1.7,0
2023-12-03 05:00:00,627.8,-0.9,0
2023-12-03 06:00:00,668.1,-1.1,0
2023-12-03 07:00:00,667.0,-0.3,0
2023-12-03 08:00:00,666.3,0.8,0
2023-12-03 09:00:00,641.3,1.7,0
2023-12-03 10:00:00,584.2,3.7,0
2023-12-03 11:00:00,580.2,4.0,0
2023-12-03 12:00:00,552.1,4.5,0
2023-12-03 13:00:00,547.3,5.4,0
2023-12-03 14:00:00,547.3,5.8,0
2023-12-03 15:00:00,580.7,6.2,0
2023-12-03 16:00:00,621.1,6.0,0
2023-12-03 17:00:00,639.2,4.9,0
2023-12-03 18:00:00,671.2,4.9,0
2023-12-03 19:00:00,722.4,4.2,0
2023-12-03 20:00:00,704.0,4.0,0
2023-12-03 21:00:00,676.4,4.2,0
2023-12-03 22:00:00,657.7,2.8,0
2023-12-03 23:00:00,670.1,1.2,0
2023-12-04 00:00:00,689.3,-0.2,0
2023-12-04 01:00:00,674.1,-1.3,0
2023-12-04 02:00:00,681.6,-3.4,0
2023-12-04 03:00:00,636.9,-2.1,0
2023-12-04 04:00:00,627.0,-1.5,0
2023-12-04 05:00:00,643.0,0.9,0
2023-12-04 06:00:00,663.7,1.0,0
2023-12-04 07:00:00,669.5,2.4,0
2023-12-04 08:00:00,696.3,3.5,0
2023-12-04 09:00:00,689.1,4.5,0
2023-12-04 10:00:00,641.4,6.3,0
2023-12-04 11:00:00,601.9,7.3,0
2023-12-04 12:00:00,581.8,8.0,0
2023-12-04 13:00:00,577.2,8.7,0
2023-12-04 14:00:00,618.3,7.1,0
2023-12-04 15:00:00,647.8,6.6,0
2023-12-04 16:00:00,670.2,5.9,0
2023-12-04 17:00:00,693.2,6.9,0
2023-12-04 18:00:00,697.6,6.8,0
2023-12-04 19:00:00,695.3,6.6,0
2023-12-04 20:00:00,708.3,6.2,0
2023-12-04 21:00:00,663.3,4.9,0
2023-12-04 22:00:00,623.0,5.3,0
2023-12-04 23:00:00,631.9,4.1,0
2023-12-05 00:00:00,621.6,1.8,0
2023-12-05 01:00:00,607.3,1.7,0
2023-12-05 02:00:00,580.7,2.2,0
2023-12-05 03:00:00,570.7,2.1,0
2023-12-05 04:00:00,593.5,2.5,0
2023-12-05 05:00:00,604.5,3.6,0
2023-12-05 06:00:00,624.6,5.5,0
2023-12-05 07:00:00,654.5,6.7,0
2023-12-05 08:00:00,625.1,8.9,0
2023-12-05 09:00:00,587.2,10.0,0
2023-12-05 10:00:00,566.9,12.7,0
2023-12-05 11:00:00,569.8,12.2,0
2023-12-05 12:00:00,551.7,13.6,0
2023-12-05 13:00:00,560.9,14.3,0
2023-12-05 14:00:00,542.8,14.6,0
2023-12-05 15:00:00,566.0,13.4,0
2023-12-05 16:00:00,591.5,14.0,0
2023-12-05 17:00:00,626.1,13.3,0
2023-12-05 18:00:00,671.8,11.6,0
2023-12-05 19:00:00,642.4,10.0,0
2023-12-05 20:00:00,631.0,8.7,0
2023-12-05 21:00:00,631.0,7.7,0
2023-12-05 22:00:00,615.6,5.7,0
2023-12-05 23:00:00,600.0,3.9,0
2023-12-06 00:00:00,579.6,3.2,0
2023-12-06 01:00:00,560.7,2.4,0
2023-12-06 02:00:00,559.7,3.6,0
2023-12-06 03:00:00,557.2,3.0,0
2023-12-06 04:00:00,587.5,3.7,0
2023-12-06 05:00:00,598.0,5.5,0
2023-12-06 06:00:00,607.0,5.8,0
2023-12-06 07:00:00,623.7,7.3,0
2023-12-06 08:00:00,630.7,8.3,0
2023-12-06 09:00:00,630.1,9.2,0
2023-12-06 10:00:00,573.5,11.5,0
2023-12-06 11:00:00,572.8,11.4,0
2023-12-06 12:00:00,545.4,11.5,0
2023-12-06 13:00:00,524.6,10.5,0
2023-12-06 14:00:00,537.5,10.6,0
2023-12-06 15:00:00,548.4,11.5,0
2023-12-06 16:00:00,593.5,11.0,0
2023-12-06 17:00:00,659.2,11.2,0
2023-12-06 18:00:00,691.2,9.8,0
2023-12-06 19:00:00,718.5,9.9,0
2023-12-06 20:00:00,731.8,8.7,0
2023-12-06 21:00:00,731.7,7.1,0
2023-12-06 22:00:00,685.8,7.4,0
2023-12-06 23:00:00,683.6,6.2,0
2023-12-07 00:00:00,656.6,5.6,0
2023-12-07 01:00:00,657.2,5.0,0
2023-12-07 02:00:00,631.2,5.0,0
2023-12-07 03:00:00,639.9,4.8,0
2023-12-07 04:00:00,663.2,3.7,0
2023-12-07 05:00:00,671.2,4.3,0
2023-12-07 06:00:00,666.9,5.2,0
2023-12-07 07:00:00,690.0,6.2,0
2023-12-07 08:00:00,698.7,6.8,0
2023-12-07 09:00:00,642.2,9.3,0
2023-12-07 10:00:00,601.5,9.5,0
2023-12-07 11:00:00,596.7,10.4,0
2023-12-07 12:00:00,572.8,11.3,0
2023-12-07 13:00:00,585.3,10.8,0
2023-12-07 14:00:00,591.2,10.1,0
2023-12-07 15:00:00,585.5,10.7,0
2023-12-07 16:00:00,607.5,11.0,0
2023-12-07 17:00:00,613.2,10.6,0
2023-12-07 18:00:00,672.4,8.5,0
2023-12-07 19:00:00,666.5,7.3,0
2023-12-07 20:00:00,694.5,6.5,0
2023-12-07 21:00:00,652.5,5.9,0
2023-12-07 22:00:00,627.4,5.8,0
2023-12-07 23:00:00,598.1,5.2,0
2023-12-08 00:00:00,541.5,4.9,0
2023-12-08 01:00:00,531.4,5.6,0
2023-12-08 02:00:00,545.8,3.0,0
2023-12-08 03:00:00,583.5,3.6,0
2023-12-08 04:00:00,593.0,3.2,0
2023-12-08 05:00:00,570.7,3.9,0
2023-12-08 06:00:00,603.7,4.6,0
2023-12-08 07:00:00,627.8,4.4,0
2023-12-08 08:00:00,642.0,4.5,0
2023-12-08 09:00:00,618.1,5.8,0
2023-12-08 10:00:00,584.9,6.6,0
2023-12-08 11:00:00,534.5,8.2,0
2023-12-08 12:00:00,535.9,8.6,0
2023-12-08 13:00:00,526.1,11.0,0
2023-12-08 14:00:00,541.5,11.0,0
2023-12-08 15:00:00,553.5,12.8,0
2023-12-08 16:00:00,623.4,11.8,0
2023-12-08 17:00:00,647.8,11.8,0
2023-12-08 18:00:00,664.9,12.0,0
2023-12-08 19:00:00,708.8,9.8,0
2023-12-08 20:00:00,703.1,7.9,0
2023-12-08 21:00:00,662.8,7.1,0
2023-12-08 22:00:00,617.8,6.9,0
2023-12-08 23:00:00,589.7,7.0,0
2023-12-09 00:00:00,489.3,6.3,0
2023-12-09 01:00:00,479.1,6.4,0
2023-12-09 02:00:00,513.5,4.8,0
2023-12-09 03:00:00,494.8,4.1,0
2023-12-09 04:00:00,497.2,5.3,0
2023-12-09 05:00:00,536.2,5.1,0
2023-12-09 06:00:00,576.4,5.3,0
2023-12-09 07:00:00,608.5,4.5,0
2023-12-09 08:00:00,603.1,5.2,0
2023-12-09 09:00:00,609.6,4.7,0
2023-12-09 10:00:00,588.4,6.0,0
2023-12-09 11:00:00,544.6,8.2,0
2023-12-09 12:00:00,516.2,9.2,0
2023-12-09 13:00:00,530.8,9.9,0
2023-12-09 14:00:00,531.9,9.8,0
2023-12-09 15:00:00,545.2,10.3,0
2023-12-09 16:00:00,607.1,9.1,0
2023-12-09 17:00:00,644.1,8.2,0
2023-12-09 18:00:00,654.2,9.4,0
2023-12-09 19:00:00,663.9,7.3,0
2023-12-09 20:00:00,677.2,5.8,0
2023-12-09 21:00:00,658.2,3.5,0
2023-12-09 22:00:00,643.2,3.5,0
2023-12-09 23:00:00,639.3,2.3,0
2023-12-10 00:00:00,615.7,0.2,0
2023-12-10 01:00:00,634.5,-1.5,0
2023-12-10 02:00:00,599.3,-1.0,0
2023-12-10 03:00:00,618.2,-0.5,0
2023-12-10 04:00:00,595.8,0.3,0
2023-12-10 05:00:00,615.3,0.5,0
2023-12-10 06:00:00,640.5,1.9,0
2023-12-10 07:00:00,646.9,3.8,0
2023-12-10 08:00:00,659.7,5.2,0
2023-12-10 09:00:00,673.0,4.8,0
2023-12-10 10:00:00,631.1,4.0,0
2023-12-10 11:00:00,603.0,3.7,0
2023-12-10 12:00:00,583.7,4.8,0
2023-12-10 13:00:00,586.1,4.1,0
2023-12-10 14:00:00,592.3,3.7,0
2023-12-10 15:00:00,614.9,3.9,0
2023-12-10 16:00:00,639.6,3.1,0
2023-12-10 17:00:00,682.3,1.6,0
2023-12-10 18:00:00,723.1,2.0,0
2023-12-10 19:00:00,729.2,1.6,0
2023-12-10 20:00:00,727.7,1.4,0
2023-12-10 21:00:00,652.1,1.2,0
2023-12-10 22:00:00,599.6,1.5,0
2023-12-10 23:00:00,574.0,0.4,0
2023-12-11 00:00:00,625.0,-0.7,0
2023-12-11 01:00:00,673.7,-2.9,0
2023-12-11 02:00:00,649.2,-3.4,0
2023-12-11 03:00:00,658.7,-4.1,0
2023-12-11 04:00:00,679.3,-3.0,0
2023-12-11 05:00:00,670.5,-2.0,0
2023-12-11 06:00:00,716.4,-0.1,0
2023-12-11 07:00:00,701.3,1.7,0
2023-12-11 08:00:00,680.1,3.6,0
2023-12-11 09:00:00,633.5,5.0,0
2023-12-11 10:00:00,620.1,6.0,0
2023-12-11 11:00:00,572.0,6.5,0
2023-12-11 12:00:00,563.0,7.3,0
2023-12-11 13:00:00,570.8,7.0,0
2023-12-11 14:00:00,569.3,7.6,0
2023-12-11 15:00:00,589.5,7.6,0
2023-12-11 16:00:00,640.3,5.7,0
2023-12-11 17:00:00,717.5,2.9,0
2023-12-11 18:00:00,747.3,1.7,0
2023-12-11 19:00:00,753.5,0.5,0
2023-12-11 20:00:00,732.5,-0.6,0
2023-12-11 21:00:00,721.0,-0.4,0
2023-12-11 22:00:00,735.0,-2.0,0
2023-12-11 23:00:00,748.2,-4.0,0
2023-12-12 00:00:00,687.2,-4.5,0
2023-12-12 01:00:00,675.2,-4.2,0
2023-12-12 02:00:00,661.9,-3.1,0
2023-12-12 03:00:00,690.5,-4.1,0
2023-12-12 04:00:00,698.4,-4.2,0
2023-12-12 05:00:00,705.5,-4.1,0
2023-12-12 06:00:00,745.5,-2.1,0
2023-12-12 07:00:00,751.3,-0.7,0
2023-12-12 08:00:00,736.9,0.3,0
2023-12-12 09:00:00,717.3,1.9,0
2023-12-12 10:00:00,706.6,2.6,0
2023-12-12 11:00:00,666.7,3.4,0
2023-12-12 12:00:00,651.2,4.1,0
2023-12-12 13:00:00,646.3,4.3,0
2023-12-12 14:00:00,645.7,4.5,0
2023-12-12 15:00:00,654.4,4.9,0
2023-12-12 16:00:00,689.9,5.0,0
2023-12-12 17:00:00,667.1,5.9,0
2023-12-12 18:00:00,696.3,5.9,0
2023-12-12 19:00:00,692.8,5.0,0
2023-12-12 20:00:00,692.6,2.0,0
2023-12-12 21:00:00,702.1,-0.3,0
2023-12-12 22:00:00,689.9,-1.7,0
2023-12-12 23:00:00,687.5,-3.0,0
2023-12-13 00:00:00,681.1,-5.0,0
2023-12-13 01:00:00,656.9,-5.9,0
2023-12-13 02:00:00,635.6,-6.1,0
2023-12-13 03:00:00,680.5,-6.7,0
2023-12-13 04:00:00,679.4,-6.6,0
2023-12-13 05:00:00,698.8,-6.2,0
2023-12-13 06:00:00,745.8,-6.1,0
2023-12-13 07:00:00,773.3,-5.9,0
2023-12-13 08:00:00,777.3,-4.9,0
2023-12-13 09:00:00,724.9,-3.5,0
2023-12-13 10:00:00,692.8,-3.3,0
2023-12-13 11:00:00,697.3,-3.9,0
2023-12-13 12:00:00,693.6,-3.8,0
2023-12-13 13:00:00,697.3,-2.5,0
2023-12-13 14:00:00,730.0,-3.3,0
2023-12-13 15:00:00,726.6,-2.1,0
2023-12-13 16:00:00,767.7,-2.6,0
2023-12-13 17:00:00,794.2,-2.7,0
2023-12-13 18:00:00,846.2,-3.8,0
2023-12-13 19:00:00,836.1,-3.9,0
2023-12-13 20:00:00,832.6,-4.7,0
2023-12-13 21:00:00,812.1,-5.2,0
2023-12-13 22:00:00,839.3,-7.8,0
2023-12-13 23:00:00,799.5,-7.9,0
2023-12-14 00:00:00,792.9,-10.1,0
2023-12-14 01:00:00,769.6,-10.8,0
2023-12-14 02:00:00,775.9,-10.6,0
2023-12-14 03:00:00,772.6,-10.7,0
2023-12-14 04:00:00,761.0,-9.9,0
2023-12-14 05:00:00,758.1,-9.2,0
2023-12-14 06:00:00,769.7,-8.3,0
2023-12-14 07:00:00,797.4,-8.1,0
2023-12-14 08:00:00,783.6,-6.1,0
2023-12-14 09:00:00,776.4,-3.9,0
2023-12-14 10:00:00,744.4,-3.2,0
2023-12-14 11:00:00,721.4,-2.9,0
2023-12-14 12:00:00,662.0,-1.8,0
2023-12-14 13:00:00,655.7,-1.7,0
2023-12-14 14:00:00,695.6,-1.0,0
2023-12-14 15:00:00,732.2,-0.0,0
2023-12-14 16:00:00,716.2,0.5,0
2023-12-14 17:00:00,768.8,1.5,0
2023-12-14 18:00:00,788.2,1.3,0
2023-12-14 19:00:00,786.1,-0.4,0
2023-12-14 20:00:00,796.1,-2.0,0
2023-12-14 21:00:00,780.2,-2.5,0
2023-12-14 22:00:00,748.4,-1.9,0
2023-12-14 23:00:00,746.9,-3.1,0
2023-12-15 00:00:00,750.9,-4.8,0
2023-12-15 01:00:00,720.7,-4.2,0
2023-12-15 02:00:00,721.7,-4.7,0
2023-12-15 03:00:00,747.8,-4.3,0
2023-12-15 04:00:00,731.7,-3.2,0
2023-12-15 05:00:00,725.6,-3.7,0
2023-12-15 06:00:00,773.2,-3.4,0
2023-12-15 07:00:00,792.8,-3.0,0
2023-12-15 08:00:00,763.2,-1.6,0
2023-12-15 09:00:00,763.5,0.0,0
2023-12-15 10:00:00,748.1,0.6,0
2023-12-15 11:00:00,699.7,2.1,0
2023-12-15 12:00:00,693.1,1.3,0
2023-12-15 13:00:00,644.1,2.3,0
2023-12-15 14:00:00,647.8,3.0,0
2023-12-15 15:00:00,631.8,3.2,0
2023-12-15 16:00:00,666.7,1.8,0
2023-12-15 17:00:00,742.4,1.4,0
2023-12-15 18:00:00,790.8,-0.1,0
2023-12-15 19:00:00,756.7,0.3,0
2023-12-15 20:00:00,743.8,-0.8,0
2023-12-15 21:00:00,744.5,-2.0,0
2023-12-15 22:00:00,726.3,-3.1,0
2023-12-15 23:00:00,715.7,-3.6,0
2023-12-16 00:00:00,621.7,-4.4,0
2023-12-16 01:00:00,595.4,-4.5,0
2023-12-16 02:00:00,630.7,-5.7,0
2023-12-16 03:00:00,589.3,-4.9,0
2023-12-16 04:00:00,604.8,-5.2,0
2023-12-16 05:00:00,596.4,-4.1,0
2023-12-16 06:00:00,622.7,-3.3,0
2023-12-16 07:00:00,637.2,-1.5,0
2023-12-16 08:00:00,644.4,-0.7,0
2023-12-16 09:00:00,651.4,-0.9,0
2023-12-16 10:00:00,647.4,-0.8,0
2023-12-16 11:00:00,586.0,-0.0,0
2023-12-16 12:00:00,556.6,2.0,0
2023-12-16 13:00:00,576.8,2.3,0
2023-12-16 14:00:00,606.9,2.8,0
2023-12-16 15:00:00,624.8,4.0,0
2023-12-16 16:00:00,635.5,3.3,0
2023-12-16 17:00:00,659.8,3.2,0
2023-12-16 18:00:00,703.8,2.8,0
2023-12-16 19:00:00,737.0,1.4,0
2023-12-16 20:00:00,710.3,0.6,0
2023-12-16 21:00:00,669.3,0.5,0
2023-12-16 22:00:00,649.6,0.3,0
2023-12-16 23:00:00,658.9,-1.0,0
2023-12-17 00:00:00,586.3,0.5,0
2023-12-17 01:00:00,560.5,0.0,0
2023-12-17 02:00:00,534.2,-0.7,0
2023-12-17 03:00:00,538.7,-1.6,0
2023-12-17 04:00:00,540.9,-2.4,0
2023-12-17 05:00:00,548.9,-1.4,0
2023-12-17 06:00:00,636.4,-3.3,0
2023-12-17 07:00:00,669.2,-2.6,0
2023-12-17 08:00:00,681.8,-2.8,0
2023-12-17 09:00:00,684.3,-1.8,0
2023-12-17 10:00:00,628.3,-0.8,0
2023-12-17 11:00:00,622.2,-0.9,0
2023-12-17 12:00:00,601.9,-0.9,0
2023-12-17 13:00:00,587.6,0.9,0
2023-12-17 14:00:00,617.1,0.9,0
2023-12-17 15:00:00,614.7,1.1,0
2023-12-17 16:00:00,663.0,0.8,0
2023-12-17 17:00:00,691.2,1.1,0
2023-12-17 18:00:00,705.2,1.6,0
2023-12-17 19:00:00,679.8,1.5,0
2023-12-17 20:00:00,666.3,1.0,0
2023-12-17 21:00:00,640.9,0.5,0
2023-12-17 22:00:00,640.2,-1.6,0
2023-12-17 23:00:00,616.5,-1.5,0
2023-12-18 00:00:00,645.6,-2.9,0
2023-12-18 01:00:00,683.8,-4.3,0
2023-12-18 02:00:00,682.1,-5.0,0
2023-12-18 03:00:00,712.1,-5.8,0
2023-12-18 04:00:00,706.9,-5.3,0
2023-12-18 05:00:00,700.9,-4.3,0
2023-12-18 06:00:00,731.0,-2.6,0
2023-12-18 07:00:00,767.6,-1.9,0
2023-12-18 08:00:00,764.6,-1.4,0
2023-12-18 09:00:00,748.3,-0.7,0
2023-12-18 10:00:00,733.2,-0.6,0
2023-12-18 11:00:00,681.9,-0.2,0
2023-12-18 12:00:00,631.5,2.3,0
2023-12-18 13:00:00,599.1,2.3,0
2023-12-18 14:00:00,631.7,2.3,0
2023-12-18 15:00:00,617.7,3.0,0
2023-12-18 16:00:00,655.3,3.1,0
2023-12-18 17:00:00,674.6,3.3,0
2023-12-18 18:00:00,723.4,1.9,0
2023-12-18 19:00:00,749.2,0.2,0
2023-12-18 20:00:00,722.7,0.4,0
2023-12-18 21:00:00,723.6,-1.2,0
2023-12-18 22:00:00,704.9,-2.3,0
2023-12-18 23:00:00,712.3,-3.1,0
2023-12-19 00:00:00,713.0,-5.6,0
2023-12-19 01:00:00,694.7,-6.3,0
2023-12-19 02:00:00,697.6,-7.2,0
2023-12-19 03:00:00,695.2,-6.8,0
2023-12-19 04:00:00,722.7,-6.9,0
2023-12-19 05:00:00,788.2,-8.4,0
2023-12-19 06:00:00,791.3,-6.9,0
2023-12-19 07:00:00,843.1,-8.2,0
2023-12-19 08:00:00,843.0,-7.4,0
2023-12-19 09:00:00,831.2,-6.8,0
2023-12-19 10:00:00,782.7,-6.1,0
2023-12-19 11:00:00,736.8,-5.0,0
2023-12-19 12:00:00,714.4,-3.1,0
2023-12-19 13:00:00,731.6,-3.1,0
2023-12-19 14:00:00,740.0,-3.0,0
2023-12-19 15:00:00,739.8,-2.1,0
2023-12-19 16:00:00,771.4,-1.7,0
2023-12-19 17:00:00,788.4,-1.3,0
2023-12-19 18:00:00,842.2,-1.6,0
2023-12-19 19:00:00,826.6,-2.5,0
2023-12-19 20:00:00,824.0,-3.8,0
2023-12-19 21:00:00,825.2,-5.1,0
2023-12-19 22:00:00,784.1,-5.2,0
2023-12-19 23:00:00,739.2,-4.8,0
2023-12-20 00:00:00,679.8,-4.0,0
2023-12-20 01:00:00,696.0,-5.5,0
2023-12-20 02:00:00,714.6,-6.1,0
2023-12-20 03:00:00,711.8,-6.2,0
2023-12-20 04:00:00,727.4,-6.2,0
2023-12-20 05:00:00,767.9,-6.7,0
2023-12-20 06:00:00,763.3,-4.1,0
2023-12-20 07:00:00,769.6,-2.0,0
2023-12-20 08:00:00,777.0,-1.2,0
2023-12-20 09:00:00,768.2,-0.6,0
2023-12-20 10:00:00,716.6,0.4,0
2023-12-20 11:00:00,684.9,0.3,0
2023-12-20 12:00:00,653.7,0.9,0
2023-12-20 13:00:00,668.2,2.2,0
2023-12-20 14:00:00,649.4,4.0,0
2023-12-20 15:00:00,651.8,4.9,0
2023-12-20 16:00:00,692.7,5.8,0
2023-12-20 17:00:00,745.9,4.4,0
2023-12-20 18:00:00,797.8,1.0,0
2023-12-20 19:00:00,808.1,1.3,0
2023-12-20 20:00:00,773.9,0.5,0
2023-12-20 21:00:00,733.1,-0.6,0
2023-12-20 22:00:00,684.4,-0.2,0
2023-12-20 23:00:00,712.0,-2.1,0
2023-12-21 00:00:00,694.8,-3.8,0
2023-12-21 01:00:00,719.6,-5.1,0
2023-12-21 02:00:00,674.1,-4.1,0
2023-12-21 03:00:00,635.2,-3.5,0
2023-12-21 04:00:00,676.1,-4.9,0
2023-12-21 05:00:00,673.2,-3.1,0
2023-12-21 06:00:00,670.9,-2.5,0
2023-12-21 07:00:00,698.9,-1.3,0
2023-12-21 08:00:00,750.1,-1.1,0
2023-12-21 09:00:00,715.2,1.5,0
2023-12-21 10:00:00,657.4,2.9,0
2023-12-21 11:00:00,607.7,4.9,0
2023-12-21 12:00:00,588.8,4.7,0
2023-12-21 13:00:00,549.8,5.9,0
2023-12-21 14:00:00,550.0,6.2,0
2023-12-21 15:00:00,567.3,6.1,0
2023-12-21 16:00:00,614.8,5.2,0
2023-12-21 17:00:00,665.5,4.1,0
2023-12-21 18:00:00,721.4,2.4,0
2023-12-21 19:00:00,754.4,1.0,0
2023-12-21 20:00:00,754.9,0.0,0
2023-12-21 21:00:00,729.2,-0.5,0
2023-12-21 22:00:00,716.2,-2.9,0
2023-12-21 23:00:00,726.6,-4.7,0
2023-12-22 00:00:00,713.5,-6.1,0
2023-12-22 01:00:00,788.6,-8.1,0
2023-12-22 02:00:00,773.4,-8.6,0
2023-12-22 03:00:00,775.0,-8.9,0
2023-12-22 04:00:00,789.4,-8.8,0
2023-12-22 05:00:00,804.7,-7.9,0
2023-12-22 06:00:00,773.3,-6.4,0
2023-12-22 07:00:00,776.9,-4.8,0
2023-12-22 08:00:00,751.4,-3.6,0
2023-12-22 09:00:00,744.0,-2.0,0
2023-12-22 10:00:00,697.1,-1.6,0
2023-12-22 11:00:00,649.4,-1.4,0
2023-12-22 12:00:00,614.3,0.0,0
2023-12-22 13:00:00,639.2,1.2,0
2023-12-22 14:00:00,640.4,3.5,0
2023-12-22 15:00:00,678.6,3.4,0
2023-12-22 16:00:00,709.0,2.4,0
2023-12-22 17:00:00,750.9,2.3,0
2023-12-22 18:00:00,769.8,1.3,0
2023-12-22 19:00:00,787.7,-0.3,0
2023-12-22 20:00:00,780.6,-0.1,0
2023-12-22 21:00:00,752.8,0.5,0
2023-12-22 22:00:00,722.9,-0.2,0
2023-12-22 23:00:00,704.0,-1.8,0
2023-12-23 00:00:00,600.6,-2.5,0
2023-12-23 01:00:00,574.5,-3.3,0
2023-12-23 02:00:00,567.9,-4.9,0
2023-12-23 03:00:00,562.1,-4.3,0
2023-12-23 04:00:00,583.5,-3.9,0
2023-12-23 05:00:00,612.8,-2.5,0
2023-12-23 06:00:00,672.4,-2.4,0
2023-12-23 07:00:00,687.1,-1.6,0
2023-12-23 08:00:00,699.8,-0.8,0
2023-12-23 09:00:00,665.8,-1.3,0
2023-12-23 10:00:00,618.6,1.9,0
2023-12-23 11:00:00,648.7,1.0,0
2023-12-23 12:00:00,641.6,0.9,0
2023-12-23 13:00:00,651.4,1.2,0
2023-12-23 14:00:00,673.2,0.3,0
2023-12-23 15:00:00,689.6,0.9,0
2023-12-23 16:00:00,734.3,0.4,0
2023-12-23 17:00:00,740.9,0.1,0
2023-12-23 18:00:00,755.2,-0.2,0
2023-12-23 19:00:00,782.6,-0.9,0
2023-12-23 20:00:00,750.6,-1.8,0
2023-12-23 21:00:00,746.3,-2.9,0
2023-12-23 22:00:00,703.0,-3.5,0
2023-12-23 23:00:00,676.5,-3.7,0
2023-12-24 00:00:00,637.6,-4.8,0
2023-12-24 01:00:00,657.2,-5.8,0
2023-12-24 02:00:00,661.8,-6.5,0
2023-12-24 03:00:00,620.1,-6.3,0
2023-12-24 04:00:00,618.3,-6.5,0
2023-12-24 05:00:00,629.3,-6.3,0
2023-12-24 06:00:00,688.8,-6.9,0
2023-12-24 07:00:00,692.8,-4.3,0
2023-12-24 08:00:00,682.6,-4.4,0
2023-12-24 09:00:00,659.4,-1.8,0
2023-12-24 10:00:00,642.1,-0.1,0
2023-12-24 11:00:00,602.1,1.8,0
2023-12-24 12:00:00,587.3,2.8,0
2023-12-24 13:00:00,632.3,3.8,0
2023-12-24 14:00:00,620.4,4.5,0
2023-12-24 15:00:00,618.1,5.1,0
2023-12-24 16:00:00,646.4,5.6,0
2023-12-24 17:00:00,664.8,6.5,0
2023-12-24 18:00:00,680.3,4.9,0
2023-12-24 19:00:00,679.2,4.4,0
2023-12-24 20:00:00,633.1,4.7,0
2023-12-24 21:00:00,628.5,4.8,0
2023-12-24 22:00:00,597.1,2.7,0
2023-12-24 23:00:00,615.7,1.9,0
2023-12-25 00:00:00,553.6,1.1,1
2023-12-25 01:00:00,525.1,0.5,1
2023-12-25 02:00:00,546.7,-2.0,1
2023-12-25 03:00:00,568.6,-1.4,1
2023-12-25 04:00:00,597.3,-2.8,1
2023-12-25 05:00:00,615.1,-0.5,1
2023-12-25 06:00:00,640.5,0.6,1
2023-12-25 07:00:00,660.3,1.2,1
2023-12-25 08:00:00,641.1,2.6,1
2023-12-25 09:00:00,634.1,3.7,1
2023-12-25 10:00:00,606.4,4.1,1
2023-12-25 11:00:00,564.5,4.9,1
2023-12-25 12:00:00,537.6,6.0,1
2023-12-25 13:00:00,546.6,5.8,1
2023-12-25 14:00:00,547.9,6.8,1
2023-12-25 15:00:00,576.4,7.8,1
2023-12-25 16:00:00,632.5,8.5,1
2023-12-25 17:00:00,661.7,8.9,1
2023-12-25 18:00:00,683.8,9.3,1
2023-12-25 19:00:00,686.2,8.9,1
2023-12-25 20:00:00,659.1,8.8,1
2023-12-25 21:00:00,620.1,7.6,1
2023-12-25 22:00:00,576.6,6.7,1
2023-12-25 23:00:00,541.7,6.7,1
2023-12-26 00:00:00,479.0,7.3,1
2023-12-26 01:00:00,491.6,6.0,1
2023-12-26 02:00:00,479.7,4.1,1
2023-12-26 03:00:00,464.1,5.6,1
2023-12-26 04:00:00,455.1,6.5,1
2023-12-26 05:00:00,455.5,8.1,1
2023-12-26 06:00:00,497.1,9.2,1
2023-12-26 07:00:00,528.2,9.9,1
2023-12-26 08:00:00,560.2,10.0,1
2023-12-26 09:00:00,539.9,9.8,1
2023-12-26 10:00:00,500.6,11.8,1
2023-12-26 11:00:00,477.9,13.4,1
2023-12-26 12:00:00,475.8,14.1,1
2023-12-26 13:00:00,484.4,13.5,1
2023-12-26 14:00:00,514.2,13.1,1
2023-12-26 15:00:00,512.1,12.4,1
2023-12-26 16:00:00,544.5,11.8,1
2023-12-26 17:00:00,591.4,8.6,1
2023-12-26 18:00:00,649.5,8.1,1
2023-12-26 19:00:00,617.6,8.4,1
2023-12-26 20:00:00,595.1,6.8,1
2023-12-26 21:00:00,592.1,5.6,1
2023-12-26 22:00:00,554.3,4.7,1
2023-12-26 23:00:00,528.2,2.7,1
2023-12-27 00:00:00,607.9,2.0,0
2023-12-27 01:00:00,629.2,0.5,0
2023-12-27 02:00:00,621.0,-0.4,0
2023-12-27 03:00:00,605.1,-0.4,0
2023-12-27 04:00:00,616.5,-0.4,0
2023-12-27 05:00:00,626.7,0.0,0
2023-12-27 06:00:00,657.1,-0.3,0
2023-12-27 07:00:00,689.0,1.1,0
2023-12-27 08:00:00,695.0,1.1,0
2023-12-27 09:00:00,670.7,2.8,0
2023-12-27 10:00:00,638.9,3.3,0
2023-12-27 11:00:00,638.8,3.2,0
2023-12-27 12:00:00,618.5,3.9,0
2023-12-27 13:00:00,640.3,3.6,0
2023-12-27 14:00:00,627.7,3.5,0
2023-12-27 15:00:00,641.0,3.5,0
2023-12-27 16:00:00,667.1,4.1,0
2023-12-27 17:00:00,705.1,4.4,0
2023-12-27 18:00:00,727.3,4.2,0
2023-12-27 19:00:00,776.8,3.1,0
2023-12-27 20:00:00,767.3,0.7,0
2023-12-27 21:00:00,739.9,-0.5,0
2023-12-27 22:00:00,702.7,-1.8,0
2023-12-27 23:00:00,693.0,-2.8,0
2023-12-28 00:00:00,711.8,-4.1,0
2023-12-28 01:00:00,717.2,-5.2,0
2023-12-28 02:00:00,685.0,-4.8,0
2023-12-28 03:00:00,718.5,-6.1,0
2023-12-28 04:00:00,717.4,-5.9,0
2023-12-28 05:00:00,725.9,-4.3,0
2023-12-28 06:00:00,736.6,-4.3,0
2023-12-28 07:00:00,758.6,-4.3,0
2023-12-28 08:00:00,789.0,-3.5,0
2023-12-28 09:00:00,771.5,-2.7,0
2023-12-28 10:00:00,736.1,-1.3,0
2023-12-28 11:00:00,693.0,0.9,0
2023-12-28 12:00:00,683.6,1.7,0
2023-12-28 13:00:00,652.5,2.8,0
2023-12-28 14:00:00,642.5,2.8,0
2023-12-28 15:00:00,665.6,2.5,0
2023-12-28 16:00:00,712.8,2.7,0
2023-12-28 17:00:00,751.6,1.7,0
2023-12-28 18:00:00,786.9,2.2,0
2023-12-28 19:00:00,770.6,1.0,0
2023-12-28 20:00:00,751.4,-0.0,0
2023-12-28 21:00:00,727.8,-2.0,0
2023-12-28 22:00:00,687.9,-3.3,0
2023-12-28 23:00:00,737.4,-5.1,0
2023-12-29 00:00:00,716.2,-6.3,0
2023-12-29 01:00:00,773.0,-8.4,0
2023-12-29 02:00:00,771.8,-8.6,0
2023-12-29 03:00:00,723.3,-7.1,0
2023-12-29 04:00:00,776.6,-8.5,0
2023-12-29 05:00:00,773.8,-6.5,0
2023-12-29 06:00:00,824.1,-5.8,0
2023-12-29 07:00:00,831.4,-4.1,0
2023-12-29 08:00:00,829.7,-4.0,0
2023-12-29 09:00:00,784.1,-1.1,0
2023-12-29 10:00:00,751.6,-1.0,0
2023-12-29 11:00:00,695.8,-0.0,0
2023-12-29 12:00:00,648.5,2.3,0
2023-12-29 13:00:00,669.2,1.8,0
2023-12-29 14:00:00,677.8,0.2,0
2023-12-29 15:00:00,713.7,0.4,0
2023-12-29 16:00:00,773.3,-0.4,0
2023-12-29 17:00:00,819.6,-1.5,0
2023-12-29 18:00:00,849.4,-2.8,0
2023-12-29 19:00:00,886.7,-4.7,0
2023-12-29 20:00:00,842.2,-4.3,0
2023-12-29 21:00:00,814.3,-4.1,0
2023-12-29 22:00:00,817.8,-6.2,0
2023-12-29 23:00:00,802.7,-7.1,0
2023-12-30 00:00:00,702.8,-8.2,0
2023-12-30 01:00:00,666.4,-7.7,0
2023-12-30 02:00:00,672.6,-8.7,0
2023-12-30 03:00:00,632.2,-7.3,0
2023-12-30 04:00:00,642.1,-7.1,0
2023-12-30 05:00:00,676.4,-7.3,0
2023-12-30 06:00:00,696.2,-6.6,0
2023-12-30 07:00:00,731.5,-6.2,0
2023-12-30 08:00:00,719.9,-3.1,0
2023-12-30 09:00:00,674.2,-1.9,0
2023-12-30 10:00:00,648.4,-1.2,0
2023-12-30 11:00:00,601.9,-0.1,0
2023-12-30 12:00:00,556.2,2.1,0
2023-12-30 13:00:00,558.1,1.9,0
2023-12-30 14:00:00,602.1,0.8,0
2023-12-30 15:00:00,627.0,2.2,0
2023-12-30 16:00:00,641.1,2.7,0
2023-12-30 17:00:00,684.3,1.9,0
2023-12-30 18:00:00,712.3,1.2,0
2023-12-30 19:00:00,706.6,1.4,0
2023-12-30 20:00:00,753.6,-2.0,0
2023-12-30 21:00:00,726.3,-1.8,0
2023-12-30 22:00:00,672.7,-2.9,0
2023-12-30 23:00:00,662.6,-3.2,0
2023-12-31 00:00:00,645.4,-4.1,0
2023-12-31 01:00:00,582.7,-2.0,0
2023-12-31 02:00:00,613.4,-3.0,0
2023-12-31 03:00:00,611.5,-2.2,0
2023-12-31 04:00:00,674.6,-4.4,0
2023-12-31 05:00:00,661.0,-4.0,0
2023-12-31 06:00:00,666.1,-2.7,0
2023-12-31 07:00:00,689.9,-3.2,0
2023-12-31 08:00:00,706.0,-4.0,0
2023-12-31 09:00:00,676.0,-2.8,0
2023-12-31 10:00:00,612.9,-0.8,0
2023-12-31 11:00:00,576.3,1.2,0
2023-12-31 12:00:00,542.3,1.5,0
2023-12-31 13:00:00,555.1,2.4,0
2023-12-31 14:00:00,590.4,1.6,0
2023-12-31 15:00:00,555.3,3.3,0
2023-12-31 16:00:00,590.2,2.7,0
2023-12-31 17:00:00,631.1,3.5,0
2023-12-31 18:00:00,713.8,2.6,0
2023-12-31 19:00:00,718.2,1.4,0
2023-12-31 20:00:00,710.4,1.9,0
2023-12-31 21:00:00,726.6,0.1,0
2023-12-31 22:00:00,683.2,0.2,0
2023-12-31 23:00:00,649.6,-1.1,0
