applicant_id,age,group,education,income,employment_years,credit_history_years,existing_debt,loan_amount,purpose,zip_prefix,approved,repaid
1,40,B,bachelor,61500.0,5.1,11.5,6680.0,29000.0,car,101,1,1
2,45,A,master,73600.0,4.5,22.8,2780.0,17500.0,debt consolidation,204,1,1
3,57,A,master,46400.0,6.2,34.8,3370.0,11700.0,home improvement,202,1,1
4,37,B,bachelor,35600.0,6.8,7.3,3360.0,16500.0,home improvement,101,1,1
5,46,B,bachelor,40500.0,5.1,21.8,1450.0,12900.0,home improvement,102,1,1
6,21,A,high school,33800.0,6.4,0.0,4710.0,35600.0,home improvement,201,0,1
7,47,A,high school,55800.0,4.3,20.5,3710.0,7600.0,debt consolidation,202,0,1
8,55,A,master,72900.0,13.3,32.4,4170.0,11100.0,car,202,1,1
9,43,A,bachelor,33100.0,20.3,9.2,7220.0,10400.0,education,201,1,1
10,42,A,high school,39200.0,13.3,13.1,8280.0,16000.0,education,203,1,1
11,33,A,master,84200.0,25.8,4.0,9460.0,23600.0,car,201,1,1
12,46,A,master,95800.0,3.0,15.3,8300.0,10600.0,home improvement,201,1,1
13,30,A,master,193200.0,4.7,6.1,1320.0,37100.0,home improvement,201,1,1
14,43,A,high school,40700.0,9.0,13.9,2400.0,10700.0,home improvement,204,0,1
15,50,A,bachelor,50700.0,3.9,22.9,4220.0,14500.0,education,201,1,1
16,21,A,master,61700.0,11.4,0.0,1260.0,12100.0,debt consolidation,203,1,1
17,34,B,bachelor,47100.0,6.9,11.4,1880.0,15000.0,debt consolidation,103,1,1
18,30,B,high school,25600.0,8.6,7.1,3540.0,13300.0,business,101,1,0
19,32,A,high school,17200.0,17.2,0.7,4750.0,20600.0,debt consolidation,203,1,1
20,37,A,high school,23600.0,18.4,14.3,3870.0,9400.0,debt consolidation,201,1,1
21,52,A,high school,36000.0,17.4,25.9,6390.0,24300.0,car,201,1,1
22,48,A,bachelor,141700.0,12.4,22.0,12810.0,12300.0,home improvement,202,1,1
23,39,A,bachelor,39900.0,2.6,7.6,33830.0,20000.0,car,202,1,0
24,51,B,bachelor,24000.0,10.7,24.4,8510.0,18100.0,home improvement,103,0,1
25,21,A,master,34700.0,1.4,0.0,1280.0,14400.0,education,204,1,1
26,26,A,high school,48600.0,5.0,0.0,6910.0,11800.0,car,204,1,1
27,43,B,high school,12800.0,3.4,20.0,3690.0,13300.0,home improvement,103,0,1
28,50,A,bachelor,38300.0,7.8,25.0,14690.0,9200.0,car,203,1,1
29,41,A,bachelor,52100.0,4.7,17.0,3010.0,9200.0,car,201,1,1
30,21,A,high school,29700.0,2.0,0.0,4360.0,22800.0,education,202,0,0
31,21,A,bachelor,119300.0,3.1,0.0,15620.0,6800.0,education,203,1,1
32,61,A,bachelor,51000.0,7.8,39.4,14850.0,30700.0,home improvement,204,1,1
33,44,B,bachelor,41400.0,19.6,14.2,12500.0,51700.0,home improvement,101,1,1
34,33,A,bachelor,26200.0,13.9,8.5,1070.0,29400.0,home improvement,202,1,1
35,48,B,high school,19100.0,5.4,18.9,32200.0,17900.0,business,103,0,0
36,37,A,master,50600.0,17.1,9.2,5050.0,16100.0,debt consolidation,203,1,1
37,62,A,high school,32600.0,11.0,38.7,2920.0,8300.0,business,202,1,1
38,21,B,bachelor,12500.0,5.0,0.0,10030.0,13300.0,home improvement,101,0,1
39,21,B,bachelor,89900.0,20.1,0.0,7760.0,13300.0,debt consolidation,102,1,1
40,42,A,high school,32500.0,8.5,11.5,15140.0,28600.0,home improvement,203,1,1
41,30,A,bachelor,67000.0,18.1,6.8,1840.0,54300.0,car,201,1,1
42,39,A,bachelor,40700.0,5.3,14.9,7540.0,9500.0,business,204,1,1
43,39,B,bachelor,46300.0,11.7,16.1,730.0,34600.0,debt consolidation,101,0,1
44,22,A,high school,31000.0,2.0,0.0,7390.0,8800.0,car,201,1,1
45,30,A,high school,39300.0,0.5,5.0,2080.0,18500.0,education,204,0,1
46,21,B,high school,22300.0,8.8,0.0,1860.0,11100.0,business,101,0,1
47,32,A,phd,107800.0,9.9,4.4,6410.0,19200.0,debt consolidation,203,1,0
48,47,B,high school,39600.0,4.9,15.8,9750.0,19700.0,debt consolidation,101,1,1
49,46,A,bachelor,35400.0,2.3,24.4,8630.0,20100.0,home improvement,203,1,1
50,42,A,bachelor,31600.0,5.6,18.0,7020.0,8800.0,car,203,1,1
51,31,B,bachelor,52300.0,12.3,0.0,10820.0,12700.0,home improvement,103,1,1
52,54,A,master,60200.0,3.3,11.9,2010.0,3300.0,car,202,1,1
53,51,A,bachelor,55400.0,15.5,22.2,43560.0,22100.0,education,204,0,1
54,40,A,bachelor,74000.0,6.2,12.7,6370.0,13300.0,education,201,1,1
55,43,A,high school,40100.0,19.5,17.3,4090.0,10800.0,car,204,1,1
56,42,A,bachelor,83100.0,13.6,17.3,5630.0,17600.0,business,204,1,1
57,43,A,high school,29200.0,1.3,17.7,8930.0,14000.0,education,204,1,1
58,28,A,high school,64600.0,13.4,6.8,5100.0,5300.0,debt consolidation,202,1,1
59,21,A,high school,81900.0,7.8,0.0,3420.0,14800.0,debt consolidation,203,1,0
60,49,A,high school,25200.0,14.1,25.2,2320.0,12200.0,car,204,1,1
61,72,A,high school,29700.0,3.6,45.5,25000.0,18300.0,home improvement,201,1,1
62,27,A,bachelor,98300.0,12.5,1.5,7490.0,18000.0,debt consolidation,201,1,1
63,52,A,master,67500.0,4.4,28.5,9420.0,14000.0,car,202,1,1
64,37,B,bachelor,27000.0,8.8,12.9,1170.0,7200.0,car,101,1,1
65,33,A,high school,44900.0,7.0,2.7,7890.0,16200.0,car,201,1,1
66,31,A,high school,41600.0,2.6,7.8,5890.0,15700.0,business,204,1,0
67,44,A,bachelor,19800.0,5.6,16.1,1580.0,9300.0,home improvement,203,1,1
68,42,A,high school,33900.0,16.0,9.5,7280.0,34100.0,home improvement,203,1,1
69,63,A,bachelor,51000.0,14.5,37.6,13850.0,12100.0,car,202,1,1
70,57,A,high school,35800.0,2.8,22.1,3880.0,16700.0,car,201,1,0
71,51,A,phd,37000.0,3.7,28.1,1500.0,13000.0,home improvement,203,1,1
72,42,A,bachelor,55600.0,3.6,16.1,15770.0,10100.0,debt consolidation,201,1,0
73,33,A,high school,34500.0,2.8,9.2,1380.0,16700.0,car,203,0,1
74,50,A,high school,72100.0,9.3,15.5,4000.0,24400.0,business,202,1,1
75,39,B,master,24700.0,7.6,7.4,4300.0,17700.0,business,102,1,1
76,44,A,high school,81300.0,19.6,17.1,24280.0,12000.0,car,203,1,1
77,34,B,high school,33100.0,2.7,0.0,960.0,19200.0,education,101,0,0
78,41,A,bachelor,54500.0,6.9,9.7,910.0,12200.0,business,201,1,1
79,63,A,high school,30200.0,16.7,38.8,880.0,46500.0,business,204,1,1
80,36,A,high school,35200.0,4.2,11.7,2190.0,18400.0,home improvement,204,0,0
81,53,B,phd,119100.0,4.9,27.9,3730.0,70400.0,debt consolidation,102,1,1
82,37,A,high school,27000.0,7.9,14.5,1200.0,13300.0,debt consolidation,201,1,1
83,32,A,master,109300.0,0.1,7.5,4450.0,15200.0,home improvement,204,1,1
84,53,A,phd,67100.0,0.7,29.1,7990.0,8200.0,debt consolidation,201,1,1
85,42,A,master,31300.0,28.2,18.1,5470.0,4800.0,debt consolidation,204,1,1
86,35,A,high school,66200.0,15.1,7.0,18800.0,20800.0,debt consolidation,201,1,0
87,39,A,bachelor,38500.0,15.2,13.3,1980.0,14100.0,car,201,0,1
88,41,B,bachelor,69600.0,7.9,10.5,10830.0,20100.0,business,102,0,1
89,32,A,bachelor,88300.0,4.6,1.3,20880.0,16600.0,business,201,1,1
90,49,A,high school,34600.0,10.5,24.2,4750.0,20100.0,car,202,1,1
91,39,A,high school,57500.0,6.9,15.5,540.0,8800.0,car,204,1,1
92,35,A,master,56900.0,5.4,10.5,2670.0,16700.0,car,201,1,1
93,33,A,high school,50000.0,6.3,0.0,26520.0,17600.0,home improvement,202,0,1
94,57,A,master,50700.0,29.4,26.4,10970.0,9800.0,debt consolidation,203,1,1
95,50,B,high school,19600.0,7.6,26.0,9750.0,37500.0,home improvement,103,0,1
96,24,A,bachelor,31900.0,3.9,2.0,6240.0,26600.0,debt consolidation,204,1,1
97,37,B,master,34100.0,5.2,6.4,17750.0,20100.0,business,102,0,1
98,38,A,high school,44000.0,4.8,3.5,11000.0,20900.0,debt consolidation,201,1,0
99,60,A,master,140000.0,7.7,36.8,3140.0,8700.0,debt consolidation,202,1,1
100,27,A,high school,44600.0,10.7,0.0,520.0,16400.0,home improvement,202,1,1
101,41,A,high school,35000.0,7.7,12.6,3650.0,14700.0,car,203,1,1
102,53,A,master,67500.0,11.4,25.1,3190.0,19400.0,debt consolidation,202,1,1
103,25,A,high school,44000.0,19.1,1.9,8550.0,10400.0,debt consolidation,204,0,1
104,31,A,bachelor,40300.0,9.7,6.9,30440.0,13800.0,car,202,1,0
105,24,A,bachelor,26800.0,12.6,0.0,2690.0,6200.0,business,204,1,1
106,44,A,high school,18600.0,4.2,12.7,11070.0,38400.0,car,202,0,0
107,36,A,high school,24700.0,5.1,8.4,7000.0,13100.0,business,203,1,1
108,58,B,phd,32400.0,7.4,28.5,8500.0,13300.0,debt consolidation,101,1,1
109,45,A,bachelor,29600.0,14.7,20.6,14290.0,17500.0,debt consolidation,203,1,1
110,42,A,high school,55500.0,2.1,19.2,5050.0,5400.0,education,203,0,1
111,52,A,master,56600.0,10.9,27.9,22090.0,23100.0,business,203,1,1
112,56,A,bachelor,44800.0,7.8,31.3,1010.0,9600.0,car,203,1,1
113,37,B,high school,27300.0,10.6,13.9,5690.0,8000.0,education,102,1,1
114,30,A,master,93500.0,5.0,0.5,2130.0,19900.0,debt consolidation,202,1,1
115,21,B,high school,27300.0,5.5,0.0,8800.0,46900.0,debt consolidation,103,1,0
116,37,A,high school,43900.0,6.4,10.4,1240.0,8300.0,car,203,1,1
117,35,A,bachelor,41300.0,4.0,10.0,14960.0,28400.0,debt consolidation,204,0,0
118,38,B,master,49000.0,4.9,16.2,3880.0,15300.0,car,101,0,1
119,47,A,high school,65700.0,0.6,12.6,2310.0,20500.0,home improvement,202,1,1
120,39,A,bachelor,65000.0,2.4,9.1,3260.0,32900.0,car,204,1,1
121,63,A,bachelor,56000.0,1.8,36.5,8270.0,11400.0,education,201,1,1
122,33,A,bachelor,98500.0,9.2,4.2,3680.0,27300.0,debt consolidation,203,1,1
123,45,B,master,81400.0,6.4,22.7,16690.0,25800.0,business,103,1,1
124,45,A,high school,19300.0,15.6,9.7,3480.0,10200.0,home improvement,203,0,0
125,41,A,master,54900.0,29.7,13.9,7290.0,6500.0,business,202,1,1
126,46,B,phd,101500.0,12.5,19.0,9280.0,13300.0,car,102,1,1
127,50,A,bachelor,41100.0,11.3,7.8,2140.0,12200.0,debt consolidation,204,1,1
128,39,A,bachelor,43900.0,7.0,15.9,1720.0,11000.0,debt consolidation,202,1,1
129,35,A,bachelor,97500.0,4.9,11.8,4510.0,12300.0,business,204,1,1
130,49,A,high school,43200.0,4.5,26.3,7530.0,5300.0,education,201,1,1
131,45,A,bachelor,72700.0,13.7,20.6,1870.0,17000.0,business,203,1,1
132,32,A,master,33800.0,5.1,8.8,5100.0,7900.0,car,201,1,1
133,44,A,bachelor,53200.0,3.1,15.7,2970.0,8600.0,car,203,1,0
134,34,A,master,63600.0,7.8,7.8,770.0,12300.0,debt consolidation,202,1,1
135,34,A,bachelor,39800.0,5.2,11.9,12810.0,12200.0,education,203,1,0
136,34,A,bachelor,44200.0,6.0,4.8,6730.0,31000.0,home improvement,201,1,1
137,31,A,high school,51200.0,7.6,5.6,6570.0,30100.0,car,201,1,1
138,30,B,master,69300.0,3.8,0.3,5420.0,16500.0,home improvement,103,1,0
139,30,A,high school,57300.0,7.3,4.4,11310.0,16000.0,home improvement,204,1,1
140,55,A,master,21800.0,3.8,29.0,25890.0,6600.0,debt consolidation,204,1,1
141,47,A,bachelor,32800.0,17.6,22.1,12320.0,9400.0,home improvement,202,1,1
142,24,A,bachelor,37000.0,1.4,0.0,8300.0,16100.0,debt consolidation,201,0,1
143,43,A,high school,29600.0,2.3,19.8,12530.0,7600.0,home improvement,201,1,1
144,35,A,high school,28500.0,7.8,0.0,14880.0,17700.0,car,203,1,0
145,27,B,high school,34800.0,9.7,4.1,1470.0,17500.0,debt consolidation,101,1,1
146,48,B,bachelor,58500.0,12.9,21.4,810.0,17300.0,debt consolidation,102,1,1
147,50,A,master,30700.0,29.4,26.4,13000.0,19500.0,car,202,1,1
148,29,B,phd,38100.0,4.7,4.1,710.0,7400.0,car,103,0,0
149,42,A,high school,75500.0,13.7,20.5,5180.0,23500.0,debt consolidation,202,1,1
150,42,B,master,32200.0,6.7,12.6,1240.0,9600.0,business,101,1,1
151,39,A,high school,29500.0,6.8,0.1,3630.0,15100.0,home improvement,202,1,1
152,32,A,bachelor,40100.0,10.2,4.0,2700.0,12400.0,education,203,1,1
153,25,A,master,60700.0,4.4,0.9,6110.0,7500.0,car,203,1,1
154,27,A,high school,19100.0,7.6,0.0,9990.0,26100.0,home improvement,203,0,1
155,23,B,high school,55900.0,10.6,0.0,1170.0,13000.0,education,103,1,1
156,21,B,master,25300.0,9.2,0.0,25180.0,11500.0,home improvement,101,0,0
157,27,B,high school,36500.0,14.6,5.1,6010.0,13800.0,home improvement,103,0,1
158,23,A,high school,49000.0,7.6,0.0,2220.0,15400.0,debt consolidation,201,1,0
159,21,B,high school,40200.0,20.4,0.0,1960.0,21300.0,business,102,1,1
160,41,B,high school,11300.0,5.7,11.3,5750.0,9500.0,car,101,0,0
161,46,A,master,84000.0,8.7,22.1,6560.0,12600.0,debt consolidation,201,1,1
162,41,B,master,38200.0,17.6,15.8,750.0,29200.0,home improvement,101,1,1
163,21,A,high school,27200.0,4.3,0.0,20400.0,6200.0,education,202,0,0
164,33,A,bachelor,51700.0,9.2,8.9,9950.0,14200.0,business,202,1,1
165,36,B,bachelor,31000.0,10.3,0.0,2190.0,14200.0,car,102,0,1
166,31,A,master,34300.0,4.5,8.8,5980.0,10900.0,car,204,1,1
167,39,A,master,91600.0,6.4,14.8,18830.0,12300.0,education,203,1,1
168,42,A,master,41300.0,8.4,14.2,4060.0,7500.0,debt consolidation,202,1,0
169,21,B,master,42100.0,9.0,0.0,5640.0,29000.0,car,101,0,1
170,35,A,bachelor,71200.0,8.4,8.9,3110.0,29900.0,car,204,1,1
171,56,A,bachelor,58100.0,4.5,32.2,1900.0,28000.0,home improvement,202,1,1
172,34,B,bachelor,37400.0,4.7,0.0,1960.0,26000.0,debt consolidation,101,1,1
173,57,B,master,40000.0,3.3,33.2,9430.0,9600.0,home improvement,103,1,1
174,40,A,bachelor,32300.0,5.3,3.1,4790.0,9100.0,business,201,0,1
175,39,B,high school,60200.0,12.1,13.8,10910.0,20500.0,education,101,1,1
176,44,A,high school,42000.0,6.9,19.4,4350.0,33000.0,education,202,1,1
177,55,B,bachelor,84400.0,5.8,24.1,11700.0,15700.0,business,102,1,1
178,44,A,high school,30800.0,10.4,20.9,2920.0,31500.0,education,202,1,1
179,25,A,bachelor,37500.0,6.5,0.5,3410.0,21500.0,education,203,1,1
180,21,A,bachelor,52800.0,4.0,0.0,570.0,30600.0,car,203,1,0
181,37,B,master,47800.0,9.5,12.0,6020.0,14200.0,education,102,0,0
182,45,A,high school,34400.0,23.9,10.1,4380.0,27500.0,home improvement,203,1,1
183,42,B,high school,52100.0,1.0,16.4,2200.0,13100.0,education,101,1,1
184,41,A,bachelor,23500.0,22.1,8.0,1410.0,18200.0,business,204,1,1
185,32,A,master,28600.0,11.7,8.2,4320.0,12600.0,car,201,1,1
186,27,B,bachelor,20500.0,2.0,1.6,310.0,14600.0,car,102,1,1
187,56,A,high school,38700.0,1.4,19.4,1520.0,8900.0,business,203,1,1
188,44,A,high school,36100.0,14.6,16.1,540.0,9600.0,debt consolidation,204,1,1
189,35,A,bachelor,91400.0,9.2,7.9,1740.0,22100.0,business,204,1,1
190,49,A,bachelor,30500.0,8.4,26.1,3090.0,15000.0,debt consolidation,204,1,1
191,46,B,high school,48200.0,7.9,18.7,1600.0,13400.0,debt consolidation,102,0,1
192,49,A,high school,38900.0,9.9,18.0,2910.0,16600.0,debt consolidation,201,1,1
193,38,B,master,35700.0,6.5,11.6,880.0,14200.0,debt consolidation,103,1,0
194,49,B,bachelor,55600.0,9.2,23.9,1660.0,16200.0,debt consolidation,103,1,1
195,34,B,high school,23500.0,1.3,4.5,19680.0,8700.0,debt consolidation,102,1,0
196,55,B,bachelor,78600.0,3.9,32.2,3570.0,18600.0,business,101,0,1
197,54,A,master,100500.0,6.3,28.0,7190.0,11800.0,business,201,1,1
198,27,B,bachelor,45100.0,20.3,2.3,1100.0,11900.0,business,102,1,1
199,33,A,high school,23000.0,5.7,0.2,7940.0,24100.0,debt consolidation,204,1,0
200,41,A,bachelor,46500.0,23.4,14.7,3370.0,27900.0,home improvement,204,1,1
201,31,B,bachelor,22500.0,9.1,5.3,2600.0,19600.0,car,102,0,1
202,34,B,high school,37700.0,7.9,8.6,10190.0,23100.0,debt consolidation,101,1,1
203,34,A,high school,21100.0,4.0,9.1,500.0,12900.0,debt consolidation,201,1,1
204,57,A,high school,83700.0,2.7,24.7,20120.0,21400.0,car,203,1,1
205,33,B,master,46600.0,5.6,8.3,6230.0,9800.0,debt consolidation,101,1,1
206,37,A,bachelor,20000.0,6.3,12.6,1210.0,38100.0,home improvement,204,1,1
207,35,B,high school,79900.0,6.1,12.1,9730.0,13100.0,business,101,1,1
208,45,A,high school,52100.0,6.8,6.7,7160.0,4900.0,business,201,1,1
209,36,A,bachelor,52400.0,13.4,0.3,5260.0,13500.0,home improvement,204,0,1
210,21,B,master,50700.0,6.5,0.0,8880.0,7700.0,home improvement,102,1,1
211,42,A,bachelor,37500.0,1.8,14.9,10360.0,14200.0,home improvement,203,1,0
212,35,B,bachelor,87800.0,2.0,2.8,3440.0,20200.0,car,103,0,1
213,73,A,phd,37300.0,9.4,43.4,10240.0,6400.0,car,203,1,1
214,35,A,master,57400.0,2.4,12.6,940.0,12500.0,business,203,1,1
215,34,A,high school,40400.0,21.6,5.9,1420.0,14500.0,debt consolidation,203,1,1
216,51,A,bachelor,62600.0,7.4,28.5,8290.0,13200.0,car,201,1,1
217,59,A,bachelor,72800.0,11.4,32.8,5190.0,25400.0,car,203,1,1
218,63,A,high school,40800.0,10.4,38.9,5040.0,6600.0,car,201,1,1
219,28,B,master,49700.0,6.2,3.9,2310.0,22100.0,education,103,1,1
220,35,B,bachelor,24300.0,19.8,4.3,8980.0,20800.0,education,101,1,0
221,46,B,bachelor,34700.0,9.3,22.0,3200.0,13500.0,education,103,1,0
222,49,A,high school,84900.0,9.3,26.7,6730.0,18800.0,business,202,1,1
223,46,B,phd,22800.0,8.6,19.9,2030.0,8400.0,education,102,1,1
224,32,A,bachelor,107300.0,6.5,9.1,2640.0,10500.0,business,201,1,1
225,39,A,bachelor,57100.0,4.5,15.8,24260.0,7800.0,car,201,1,1
226,48,A,bachelor,42800.0,8.5,16.7,4820.0,14300.0,home improvement,202,1,1
227,37,A,bachelor,21800.0,6.4,8.1,16180.0,21900.0,car,201,0,0
228,35,A,master,50200.0,13.5,2.6,9060.0,10800.0,debt consolidation,203,1,1
229,41,B,bachelor,39000.0,2.2,15.7,4370.0,11500.0,car,101,1,0
230,47,B,high school,37900.0,9.9,23.7,8550.0,51100.0,car,101,0,1
231,38,A,bachelor,53200.0,5.4,13.0,1700.0,17400.0,education,202,1,1
232,31,A,bachelor,37900.0,5.9,7.2,2640.0,17900.0,education,202,1,1
233,36,A,bachelor,46900.0,10.5,11.8,2930.0,23700.0,car,204,1,1
234,37,B,master,46100.0,6.3,12.7,1070.0,13300.0,car,102,1,0
235,40,A,high school,36300.0,6.2,11.9,2790.0,10400.0,car,201,1,0
236,34,A,master,143100.0,3.4,5.0,4740.0,13800.0,home improvement,203,1,1
237,37,A,master,40300.0,1.6,14.2,9990.0,11900.0,education,204,1,1
238,34,B,bachelor,26800.0,6.2,12.3,17680.0,28900.0,business,102,1,0
239,44,A,high school,28000.0,5.0,15.0,16030.0,22600.0,home improvement,201,1,1
240,25,B,high school,61200.0,4.2,0.0,4760.0,15700.0,debt consolidation,103,0,1
241,32,B,bachelor,57900.0,6.1,0.8,1810.0,10800.0,business,101,1,1
242,49,B,bachelor,39500.0,23.8,13.2,9950.0,16700.0,car,102,1,1
243,21,A,bachelor,82300.0,11.0,0.0,8990.0,10900.0,education,201,1,1
244,42,A,bachelor,31800.0,11.4,13.3,5040.0,5600.0,car,202,1,1
245,42,A,high school,76900.0,1.4,15.2,950.0,17000.0,debt consolidation,204,1,1
246,21,A,bachelor,54300.0,9.4,0.0,14160.0,19200.0,business,204,1,1
247,41,A,bachelor,18800.0,18.5,10.1,9670.0,7200.0,debt consolidation,204,0,1
248,21,B,bachelor,31300.0,3.0,0.0,10060.0,20800.0,car,103,0,0
249,68,A,bachelor,35800.0,3.5,34.4,3580.0,19700.0,car,204,0,1
250,58,A,high school,28100.0,6.6,29.7,1450.0,9500.0,car,203,1,1
251,57,B,bachelor,27500.0,5.0,31.3,5870.0,16200.0,debt consolidation,103,0,1
252,35,A,bachelor,59000.0,20.4,12.6,2530.0,12000.0,home improvement,203,1,1
253,48,A,bachelor,20700.0,6.3,22.1,3900.0,9200.0,car,201,1,1
254,58,A,high school,33100.0,10.7,35.8,2430.0,11700.0,business,204,1,1
255,47,B,master,53300.0,9.8,21.8,3050.0,18100.0,car,102,1,1
256,52,A,bachelor,22400.0,3.9,1.8,36340.0,5700.0,car,201,0,0
257,52,A,high school,47500.0,5.3,28.0,3560.0,16700.0,business,204,1,1
258,42,B,master,29000.0,14.0,19.5,5060.0,28500.0,home improvement,102,0,1
259,44,B,bachelor,20800.0,4.6,18.0,11820.0,14100.0,car,102,0,1
260,47,B,bachelor,84300.0,2.0,23.3,840.0,18400.0,education,103,1,1
261,21,A,bachelor,57200.0,8.7,0.0,5850.0,14100.0,education,203,0,1
262,45,B,bachelor,34800.0,2.3,19.7,17010.0,31100.0,business,103,0,0
263,38,B,bachelor,63600.0,4.5,14.2,5480.0,13900.0,car,102,1,1
264,54,B,bachelor,43500.0,2.2,20.3,13470.0,10100.0,car,103,0,1
265,35,A,bachelor,58000.0,12.8,0.0,4070.0,27700.0,car,202,1,0
266,38,B,bachelor,40100.0,9.8,13.3,12670.0,10400.0,debt consolidation,102,0,1
267,35,B,high school,31400.0,4.4,11.7,1910.0,7200.0,home improvement,103,0,1
268,41,A,bachelor,35300.0,8.9,15.7,5190.0,25000.0,debt consolidation,204,1,1
269,51,B,high school,37100.0,4.9,28.0,4000.0,15200.0,car,101,0,1
270,51,A,high school,33500.0,5.0,29.2,12440.0,13900.0,car,201,1,1
271,35,A,master,65100.0,5.5,10.2,2450.0,26500.0,car,204,1,1
272,58,A,high school,63300.0,13.9,24.4,18560.0,6300.0,business,203,1,1
273,45,A,bachelor,46900.0,3.7,17.0,18150.0,8700.0,home improvement,201,1,1
274,34,A,bachelor,62300.0,4.2,0.0,5060.0,6100.0,debt consolidation,203,1,1
275,46,B,bachelor,23900.0,15.1,15.6,5500.0,25900.0,education,101,1,1
276,42,A,master,25900.0,1.3,18.6,10490.0,19500.0,debt consolidation,201,0,1
277,21,A,bachelor,108300.0,6.2,0.0,7150.0,10900.0,education,202,0,1
278,35,A,bachelor,74900.0,12.2,11.3,9800.0,18200.0,debt consolidation,204,1,1
279,42,A,high school,80600.0,15.0,18.9,24580.0,33000.0,car,204,1,1
280,21,A,master,40900.0,4.7,0.0,1090.0,10300.0,debt consolidation,202,1,1
281,60,A,high school,61300.0,6.2,35.2,23410.0,16000.0,car,201,1,0
282,36,A,high school,42600.0,2.2,11.8,20490.0,16700.0,home improvement,204,0,0
283,53,A,high school,29900.0,3.4,26.7,11300.0,16100.0,debt consolidation,202,1,1
284,42,A,bachelor,30100.0,7.1,20.2,8750.0,15100.0,car,203,1,1
285,42,A,master,89600.0,1.5,11.7,640.0,15600.0,car,204,1,1
286,29,A,high school,47000.0,4.7,2.7,14970.0,10300.0,business,203,0,1
287,47,A,master,41700.0,12.7,13.3,13400.0,9200.0,business,203,1,1
288,38,A,bachelor,107000.0,12.9,13.8,19340.0,20800.0,home improvement,204,1,1
289,39,A,bachelor,65100.0,5.0,16.3,14150.0,9100.0,debt consolidation,201,0,1
290,32,B,phd,71600.0,9.9,4.0,1910.0,7800.0,business,102,0,1
291,33,B,bachelor,15500.0,8.6,4.4,5100.0,6400.0,home improvement,103,0,0
292,55,A,master,63800.0,6.4,26.0,8070.0,14800.0,car,204,1,1
293,52,B,high school,28200.0,4.8,20.5,6890.0,16000.0,car,102,0,0
294,47,A,phd,89400.0,4.7,23.6,7840.0,9200.0,business,202,1,1
295,40,B,master,49100.0,9.2,11.8,7660.0,13200.0,car,103,1,1
296,38,B,bachelor,45700.0,5.7,13.7,3500.0,23200.0,car,101,0,1
297,57,A,bachelor,35900.0,7.9,27.6,12590.0,6400.0,business,201,1,1
298,31,A,bachelor,42900.0,6.8,7.9,10100.0,54500.0,car,201,0,1
299,42,A,bachelor,45800.0,2.9,18.9,5670.0,13900.0,education,203,1,1
300,34,B,bachelor,33100.0,3.8,3.2,4670.0,14400.0,car,102,1,1
301,43,A,bachelor,25800.0,13.4,13.5,910.0,21900.0,home improvement,201,0,0
302,59,B,master,31100.0,3.4,28.9,5010.0,15400.0,home improvement,101,0,1
303,26,B,bachelor,32600.0,6.6,3.2,4140.0,5100.0,home improvement,101,1,1
304,50,A,high school,27900.0,4.5,25.0,16070.0,8500.0,car,204,1,0
305,49,B,bachelor,75300.0,14.5,23.3,4180.0,10200.0,car,101,0,1
306,31,B,high school,67500.0,1.6,8.4,4340.0,15500.0,business,103,1,1
307,49,A,bachelor,69100.0,2.6,10.6,1250.0,15900.0,debt consolidation,204,1,1
308,46,A,bachelor,95400.0,7.1,22.6,4520.0,18700.0,car,204,1,1
309,45,A,bachelor,39000.0,3.3,17.8,7110.0,9400.0,education,204,1,1
310,40,A,high school,32600.0,8.3,11.3,3090.0,14500.0,car,201,1,1
311,41,A,high school,25000.0,11.5,15.5,9990.0,16200.0,home improvement,201,1,1
312,46,A,phd,80800.0,11.0,19.2,2800.0,10400.0,debt consolidation,202,1,1
313,32,A,high school,44100.0,1.5,4.2,6250.0,17700.0,debt consolidation,203,1,1
314,50,A,high school,34200.0,4.1,24.6,1290.0,15200.0,business,202,1,1
315,30,A,bachelor,84400.0,3.7,3.5,8010.0,27000.0,car,203,1,0
316,66,A,master,94900.0,4.9,37.8,3240.0,9700.0,education,202,1,1
317,33,B,high school,27300.0,9.9,8.6,9670.0,10300.0,car,101,0,1
318,52,A,high school,29000.0,6.9,28.4,12670.0,10300.0,debt consolidation,204,0,1
319,22,A,master,161700.0,14.0,0.2,38160.0,11100.0,home improvement,204,1,1
320,23,A,master,31200.0,12.2,1.7,4290.0,14300.0,car,204,1,1
321,32,B,master,32100.0,11.0,4.6,76220.0,13100.0,debt consolidation,102,0,0
322,32,A,bachelor,51100.0,11.7,5.6,3640.0,13200.0,car,201,1,1
323,55,A,master,45700.0,11.2,32.2,31820.0,24200.0,car,203,0,1
324,43,A,bachelor,30500.0,9.1,18.1,13440.0,21300.0,car,201,1,1
325,21,A,high school,56000.0,10.1,0.0,2190.0,13400.0,business,203,1,1
326,47,A,bachelor,34200.0,2.2,15.1,7180.0,21500.0,debt consolidation,204,0,1
327,51,A,high school,79400.0,8.9,22.5,2840.0,11900.0,education,203,1,1
328,37,B,bachelor,29900.0,16.2,10.9,20760.0,7400.0,debt consolidation,102,1,0
329,21,B,master,32900.0,3.0,0.0,4610.0,18700.0,home improvement,102,1,1
330,21,A,high school,31700.0,1.7,0.0,3890.0,9200.0,education,203,0,1
331,21,A,bachelor,52900.0,15.2,0.0,5030.0,19300.0,home improvement,204,1,1
332,41,A,master,69900.0,1.3,13.5,6640.0,20500.0,car,204,1,0
333,30,B,high school,49400.0,6.7,7.9,7470.0,21500.0,car,101,0,1
334,29,A,bachelor,81700.0,4.0,6.9,6010.0,20500.0,debt consolidation,202,1,1
335,49,B,bachelor,74800.0,3.3,20.6,6020.0,14800.0,car,103,1,1
336,37,B,bachelor,44000.0,4.9,9.8,1710.0,17400.0,car,102,0,1
337,41,A,master,59100.0,10.3,13.7,78550.0,14300.0,home improvement,201,0,0
338,29,A,bachelor,93200.0,3.8,0.0,36040.0,7500.0,business,204,1,1
339,43,B,bachelor,52500.0,4.8,19.6,1500.0,13100.0,car,103,0,1
340,37,A,bachelor,61000.0,6.9,13.4,12380.0,14800.0,home improvement,202,1,1
341,34,B,phd,56400.0,9.7,0.0,4500.0,20800.0,car,102,0,1
342,32,B,high school,42600.0,13.1,8.7,7980.0,16300.0,car,103,0,1
343,30,A,high school,33500.0,10.8,1.3,2840.0,16400.0,car,202,1,1
344,34,A,master,58600.0,4.8,7.1,1120.0,46300.0,business,203,1,1
345,21,A,master,75300.0,7.0,0.0,3570.0,10800.0,education,201,1,1
346,56,B,high school,36600.0,7.3,34.3,3060.0,15200.0,education,101,1,1
347,59,A,high school,30100.0,15.3,33.8,8340.0,9700.0,car,204,1,1
348,49,A,high school,31400.0,2.1,13.9,8450.0,8100.0,car,203,0,1
349,21,A,high school,39800.0,8.0,0.0,3650.0,9000.0,education,204,1,1
350,31,B,master,44900.0,9.3,6.2,13110.0,10800.0,education,101,1,1
351,23,A,high school,25300.0,13.5,0.4,4570.0,28200.0,car,203,1,1
352,53,A,high school,44500.0,11.9,21.1,520.0,14500.0,education,204,1,1
353,44,A,phd,52300.0,1.8,16.9,5950.0,8500.0,car,203,1,1
354,56,B,bachelor,48400.0,2.5,20.2,5250.0,19400.0,car,101,1,1
355,44,B,high school,22900.0,11.7,16.1,2610.0,33300.0,car,102,0,1
356,39,A,high school,28800.0,21.0,10.4,8350.0,13800.0,education,202,1,1
357,40,A,phd,44900.0,2.8,7.1,11780.0,12700.0,car,202,1,1
358,43,A,master,62900.0,8.8,13.6,2650.0,36700.0,business,201,1,0
359,32,A,high school,51100.0,5.4,1.2,1640.0,8800.0,debt consolidation,203,1,1
360,58,A,bachelor,60600.0,10.1,33.4,6870.0,14500.0,home improvement,201,1,1
361,27,B,master,36100.0,1.7,3.9,3790.0,15100.0,debt consolidation,103,1,1
362,59,A,high school,20700.0,0.8,23.3,1050.0,12400.0,car,201,1,1
363,50,A,high school,81200.0,4.6,16.9,2240.0,8000.0,debt consolidation,202,0,1
364,48,B,phd,28300.0,11.3,24.3,4340.0,16300.0,home improvement,103,1,1
365,43,A,bachelor,26000.0,9.1,16.2,4670.0,6500.0,home improvement,203,1,1
366,42,B,master,40500.0,5.9,11.9,2270.0,19800.0,car,103,0,1
367,40,B,bachelor,58400.0,10.7,16.9,7630.0,20800.0,debt consolidation,102,0,1
368,40,B,bachelor,30200.0,11.2,15.4,16860.0,12100.0,debt consolidation,101,1,0
369,31,A,high school,48900.0,17.5,9.0,6550.0,25200.0,home improvement,201,1,1
370,42,A,bachelor,96300.0,5.5,3.4,4120.0,17900.0,car,203,1,1
371,52,B,high school,25400.0,3.4,29.9,2900.0,15300.0,home improvement,101,0,1
372,49,A,high school,44700.0,2.8,27.7,4860.0,14200.0,debt consolidation,202,1,1
373,42,A,high school,41700.0,12.2,9.6,8780.0,13500.0,home improvement,204,1,1
374,57,A,high school,65700.0,19.0,20.5,6100.0,35500.0,car,201,1,1
375,72,B,bachelor,42600.0,0.6,49.9,1860.0,10000.0,education,103,1,1
376,41,A,bachelor,56200.0,14.5,16.7,12330.0,12300.0,home improvement,201,1,1
377,42,B,bachelor,73200.0,8.2,14.9,3190.0,29200.0,car,101,1,1
378,31,A,master,58300.0,13.0,0.7,4870.0,7300.0,car,201,1,1
379,58,A,bachelor,81400.0,3.6,31.0,5470.0,12900.0,debt consolidation,204,1,1
380,34,A,master,73600.0,6.7,10.4,5740.0,32700.0,debt consolidation,201,1,1
381,29,B,master,54800.0,9.2,3.0,1210.0,9700.0,car,102,1,0
382,36,B,high school,33300.0,11.3,3.7,3890.0,7600.0,business,102,1,0
383,30,B,bachelor,28900.0,18.0,3.4,1880.0,16000.0,car,101,1,1
384,49,A,high school,58300.0,11.5,25.6,3280.0,14100.0,business,203,1,1
385,50,A,master,63200.0,10.6,24.8,11640.0,13700.0,car,202,1,1
386,45,A,master,37400.0,8.4,18.6,1010.0,27900.0,debt consolidation,202,1,1
387,38,A,high school,52000.0,2.3,9.8,1160.0,27700.0,business,202,1,1
388,27,A,bachelor,34200.0,9.8,0.0,9780.0,22700.0,home improvement,203,1,0
389,30,A,high school,44100.0,8.5,4.1,1790.0,8500.0,debt consolidation,203,1,0
390,54,A,master,62900.0,23.8,30.8,12320.0,22400.0,debt consolidation,204,1,1
391,31,A,master,61800.0,2.9,0.0,1580.0,14300.0,debt consolidation,202,1,1
392,21,B,bachelor,44200.0,20.7,0.0,6150.0,14800.0,home improvement,103,1,1
393,31,A,bachelor,35600.0,14.6,3.6,1580.0,17500.0,home improvement,201,1,0
394,31,A,high school,82000.0,20.2,9.6,4440.0,12100.0,car,202,1,1
395,60,A,high school,16700.0,9.6,32.5,71180.0,23400.0,car,202,0,0
396,34,A,high school,37900.0,16.4,8.8,4440.0,10900.0,debt consolidation,201,1,1
397,35,A,bachelor,51600.0,8.4,0.0,1220.0,33200.0,home improvement,201,0,1
398,21,A,high school,36500.0,6.5,0.0,14350.0,10100.0,education,203,0,1
399,42,A,high school,74400.0,10.6,13.7,2820.0,9900.0,business,204,1,1
400,49,B,bachelor,24600.0,12.6,22.6,17550.0,14700.0,business,102,1,1
401,37,A,bachelor,24100.0,5.9,15.4,4340.0,11600.0,debt consolidation,204,1,1
402,42,B,high school,14300.0,12.6,16.0,2370.0,7000.0,business,103,1,1
403,34,B,high school,51300.0,10.3,10.6,19910.0,16200.0,debt consolidation,101,0,1
404,50,B,high school,30800.0,2.9,8.2,49020.0,14100.0,car,101,0,0
405,73,B,high school,21700.0,11.2,51.2,2760.0,14600.0,home improvement,101,1,1
406,38,B,bachelor,33600.0,1.9,9.9,360.0,19900.0,education,101,1,1
407,43,A,high school,30000.0,8.1,10.0,3560.0,17500.0,car,203,1,0
408,37,A,master,89500.0,5.1,12.0,4360.0,36700.0,car,203,1,1
409,29,B,high school,36000.0,21.2,0.0,2740.0,14700.0,car,101,1,1
410,39,A,master,88900.0,3.1,7.1,20990.0,15900.0,education,204,1,0
411,40,A,bachelor,20500.0,8.6,2.7,5240.0,11900.0,car,203,1,1
412,40,A,high school,56700.0,2.9,17.8,1130.0,15500.0,debt consolidation,201,1,1
413,35,B,high school,50100.0,5.6,12.6,1550.0,9400.0,debt consolidation,103,1,1
414,56,A,bachelor,71900.0,1.9,30.9,78670.0,8000.0,home improvement,201,0,1
415,31,B,high school,41600.0,2.7,3.3,2650.0,12600.0,education,101,1,1
416,46,B,master,34100.0,2.0,14.4,2720.0,15600.0,education,102,0,1
417,51,A,high school,42700.0,21.2,17.1,6220.0,26000.0,car,202,1,0
418,41,B,high school,41500.0,0.9,15.4,11260.0,9500.0,education,102,0,1
419,53,A,high school,35900.0,8.9,26.8,1950.0,11000.0,home improvement,202,1,1
420,50,A,high school,42100.0,4.0,25.1,2520.0,7300.0,business,201,1,1
421,39,B,master,33000.0,4.0,9.7,12210.0,6800.0,business,102,0,0
422,44,B,high school,40900.0,3.5,15.5,4750.0,25900.0,education,101,0,1
423,29,A,master,34800.0,6.7,1.0,7900.0,9400.0,car,202,1,1
424,21,B,bachelor,51700.0,18.3,0.0,8620.0,10800.0,education,101,1,0
425,43,B,bachelor,22400.0,2.4,14.3,3240.0,8700.0,home improvement,103,0,1
426,32,A,bachelor,103000.0,8.2,2.8,1520.0,20300.0,business,202,1,1
427,40,A,bachelor,65600.0,8.7,7.8,2360.0,6800.0,car,201,1,1
428,43,A,bachelor,27900.0,16.1,19.3,3590.0,10800.0,car,201,1,1
429,48,B,high school,42100.0,9.5,22.6,18290.0,25500.0,debt consolidation,103,0,1
430,58,A,high school,96600.0,7.5,22.0,6670.0,21400.0,home improvement,204,1,1
431,40,A,high school,51400.0,21.1,4.2,8030.0,15000.0,education,203,1,1
432,27,B,bachelor,53200.0,31.2,5.6,890.0,28500.0,debt consolidation,102,0,1
433,51,A,high school,27600.0,6.8,28.0,2820.0,10300.0,debt consolidation,201,1,1
434,49,B,master,37900.0,3.4,20.7,2820.0,19500.0,debt consolidation,102,0,1
435,55,A,high school,30700.0,3.4,30.6,22370.0,20300.0,business,201,0,1
436,21,B,master,37300.0,11.3,0.0,34420.0,18800.0,home improvement,103,0,1
437,36,A,master,50300.0,3.5,14.0,3450.0,25700.0,home improvement,201,1,1
438,24,A,bachelor,90800.0,14.0,0.0,5160.0,10000.0,debt consolidation,204,0,1
439,50,A,bachelor,44900.0,13.7,26.0,10960.0,9000.0,home improvement,201,1,1
440,43,A,master,27700.0,3.2,7.8,2190.0,9700.0,car,202,1,0
441,52,B,bachelor,48300.0,1.1,25.2,21080.0,14400.0,business,101,1,1
442,46,A,high school,69900.0,13.5,14.4,9660.0,29300.0,debt consolidation,204,1,1
443,39,B,bachelor,30200.0,11.2,9.7,1630.0,24700.0,home improvement,101,1,1
444,44,B,master,53400.0,4.8,19.1,7670.0,30800.0,debt consolidation,101,0,1
445,42,A,bachelor,46000.0,8.0,14.4,7390.0,35100.0,home improvement,201,1,1
446,33,B,master,24800.0,11.0,7.5,2060.0,13500.0,debt consolidation,103,0,1
447,43,A,high school,22200.0,5.3,8.7,2940.0,8300.0,home improvement,203,1,1
448,29,B,bachelor,29400.0,16.7,0.0,1160.0,21100.0,business,102,0,1
449,45,B,bachelor,37900.0,11.8,21.1,6230.0,6300.0,education,101,1,1
450,42,A,high school,44600.0,13.6,18.5,6250.0,24500.0,car,203,1,1
451,49,A,bachelor,65800.0,1.5,17.9,5790.0,17600.0,home improvement,202,1,1
452,27,B,high school,26800.0,14.0,0.0,16980.0,16700.0,car,102,0,0
453,28,A,high school,89400.0,0.3,4.7,1150.0,6500.0,car,201,1,1
454,41,A,master,45200.0,4.7,4.8,18370.0,25900.0,home improvement,204,1,1
455,32,A,high school,38400.0,5.0,9.2,3710.0,22700.0,debt consolidation,202,1,1
456,30,B,master,51200.0,11.4,4.1,10540.0,29500.0,business,102,1,1
457,49,A,master,75500.0,11.0,11.5,2530.0,7500.0,debt consolidation,203,1,1
458,53,A,high school,37900.0,7.6,27.6,690.0,9700.0,education,203,1,1
459,55,A,bachelor,39400.0,12.8,24.8,1380.0,13300.0,home improvement,203,1,1
460,29,B,high school,18600.0,6.4,2.6,880.0,12400.0,business,103,0,1
461,37,A,bachelor,29700.0,14.1,6.7,9540.0,7200.0,car,203,1,1
462,39,A,bachelor,37600.0,12.1,13.7,2310.0,17600.0,business,201,1,1
463,24,A,bachelor,53200.0,9.1,0.0,26460.0,9700.0,education,204,1,1
464,37,A,high school,54100.0,15.7,7.4,7250.0,30000.0,business,202,1,1
465,48,B,high school,26800.0,8.7,25.4,21860.0,13200.0,education,103,0,1
466,21,A,high school,12100.0,7.9,0.0,3920.0,7900.0,debt consolidation,202,1,1
467,57,A,high school,49600.0,9.5,34.7,2570.0,16800.0,car,202,1,1
468,55,B,bachelor,37200.0,3.4,21.3,5100.0,7400.0,car,103,0,1
469,45,A,master,45600.0,11.4,16.6,11830.0,9500.0,home improvement,203,1,1
470,58,A,bachelor,33500.0,2.1,34.8,11820.0,11000.0,home improvement,201,1,1
471,47,A,master,50300.0,11.6,19.6,3890.0,21700.0,business,203,1,1
472,52,A,high school,73800.0,6.3,28.6,860.0,8600.0,debt consolidation,203,1,1
473,33,A,high school,30000.0,5.1,9.4,3800.0,16400.0,debt consolidation,202,0,0
474,33,A,high school,28500.0,12.7,2.9,15840.0,11400.0,debt consolidation,202,0,1
475,21,B,bachelor,59400.0,0.3,0.0,3190.0,6900.0,car,102,0,1
476,56,A,high school,31100.0,6.5,30.1,3140.0,8300.0,debt consolidation,203,1,1
477,21,B,high school,29400.0,24.7,0.0,1880.0,11000.0,education,101,1,1
478,54,B,master,30800.0,2.7,30.4,7790.0,16200.0,business,102,1,1
479,42,A,bachelor,28700.0,4.7,12.0,1270.0,20800.0,education,202,1,0
480,33,A,high school,47500.0,5.9,9.6,4580.0,23500.0,debt consolidation,202,1,1
481,33,B,bachelor,26500.0,4.2,0.0,3400.0,10500.0,car,101,1,1
482,36,A,high school,86800.0,9.4,10.3,15650.0,10000.0,debt consolidation,203,1,1
483,22,B,master,24500.0,13.7,0.0,3360.0,10000.0,debt consolidation,102,0,1
484,45,A,bachelor,45200.0,5.3,20.2,4390.0,9900.0,debt consolidation,204,1,1
485,75,A,high school,23000.0,17.8,51.6,16270.0,9700.0,home improvement,202,1,1
486,29,A,bachelor,42600.0,0.9,4.1,3100.0,11600.0,car,202,1,1
487,34,A,bachelor,74700.0,8.7,6.9,1660.0,20600.0,home improvement,201,1,1
488,39,A,high school,53000.0,8.1,15.0,7520.0,20500.0,car,203,1,1
489,21,A,high school,52100.0,3.6,0.0,5830.0,19800.0,debt consolidation,201,1,1
490,59,B,high school,29700.0,4.6,27.8,1420.0,16900.0,business,103,1,1
491,22,B,high school,22700.0,4.5,0.0,12870.0,15800.0,business,101,0,0
492,38,A,high school,78500.0,6.0,11.3,1420.0,18400.0,debt consolidation,201,1,1
493,44,B,master,25800.0,7.9,21.7,26710.0,5900.0,education,101,1,1
494,49,A,high school,21200.0,0.8,13.3,4640.0,11300.0,home improvement,202,1,1
495,38,A,master,62000.0,3.9,14.4,4150.0,12700.0,business,201,1,1
496,37,B,bachelor,28000.0,2.4,7.2,4110.0,17800.0,debt consolidation,101,0,1
497,47,B,master,33700.0,4.1,25.0,4370.0,5100.0,car,101,1,1
498,34,A,high school,77800.0,2.7,6.9,10370.0,7800.0,debt consolidation,202,1,1
499,43,A,bachelor,56100.0,6.5,15.6,2950.0,5700.0,home improvement,201,0,1
500,40,A,master,67500.0,10.9,15.2,5430.0,24300.0,debt consolidation,203,1,0
501,44,A,master,37000.0,3.3,19.1,7260.0,10900.0,debt consolidation,201,1,1
502,60,B,high school,24400.0,1.9,32.4,13610.0,11700.0,car,102,0,1
503,51,A,high school,44500.0,5.8,29.7,2930.0,7800.0,home improvement,201,1,1
504,42,B,master,37000.0,8.7,6.9,4820.0,17400.0,debt consolidation,103,0,1
505,38,A,master,28900.0,1.9,13.5,12580.0,42300.0,home improvement,204,1,1
506,42,A,bachelor,58100.0,14.1,11.4,1500.0,10100.0,business,204,1,1
507,23,B,bachelor,30200.0,4.5,0.0,1740.0,6800.0,education,101,0,1
508,36,A,bachelor,62500.0,6.7,14.2,4950.0,6700.0,home improvement,201,1,1
509,21,B,bachelor,58000.0,1.2,0.0,9480.0,16300.0,debt consolidation,103,1,1
510,30,B,bachelor,93000.0,1.3,5.9,700.0,5300.0,debt consolidation,102,1,1
511,21,B,bachelor,42800.0,4.0,0.0,11060.0,12800.0,home improvement,103,1,1
512,39,A,master,86800.0,6.0,14.0,2890.0,10900.0,car,204,1,1
513,27,B,bachelor,38600.0,2.7,3.5,5030.0,20600.0,education,102,1,0
514,43,A,high school,29900.0,3.0,19.8,8920.0,27500.0,debt consolidation,201,1,1
515,47,A,bachelor,38100.0,14.7,23.3,2740.0,13600.0,business,204,1,0
516,44,B,bachelor,23500.0,9.8,20.3,5650.0,24100.0,car,102,1,1
517,21,A,bachelor,15200.0,8.4,0.0,4790.0,16300.0,debt consolidation,204,0,0
518,55,A,bachelor,33900.0,3.5,31.1,2480.0,12900.0,education,204,1,1
519,45,B,master,53600.0,16.4,22.7,1680.0,13200.0,car,101,1,1
520,61,A,bachelor,38200.0,2.5,27.9,30120.0,6400.0,car,203,1,1
521,56,A,bachelor,29000.0,5.2,28.1,5020.0,25000.0,debt consolidation,203,1,1
522,21,A,bachelor,39400.0,8.0,0.0,23710.0,14200.0,home improvement,204,1,0
523,38,B,bachelor,67500.0,4.9,13.6,9220.0,11800.0,business,101,0,1
524,48,A,high school,92100.0,10.5,23.3,1090.0,20600.0,business,201,1,1
525,40,B,high school,26200.0,17.9,10.8,4700.0,21700.0,home improvement,102,1,1
526,60,B,bachelor,17300.0,8.5,36.2,6770.0,12600.0,debt consolidation,102,1,1
527,63,A,high school,31300.0,1.2,34.2,1340.0,21200.0,debt consolidation,203,1,1
528,42,B,high school,84700.0,1.0,18.7,2940.0,8500.0,business,102,1,1
529,25,A,high school,29800.0,1.9,0.0,2600.0,9600.0,business,202,0,1
530,42,A,bachelor,96500.0,1.3,14.6,1580.0,13900.0,business,203,1,1
531,36,B,master,38900.0,2.0,4.5,19810.0,38200.0,education,101,0,1
532,33,B,bachelor,38700.0,6.6,7.1,6050.0,13700.0,business,101,1,1
533,69,A,high school,39000.0,1.8,24.7,1890.0,16000.0,debt consolidation,201,1,1
534,21,B,master,67200.0,7.7,0.0,1670.0,4000.0,home improvement,101,1,1
535,38,A,bachelor,126700.0,5.2,15.1,6890.0,19200.0,car,204,1,1
536,36,A,bachelor,67300.0,11.9,7.7,4560.0,24700.0,education,204,1,1
537,44,A,bachelor,54100.0,9.3,15.9,4760.0,13700.0,car,201,1,1
538,43,A,bachelor,76500.0,9.8,20.6,2020.0,13500.0,business,203,1,1
539,56,A,bachelor,26000.0,11.7,32.4,4990.0,13700.0,car,204,1,1
540,46,B,bachelor,32100.0,5.7,21.6,1600.0,3100.0,debt consolidation,101,1,1
541,51,A,high school,88400.0,3.7,19.3,13600.0,14400.0,education,203,1,1
542,38,A,bachelor,36800.0,7.6,15.0,11320.0,23400.0,debt consolidation,201,1,1
543,21,A,master,90800.0,4.3,0.0,5980.0,24300.0,debt consolidation,203,1,1
544,68,A,high school,44700.0,5.1,41.8,5690.0,21600.0,car,204,1,1
545,31,A,high school,35800.0,18.8,8.0,6730.0,7400.0,education,202,1,1
546,48,A,high school,47600.0,3.9,23.8,10660.0,18300.0,business,204,1,1
547,46,A,high school,76200.0,3.6,13.3,3840.0,7300.0,car,201,1,1
548,43,A,high school,56700.0,8.0,16.0,2000.0,8100.0,education,202,1,1
549,46,B,phd,61100.0,11.4,12.2,4150.0,9300.0,home improvement,103,1,1
550,47,A,high school,64100.0,4.0,25.1,190.0,27300.0,education,202,1,1
551,49,A,high school,32600.0,3.7,11.9,9990.0,9500.0,debt consolidation,201,1,1
552,38,A,bachelor,55100.0,7.8,13.2,4020.0,31400.0,education,203,1,1
553,43,B,bachelor,38700.0,3.1,18.0,22180.0,31900.0,debt consolidation,103,1,1
554,40,A,bachelor,51200.0,0.7,10.9,24060.0,13900.0,education,202,0,0
555,27,B,bachelor,62300.0,8.5,0.0,1260.0,17900.0,education,102,1,1
556,27,B,high school,33000.0,3.3,0.0,10820.0,21500.0,business,102,1,0
557,37,B,bachelor,61900.0,16.6,9.7,5840.0,25500.0,debt consolidation,101,1,1
558,40,B,master,54900.0,6.6,7.6,7150.0,40500.0,car,101,0,1
559,36,A,high school,35300.0,5.5,11.8,5670.0,30700.0,business,204,1,1
560,48,B,master,31500.0,4.4,23.1,11780.0,6100.0,debt consolidation,102,0,1
561,41,A,high school,25100.0,1.5,16.2,6650.0,10300.0,business,201,1,1
562,59,B,bachelor,23000.0,2.2,30.0,11130.0,12300.0,debt consolidation,103,1,1
563,45,B,bachelor,26800.0,15.3,21.0,2630.0,16500.0,car,102,0,1
564,24,A,master,63200.0,7.0,0.0,440.0,17000.0,education,204,1,1
565,55,B,high school,37700.0,22.6,33.3,3270.0,17100.0,education,102,1,1
566,35,A,master,96300.0,22.2,4.8,7950.0,7100.0,education,203,1,1
567,47,B,bachelor,33400.0,8.7,18.1,2470.0,13500.0,business,101,1,1
568,42,A,master,34700.0,2.6,11.0,3370.0,15000.0,business,202,1,1
569,32,A,bachelor,118200.0,3.6,3.3,7650.0,18200.0,education,202,1,1
570,64,B,high school,16700.0,12.2,38.6,3740.0,15800.0,car,102,1,1
571,32,A,bachelor,27400.0,7.2,9.2,2290.0,11600.0,home improvement,204,1,0
572,27,B,master,48200.0,1.0,3.0,29330.0,15000.0,debt consolidation,101,0,1
573,53,B,high school,37300.0,7.7,27.4,5080.0,20000.0,debt consolidation,103,0,1
574,46,A,bachelor,48800.0,5.1,19.9,11690.0,18400.0,business,204,1,1
575,22,A,bachelor,77400.0,3.1,0.0,8690.0,9100.0,car,203,1,1
576,57,B,high school,71400.0,6.7,31.6,710.0,25400.0,debt consolidation,102,1,1
577,24,A,high school,145900.0,4.3,0.9,1330.0,21700.0,debt consolidation,204,1,1
578,21,A,bachelor,63700.0,10.2,0.0,4330.0,22700.0,car,201,1,1
579,46,B,bachelor,25200.0,3.4,12.7,1740.0,10500.0,car,102,1,1
580,58,A,master,81100.0,17.2,34.2,10090.0,26800.0,business,204,1,1
581,56,B,bachelor,47300.0,25.0,33.6,5230.0,11200.0,business,101,1,1
582,39,B,bachelor,27800.0,14.7,10.2,5580.0,37600.0,business,101,1,0
583,40,B,high school,24700.0,6.4,6.3,1870.0,7600.0,home improvement,101,1,1
584,43,B,bachelor,16600.0,10.3,18.9,4050.0,9700.0,education,101,0,1
585,49,B,high school,19500.0,6.3,20.5,1790.0,5700.0,home improvement,101,1,1
586,50,A,master,23100.0,8.8,26.1,3090.0,16600.0,education,202,0,1
587,53,B,high school,71000.0,5.2,28.8,1380.0,12400.0,home improvement,101,0,1
588,26,B,bachelor,22100.0,10.1,2.1,1730.0,15500.0,car,103,0,1
589,30,B,high school,12400.0,9.4,0.0,990.0,15100.0,education,102,0,1
590,37,A,high school,76800.0,7.4,9.4,3000.0,15000.0,business,202,1,1
591,30,A,bachelor,96800.0,11.3,3.3,6030.0,6800.0,education,202,1,1
592,62,A,bachelor,109400.0,20.3,39.1,45670.0,10000.0,debt consolidation,203,1,1
593,25,A,high school,16900.0,10.0,0.0,1010.0,18000.0,education,204,0,1
594,39,B,high school,48200.0,3.7,14.9,8290.0,13900.0,car,102,1,1
595,36,B,high school,24600.0,6.0,9.3,11980.0,13200.0,home improvement,102,0,1
596,38,A,high school,67900.0,1.1,13.5,1520.0,17500.0,business,204,1,1
597,21,A,high school,31800.0,8.4,0.0,2110.0,6800.0,home improvement,203,1,1
598,46,A,bachelor,48800.0,19.5,3.1,65510.0,19800.0,car,201,0,1
599,46,A,bachelor,55600.0,9.2,23.1,3430.0,18800.0,car,202,1,1
600,27,A,master,45100.0,3.9,0.0,4080.0,29500.0,car,204,1,1
601,28,B,master,44400.0,9.2,2.5,2050.0,42000.0,home improvement,101,0,0
602,31,A,bachelor,26700.0,3.8,1.8,3270.0,8500.0,education,203,1,0
603,59,B,master,84600.0,3.8,35.8,14790.0,6300.0,debt consolidation,101,1,1
604,50,A,bachelor,25400.0,33.0,17.2,21720.0,12500.0,car,203,1,1
605,29,B,master,28200.0,5.7,7.2,4610.0,15400.0,education,101,0,1
606,33,A,high school,42300.0,6.4,8.2,1620.0,11800.0,debt consolidation,202,1,1
607,59,B,bachelor,67000.0,27.1,33.9,17960.0,19700.0,education,103,1,1
608,46,A,bachelor,64400.0,7.1,20.8,36350.0,15100.0,education,204,1,1
609,21,B,bachelor,42800.0,3.3,0.0,3950.0,11300.0,car,103,1,1
610,21,A,bachelor,27300.0,8.7,0.0,1750.0,57700.0,education,204,1,1
611,27,B,bachelor,19000.0,10.5,2.2,11740.0,13100.0,education,102,0,1
612,32,A,bachelor,62600.0,5.6,1.5,1500.0,9200.0,business,203,1,1
613,56,A,high school,15300.0,1.5,27.6,10310.0,10900.0,home improvement,204,1,1
614,21,B,bachelor,33600.0,7.8,0.0,63680.0,18200.0,home improvement,101,0,0
615,62,A,high school,58700.0,4.6,24.3,2930.0,16800.0,home improvement,201,1,1
616,52,B,bachelor,56300.0,14.5,30.2,5590.0,14400.0,car,101,0,1
617,32,A,bachelor,27100.0,7.1,9.9,7730.0,24000.0,car,204,1,1
618,47,A,high school,57900.0,5.7,25.4,710.0,14700.0,business,203,1,1
619,23,A,high school,31500.0,15.3,0.0,3080.0,15700.0,business,201,1,0
620,41,A,high school,13600.0,10.2,18.5,7780.0,9300.0,car,204,0,0
621,50,B,high school,31200.0,1.5,25.7,34970.0,25700.0,debt consolidation,101,0,0
622,54,B,bachelor,28000.0,4.0,31.0,1240.0,17500.0,debt consolidation,102,1,1
623,29,A,high school,95500.0,6.1,5.1,3540.0,17700.0,car,203,1,1
624,53,B,master,32400.0,7.0,25.3,18640.0,17200.0,home improvement,103,1,1
625,36,B,bachelor,66300.0,6.7,5.3,15470.0,7500.0,home improvement,101,1,1
626,45,A,bachelor,30000.0,10.4,18.2,1330.0,15400.0,debt consolidation,203,1,1
627,22,A,high school,36500.0,7.8,0.0,25830.0,20700.0,education,201,0,1
628,29,A,master,115300.0,12.7,0.0,4630.0,15900.0,home improvement,203,1,1
629,31,A,bachelor,29700.0,7.7,2.8,670.0,12100.0,home improvement,201,0,1
630,58,A,bachelor,23600.0,11.0,31.2,131760.0,9300.0,car,203,0,0
631,32,B,bachelor,31200.0,4.9,7.4,5390.0,16100.0,debt consolidation,101,0,1
632,41,A,bachelor,37000.0,4.4,5.2,27390.0,13200.0,home improvement,203,0,0
633,37,B,high school,38800.0,6.0,13.5,2700.0,50300.0,debt consolidation,101,0,1
634,39,B,bachelor,88900.0,8.5,10.0,2780.0,10400.0,car,103,1,1
635,39,A,high school,62000.0,18.4,16.1,3850.0,9600.0,home improvement,203,1,1
636,42,B,bachelor,45200.0,4.5,19.8,4650.0,31200.0,home improvement,101,1,1
637,64,B,bachelor,68200.0,13.1,42.3,8240.0,12900.0,car,103,1,1
638,46,A,master,64400.0,3.8,22.7,6660.0,26300.0,car,204,1,1
639,37,A,high school,11800.0,6.5,14.5,4340.0,16000.0,debt consolidation,202,0,0
640,33,B,high school,47800.0,3.1,0.0,690.0,15800.0,business,101,0,1
641,24,A,high school,66800.0,4.5,1.1,2230.0,13200.0,home improvement,201,1,0
642,32,B,bachelor,34100.0,2.9,10.1,9690.0,20700.0,car,101,0,1
643,47,B,bachelor,40200.0,7.7,22.3,2700.0,11700.0,education,101,1,1
644,21,A,high school,46700.0,9.0,0.0,3060.0,30200.0,car,201,1,1
645,45,A,high school,17700.0,7.8,4.5,2190.0,29000.0,home improvement,202,1,0
646,41,A,high school,47400.0,8.3,17.8,6700.0,18900.0,debt consolidation,202,1,1
647,34,B,bachelor,48800.0,3.7,10.5,14500.0,22800.0,car,101,1,0
648,33,B,master,29100.0,2.3,10.3,2010.0,6400.0,debt consolidation,101,1,1
649,34,A,bachelor,30500.0,1.4,0.0,27240.0,33200.0,debt consolidation,201,0,0
650,45,A,high school,38000.0,11.8,7.4,6820.0,3000.0,debt consolidation,202,1,1
651,37,A,high school,56000.0,8.8,15.3,20580.0,14400.0,debt consolidation,203,0,1
652,38,B,master,16300.0,3.5,0.0,8620.0,9200.0,education,103,0,1
653,48,A,phd,43900.0,5.2,21.4,1840.0,17100.0,business,202,1,1
654,37,A,bachelor,107000.0,3.1,13.2,5180.0,14200.0,home improvement,204,1,1
655,21,B,bachelor,34800.0,12.2,0.0,23750.0,21000.0,home improvement,103,0,0
656,46,A,bachelor,98200.0,11.6,12.8,7210.0,29900.0,car,201,1,1
657,37,B,high school,29400.0,5.7,10.7,6390.0,15800.0,debt consolidation,101,0,1
658,59,A,master,74300.0,6.2,31.2,1650.0,13900.0,education,203,1,1
659,53,A,master,49800.0,30.0,23.6,3280.0,15200.0,debt consolidation,202,1,1
660,42,A,high school,62000.0,12.9,11.2,1430.0,17700.0,home improvement,202,1,1
661,27,A,phd,44500.0,8.5,0.0,6140.0,13000.0,car,202,0,0
662,40,B,bachelor,34800.0,7.3,12.7,9620.0,12000.0,car,101,1,0
663,45,B,high school,34900.0,4.9,18.5,28770.0,13700.0,debt consolidation,102,0,0
664,55,B,master,49300.0,6.1,25.9,2310.0,22700.0,debt consolidation,102,0,1
665,48,A,bachelor,33600.0,7.3,21.5,13350.0,12900.0,business,203,0,0
666,66,A,master,72000.0,10.5,37.9,7220.0,9900.0,car,202,1,1
667,59,A,bachelor,91500.0,5.1,24.2,1060.0,9600.0,home improvement,203,1,1
668,45,B,high school,32500.0,4.1,19.6,18760.0,10100.0,education,101,0,1
669,39,A,bachelor,25500.0,1.8,13.1,9820.0,11100.0,home improvement,201,0,0
670,38,A,master,42000.0,8.1,10.7,1150.0,31200.0,debt consolidation,204,0,0
671,41,A,high school,21400.0,14.5,0.0,9340.0,9500.0,debt consolidation,202,0,0
672,34,B,bachelor,20200.0,2.4,0.0,11040.0,16700.0,debt consolidation,103,0,1
673,72,A,phd,58400.0,10.6,49.1,1500.0,12000.0,business,203,1,1
674,26,A,high school,18400.0,2.3,0.0,2590.0,11000.0,business,204,0,0
675,35,A,high school,30500.0,3.0,13.4,880.0,16600.0,education,202,1,1
676,40,A,bachelor,68200.0,3.2,17.8,3940.0,25800.0,education,203,1,1
677,35,A,high school,17000.0,2.4,8.3,1400.0,14300.0,home improvement,201,1,1
678,50,A,bachelor,48700.0,13.8,24.4,6150.0,24200.0,home improvement,202,1,1
679,31,A,master,86900.0,14.3,2.3,2110.0,12600.0,debt consolidation,203,1,1
680,40,B,bachelor,31700.0,1.0,17.8,53270.0,60100.0,debt consolidation,102,0,0
681,41,A,high school,50900.0,5.1,12.5,1020.0,12500.0,debt consolidation,203,1,1
682,56,B,high school,61900.0,9.0,32.3,13770.0,21400.0,car,101,1,0
683,29,B,high school,27100.0,3.6,1.4,9390.0,15300.0,debt consolidation,101,0,1
684,32,A,high school,25200.0,11.2,0.0,32980.0,26400.0,home improvement,204,0,0
685,21,A,bachelor,70300.0,7.6,0.0,5400.0,12100.0,home improvement,204,1,1
686,30,A,bachelor,68200.0,22.5,0.0,200.0,17500.0,car,201,1,1
687,61,A,master,36900.0,5.3,34.3,4060.0,18100.0,business,203,1,1
688,31,B,high school,44800.0,4.5,0.0,2500.0,14100.0,debt consolidation,103,1,1
689,42,B,high school,27800.0,8.6,16.5,5360.0,10300.0,debt consolidation,101,0,1
690,30,B,phd,14100.0,21.8,4.0,5230.0,17100.0,debt consolidation,103,0,1
691,43,B,master,15400.0,5.2,20.4,9500.0,9500.0,debt consolidation,103,1,1
692,25,A,high school,39900.0,2.4,0.8,8640.0,12100.0,education,202,1,1
693,32,B,master,37400.0,3.0,9.8,8400.0,16900.0,home improvement,103,0,1
694,44,B,bachelor,29500.0,4.5,19.0,2610.0,24700.0,business,102,1,1
695,34,A,high school,27400.0,2.9,11.8,3020.0,5100.0,home improvement,204,1,1
696,35,B,bachelor,45200.0,2.9,11.7,5740.0,27400.0,debt consolidation,101,0,1
697,58,B,high school,56700.0,3.3,34.0,4340.0,12100.0,car,102,1,1
698,47,B,master,64100.0,5.8,13.5,4290.0,18100.0,car,101,1,1
699,38,B,high school,56100.0,6.5,3.8,2880.0,20800.0,car,102,0,1
700,40,A,bachelor,106800.0,5.2,17.7,3390.0,17200.0,debt consolidation,203,1,1
701,23,A,master,29500.0,5.2,0.4,22340.0,8000.0,debt consolidation,201,1,0
702,45,A,high school,29100.0,8.7,21.6,6980.0,8300.0,education,203,1,1
703,22,A,high school,36100.0,10.4,0.0,12040.0,15500.0,debt consolidation,202,1,1
704,35,A,phd,37000.0,7.5,5.4,15090.0,24500.0,business,201,1,0
705,54,A,high school,48500.0,7.4,25.1,2880.0,16200.0,business,202,1,1
706,44,A,phd,36600.0,17.0,17.5,2170.0,20800.0,debt consolidation,203,1,1
707,37,A,bachelor,28700.0,16.5,3.0,5380.0,12000.0,debt consolidation,203,0,1
708,43,B,bachelor,37800.0,14.5,19.1,1660.0,6400.0,car,101,1,1
709,38,A,high school,56000.0,22.2,14.6,3520.0,25800.0,home improvement,201,1,1
710,44,B,bachelor,82900.0,3.2,20.5,2330.0,10400.0,debt consolidation,102,1,1
711,36,A,bachelor,37700.0,15.0,4.2,4270.0,26200.0,home improvement,201,1,1
712,42,A,high school,20400.0,20.1,18.6,6480.0,16100.0,home improvement,204,1,0
713,42,A,bachelor,45400.0,9.1,17.0,8860.0,15300.0,debt consolidation,202,1,1
714,67,B,bachelor,48000.0,5.5,31.6,13000.0,27000.0,debt consolidation,101,1,0
715,60,B,high school,39500.0,11.9,34.8,11860.0,29400.0,car,102,1,1
716,28,B,high school,21000.0,7.3,0.4,8180.0,10100.0,car,101,0,0
717,27,A,phd,59300.0,17.7,0.0,16160.0,9900.0,education,202,1,1
718,51,A,high school,29500.0,5.2,21.5,1430.0,22700.0,home improvement,202,1,1
719,75,B,bachelor,20600.0,11.6,53.1,1310.0,11900.0,home improvement,102,1,1
720,58,B,bachelor,52500.0,3.2,32.2,5330.0,8400.0,car,103,1,1
721,62,A,high school,133400.0,16.9,34.6,15330.0,8700.0,home improvement,203,1,1
722,22,A,high school,41500.0,11.6,0.0,32840.0,24500.0,debt consolidation,203,0,0
723,46,A,high school,95800.0,17.1,14.4,16250.0,6500.0,home improvement,202,1,1
724,50,A,high school,63500.0,3.1,24.5,7190.0,43000.0,business,202,1,1
725,61,A,phd,66400.0,10.7,35.1,720.0,13500.0,home improvement,202,1,1
726,26,A,high school,42600.0,24.7,2.0,14400.0,14800.0,business,202,1,0
727,44,B,bachelor,60700.0,6.0,19.9,2010.0,15800.0,education,102,1,1
728,30,A,bachelor,52400.0,13.8,7.1,4050.0,8700.0,car,204,1,1
729,55,B,high school,12600.0,11.1,28.1,11610.0,17800.0,car,101,0,0
730,52,A,high school,79300.0,11.9,23.5,9760.0,11000.0,car,202,1,1
731,34,A,bachelor,55400.0,1.3,0.0,970.0,18500.0,home improvement,203,1,1
732,41,B,phd,69000.0,0.4,15.3,29070.0,20700.0,debt consolidation,102,0,1
733,43,A,bachelor,36500.0,8.6,15.7,5200.0,13500.0,debt consolidation,201,0,1
734,42,A,bachelor,29500.0,11.8,18.4,3700.0,18700.0,car,201,1,1
735,50,B,high school,35700.0,12.4,22.2,3400.0,6700.0,home improvement,102,1,1
736,42,A,high school,30700.0,9.6,18.2,660.0,16700.0,education,203,1,1
737,39,A,bachelor,48700.0,7.7,15.6,10040.0,7300.0,debt consolidation,202,1,1
738,44,A,phd,44200.0,3.9,21.8,5930.0,18900.0,debt consolidation,201,1,1
739,21,A,bachelor,54800.0,2.3,0.0,10030.0,15300.0,business,201,1,1
740,38,A,master,61200.0,10.8,10.7,13210.0,8300.0,home improvement,203,1,1
741,44,A,master,47500.0,2.9,20.7,5800.0,14100.0,debt consolidation,203,1,1
742,67,A,bachelor,75100.0,8.3,37.1,2280.0,16600.0,debt consolidation,204,1,1
743,35,A,bachelor,73700.0,22.1,10.3,6000.0,20800.0,home improvement,203,1,1
744,60,A,high school,19700.0,3.4,29.4,16870.0,17700.0,business,204,1,0
745,39,B,high school,18500.0,3.2,16.6,5470.0,8400.0,debt consolidation,101,0,1
746,31,A,bachelor,52200.0,8.0,9.7,12770.0,10000.0,debt consolidation,201,1,1
747,42,A,high school,34600.0,6.0,10.8,2200.0,11300.0,business,204,0,1
748,44,A,bachelor,44500.0,6.7,15.9,10690.0,12100.0,home improvement,201,1,1
749,75,B,high school,18400.0,3.4,49.5,3440.0,12700.0,debt consolidation,101,0,1
750,54,A,high school,66400.0,5.9,20.3,3850.0,18900.0,car,203,1,1
751,54,B,bachelor,42800.0,3.4,28.2,1820.0,7800.0,business,102,1,1
752,21,A,high school,29700.0,13.7,0.0,4010.0,15200.0,debt consolidation,204,1,0
753,29,A,high school,35400.0,8.0,0.0,9380.0,12600.0,debt consolidation,203,0,0
754,52,B,bachelor,41700.0,11.8,22.7,13540.0,7700.0,education,102,0,1
755,43,B,high school,25200.0,14.7,20.7,8600.0,10300.0,debt consolidation,101,1,1
756,23,A,high school,45900.0,7.4,0.5,2560.0,21200.0,home improvement,203,1,1
757,46,A,bachelor,20500.0,11.6,18.2,14010.0,22300.0,home improvement,202,1,0
758,24,A,high school,22200.0,13.8,0.8,6730.0,20000.0,home improvement,201,1,1
759,54,B,master,19800.0,10.5,31.2,5700.0,30200.0,car,103,1,1
760,57,A,master,37700.0,1.9,21.7,11560.0,11400.0,debt consolidation,203,1,0
761,45,A,bachelor,67500.0,16.6,22.8,3920.0,4700.0,home improvement,201,1,1
762,30,B,bachelor,37500.0,4.7,7.1,16910.0,17300.0,home improvement,102,0,0
763,30,A,high school,38200.0,4.7,1.4,9140.0,32200.0,car,203,0,0
764,21,B,bachelor,37700.0,2.2,0.0,6850.0,24500.0,home improvement,102,1,1
765,28,B,master,48900.0,14.3,1.5,58050.0,6300.0,debt consolidation,103,1,0
766,32,A,bachelor,20600.0,9.4,4.3,10500.0,19200.0,car,201,1,0
767,55,B,master,48500.0,5.0,30.4,4080.0,23500.0,education,102,1,1
768,46,A,high school,31700.0,3.0,21.4,10720.0,8800.0,home improvement,203,1,1
769,37,A,bachelor,29100.0,14.6,3.8,3460.0,20800.0,debt consolidation,204,1,1
770,45,A,high school,25100.0,2.2,18.5,3990.0,14000.0,business,202,1,1
771,44,B,master,22800.0,11.7,15.8,3850.0,8800.0,home improvement,102,0,1
772,34,A,high school,48500.0,6.6,5.2,2710.0,6700.0,home improvement,203,1,1
773,21,A,high school,30600.0,2.6,0.0,7400.0,24500.0,home improvement,203,1,0
774,43,A,high school,14200.0,2.7,20.7,12890.0,17100.0,business,203,0,1
775,21,B,bachelor,47300.0,5.2,0.0,6260.0,9300.0,business,103,1,0
776,24,B,phd,38300.0,1.6,2.1,1480.0,14500.0,car,103,1,1
777,21,B,bachelor,32800.0,7.1,0.0,1910.0,15700.0,home improvement,102,0,1
778,40,A,high school,65000.0,8.2,8.4,50420.0,16600.0,home improvement,203,1,1
779,39,A,high school,43200.0,8.1,8.5,470.0,10900.0,education,202,1,1
780,49,B,master,52500.0,1.4,12.8,8230.0,27700.0,education,103,1,0
781,52,B,high school,26700.0,25.7,25.0,4080.0,7300.0,business,102,1,1
782,24,B,bachelor,28500.0,8.1,0.0,37270.0,13500.0,business,101,0,0
783,39,B,master,51300.0,9.4,14.7,5420.0,29100.0,business,101,1,1
784,35,B,bachelor,40200.0,3.1,7.4,16730.0,17200.0,business,102,0,1
785,30,A,high school,51600.0,3.2,7.3,600.0,44000.0,car,202,1,0
786,47,B,bachelor,22300.0,2.0,2.4,8460.0,8500.0,car,101,1,1
787,45,A,high school,26700.0,20.9,5.8,4350.0,5600.0,home improvement,203,1,1
788,47,A,bachelor,47800.0,2.4,22.9,4240.0,9300.0,car,203,1,1
789,43,B,bachelor,28700.0,5.1,17.0,12650.0,15300.0,education,103,0,0
790,46,A,high school,21700.0,1.5,21.3,5730.0,10000.0,debt consolidation,201,1,1
791,28,A,bachelor,56800.0,3.7,0.0,33040.0,39200.0,home improvement,201,1,0
792,44,A,bachelor,37100.0,36.2,18.8,1620.0,27400.0,business,202,1,1
793,47,A,high school,26700.0,15.9,20.6,2040.0,9900.0,car,204,1,1
794,49,A,bachelor,21800.0,0.5,25.4,2400.0,4900.0,car,201,0,1
795,50,A,high school,69600.0,4.7,17.5,49570.0,13400.0,business,203,1,1
796,52,B,bachelor,28100.0,3.9,29.2,2210.0,17100.0,car,103,1,1
797,54,B,high school,50200.0,1.3,19.1,2180.0,12400.0,car,101,1,1
798,56,A,bachelor,36000.0,5.3,31.9,1420.0,17200.0,home improvement,201,1,1
799,27,B,bachelor,51900.0,4.1,2.5,17290.0,18300.0,home improvement,103,1,1
800,39,B,bachelor,71900.0,12.0,12.5,9640.0,16500.0,education,103,0,0
801,40,B,bachelor,46000.0,9.8,16.3,3300.0,7300.0,home improvement,101,1,1
802,34,A,phd,195200.0,8.9,7.3,6770.0,17700.0,car,202,1,1
803,57,A,bachelor,67600.0,3.1,27.7,14300.0,9400.0,car,202,1,1
804,46,B,bachelor,35700.0,8.3,18.3,5170.0,14200.0,debt consolidation,101,1,1
805,50,A,high school,63300.0,19.7,16.0,14030.0,31900.0,debt consolidation,201,1,1
806,60,B,high school,25400.0,11.0,35.2,3710.0,4900.0,home improvement,102,1,1
807,49,B,high school,39700.0,13.7,25.2,18660.0,24000.0,car,103,1,1
808,25,A,master,20900.0,7.1,0.0,1660.0,26000.0,business,203,1,0
809,35,A,bachelor,66400.0,3.0,11.1,1850.0,8800.0,car,202,1,1
810,32,B,bachelor,22300.0,5.9,9.9,5450.0,8000.0,debt consolidation,103,1,1
811,32,B,high school,25000.0,9.3,6.4,2100.0,19900.0,debt consolidation,102,0,1
812,30,A,high school,32900.0,8.7,5.3,3680.0,7500.0,car,203,1,0
813,26,A,bachelor,39900.0,4.3,0.0,18800.0,14400.0,debt consolidation,202,0,1
814,36,A,high school,45600.0,11.9,2.8,3930.0,12700.0,car,203,1,1
815,21,A,high school,72700.0,1.7,0.0,9130.0,17700.0,car,202,1,1
816,27,B,phd,25400.0,7.3,5.0,6830.0,16600.0,debt consolidation,103,1,1
817,51,B,high school,13500.0,0.3,22.5,4430.0,20200.0,business,101,1,0
818,28,A,master,45000.0,14.4,0.0,1950.0,8300.0,business,201,1,1
819,47,A,bachelor,111300.0,9.7,23.6,6330.0,10400.0,car,202,1,1
820,35,A,bachelor,30800.0,17.2,7.0,8490.0,20100.0,home improvement,202,1,0
821,30,B,bachelor,25200.0,8.1,3.8,8150.0,30500.0,debt consolidation,101,0,1
822,45,A,bachelor,51600.0,4.3,22.2,8640.0,11300.0,debt consolidation,201,1,1
823,29,A,high school,31300.0,12.4,2.6,1350.0,12500.0,education,204,0,0
824,21,A,bachelor,38800.0,5.5,0.0,7270.0,9100.0,education,204,1,0
825,56,B,master,108000.0,2.8,32.5,9160.0,14500.0,debt consolidation,103,1,1
826,40,A,bachelor,43400.0,6.8,11.6,5210.0,14000.0,home improvement,204,1,1
827,43,A,high school,28900.0,12.3,17.5,580.0,4800.0,debt consolidation,202,1,1
828,60,A,high school,39900.0,6.6,31.6,8130.0,20700.0,car,201,0,1
829,44,B,bachelor,12600.0,5.2,13.4,25940.0,11300.0,business,102,0,0
830,35,A,high school,25600.0,0.7,7.3,2020.0,26900.0,car,203,1,0
831,21,B,bachelor,55800.0,6.4,0.0,13860.0,8900.0,education,103,1,1
832,30,A,bachelor,72000.0,6.5,4.8,8440.0,19300.0,business,201,1,1
833,21,A,high school,98400.0,0.3,0.0,3200.0,21600.0,home improvement,204,1,1
834,29,B,bachelor,16000.0,14.4,1.4,5040.0,13200.0,car,101,1,1
835,39,A,bachelor,49900.0,2.0,12.5,3310.0,13300.0,debt consolidation,204,1,1
836,36,A,bachelor,42900.0,1.1,8.6,8580.0,19500.0,home improvement,204,1,0
837,36,A,bachelor,16100.0,2.5,3.4,2460.0,19300.0,education,201,1,1
838,27,A,high school,31900.0,1.5,4.2,3470.0,31700.0,home improvement,202,0,1
839,32,B,high school,61700.0,15.4,6.8,3140.0,22500.0,debt consolidation,101,1,1
840,44,A,high school,35000.0,3.6,18.4,10300.0,20900.0,debt consolidation,201,1,1
841,21,A,master,61900.0,6.8,0.0,5340.0,16100.0,car,202,1,1
842,32,A,bachelor,56000.0,10.0,0.6,3850.0,17100.0,debt consolidation,202,1,1
843,38,A,bachelor,59100.0,4.0,11.9,4350.0,18200.0,home improvement,202,0,1
844,30,A,high school,30200.0,10.9,8.8,1440.0,16000.0,car,204,1,0
845,30,B,bachelor,39000.0,5.4,3.4,390.0,11500.0,car,103,0,0
846,50,B,bachelor,67300.0,24.2,18.6,5590.0,14200.0,home improvement,101,1,1
847,31,A,master,115000.0,5.3,1.1,1800.0,24800.0,car,201,1,1
848,33,A,bachelor,27600.0,2.2,6.7,4950.0,6500.0,home improvement,204,1,0
849,50,A,bachelor,34300.0,5.2,15.0,5060.0,28900.0,debt consolidation,202,0,0
850,50,A,bachelor,77000.0,7.1,27.6,1290.0,32800.0,home improvement,202,1,1
851,34,A,master,16300.0,16.7,7.7,6210.0,9600.0,debt consolidation,204,0,1
852,29,B,bachelor,69900.0,4.8,4.9,5440.0,9800.0,car,101,0,1
853,33,A,high school,35300.0,7.0,2.9,12270.0,15800.0,business,203,1,0
854,38,B,high school,23500.0,3.9,7.0,1100.0,11800.0,education,101,0,1
855,41,B,bachelor,37900.0,4.7,19.9,2630.0,20400.0,home improvement,103,1,1
856,53,B,bachelor,43200.0,5.7,29.1,7010.0,29000.0,business,102,1,1
857,31,B,master,36500.0,29.4,2.8,36590.0,12300.0,debt consolidation,102,1,1
858,22,A,bachelor,44900.0,10.6,0.0,8870.0,11500.0,car,204,1,1
859,51,A,bachelor,60400.0,10.1,26.8,9750.0,15800.0,home improvement,203,1,1
860,52,B,high school,42100.0,4.1,13.3,7580.0,17900.0,business,103,1,1
861,38,A,master,53800.0,4.2,8.2,9130.0,21700.0,debt consolidation,203,1,1
862,44,B,master,22200.0,10.3,18.7,6250.0,12200.0,home improvement,101,0,1
863,41,A,high school,46100.0,2.3,13.1,1700.0,8700.0,business,201,1,1
864,40,A,bachelor,47900.0,7.2,11.9,2300.0,21600.0,car,203,1,1
865,53,A,master,73800.0,6.4,27.9,12840.0,22600.0,home improvement,204,1,1
866,44,A,master,52500.0,9.6,22.1,2500.0,8800.0,home improvement,204,1,0
867,40,B,bachelor,27700.0,0.2,13.1,1470.0,24900.0,home improvement,102,1,1
868,27,A,high school,19800.0,7.1,2.4,3120.0,11300.0,business,201,0,0
869,38,A,bachelor,44200.0,11.8,10.9,4320.0,22500.0,car,202,1,0
870,46,A,bachelor,74800.0,9.4,10.7,2420.0,13000.0,debt consolidation,202,1,1
871,33,B,high school,18900.0,6.3,4.6,3570.0,18200.0,home improvement,102,0,1
872,33,B,bachelor,65800.0,4.0,9.1,3740.0,15400.0,education,102,0,1
873,32,A,bachelor,124400.0,12.4,9.1,1540.0,15400.0,car,203,1,1
874,38,A,master,67500.0,1.0,7.4,5990.0,12300.0,debt consolidation,203,1,1
875,21,A,master,45100.0,5.4,0.0,19650.0,16800.0,business,203,0,1
876,38,B,master,16000.0,6.5,13.4,5730.0,47400.0,car,103,0,0
877,45,A,high school,35900.0,10.6,22.0,6610.0,14500.0,education,202,1,1
878,24,B,phd,65100.0,1.6,0.0,2210.0,17700.0,business,103,1,1
879,54,A,master,38600.0,3.0,19.7,10310.0,10400.0,car,203,1,1
880,37,A,master,29700.0,10.8,11.0,4330.0,24700.0,home improvement,204,1,1
881,68,B,bachelor,90700.0,1.0,37.5,8240.0,18100.0,car,101,1,1
882,68,A,master,62500.0,2.2,44.8,1030.0,12500.0,car,204,1,1
883,30,B,bachelor,52700.0,13.2,0.0,26410.0,20500.0,business,102,1,0
884,42,B,bachelor,60500.0,11.6,18.3,3050.0,24100.0,education,102,1,1
885,57,B,bachelor,33900.0,14.8,32.2,3220.0,12900.0,education,103,1,1
886,32,B,bachelor,22400.0,14.2,1.0,13540.0,9600.0,debt consolidation,102,1,1
887,41,A,master,67300.0,15.2,14.5,5140.0,11700.0,education,204,0,1
888,43,A,high school,53700.0,1.8,17.2,2430.0,8400.0,debt consolidation,202,1,1
889,25,A,phd,29500.0,0.9,2.9,1780.0,13200.0,car,203,1,1
890,40,B,bachelor,29800.0,6.9,14.9,1690.0,13200.0,business,101,1,0
891,40,A,master,97600.0,3.6,16.9,1390.0,20500.0,home improvement,204,1,1
892,51,A,master,24400.0,7.6,23.3,5320.0,20500.0,business,202,1,1
893,54,B,high school,45400.0,2.5,12.3,23170.0,23600.0,home improvement,102,1,1
894,50,B,phd,34200.0,18.4,26.1,2300.0,40700.0,car,103,0,1
895,35,A,bachelor,25100.0,5.5,3.5,12460.0,30000.0,car,203,0,1
896,25,A,bachelor,29900.0,1.7,1.6,10560.0,8400.0,business,201,1,1
897,40,B,master,21000.0,9.9,14.3,11020.0,22200.0,business,101,0,1
898,37,A,high school,26100.0,21.8,12.1,1840.0,9000.0,education,201,1,1
899,56,A,bachelor,44600.0,5.2,31.9,21200.0,18500.0,car,202,1,0
900,39,A,bachelor,69000.0,8.0,6.7,3610.0,12600.0,car,204,1,1
901,58,A,high school,48200.0,10.0,33.1,3440.0,12600.0,car,204,1,1
902,51,B,high school,18900.0,10.7,26.1,10010.0,15100.0,car,102,0,0
903,51,A,high school,77000.0,20.4,14.6,12640.0,20700.0,business,203,1,1
904,41,B,bachelor,43400.0,16.8,8.1,14970.0,38700.0,debt consolidation,102,0,1
905,21,A,bachelor,48300.0,4.5,0.0,6030.0,19300.0,education,203,0,1
906,44,A,bachelor,108200.0,8.5,20.1,14190.0,28200.0,debt consolidation,202,1,1
907,47,A,high school,89300.0,2.2,19.6,4520.0,25300.0,business,203,1,1
908,36,A,bachelor,42500.0,24.8,7.5,15170.0,17600.0,debt consolidation,201,1,1
909,45,A,bachelor,50900.0,14.7,20.3,7540.0,24800.0,car,203,1,0
910,54,B,bachelor,23200.0,2.2,31.8,1480.0,18700.0,home improvement,101,1,1
911,33,A,high school,38900.0,16.6,7.4,5340.0,11500.0,debt consolidation,204,1,1
912,29,A,high school,17800.0,2.4,4.9,8840.0,13400.0,debt consolidation,201,0,1
913,46,B,bachelor,20600.0,1.6,16.5,3380.0,27900.0,education,102,1,1
914,50,A,phd,43500.0,13.1,27.7,2510.0,22100.0,debt consolidation,204,1,1
915,33,B,bachelor,15400.0,5.0,0.0,13610.0,18300.0,home improvement,102,0,1
916,70,B,high school,22500.0,5.3,46.8,11920.0,14600.0,education,102,0,1
917,24,A,high school,25200.0,7.3,0.0,13420.0,14200.0,car,202,1,0
918,32,B,high school,35900.0,12.4,9.5,2440.0,13600.0,car,101,1,1
919,41,A,bachelor,81800.0,1.1,18.4,14870.0,7200.0,home improvement,203,1,1
920,47,A,bachelor,59600.0,9.2,21.9,1530.0,24300.0,education,201,1,0
921,22,B,phd,55300.0,4.7,0.0,2230.0,19700.0,debt consolidation,102,1,0
922,59,A,high school,37500.0,3.6,35.4,1110.0,18700.0,debt consolidation,204,0,1
923,39,B,bachelor,72500.0,5.8,12.0,4560.0,31500.0,education,102,0,1
924,43,A,bachelor,75200.0,10.3,17.7,5170.0,12700.0,car,203,1,1
925,51,B,bachelor,76600.0,0.6,23.7,3140.0,13300.0,debt consolidation,101,1,1
926,46,A,high school,64500.0,0.7,14.7,6090.0,13900.0,debt consolidation,203,1,1
927,56,B,master,38000.0,5.6,19.6,2290.0,9000.0,debt consolidation,101,1,1
928,51,A,bachelor,31400.0,3.7,24.0,15360.0,15100.0,debt consolidation,203,1,1
929,21,B,bachelor,73700.0,5.4,0.0,4980.0,7800.0,business,102,0,1
930,25,A,master,180100.0,10.0,2.2,2070.0,17100.0,car,201,1,1
931,33,A,bachelor,27300.0,3.2,10.8,560.0,21000.0,business,201,0,1
932,39,A,bachelor,23700.0,4.2,10.0,18870.0,16800.0,business,204,0,1
933,46,B,bachelor,31800.0,11.6,10.7,9250.0,12900.0,car,101,0,1
934,24,A,bachelor,53000.0,16.5,0.0,12430.0,11700.0,car,203,1,1
935,52,B,master,39500.0,22.6,19.8,6000.0,6600.0,debt consolidation,103,1,0
936,53,A,bachelor,41400.0,9.9,24.4,8430.0,14400.0,car,204,1,1
937,49,A,master,98000.0,4.3,27.0,3050.0,6500.0,debt consolidation,204,1,1
938,24,B,high school,30200.0,11.1,0.0,16330.0,17200.0,debt consolidation,103,0,1
939,39,B,high school,28100.0,3.3,12.5,1720.0,19800.0,debt consolidation,101,0,1
940,27,B,high school,44000.0,2.9,0.1,11670.0,16100.0,business,102,1,1
941,25,A,bachelor,35200.0,8.7,0.0,2050.0,5100.0,car,204,1,0
942,50,B,bachelor,19500.0,1.4,23.6,7610.0,14000.0,debt consolidation,102,1,0
943,34,A,bachelor,43400.0,9.6,8.3,2780.0,9900.0,car,202,1,1
944,59,A,high school,74600.0,11.5,32.7,5200.0,30400.0,car,203,1,1
945,44,A,master,53000.0,1.6,12.7,2240.0,22900.0,education,204,1,1
946,34,B,bachelor,21700.0,12.3,5.9,48150.0,7800.0,car,101,0,0
947,46,B,high school,94500.0,10.1,20.3,13550.0,4700.0,debt consolidation,101,1,1
948,26,A,phd,96600.0,3.7,0.0,1320.0,11000.0,car,201,1,1
949,33,B,phd,32300.0,7.1,2.8,2900.0,19800.0,business,102,1,1
950,34,A,high school,48200.0,6.8,7.0,4490.0,24200.0,home improvement,201,1,0
951,43,A,high school,37900.0,2.2,19.6,8610.0,12500.0,car,204,1,1
952,25,A,bachelor,39100.0,4.4,0.0,2200.0,12800.0,business,201,1,1
953,39,A,high school,76600.0,27.8,16.8,4970.0,19000.0,car,202,1,1
954,51,B,bachelor,37800.0,19.9,25.3,4830.0,11600.0,car,101,1,1
955,46,B,bachelor,44100.0,9.3,23.1,21290.0,11300.0,car,102,1,1
956,43,A,high school,20400.0,11.8,14.1,13020.0,31500.0,education,202,0,0
957,32,B,bachelor,49400.0,10.7,10.6,1580.0,11200.0,car,103,1,1
958,36,B,master,30600.0,5.2,9.5,3700.0,9800.0,car,103,1,1
959,41,B,master,34100.0,11.8,16.8,1060.0,15900.0,home improvement,103,1,1
960,46,A,bachelor,78200.0,4.6,22.2,2540.0,17400.0,business,203,1,1
961,57,A,master,38100.0,7.2,32.3,8260.0,20300.0,car,204,1,1
962,34,A,high school,33400.0,4.7,10.3,4270.0,10700.0,car,203,1,0
963,24,A,bachelor,57700.0,8.1,0.2,16990.0,14700.0,home improvement,201,1,1
964,21,B,high school,23800.0,4.7,0.0,2210.0,5700.0,business,103,1,1
965,52,A,bachelor,38300.0,4.8,29.4,1610.0,8400.0,education,202,1,1
966,50,A,master,75500.0,3.8,15.2,5400.0,42400.0,education,203,0,1
967,38,B,bachelor,33600.0,4.2,7.2,3110.0,7600.0,business,101,1,1
968,44,B,master,19000.0,1.4,10.3,1750.0,17700.0,home improvement,102,1,1
969,55,A,high school,88100.0,8.5,27.4,13860.0,18400.0,education,202,1,1
970,50,A,master,79800.0,1.3,22.2,5380.0,10100.0,home improvement,201,1,1
971,24,A,master,71500.0,4.1,0.0,7350.0,14300.0,home improvement,202,0,1
972,29,A,bachelor,81400.0,4.5,4.0,2200.0,6600.0,debt consolidation,202,1,1
973,21,A,high school,76800.0,15.9,0.0,84770.0,34900.0,car,203,0,0
974,41,B,bachelor,61100.0,9.7,14.8,3720.0,8600.0,home improvement,102,1,1
975,44,B,bachelor,44600.0,3.3,20.5,8580.0,23500.0,car,103,0,0
976,27,B,bachelor,47800.0,13.6,4.2,870.0,12700.0,debt consolidation,101,0,1
977,34,A,high school,50300.0,6.8,7.8,6160.0,13100.0,car,203,1,0
978,42,A,high school,20500.0,9.1,17.1,4930.0,30500.0,car,202,1,1
979,48,B,bachelor,91900.0,9.4,23.8,2730.0,11100.0,education,103,1,1
980,42,B,bachelor,26300.0,1.5,13.2,1930.0,5200.0,business,102,0,1
981,32,B,master,30400.0,7.8,0.0,23890.0,7900.0,home improvement,103,0,0
982,41,A,bachelor,32800.0,10.9,18.9,1660.0,12400.0,debt consolidation,202,1,1
983,56,A,high school,23700.0,8.7,28.0,14090.0,19800.0,debt consolidation,202,0,0
984,38,A,master,21700.0,2.1,7.8,2880.0,16300.0,debt consolidation,203,1,1
985,38,B,master,52800.0,14.1,6.8,7330.0,17000.0,home improvement,101,0,1
986,67,A,bachelor,40800.0,9.3,45.3,19480.0,7400.0,business,202,1,1
987,47,A,bachelor,28200.0,7.6,23.1,11730.0,21500.0,home improvement,203,1,1
988,35,B,master,35700.0,4.2,11.6,1670.0,15300.0,debt consolidation,103,0,1
989,37,A,high school,48800.0,6.5,12.5,3410.0,10100.0,debt consolidation,204,0,1
990,51,A,high school,24000.0,2.2,29.2,24910.0,10000.0,car,203,0,1
991,66,A,bachelor,43900.0,4.5,41.0,1300.0,14100.0,education,202,1,1
992,21,A,master,56000.0,4.6,0.0,2250.0,14100.0,car,202,1,0
993,49,B,high school,32100.0,6.4,18.7,1400.0,16500.0,home improvement,103,1,1
994,39,A,bachelor,53100.0,5.4,16.0,6080.0,26900.0,debt consolidation,204,1,1
995,31,A,phd,74600.0,0.3,4.5,2610.0,10900.0,car,202,1,1
996,59,A,bachelor,33500.0,14.4,21.5,11650.0,11500.0,debt consolidation,202,1,1
997,21,B,high school,33000.0,18.2,0.0,8300.0,11300.0,car,102,1,1
998,31,B,bachelor,23100.0,4.0,1.7,3230.0,25700.0,home improvement,101,0,0
999,57,A,master,28700.0,7.4,33.6,1000.0,9000.0,debt consolidation,203,1,1
1000,34,A,high school,45900.0,16.6,10.9,4070.0,15400.0,home improvement,204,1,1
1001,48,B,high school,22500.0,14.9,22.9,1980.0,25600.0,car,103,0,0
1002,48,A,master,76100.0,7.4,20.1,3270.0,12400.0,debt consolidation,203,1,1
1003,27,A,bachelor,40800.0,3.2,1.2,4200.0,20700.0,business,202,1,1
1004,29,A,high school,114600.0,2.0,0.0,1090.0,10800.0,home improvement,204,1,1
1005,31,B,bachelor,16400.0,2.7,2.8,6100.0,12900.0,debt consolidation,103,0,0
1006,44,B,high school,12000.0,8.8,20.5,1310.0,7600.0,education,102,0,0
1007,43,B,bachelor,36400.0,6.9,18.7,19800.0,54400.0,home improvement,103,0,1
1008,43,B,bachelor,34500.0,13.5,13.0,520.0,9400.0,car,101,0,1
1009,48,A,high school,109500.0,1.8,20.7,1160.0,5200.0,car,204,1,1
1010,36,A,high school,29600.0,6.5,9.9,6540.0,17500.0,business,201,1,1
1011,21,A,bachelor,63700.0,4.4,0.0,5840.0,19600.0,education,204,1,0
1012,32,B,bachelor,50700.0,1.7,6.9,21950.0,8400.0,debt consolidation,101,1,0
1013,40,B,bachelor,18900.0,7.4,10.7,19270.0,28800.0,education,102,0,0
1014,24,A,bachelor,40700.0,18.5,1.8,7700.0,22800.0,education,203,1,1
1015,44,B,phd,71800.0,17.3,18.2,15540.0,20800.0,education,102,1,1
1016,39,A,master,81800.0,7.3,14.4,720.0,11400.0,home improvement,201,1,1
1017,41,A,bachelor,81100.0,2.9,18.2,11000.0,15900.0,debt consolidation,202,1,1
1018,46,A,bachelor,58600.0,11.5,18.6,3780.0,31800.0,car,202,0,1
1019,40,A,high school,32600.0,14.8,12.1,3920.0,7700.0,business,202,1,1
1020,56,B,high school,26200.0,6.3,24.1,2780.0,18800.0,debt consolidation,102,1,1
1021,66,B,master,39200.0,13.0,42.7,31220.0,12000.0,home improvement,102,1,1
1022,42,A,high school,43900.0,14.0,15.3,6070.0,32100.0,business,204,1,1
1023,47,B,bachelor,23800.0,4.2,16.5,31690.0,14500.0,education,102,0,0
1024,21,B,master,54400.0,5.2,0.0,8170.0,9900.0,debt consolidation,103,0,1
1025,43,A,high school,49900.0,10.5,16.9,4400.0,27300.0,car,204,1,1
1026,42,A,master,95800.0,5.2,14.6,13780.0,17400.0,education,202,1,1
1027,49,A,master,111100.0,13.9,17.4,22660.0,10400.0,debt consolidation,203,1,1
1028,33,A,bachelor,36600.0,19.1,0.0,14990.0,15500.0,car,204,1,1
1029,33,A,high school,61300.0,10.0,6.2,13640.0,7700.0,car,203,1,1
1030,48,A,high school,43000.0,5.2,24.5,4280.0,12700.0,car,201,1,1
1031,32,B,high school,18100.0,7.5,5.3,1430.0,34400.0,car,102,0,0
1032,34,A,master,111400.0,16.1,11.8,2940.0,27400.0,debt consolidation,202,1,1
1033,46,B,bachelor,25300.0,17.8,16.0,1300.0,22800.0,debt consolidation,102,1,1
1034,48,A,master,43800.0,5.1,19.1,4660.0,24000.0,education,201,1,1
1035,40,B,master,29000.0,8.5,10.6,4340.0,5500.0,home improvement,101,1,1
1036,44,B,high school,23300.0,5.2,20.5,10720.0,12900.0,debt consolidation,101,0,1
1037,21,A,bachelor,55500.0,9.8,0.0,9970.0,17300.0,business,202,1,1
1038,36,B,master,63500.0,7.2,9.6,13180.0,4400.0,debt consolidation,101,1,1
1039,21,A,high school,17000.0,13.3,0.0,7630.0,10300.0,home improvement,204,0,1
1040,34,A,bachelor,43800.0,5.1,9.7,1440.0,9100.0,car,202,1,1
1041,31,A,bachelor,51000.0,11.6,0.0,10860.0,28300.0,home improvement,201,1,1
1042,26,A,phd,94200.0,9.6,0.3,800.0,19900.0,business,204,1,0
1043,37,B,phd,36800.0,6.8,4.0,6720.0,5500.0,business,102,1,1
1044,43,B,high school,29700.0,8.7,19.6,7110.0,14100.0,debt consolidation,103,0,1
1045,36,A,phd,94600.0,7.1,13.4,12250.0,15500.0,car,204,1,0
1046,33,A,bachelor,32800.0,12.0,10.8,1130.0,11700.0,business,204,1,1
1047,21,A,bachelor,51100.0,3.7,0.0,3750.0,14700.0,debt consolidation,202,0,1
1048,21,B,master,41200.0,21.1,0.0,11890.0,18000.0,home improvement,103,0,0
1049,27,A,high school,31800.0,1.5,2.0,5490.0,21800.0,car,203,1,0
1050,33,A,bachelor,56500.0,8.9,8.8,6240.0,19800.0,home improvement,201,1,1
1051,48,A,bachelor,104200.0,16.0,21.1,10350.0,21500.0,debt consolidation,201,1,1
1052,40,B,bachelor,25000.0,4.7,11.9,5050.0,16800.0,car,101,0,1
1053,40,A,high school,32200.0,18.1,13.9,13740.0,5800.0,debt consolidation,203,1,0
1054,36,A,high school,70200.0,2.5,3.6,340.0,27300.0,business,201,1,1
1055,41,A,bachelor,69400.0,8.3,6.7,3310.0,11500.0,home improvement,204,1,1
1056,21,B,high school,25900.0,1.4,0.0,2290.0,20300.0,home improvement,102,0,0
1057,50,B,master,11400.0,15.6,26.1,6020.0,31700.0,debt consolidation,102,0,1
1058,42,A,bachelor,29300.0,4.6,4.3,3780.0,21500.0,debt consolidation,201,1,1
1059,24,B,bachelor,45300.0,1.7,2.1,12290.0,43900.0,debt consolidation,101,0,0
1060,21,A,bachelor,57100.0,1.6,0.0,17430.0,6500.0,education,202,1,1
1061,21,B,master,40600.0,4.2,0.0,5170.0,12900.0,debt consolidation,103,0,1
1062,47,A,bachelor,33000.0,2.9,25.4,4470.0,8700.0,home improvement,203,1,1
1063,31,A,high school,11800.0,5.7,3.8,3300.0,18300.0,car,204,1,1
1064,40,A,phd,42500.0,11.0,17.6,890.0,18100.0,education,203,1,1
1065,21,A,bachelor,38100.0,1.9,0.0,4760.0,10600.0,education,203,1,1
1066,41,B,master,75000.0,18.9,18.6,15090.0,13000.0,home improvement,103,1,1
1067,36,A,bachelor,32200.0,11.3,11.9,2280.0,16100.0,car,203,0,1
1068,32,B,bachelor,21800.0,5.8,0.8,4610.0,17400.0,home improvement,102,0,0
1069,33,A,master,72900.0,1.9,7.1,13350.0,11300.0,debt consolidation,201,1,1
1070,43,B,high school,53300.0,13.9,13.0,2800.0,9800.0,debt consolidation,101,1,1
1071,45,A,high school,26800.0,8.0,7.7,1740.0,5300.0,debt consolidation,201,1,1
1072,28,A,master,67300.0,1.1,3.3,7340.0,8700.0,home improvement,203,0,1
1073,21,A,high school,24200.0,8.8,0.0,1770.0,18200.0,home improvement,203,0,1
1074,63,B,high school,45600.0,5.0,36.2,4340.0,11700.0,home improvement,102,1,1
1075,26,A,bachelor,39900.0,8.8,0.0,7410.0,9800.0,home improvement,201,1,1
1076,37,B,phd,52200.0,5.4,13.2,2250.0,45800.0,car,101,1,1
1077,42,A,high school,87500.0,0.6,0.0,1660.0,32600.0,car,204,1,1
1078,41,A,high school,44400.0,3.1,0.0,11640.0,9100.0,debt consolidation,204,1,1
1079,46,A,master,113400.0,5.4,19.6,5060.0,19300.0,home improvement,203,1,0
1080,54,A,high school,15700.0,18.8,29.5,29630.0,9200.0,business,201,0,1
1081,39,A,high school,43300.0,19.2,16.8,15320.0,8700.0,education,202,0,1
1082,34,A,high school,34300.0,14.5,6.8,24680.0,13400.0,car,204,1,0
1083,56,A,bachelor,49300.0,2.1,26.5,6600.0,11100.0,education,202,1,1
1084,67,A,bachelor,64800.0,9.0,38.2,14290.0,23400.0,home improvement,203,1,1
1085,47,A,high school,31600.0,3.1,19.7,2570.0,11300.0,home improvement,203,0,1
1086,40,B,high school,28700.0,10.6,10.2,3330.0,17300.0,debt consolidation,102,1,1
1087,30,A,master,72100.0,0.3,6.3,5850.0,6700.0,car,202,1,1
1088,52,A,bachelor,44600.0,6.4,21.1,5510.0,15400.0,education,204,1,1
1089,30,B,high school,20500.0,21.4,1.7,5510.0,8400.0,debt consolidation,101,1,1
1090,58,A,bachelor,57000.0,1.6,33.0,3140.0,12700.0,debt consolidation,203,1,1
1091,49,A,high school,21800.0,6.0,23.5,8110.0,9600.0,home improvement,204,1,1
1092,42,A,master,43300.0,14.7,19.3,3110.0,10700.0,car,204,1,1
1093,52,A,high school,53400.0,4.5,27.2,1490.0,32400.0,business,201,1,1
1094,35,A,high school,62600.0,9.0,10.9,26130.0,49900.0,debt consolidation,202,0,1
1095,26,A,master,30700.0,6.2,0.0,2390.0,16900.0,car,203,0,0
1096,35,B,high school,20200.0,5.7,8.0,2390.0,15300.0,car,103,1,0
1097,48,A,bachelor,27700.0,7.2,20.3,1450.0,14300.0,home improvement,202,1,1
1098,41,B,high school,25100.0,2.2,9.3,2680.0,17000.0,car,101,1,1
1099,39,A,master,17500.0,13.3,13.9,1270.0,14200.0,car,202,1,1
1100,42,A,high school,23500.0,9.3,17.1,330.0,19700.0,car,201,0,1
1101,24,B,bachelor,54900.0,22.5,0.0,3500.0,4400.0,debt consolidation,101,0,1
1102,32,A,high school,28000.0,2.5,10.3,2990.0,5400.0,education,202,1,1
1103,52,B,master,77300.0,3.5,25.6,8150.0,12200.0,car,102,1,1
1104,38,B,bachelor,29600.0,5.7,11.4,10330.0,15600.0,car,101,1,0
1105,54,A,bachelor,37000.0,2.6,30.0,8450.0,18500.0,debt consolidation,204,1,0
1106,41,A,bachelor,69200.0,5.7,15.6,1570.0,13200.0,home improvement,202,1,1
1107,41,B,high school,39100.0,7.7,18.6,4850.0,14300.0,car,101,1,1
1108,43,B,high school,26300.0,8.9,9.2,1420.0,22600.0,car,101,0,1
1109,40,A,master,84800.0,10.5,17.9,6070.0,11500.0,car,203,1,1
1110,45,A,bachelor,58200.0,4.2,20.5,1850.0,16500.0,home improvement,204,1,0
1111,46,A,phd,55100.0,3.4,18.0,6370.0,11200.0,home improvement,203,1,1
1112,39,B,bachelor,41300.0,7.3,8.7,460.0,21000.0,home improvement,101,0,1
1113,26,B,bachelor,55600.0,5.7,0.0,2890.0,9500.0,business,101,1,0
1114,58,A,high school,41500.0,0.8,35.6,4150.0,13200.0,home improvement,202,1,1
1115,40,B,bachelor,24200.0,7.6,17.0,7060.0,17200.0,home improvement,101,0,1
1116,36,B,bachelor,53500.0,4.9,14.1,20910.0,15800.0,education,101,1,1
1117,21,B,bachelor,37200.0,15.4,0.0,7320.0,11800.0,home improvement,101,0,1
1118,41,A,master,96800.0,9.8,12.9,2950.0,12000.0,car,201,1,1
1119,34,B,high school,44800.0,9.5,7.5,12590.0,32100.0,home improvement,103,1,1
1120,52,A,bachelor,68400.0,10.3,27.3,600.0,24900.0,home improvement,201,1,1
1121,54,A,high school,24700.0,5.3,26.1,1730.0,15900.0,education,204,1,1
1122,37,A,high school,41800.0,7.0,0.0,8970.0,11600.0,car,204,1,1
1123,55,A,high school,29400.0,13.5,18.8,23770.0,24900.0,business,202,0,0
1124,40,B,bachelor,22100.0,10.1,18.1,1900.0,23900.0,car,101,1,0
1125,75,A,bachelor,33800.0,2.1,48.2,2870.0,16800.0,car,202,1,1
1126,42,B,high school,30500.0,7.0,18.6,1490.0,16000.0,home improvement,102,1,1
1127,36,B,high school,50800.0,5.7,12.5,1330.0,13600.0,home improvement,102,0,1
1128,58,B,high school,30800.0,4.0,34.9,14440.0,10000.0,car,101,0,1
1129,28,A,bachelor,104900.0,3.5,3.5,5480.0,19300.0,car,203,1,1
1130,33,A,high school,41400.0,1.9,0.0,4530.0,34700.0,car,204,1,1
1131,38,B,high school,42600.0,5.6,2.8,3060.0,37700.0,business,102,0,1
1132,53,B,phd,96900.0,15.6,27.6,3120.0,35200.0,business,101,1,1
1133,47,A,high school,74500.0,7.2,23.6,7160.0,13200.0,debt consolidation,201,1,1
1134,48,B,bachelor,24400.0,6.2,18.1,13210.0,14100.0,car,103,1,1
1135,26,A,high school,35100.0,7.2,0.0,550.0,13900.0,car,204,0,1
1136,30,B,bachelor,28800.0,3.5,3.8,1750.0,12000.0,debt consolidation,103,0,1
1137,51,B,high school,63200.0,15.4,25.4,3130.0,14600.0,car,101,1,1
1138,44,B,master,97800.0,25.6,15.4,12960.0,15500.0,home improvement,101,1,1
1139,38,A,master,56500.0,4.3,12.8,6850.0,9800.0,home improvement,201,0,1
1140,47,B,high school,23300.0,22.4,22.4,750.0,10200.0,education,101,1,1
1141,43,A,high school,46600.0,3.6,16.9,3280.0,5800.0,home improvement,201,1,1
1142,51,B,high school,56900.0,9.7,24.2,18920.0,11300.0,home improvement,103,1,1
1143,38,B,high school,31300.0,3.5,9.9,1500.0,13200.0,debt consolidation,101,1,1
1144,36,A,bachelor,70800.0,10.9,4.6,10930.0,14900.0,home improvement,204,1,1
1145,46,A,phd,85500.0,4.4,21.4,12690.0,25600.0,debt consolidation,201,1,1
1146,43,A,bachelor,82900.0,7.2,16.8,6930.0,18100.0,debt consolidation,203,0,1
1147,32,B,bachelor,25200.0,9.0,7.0,1630.0,10100.0,business,102,1,1
1148,34,A,bachelor,47600.0,3.3,7.5,5990.0,9600.0,home improvement,201,1,0
1149,42,A,bachelor,54800.0,14.7,13.0,710.0,37100.0,car,203,1,1
1150,51,A,high school,36500.0,10.6,26.7,500.0,19000.0,debt consolidation,202,1,1
1151,49,B,bachelor,33500.0,9.7,22.2,5320.0,10500.0,debt consolidation,101,0,1
1152,37,B,high school,79600.0,7.2,15.6,19620.0,15400.0,debt consolidation,103,1,1
1153,23,B,master,17100.0,1.1,0.0,1950.0,54000.0,car,101,0,0
1154,55,B,master,41300.0,9.9,21.6,4110.0,11300.0,debt consolidation,102,1,1
1155,30,A,bachelor,64200.0,5.6,4.7,5490.0,7100.0,home improvement,201,1,1
1156,47,B,high school,33000.0,2.4,24.1,1140.0,26000.0,car,103,1,1
1157,44,A,bachelor,26900.0,15.3,10.6,9770.0,33100.0,education,204,1,1
1158,45,B,master,65000.0,9.0,20.6,2070.0,6300.0,car,103,1,1
1159,36,A,master,63600.0,1.2,12.4,9580.0,12200.0,education,202,1,1
1160,41,B,master,65700.0,9.5,12.2,2980.0,18900.0,debt consolidation,102,1,1
1161,53,B,high school,26700.0,2.2,23.0,20740.0,23600.0,debt consolidation,103,1,0
1162,63,A,high school,80900.0,5.0,36.6,1780.0,17200.0,home improvement,202,1,1
1163,21,B,bachelor,24300.0,5.1,0.0,1730.0,13200.0,debt consolidation,102,1,1
1164,35,A,bachelor,71100.0,11.2,11.1,1490.0,13300.0,debt consolidation,202,1,1
1165,48,A,high school,128500.0,4.6,25.8,570.0,24500.0,car,203,1,1
1166,51,B,bachelor,65900.0,10.3,27.2,1870.0,10800.0,car,102,1,1
1167,35,A,bachelor,65500.0,1.7,5.9,26080.0,21000.0,education,204,0,0
1168,44,A,high school,50200.0,3.1,15.3,17930.0,7900.0,home improvement,201,1,1
1169,24,A,master,59200.0,1.5,0.0,5440.0,37300.0,car,202,1,1
1170,47,A,bachelor,32000.0,7.6,18.3,6350.0,13100.0,debt consolidation,201,1,1
1171,32,A,high school,40200.0,6.4,5.2,14060.0,8600.0,home improvement,203,1,1
1172,56,A,high school,40900.0,11.9,29.6,9740.0,19800.0,education,201,0,1
1173,30,B,bachelor,55500.0,4.2,0.4,2600.0,22100.0,home improvement,101,1,1
1174,58,A,bachelor,61800.0,1.8,30.3,2490.0,20100.0,debt consolidation,203,1,1
1175,37,B,bachelor,50100.0,8.8,11.8,9260.0,32600.0,debt consolidation,101,1,1
1176,28,A,high school,52600.0,5.5,0.0,4120.0,22300.0,car,204,1,1
1177,41,A,master,35600.0,10.1,10.7,2200.0,17100.0,education,202,1,1
1178,55,A,bachelor,74300.0,8.5,29.7,7210.0,14500.0,business,204,1,1
1179,28,A,bachelor,46800.0,2.8,0.0,3060.0,23600.0,education,201,0,1
1180,48,A,master,69500.0,6.8,23.6,2970.0,16100.0,business,203,0,1
1181,36,A,master,36300.0,16.2,11.1,2940.0,10900.0,education,203,0,1
1182,40,A,high school,57600.0,5.0,9.9,10640.0,15200.0,debt consolidation,201,1,1
1183,57,B,master,33100.0,9.3,29.4,5620.0,14100.0,car,102,0,1
1184,28,B,phd,114600.0,3.5,0.0,10980.0,6700.0,education,101,1,0
1185,64,B,high school,48400.0,2.7,34.8,3020.0,17900.0,home improvement,103,1,0
1186,42,A,master,19100.0,10.1,19.9,4220.0,10200.0,debt consolidation,202,0,1
1187,26,B,bachelor,61200.0,8.4,3.4,3740.0,9600.0,home improvement,102,0,1
1188,37,B,high school,21400.0,0.7,4.2,9410.0,36300.0,car,103,1,0
1189,57,A,high school,34600.0,6.1,31.8,10980.0,10800.0,debt consolidation,204,0,0
1190,44,A,high school,22100.0,20.9,18.9,13680.0,15200.0,home improvement,203,1,1
1191,34,A,bachelor,16100.0,10.7,9.4,2990.0,40900.0,business,201,0,1
1192,40,A,bachelor,46700.0,4.0,18.9,4830.0,13700.0,business,201,1,1
1193,37,A,high school,48300.0,22.3,11.4,4270.0,16800.0,car,201,1,1
1194,48,B,high school,26200.0,0.5,16.9,4790.0,13800.0,business,103,0,1
1195,51,B,high school,15900.0,6.4,24.8,10920.0,14500.0,business,101,0,1
1196,40,A,bachelor,66800.0,2.5,17.7,920.0,43900.0,education,202,1,1
1197,28,A,high school,40200.0,4.1,3.1,12260.0,24100.0,debt consolidation,203,0,1
1198,28,A,bachelor,70400.0,3.4,6.9,7360.0,18100.0,home improvement,203,1,1
1199,34,B,bachelor,40400.0,20.7,11.9,9980.0,18300.0,business,101,1,1
1200,49,A,high school,101100.0,3.9,26.4,1300.0,14000.0,car,203,1,1
1201,27,B,bachelor,36400.0,4.2,2.0,3990.0,11700.0,debt consolidation,101,1,1
1202,67,A,master,62100.0,8.4,26.9,5090.0,19000.0,home improvement,201,1,1
1203,40,A,phd,51600.0,9.3,12.0,4400.0,23300.0,car,201,1,1
1204,53,A,high school,16500.0,3.3,19.2,10430.0,7100.0,car,202,1,0
1205,51,B,bachelor,37600.0,7.7,19.8,2710.0,8100.0,home improvement,102,0,1
1206,48,A,master,29500.0,7.7,22.7,4140.0,30000.0,car,201,1,1
1207,30,A,master,40400.0,4.3,3.5,2700.0,22400.0,business,203,1,1
1208,49,A,bachelor,29300.0,2.1,22.3,11820.0,12900.0,home improvement,203,1,0
1209,55,A,master,77400.0,4.6,26.4,12080.0,9900.0,business,202,1,1
1210,24,A,high school,42300.0,1.2,0.8,31450.0,5900.0,home improvement,202,1,0
1211,36,A,bachelor,72300.0,3.9,10.3,810.0,10200.0,home improvement,202,1,0
1212,52,A,master,81300.0,20.2,25.6,3400.0,17700.0,car,202,1,1
1213,23,B,bachelor,32800.0,7.8,0.0,5690.0,14800.0,debt consolidation,101,1,1
1214,36,B,bachelor,61700.0,4.8,10.1,4100.0,22700.0,home improvement,102,1,1
1215,40,A,master,45400.0,1.7,16.2,13970.0,15200.0,debt consolidation,203,1,0
1216,37,B,master,25300.0,31.8,11.0,7060.0,23700.0,debt consolidation,102,1,1
1217,38,A,bachelor,75400.0,9.0,11.5,1770.0,12400.0,home improvement,204,1,1
1218,26,B,master,51000.0,12.5,0.0,5070.0,23400.0,home improvement,101,0,1
1219,35,A,high school,69600.0,4.3,5.8,17510.0,6100.0,home improvement,203,1,1
1220,52,A,high school,25800.0,5.7,28.5,790.0,24300.0,debt consolidation,203,0,1
1221,22,B,high school,21000.0,14.0,0.0,3480.0,25500.0,debt consolidation,103,0,1
1222,39,B,master,34600.0,5.7,17.0,9160.0,11200.0,car,103,0,1
1223,45,A,high school,26400.0,9.0,19.6,3360.0,13600.0,business,203,1,1
1224,36,B,high school,28000.0,18.1,4.4,5890.0,8600.0,car,102,0,1
1225,28,B,bachelor,51300.0,12.7,5.0,5150.0,4800.0,home improvement,103,0,1
1226,32,B,bachelor,81600.0,7.0,4.8,37180.0,25000.0,business,103,0,1
1227,34,A,bachelor,43000.0,6.0,2.3,20320.0,15800.0,home improvement,201,1,1
1228,37,A,bachelor,36000.0,9.7,13.1,1900.0,17300.0,car,204,1,1
1229,50,B,bachelor,23000.0,11.8,23.3,2660.0,12400.0,car,102,1,1
1230,45,B,master,50500.0,4.5,20.0,4300.0,15000.0,business,103,1,0
1231,39,A,high school,15400.0,17.1,11.0,7090.0,28200.0,home improvement,204,0,1
1232,52,A,bachelor,127800.0,2.2,29.0,21750.0,13400.0,education,204,1,1
1233,38,A,bachelor,18200.0,7.6,10.5,26930.0,17300.0,home improvement,202,0,0
1234,55,B,high school,30100.0,7.4,29.7,3630.0,17200.0,debt consolidation,102,1,1
1235,57,A,phd,31400.0,6.9,28.2,3610.0,8100.0,home improvement,201,1,1
1236,49,B,bachelor,44500.0,0.6,24.3,1240.0,14700.0,home improvement,103,1,1
1237,69,A,master,49800.0,4.5,41.6,41930.0,12200.0,education,202,1,1
1238,37,A,bachelor,42300.0,9.5,2.3,49980.0,11200.0,debt consolidation,204,0,0
1239,29,A,bachelor,48400.0,0.9,7.5,3440.0,42600.0,car,203,0,1
1240,50,A,high school,55700.0,5.8,25.8,12920.0,19200.0,car,204,1,1
1241,52,B,bachelor,72400.0,11.4,27.5,37460.0,10500.0,car,103,0,1
1242,58,A,high school,26100.0,11.2,18.1,2340.0,14300.0,business,202,1,0
1243,36,A,bachelor,20100.0,10.9,10.7,16170.0,27200.0,home improvement,203,1,0
1244,41,A,master,42100.0,10.1,16.5,5520.0,28300.0,car,201,1,1
1245,53,B,high school,27600.0,1.5,25.4,9590.0,13700.0,home improvement,102,0,1
1246,41,A,high school,46900.0,5.0,15.1,4340.0,10800.0,debt consolidation,204,1,0
1247,52,B,bachelor,33700.0,13.2,18.7,11430.0,12100.0,car,101,1,1
1248,35,A,bachelor,52200.0,6.4,11.0,5050.0,19800.0,home improvement,202,1,1
1249,26,B,bachelor,25700.0,9.5,3.1,1450.0,27400.0,business,102,0,1
1250,32,B,bachelor,43000.0,10.8,4.1,1280.0,9400.0,car,101,1,1
1251,26,A,master,53000.0,3.0,0.0,1590.0,5800.0,home improvement,204,1,0
1252,36,B,bachelor,32100.0,11.4,10.7,1500.0,17500.0,debt consolidation,102,1,1
1253,45,A,high school,65200.0,5.6,16.0,1110.0,36800.0,car,204,1,1
1254,22,A,master,59300.0,15.9,0.0,3300.0,12800.0,car,201,1,1
1255,53,A,bachelor,33800.0,1.7,22.8,510.0,9800.0,education,203,1,1
1256,30,A,high school,46000.0,3.5,3.7,670.0,12200.0,debt consolidation,204,1,0
1257,26,A,bachelor,52100.0,23.3,2.1,3470.0,17300.0,car,204,1,1
1258,35,A,high school,47400.0,3.2,12.7,4710.0,22700.0,business,202,0,1
1259,47,A,bachelor,52100.0,17.6,22.4,2140.0,11100.0,home improvement,203,1,1
1260,42,A,bachelor,24400.0,2.0,9.9,2250.0,6700.0,car,202,1,1
1261,23,B,high school,27700.0,13.7,1.3,4470.0,15000.0,car,103,0,1
1262,34,B,high school,22500.0,4.6,5.9,930.0,20600.0,education,101,1,0
1263,55,A,high school,70300.0,21.9,28.6,3080.0,34200.0,home improvement,202,1,1
1264,39,A,bachelor,48100.0,2.3,12.4,3340.0,8000.0,car,202,0,1
1265,61,B,bachelor,20500.0,4.1,28.9,2320.0,13700.0,education,102,1,0
1266,53,B,master,20200.0,3.4,30.4,16670.0,12800.0,car,102,0,0
1267,46,A,bachelor,63400.0,5.1,14.7,9260.0,9600.0,home improvement,204,1,1
1268,51,A,master,33300.0,9.1,18.7,890.0,54400.0,debt consolidation,203,1,1
1269,47,B,high school,22900.0,1.3,25.5,15790.0,18700.0,home improvement,101,0,0
1270,43,A,master,92500.0,2.1,21.1,34700.0,16500.0,car,202,1,1
1271,32,A,high school,68900.0,6.3,8.0,3000.0,9900.0,education,202,1,1
1272,37,B,bachelor,24500.0,6.0,13.1,8930.0,14100.0,car,102,0,1
1273,46,B,bachelor,45900.0,11.1,15.1,980.0,9100.0,car,102,1,1
1274,21,B,phd,37500.0,10.3,0.0,480.0,7600.0,car,101,0,1
1275,37,A,bachelor,59500.0,0.6,12.8,4710.0,15200.0,business,203,1,1
1276,37,A,master,43800.0,5.2,8.8,1090.0,20400.0,business,204,1,1
1277,43,B,bachelor,34700.0,9.1,18.2,3220.0,17400.0,education,102,1,1
1278,41,A,phd,93800.0,15.8,0.0,3420.0,12300.0,education,204,1,1
1279,49,A,bachelor,25500.0,10.2,21.9,1890.0,25400.0,home improvement,201,1,1
1280,47,B,bachelor,36900.0,7.3,13.6,127190.0,9800.0,car,103,0,0
1281,40,A,high school,44400.0,15.7,16.3,7220.0,17200.0,car,203,1,1
1282,38,A,high school,31400.0,2.4,16.2,6110.0,17900.0,business,204,1,1
1283,51,A,master,69600.0,4.6,21.8,8530.0,6800.0,business,203,1,1
1284,46,A,high school,23300.0,4.2,8.4,1020.0,13400.0,education,202,1,1
1285,41,B,bachelor,18000.0,1.9,19.7,27890.0,5300.0,education,102,0,0
1286,36,A,bachelor,36700.0,8.5,4.5,1570.0,18200.0,home improvement,203,1,1
1287,37,B,bachelor,41000.0,4.2,14.3,2970.0,16700.0,car,102,0,1
1288,41,A,bachelor,75800.0,4.4,16.6,4050.0,22700.0,business,203,1,1
1289,36,B,bachelor,24400.0,4.5,7.6,12680.0,12800.0,debt consolidation,102,0,0
1290,31,B,master,31700.0,1.3,0.0,2180.0,15500.0,debt consolidation,101,1,1
1291,38,B,high school,48700.0,4.9,9.9,12920.0,25500.0,car,101,1,1
1292,48,A,bachelor,35300.0,2.6,18.4,16470.0,14200.0,home improvement,203,1,1
1293,23,B,master,52600.0,10.3,0.0,7650.0,34700.0,debt consolidation,103,0,1
1294,55,A,master,71800.0,4.4,32.7,11330.0,16500.0,debt consolidation,202,1,1
1295,29,B,bachelor,40200.0,9.2,0.0,4400.0,18800.0,debt consolidation,101,1,1
1296,26,B,bachelor,19300.0,1.8,2.8,16010.0,8000.0,car,102,0,0
1297,36,B,bachelor,74900.0,5.0,13.8,11950.0,10300.0,car,101,1,1
1298,38,A,master,88300.0,4.7,14.4,24530.0,9900.0,education,202,1,0
1299,40,A,bachelor,22600.0,8.6,11.1,7190.0,8400.0,debt consolidation,202,1,1
1300,25,A,bachelor,30800.0,12.5,2.3,3830.0,10400.0,business,203,1,1
1301,23,B,bachelor,20400.0,4.8,0.0,3310.0,31300.0,home improvement,102,0,0
1302,60,A,high school,72900.0,3.6,30.5,1750.0,19300.0,home improvement,204,1,1
1303,32,B,bachelor,42200.0,4.6,3.4,33500.0,17300.0,debt consolidation,101,0,1
1304,28,B,bachelor,6900.0,3.4,0.0,2490.0,18000.0,education,101,0,1
1305,33,A,high school,31200.0,7.0,5.2,30890.0,35500.0,education,202,0,1
1306,40,A,bachelor,58700.0,3.4,11.0,2780.0,9600.0,debt consolidation,204,1,0
1307,58,A,high school,49400.0,5.3,27.2,3900.0,17900.0,education,203,1,1
1308,24,B,high school,32400.0,8.9,0.0,3730.0,8900.0,home improvement,103,1,1
1309,37,A,bachelor,128200.0,9.3,11.9,16700.0,12800.0,debt consolidation,204,1,1
1310,21,B,bachelor,57500.0,10.5,0.0,7080.0,22800.0,business,102,1,0
1311,42,A,bachelor,42300.0,5.5,12.0,21050.0,11000.0,home improvement,204,1,1
1312,44,A,master,85600.0,2.8,20.3,4720.0,8300.0,debt consolidation,203,1,1
1313,24,A,bachelor,34300.0,0.3,0.0,730.0,8700.0,home improvement,201,1,1
1314,49,B,bachelor,24800.0,4.1,20.4,3180.0,20600.0,car,101,0,1
1315,38,A,high school,22300.0,5.7,15.9,2540.0,12600.0,business,203,1,1
1316,38,A,high school,133100.0,2.8,11.8,570.0,18000.0,car,201,1,0
1317,54,B,high school,43900.0,0.8,30.6,3190.0,10900.0,car,102,1,1
1318,49,A,bachelor,72700.0,0.9,23.1,3650.0,14000.0,home improvement,201,1,1
1319,43,A,bachelor,91400.0,19.5,12.6,10970.0,19600.0,debt consolidation,202,1,1
1320,54,A,high school,25400.0,3.9,24.6,1130.0,10300.0,home improvement,202,0,1
1321,46,B,phd,123700.0,14.1,19.2,2470.0,6700.0,home improvement,102,1,1
1322,43,A,high school,66700.0,33.8,21.0,2380.0,11600.0,debt consolidation,201,1,1
1323,52,A,bachelor,63600.0,17.2,29.3,2060.0,9200.0,debt consolidation,202,1,1
1324,30,A,bachelor,46900.0,8.8,6.8,8960.0,18000.0,car,201,1,1
1325,57,B,high school,23500.0,6.8,32.7,14640.0,7900.0,business,103,0,1
1326,44,A,master,27200.0,8.8,19.4,12180.0,10000.0,education,204,1,1
1327,21,A,bachelor,43000.0,5.1,0.0,4370.0,18200.0,debt consolidation,202,1,1
1328,40,A,bachelor,73000.0,6.4,17.9,8750.0,19200.0,home improvement,201,0,1
1329,31,A,bachelor,59100.0,1.5,5.0,2030.0,13700.0,business,203,0,1
1330,37,A,bachelor,24700.0,4.2,7.0,4120.0,12400.0,home improvement,202,1,1
1331,57,B,high school,43300.0,2.0,27.9,1590.0,16400.0,business,101,1,1
1332,43,A,master,80000.0,1.1,17.9,2340.0,34100.0,car,202,1,1
1333,69,B,high school,37000.0,21.9,46.7,3520.0,17900.0,business,103,1,1
1334,33,A,high school,16000.0,20.2,5.6,7710.0,17800.0,car,201,0,1
1335,40,A,bachelor,38600.0,11.0,13.9,10960.0,30800.0,home improvement,204,1,1
1336,44,B,master,49900.0,17.6,21.1,6180.0,26600.0,home improvement,103,1,1
1337,53,A,bachelor,67500.0,11.9,24.1,8810.0,10600.0,education,202,1,1
1338,42,A,phd,55600.0,6.1,19.4,4590.0,11200.0,car,203,1,1
1339,50,A,bachelor,25700.0,3.1,21.5,1870.0,8900.0,business,202,1,1
1340,27,A,bachelor,40900.0,14.1,0.0,14550.0,20500.0,car,202,1,1
1341,46,A,high school,23100.0,7.1,20.6,10900.0,14700.0,car,204,1,1
1342,66,A,bachelor,68800.0,2.8,44.0,4100.0,10400.0,business,204,1,1
1343,49,A,master,68400.0,6.6,19.7,1810.0,30800.0,home improvement,201,1,1
1344,42,B,bachelor,38100.0,7.2,17.3,3890.0,11000.0,car,103,1,1
1345,40,B,bachelor,18100.0,4.1,17.0,1010.0,22800.0,home improvement,101,1,0
1346,56,B,bachelor,60900.0,14.2,30.8,2950.0,17400.0,car,102,0,1
1347,41,A,bachelor,57400.0,20.7,12.4,5490.0,8300.0,debt consolidation,204,1,1
1348,49,A,bachelor,43600.0,3.1,21.6,1210.0,10600.0,business,201,1,0
1349,37,A,high school,14600.0,6.7,15.4,4560.0,30600.0,car,201,0,1
1350,40,A,high school,37700.0,1.0,6.8,5420.0,9600.0,car,202,1,1
1351,38,A,high school,25300.0,10.3,14.0,6500.0,11700.0,car,202,0,1
1352,35,A,master,37000.0,5.6,6.5,3760.0,7100.0,car,201,1,0
1353,42,A,master,46500.0,1.1,19.0,1520.0,10500.0,education,201,1,0
1354,53,A,bachelor,53500.0,15.8,14.1,1340.0,14300.0,debt consolidation,204,1,1
1355,32,B,bachelor,14700.0,13.8,9.1,22690.0,12000.0,education,101,0,0
1356,46,A,bachelor,45000.0,11.4,13.0,21630.0,6200.0,home improvement,201,1,1
1357,49,A,high school,33000.0,4.7,25.3,2010.0,9900.0,home improvement,201,1,1
1358,62,A,master,56300.0,2.1,39.4,8600.0,8900.0,home improvement,204,1,1
1359,36,B,bachelor,53000.0,12.2,4.5,2610.0,18300.0,business,101,1,1
1360,21,B,bachelor,14200.0,5.3,0.0,5890.0,21300.0,debt consolidation,102,0,1
1361,28,A,high school,21200.0,9.6,6.1,2610.0,8000.0,home improvement,201,1,1
1362,56,B,bachelor,35200.0,5.4,28.3,3210.0,6400.0,education,101,1,1
1363,34,A,high school,18200.0,1.5,10.6,11080.0,14800.0,debt consolidation,201,1,1
1364,36,B,high school,40300.0,13.1,8.3,7960.0,11100.0,home improvement,102,1,1
1365,21,A,high school,29000.0,2.9,0.0,8270.0,21100.0,car,204,1,1
1366,47,B,high school,14300.0,2.9,14.4,7630.0,11300.0,education,101,0,1
1367,38,A,bachelor,64400.0,4.2,10.9,20150.0,13700.0,car,204,1,1
1368,22,B,high school,21100.0,5.0,0.0,4830.0,7000.0,business,103,1,1
1369,52,A,high school,16700.0,2.1,24.9,3840.0,4800.0,home improvement,204,1,1
1370,34,A,bachelor,85900.0,1.5,11.1,4500.0,47800.0,home improvement,201,1,1
1371,29,A,high school,75500.0,9.5,5.5,8780.0,24500.0,debt consolidation,202,1,1
1372,37,B,bachelor,51200.0,7.0,11.8,3610.0,11700.0,car,103,1,1
1373,47,A,high school,47800.0,9.0,20.8,26570.0,10600.0,car,204,1,1
1374,37,A,bachelor,90700.0,4.0,12.8,3600.0,12800.0,business,201,1,1
1375,22,B,bachelor,26800.0,8.6,0.0,1200.0,9400.0,debt consolidation,102,1,1
1376,34,A,bachelor,24700.0,2.1,9.9,760.0,18500.0,home improvement,203,1,1
1377,59,B,bachelor,33800.0,5.5,34.8,3900.0,19100.0,business,102,1,1
1378,37,A,master,64800.0,12.1,14.6,7200.0,11300.0,home improvement,203,0,1
1379,31,A,bachelor,92200.0,1.3,4.1,7040.0,11100.0,debt consolidation,201,1,1
1380,64,B,high school,39500.0,3.6,36.9,12780.0,23500.0,business,102,0,1
1381,39,A,high school,29300.0,10.5,15.3,14600.0,10000.0,business,202,1,0
1382,45,A,high school,29600.0,7.0,16.9,6030.0,18000.0,business,203,1,1
1383,36,B,bachelor,20600.0,8.7,12.5,13760.0,15800.0,home improvement,101,0,1
1384,50,B,master,28600.0,5.5,15.2,34170.0,11400.0,home improvement,101,0,0
1385,41,B,high school,15300.0,2.9,17.9,4090.0,15500.0,home improvement,103,0,1
1386,29,B,high school,51300.0,0.9,6.1,6970.0,23700.0,business,101,1,1
1387,53,B,master,50100.0,6.5,25.0,2260.0,8200.0,home improvement,102,1,1
1388,45,B,high school,22100.0,11.2,20.1,5160.0,13200.0,education,101,1,1
1389,41,A,bachelor,36600.0,3.1,18.2,4510.0,30600.0,education,201,1,1
1390,42,A,bachelor,48700.0,2.1,11.0,2320.0,18200.0,home improvement,203,1,0
1391,37,A,bachelor,49100.0,9.1,15.0,3070.0,22500.0,home improvement,204,1,1
1392,39,A,phd,48600.0,8.7,8.0,6580.0,13900.0,business,203,1,1
1393,37,B,high school,22200.0,6.7,7.2,3370.0,9300.0,home improvement,101,1,1
1394,34,B,bachelor,17100.0,7.3,4.4,4840.0,20300.0,car,102,0,0
1395,21,B,bachelor,34100.0,17.6,0.0,4300.0,19900.0,car,102,1,0
1396,51,A,master,32200.0,8.5,29.9,4700.0,71600.0,business,203,1,1
1397,24,B,high school,18900.0,3.4,0.0,5200.0,12800.0,home improvement,101,0,1
1398,38,B,master,55100.0,9.5,16.0,8620.0,20300.0,debt consolidation,103,1,1
1399,58,A,master,59100.0,12.5,33.9,4960.0,21600.0,business,201,1,1
1400,42,A,high school,18900.0,11.4,11.6,2200.0,10900.0,debt consolidation,204,1,1
1401,24,A,bachelor,24000.0,1.2,0.1,1890.0,17200.0,car,204,0,1
1402,41,B,high school,27200.0,11.7,16.2,3500.0,5800.0,debt consolidation,101,1,1
1403,42,B,master,58700.0,8.6,13.5,15320.0,24100.0,car,103,1,1
1404,28,A,bachelor,48600.0,1.4,0.0,7630.0,7500.0,education,201,1,1
1405,56,A,phd,70600.0,5.6,29.5,2940.0,6700.0,business,201,1,1
1406,38,B,bachelor,45600.0,3.8,10.7,9040.0,8100.0,car,101,1,1
1407,50,A,bachelor,65700.0,6.3,23.2,16310.0,14000.0,education,201,1,1
1408,45,A,high school,37100.0,5.2,16.2,1940.0,38400.0,debt consolidation,203,1,1
1409,51,B,high school,31200.0,2.6,22.1,24930.0,19100.0,education,102,0,0
1410,52,A,master,31800.0,6.0,22.4,1010.0,10100.0,debt consolidation,202,1,1
1411,69,A,high school,61300.0,4.7,43.8,35080.0,17200.0,debt consolidation,202,1,1
1412,46,A,high school,35300.0,5.0,21.0,1630.0,40400.0,debt consolidation,201,0,1
1413,21,A,phd,87600.0,12.8,0.0,2540.0,23700.0,education,202,1,1
1414,47,B,bachelor,57900.0,4.1,17.7,22910.0,7000.0,business,101,0,1
1415,32,A,bachelor,88200.0,10.3,3.2,9990.0,24200.0,business,202,1,1
1416,29,B,master,75800.0,27.1,0.0,2540.0,19200.0,home improvement,102,1,1
1417,21,A,master,49600.0,1.8,0.0,1900.0,12600.0,car,202,0,1
1418,38,A,phd,89500.0,2.0,10.0,4420.0,19700.0,debt consolidation,201,0,1
1419,47,A,high school,24700.0,5.2,24.3,3470.0,9300.0,car,201,1,1
1420,47,B,bachelor,36100.0,5.4,23.1,3390.0,7000.0,car,103,1,1
1421,29,B,high school,30000.0,8.6,2.8,2090.0,29900.0,car,101,0,0
1422,35,A,high school,45800.0,2.9,9.7,6060.0,8200.0,business,203,1,1
1423,43,A,bachelor,62400.0,16.5,21.6,17100.0,20300.0,debt consolidation,204,1,1
1424,34,B,high school,42800.0,8.4,10.2,7060.0,11700.0,business,101,0,1
1425,67,A,phd,62400.0,15.0,42.5,2560.0,23300.0,car,203,1,1
1426,35,B,bachelor,20900.0,11.0,6.8,4050.0,16600.0,debt consolidation,103,0,1
1427,47,B,bachelor,27600.0,13.6,25.1,1430.0,6600.0,business,101,1,1
1428,43,A,bachelor,66400.0,13.4,14.8,1700.0,4700.0,home improvement,204,1,1
1429,50,A,bachelor,65900.0,7.1,22.8,4460.0,13000.0,home improvement,204,1,1
1430,33,B,high school,38300.0,5.5,7.9,2200.0,8800.0,education,101,1,1
1431,30,A,high school,45000.0,6.7,7.0,9500.0,5900.0,business,202,1,1
1432,45,B,master,27200.0,17.7,13.5,960.0,17700.0,education,101,1,1
1433,36,A,bachelor,33700.0,13.9,13.4,30730.0,12100.0,home improvement,204,1,0
1434,51,A,high school,86300.0,0.9,16.0,4490.0,16700.0,business,202,1,1
1435,45,B,bachelor,27100.0,6.3,20.1,22750.0,15700.0,business,103,0,1
1436,37,B,high school,29300.0,8.2,6.4,3230.0,31300.0,debt consolidation,103,1,1
1437,46,B,bachelor,24600.0,7.8,11.0,15260.0,16600.0,business,102,0,0
1438,27,A,master,39600.0,3.7,5.3,2090.0,22300.0,car,201,1,1
1439,44,B,high school,102900.0,3.7,12.4,1000.0,17800.0,business,101,1,1
1440,44,B,high school,28600.0,9.2,13.1,3730.0,13400.0,education,103,1,1
1441,34,A,bachelor,26500.0,10.7,9.0,820.0,14300.0,business,203,0,1
1442,35,B,master,28700.0,10.5,10.8,5270.0,17000.0,business,103,0,1
1443,66,B,master,46000.0,4.7,39.0,5350.0,20100.0,education,101,1,1
1444,48,A,high school,127700.0,15.9,21.2,2640.0,12000.0,home improvement,201,1,1
1445,40,A,master,30700.0,7.1,16.9,2930.0,2800.0,home improvement,202,1,1
1446,40,B,high school,29200.0,6.3,18.6,3230.0,25600.0,debt consolidation,102,1,1
1447,52,A,high school,50500.0,6.1,20.7,3970.0,7100.0,business,201,1,1
1448,27,B,bachelor,38200.0,7.8,0.0,16470.0,12900.0,car,102,1,0
1449,53,B,master,41700.0,16.3,25.1,770.0,11100.0,education,101,1,1
1450,45,A,high school,21300.0,3.2,20.2,2190.0,14200.0,debt consolidation,204,1,1
1451,44,B,master,22800.0,5.5,19.8,2090.0,14500.0,home improvement,103,0,1
1452,55,B,bachelor,66100.0,13.4,28.2,6010.0,7600.0,education,102,1,1
1453,29,B,high school,15800.0,12.4,4.6,1660.0,13800.0,debt consolidation,101,0,0
1454,21,A,high school,44100.0,3.4,0.0,5940.0,20300.0,home improvement,202,1,0
1455,38,A,high school,68100.0,3.4,14.3,540.0,6500.0,business,202,1,1
1456,21,B,high school,35400.0,6.4,0.0,6690.0,15500.0,debt consolidation,103,0,1
1457,36,B,bachelor,35700.0,17.5,12.8,1690.0,29100.0,debt consolidation,102,1,1
1458,39,A,high school,43300.0,9.2,8.5,1890.0,8500.0,debt consolidation,202,1,1
1459,33,A,bachelor,50300.0,1.2,9.9,2430.0,10600.0,home improvement,202,1,1
1460,42,A,phd,60000.0,11.3,10.3,22580.0,8700.0,education,201,1,1
1461,33,A,bachelor,38200.0,4.5,8.6,3070.0,31300.0,debt consolidation,201,1,1
1462,42,B,master,51400.0,19.3,12.6,3480.0,11000.0,debt consolidation,103,1,1
1463,48,B,high school,26500.0,8.7,26.4,2010.0,13000.0,business,101,1,0
1464,42,A,master,28300.0,5.5,14.5,9800.0,21300.0,debt consolidation,203,1,1
1465,45,A,master,56300.0,8.7,20.2,3630.0,11900.0,education,204,1,0
1466,27,B,high school,58200.0,2.4,0.7,27230.0,16600.0,car,102,0,1
1467,55,B,master,38700.0,3.5,16.4,13640.0,18300.0,car,103,1,1
1468,43,A,bachelor,25400.0,13.3,19.4,1120.0,30800.0,car,201,1,1
1469,34,A,high school,44100.0,4.6,11.2,22230.0,6600.0,car,202,1,1
1470,35,B,bachelor,40800.0,7.8,4.8,640.0,28400.0,business,101,1,1
1471,37,A,master,33800.0,7.5,11.5,2370.0,15000.0,home improvement,204,1,1
1472,21,B,master,36700.0,17.2,0.0,5240.0,9100.0,debt consolidation,102,1,1
1473,45,A,high school,30000.0,1.9,18.3,20180.0,7700.0,debt consolidation,204,1,1
1474,50,A,master,41500.0,10.0,21.7,6770.0,35100.0,debt consolidation,201,1,1
1475,55,A,bachelor,49700.0,13.9,31.5,3870.0,27000.0,education,204,1,1
1476,48,A,high school,75200.0,2.7,19.6,3740.0,10500.0,debt consolidation,201,1,1
1477,48,A,bachelor,73100.0,4.7,19.5,1880.0,22300.0,car,203,1,1
1478,28,B,high school,19600.0,5.3,6.4,1930.0,10900.0,home improvement,103,0,1
1479,41,B,high school,19700.0,2.2,12.3,2120.0,18700.0,home improvement,103,0,1
1480,61,A,high school,42300.0,6.1,31.4,1590.0,20000.0,home improvement,201,1,1
1481,37,B,bachelor,53200.0,13.0,13.8,5500.0,8300.0,car,103,0,1
1482,33,A,bachelor,27700.0,0.9,6.6,2550.0,8800.0,home improvement,203,1,1
1483,34,A,bachelor,57100.0,13.0,0.0,3220.0,23900.0,debt consolidation,202,0,1
1484,33,B,bachelor,39700.0,5.2,1.9,770.0,9600.0,education,101,1,1
1485,73,A,high school,21600.0,4.4,40.7,6970.0,11000.0,debt consolidation,204,1,1
1486,55,A,bachelor,75600.0,5.4,28.6,2520.0,21900.0,education,201,1,1
1487,34,A,bachelor,31200.0,11.9,7.9,4540.0,7200.0,home improvement,203,1,1
1488,33,A,master,76600.0,10.3,0.0,4530.0,7300.0,education,204,1,1
1489,38,A,high school,107500.0,2.8,5.4,6880.0,7700.0,education,204,1,1
1490,55,A,bachelor,26300.0,25.1,15.1,15160.0,17300.0,debt consolidation,203,0,1
1491,45,B,master,52000.0,11.7,15.2,8710.0,27900.0,education,101,0,1
1492,42,B,bachelor,29500.0,2.9,9.1,5990.0,23400.0,education,103,1,0
1493,37,A,master,38500.0,28.8,0.0,4160.0,11700.0,car,202,1,1
1494,35,B,high school,22900.0,6.4,10.9,11090.0,25500.0,home improvement,101,0,0
1495,21,A,master,56800.0,9.6,0.0,4140.0,22800.0,car,204,1,1
1496,43,A,phd,127100.0,21.5,20.2,10950.0,8400.0,home improvement,202,1,1
1497,36,A,bachelor,70700.0,18.8,7.8,670.0,10900.0,business,202,1,1
1498,49,A,master,180800.0,8.5,23.0,1850.0,13700.0,debt consolidation,203,1,1
1499,35,A,bachelor,107900.0,7.6,8.7,3510.0,11600.0,debt consolidation,203,1,1
1500,26,A,bachelor,53700.0,2.1,3.2,3980.0,11600.0,business,202,1,1
1501,21,A,bachelor,42600.0,10.1,0.0,6360.0,21500.0,car,202,1,1
1502,21,B,bachelor,28800.0,1.4,0.0,21300.0,15800.0,debt consolidation,101,0,1
1503,40,A,bachelor,50400.0,9.5,16.1,4360.0,21300.0,business,201,1,1
1504,21,B,master,43800.0,6.7,0.0,1140.0,12400.0,car,101,1,1
1505,30,A,phd,65400.0,8.9,0.9,1000.0,22800.0,car,201,1,1
1506,46,A,high school,59700.0,6.6,13.3,7440.0,3900.0,car,201,1,1
1507,27,A,bachelor,80900.0,9.1,0.3,11450.0,12200.0,car,204,1,1
1508,26,B,bachelor,19900.0,7.1,1.7,3270.0,6200.0,debt consolidation,101,1,1
1509,33,B,high school,55600.0,7.7,8.3,4220.0,46100.0,car,103,1,0
1510,45,A,master,76300.0,7.8,18.0,16230.0,16300.0,debt consolidation,203,1,1
1511,39,A,high school,37800.0,5.1,15.5,9920.0,4000.0,business,202,1,1
1512,33,B,bachelor,31700.0,3.4,8.2,460.0,17300.0,education,103,1,1
1513,47,A,high school,54200.0,6.8,20.0,7140.0,21300.0,education,204,1,1
1514,46,A,high school,12800.0,11.6,22.6,2710.0,48800.0,car,202,1,1
1515,37,B,bachelor,15600.0,7.8,11.1,15210.0,6300.0,debt consolidation,101,0,0
1516,53,A,bachelor,48300.0,7.8,29.5,11120.0,18400.0,business,203,1,1
1517,39,A,bachelor,65400.0,9.9,12.6,1250.0,15900.0,car,201,1,1
1518,44,A,high school,50200.0,4.1,20.1,11310.0,19400.0,car,203,1,1
1519,25,A,phd,84600.0,1.2,0.0,2250.0,19100.0,car,203,1,1
1520,59,B,high school,20000.0,3.8,34.9,1540.0,11200.0,debt consolidation,102,1,1
1521,46,A,high school,31000.0,1.8,24.4,9420.0,17800.0,business,201,1,1
1522,39,A,master,90400.0,1.7,9.7,1760.0,44900.0,car,204,1,1
1523,50,B,high school,19400.0,1.7,28.6,20320.0,36400.0,debt consolidation,102,0,0
1524,34,A,high school,49000.0,0.8,8.4,3760.0,12900.0,car,201,1,1
1525,41,A,high school,48600.0,3.2,17.0,6970.0,16200.0,home improvement,203,1,1
1526,47,A,master,52100.0,2.9,22.2,21820.0,8300.0,home improvement,201,1,0
1527,51,B,high school,19900.0,1.9,27.0,4830.0,16800.0,car,103,1,0
1528,58,B,high school,12800.0,2.7,31.1,2760.0,17500.0,car,101,0,1
1529,51,B,master,40100.0,5.0,17.6,2930.0,10500.0,business,102,1,1
1530,26,A,high school,40400.0,6.5,0.0,52970.0,11200.0,education,201,0,0
1531,22,A,master,60700.0,18.0,0.3,4030.0,6600.0,debt consolidation,204,1,1
1532,23,A,bachelor,54600.0,1.8,0.0,7030.0,16600.0,car,201,0,1
1533,34,A,high school,28900.0,8.1,3.9,20040.0,20500.0,car,202,1,1
1534,26,A,master,53000.0,7.1,0.0,1000.0,7800.0,home improvement,202,1,1
1535,53,A,bachelor,64100.0,10.2,24.4,4710.0,39100.0,debt consolidation,204,1,1
1536,26,A,high school,61400.0,7.6,0.0,2400.0,26600.0,debt consolidation,204,0,1
1537,59,A,master,76400.0,8.0,25.6,1010.0,46000.0,debt consolidation,204,1,1
1538,31,B,master,103500.0,2.1,6.3,3020.0,26700.0,business,101,0,1
1539,41,B,bachelor,33700.0,1.1,13.6,8110.0,9200.0,car,102,1,1
1540,21,A,bachelor,58200.0,16.2,0.0,4360.0,13500.0,car,202,1,1
1541,54,A,bachelor,28600.0,6.1,29.9,1350.0,10000.0,car,202,1,1
1542,40,B,high school,14300.0,4.7,13.7,19070.0,28600.0,car,102,0,0
1543,47,A,high school,49900.0,11.5,24.2,9150.0,10000.0,business,203,1,1
1544,66,A,high school,41000.0,11.5,29.3,21880.0,16100.0,education,204,1,1
1545,52,A,bachelor,53400.0,2.2,30.2,6370.0,18000.0,debt consolidation,202,1,1
1546,49,A,phd,37600.0,14.1,25.1,2360.0,19500.0,education,204,1,1
1547,43,B,bachelor,25700.0,17.6,16.5,2900.0,11600.0,home improvement,102,1,1
1548,56,B,high school,22800.0,5.3,31.0,3660.0,9900.0,debt consolidation,102,1,1
1549,42,A,master,93200.0,5.2,16.6,5560.0,26100.0,car,203,1,1
1550,45,A,high school,52500.0,8.3,19.1,2410.0,12700.0,business,201,1,1
1551,38,A,master,123500.0,6.4,14.2,1460.0,19000.0,debt consolidation,204,1,1
1552,21,B,bachelor,29800.0,6.7,0.0,4480.0,33300.0,debt consolidation,101,0,1
1553,21,A,high school,31100.0,17.4,0.0,2440.0,24400.0,car,203,1,1
1554,34,A,high school,34200.0,20.0,10.8,39340.0,10300.0,debt consolidation,203,0,0
1555,40,A,bachelor,70800.0,8.8,16.3,1150.0,6900.0,education,201,1,1
1556,30,A,bachelor,39300.0,16.1,8.1,5750.0,8100.0,debt consolidation,202,1,1
1557,30,B,high school,58600.0,10.1,0.0,1520.0,23000.0,debt consolidation,102,0,1
1558,27,A,high school,31200.0,4.5,0.0,11290.0,9600.0,business,201,0,1
1559,54,B,bachelor,12900.0,14.1,30.2,4050.0,10500.0,home improvement,102,1,1
1560,38,A,high school,95800.0,3.0,9.2,4490.0,16900.0,home improvement,204,1,1
1561,25,B,bachelor,58800.0,7.0,0.0,5370.0,16800.0,home improvement,101,0,1
1562,25,A,phd,75700.0,3.8,0.0,1420.0,13300.0,debt consolidation,202,1,1
1563,41,A,high school,51400.0,6.4,15.7,1940.0,9700.0,home improvement,202,1,1
1564,32,A,bachelor,38700.0,19.7,9.8,12230.0,14700.0,debt consolidation,204,1,1
1565,30,A,bachelor,57600.0,4.2,2.7,13570.0,6300.0,education,204,1,1
1566,21,A,high school,69200.0,2.5,0.0,8040.0,16800.0,car,203,1,1
1567,39,B,bachelor,42800.0,5.4,9.1,18240.0,21200.0,debt consolidation,101,0,1
1568,21,A,high school,39000.0,2.0,0.0,2130.0,35100.0,business,202,1,1
1569,54,A,high school,56000.0,11.4,29.5,10670.0,17100.0,debt consolidation,202,1,1
1570,36,A,phd,101000.0,5.5,10.5,8090.0,9300.0,business,204,1,1
1571,33,B,high school,35300.0,5.6,5.7,43710.0,27800.0,education,103,0,1
1572,48,A,bachelor,23600.0,1.8,24.2,810.0,25000.0,debt consolidation,201,1,1
1573,37,A,bachelor,24200.0,4.0,8.6,8240.0,9700.0,business,204,1,1
1574,24,A,bachelor,60300.0,5.8,0.0,560.0,17100.0,home improvement,203,1,1
1575,43,B,phd,42300.0,5.9,16.5,7680.0,13900.0,home improvement,101,0,1
1576,37,A,high school,61000.0,5.7,10.8,4190.0,16300.0,debt consolidation,204,1,1
1577,40,A,bachelor,63100.0,10.8,15.9,33100.0,17800.0,business,204,1,1
1578,26,A,bachelor,31700.0,5.6,1.2,8890.0,17000.0,education,201,1,1
1579,41,A,master,43600.0,10.8,11.9,1390.0,13300.0,business,203,1,1
1580,40,A,master,68900.0,4.6,10.1,10360.0,8700.0,home improvement,203,1,1
1581,40,A,high school,56200.0,3.5,12.8,7200.0,14600.0,car,202,1,1
1582,38,B,high school,34600.0,2.9,14.7,6780.0,18900.0,home improvement,103,1,1
1583,39,A,high school,42000.0,10.7,12.2,13580.0,16600.0,car,204,1,1
1584,48,A,phd,48200.0,2.3,22.4,6670.0,18700.0,car,204,1,1
1585,43,B,master,72700.0,3.0,8.2,19110.0,20900.0,debt consolidation,101,1,1
1586,51,A,high school,30600.0,12.3,13.7,6690.0,25000.0,car,204,1,1
1587,21,B,bachelor,42300.0,17.6,0.0,19550.0,12600.0,car,102,0,1
1588,46,A,bachelor,99600.0,8.1,13.9,16300.0,16600.0,business,203,1,1
1589,44,A,bachelor,73400.0,0.7,20.2,1220.0,12300.0,home improvement,202,1,1
1590,48,A,high school,57200.0,3.1,25.6,3080.0,11800.0,home improvement,201,1,1
1591,27,A,phd,78800.0,9.9,4.0,4130.0,17500.0,car,204,1,1
1592,27,A,master,36200.0,5.0,0.0,21540.0,12300.0,car,204,1,0
1593,29,B,master,46700.0,10.4,5.0,12450.0,11100.0,home improvement,102,0,1
1594,24,A,high school,27800.0,8.1,0.0,2890.0,12200.0,debt consolidation,201,1,0
1595,35,A,master,28000.0,2.7,0.0,1300.0,20300.0,education,203,1,1
1596,59,A,master,46700.0,3.7,32.5,7700.0,27100.0,debt consolidation,201,1,1
1597,30,B,high school,73900.0,6.7,4.7,7110.0,14900.0,business,102,1,1
1598,46,A,bachelor,36500.0,3.8,23.4,7870.0,17200.0,home improvement,204,1,1
1599,47,B,bachelor,73500.0,19.1,25.4,3950.0,13100.0,home improvement,102,0,1
1600,34,A,high school,31700.0,7.8,3.7,4890.0,7700.0,education,204,1,1
1601,38,B,high school,25300.0,6.3,15.5,2150.0,21200.0,car,101,1,1
1602,31,B,high school,12200.0,21.1,0.0,3340.0,18700.0,home improvement,103,0,1
1603,36,A,bachelor,37500.0,6.5,9.2,1440.0,15900.0,debt consolidation,203,1,1
1604,73,A,bachelor,50700.0,9.2,45.9,2260.0,6400.0,car,204,1,1
1605,61,A,high school,68400.0,4.3,38.2,16110.0,8500.0,debt consolidation,203,1,0
1606,22,B,high school,26000.0,12.3,0.9,10250.0,12200.0,business,103,1,1
1607,41,A,bachelor,25300.0,3.2,11.4,1790.0,34400.0,education,202,1,1
1608,21,A,bachelor,134400.0,2.2,0.0,16530.0,13800.0,business,201,1,1
1609,42,B,bachelor,31200.0,3.0,20.8,1530.0,19300.0,debt consolidation,101,1,1
1610,28,B,high school,41900.0,12.9,3.5,990.0,14400.0,business,103,0,1
1611,46,A,bachelor,75400.0,14.0,23.8,1230.0,9200.0,home improvement,202,1,1
1612,38,A,phd,194400.0,2.1,3.0,6640.0,7000.0,home improvement,204,1,1
1613,53,A,bachelor,51700.0,3.3,25.4,2580.0,7700.0,business,201,1,1
1614,29,A,master,49700.0,11.8,0.0,2450.0,15300.0,home improvement,201,1,1
1615,31,B,phd,44200.0,9.5,7.8,1600.0,34600.0,home improvement,101,1,1
1616,55,B,high school,44900.0,7.0,29.0,6360.0,19700.0,debt consolidation,102,1,1
1617,57,A,bachelor,61300.0,19.6,35.2,20130.0,23900.0,home improvement,201,1,1
1618,40,A,high school,27100.0,25.2,9.6,2400.0,11300.0,home improvement,201,1,1
1619,49,B,high school,31400.0,8.1,26.3,660.0,10000.0,car,103,1,1
1620,31,A,high school,55700.0,3.1,3.7,109670.0,17300.0,debt consolidation,201,0,0
1621,31,B,high school,33000.0,15.4,8.8,18050.0,11000.0,debt consolidation,101,0,0
1622,32,A,high school,60900.0,17.6,0.0,18190.0,29000.0,debt consolidation,203,1,1
1623,71,A,phd,73000.0,5.6,47.1,9720.0,23200.0,business,202,1,1
1624,40,A,phd,36600.0,2.7,18.0,12100.0,14200.0,business,203,1,1
1625,35,B,high school,35800.0,9.8,9.0,4010.0,20800.0,education,102,1,1
1626,21,B,high school,21000.0,9.7,0.0,47380.0,20500.0,education,103,0,0
1627,63,A,high school,35600.0,23.7,35.8,2120.0,19000.0,debt consolidation,202,1,1
1628,43,A,bachelor,23900.0,8.4,20.1,2510.0,16600.0,debt consolidation,203,1,1
1629,47,A,high school,39400.0,18.9,16.3,2360.0,15800.0,car,203,1,1
1630,21,A,bachelor,20800.0,12.1,0.0,1620.0,16800.0,debt consolidation,201,1,1
1631,53,A,high school,14400.0,3.4,26.9,3110.0,13500.0,debt consolidation,203,1,0
1632,37,A,bachelor,43100.0,7.0,9.7,3300.0,27800.0,debt consolidation,204,1,1
1633,33,A,high school,14100.0,8.3,2.3,1500.0,23600.0,car,201,1,0
1634,48,A,bachelor,61800.0,9.5,20.5,1240.0,34500.0,home improvement,204,1,1
1635,58,B,high school,50700.0,22.6,32.4,6260.0,9100.0,home improvement,102,1,1
1636,48,B,bachelor,25700.0,14.7,21.3,9500.0,5000.0,car,102,1,0
1637,38,B,master,44900.0,2.1,6.8,4970.0,26200.0,car,101,0,1
1638,50,B,master,29300.0,5.9,16.4,24500.0,11800.0,car,101,0,1
1639,31,A,high school,56900.0,4.7,8.2,2210.0,26000.0,home improvement,202,1,1
1640,38,B,high school,24200.0,9.4,14.4,8050.0,7900.0,car,101,0,1
1641,24,A,bachelor,19400.0,3.9,1.3,5480.0,18600.0,debt consolidation,204,0,1
1642,61,B,bachelor,45600.0,10.2,31.3,13020.0,6600.0,home improvement,103,1,1
1643,36,A,master,28400.0,4.5,3.5,12630.0,11100.0,home improvement,202,1,1
1644,24,A,high school,69500.0,10.7,0.0,7110.0,10500.0,car,203,1,1
1645,44,A,bachelor,40800.0,5.2,16.5,3650.0,13100.0,business,201,1,1
1646,54,A,phd,19400.0,7.0,30.9,13080.0,15000.0,business,202,1,1
1647,28,B,bachelor,69000.0,9.6,0.0,1930.0,22400.0,debt consolidation,101,0,1
1648,36,A,high school,28000.0,3.0,4.6,4390.0,33600.0,car,201,1,0
1649,37,A,high school,36900.0,7.6,11.0,12610.0,15600.0,education,204,1,1
1650,56,A,bachelor,25400.0,7.8,30.6,4320.0,7800.0,car,203,1,1
1651,34,A,bachelor,84300.0,2.1,0.0,690.0,9300.0,debt consolidation,202,1,1
1652,70,B,high school,10300.0,12.0,43.2,2760.0,20900.0,education,102,0,1
1653,48,B,bachelor,27900.0,5.3,25.7,25540.0,18500.0,education,101,0,0
1654,53,A,bachelor,76800.0,1.4,24.3,6580.0,32100.0,home improvement,202,1,1
1655,28,A,bachelor,29300.0,13.3,0.0,1590.0,21900.0,debt consolidation,203,1,0
1656,43,B,bachelor,20700.0,3.6,15.5,38510.0,30600.0,debt consolidation,103,0,0
1657,28,B,master,19000.0,6.6,0.0,14170.0,15000.0,debt consolidation,103,1,1
1658,41,A,master,44800.0,9.3,13.6,2380.0,14200.0,debt consolidation,202,1,1
1659,26,A,master,57800.0,3.6,0.0,1540.0,21600.0,car,204,1,1
1660,49,A,bachelor,52600.0,16.4,19.5,8990.0,23700.0,education,204,1,1
1661,29,A,bachelor,25400.0,6.8,3.9,9020.0,19500.0,home improvement,202,1,1
1662,54,A,high school,55500.0,6.6,24.1,1230.0,8000.0,business,204,0,1
1663,27,B,master,28400.0,2.2,5.1,2900.0,33400.0,business,101,0,0
1664,42,A,master,47100.0,8.7,10.1,1000.0,7300.0,debt consolidation,201,1,0
1665,49,A,master,135600.0,3.6,26.3,1040.0,15800.0,business,204,1,1
1666,37,A,high school,25900.0,5.4,15.4,6670.0,14500.0,debt consolidation,203,0,1
1667,42,A,bachelor,21300.0,5.2,14.3,16010.0,10600.0,education,202,0,1
1668,55,A,bachelor,37200.0,1.6,30.5,7060.0,17100.0,debt consolidation,201,1,1
1669,38,A,master,73700.0,3.9,6.7,5160.0,13000.0,debt consolidation,203,1,1
1670,50,A,high school,15100.0,12.9,24.2,8270.0,18800.0,car,204,0,1
1671,21,A,bachelor,47100.0,15.5,0.0,610.0,31600.0,home improvement,201,1,1
1672,47,B,high school,40000.0,20.4,23.0,2990.0,7600.0,car,101,0,1
1673,56,B,bachelor,14000.0,3.4,27.1,15950.0,10400.0,education,103,1,0
1674,35,A,high school,19400.0,8.1,2.6,31380.0,5300.0,home improvement,203,0,0
1675,23,A,high school,31600.0,16.8,0.0,9330.0,15900.0,business,201,1,0
1676,65,B,bachelor,24500.0,6.0,38.6,4640.0,30700.0,home improvement,102,1,0
1677,23,A,bachelor,99200.0,1.8,0.0,1310.0,23700.0,home improvement,203,1,1
1678,22,B,high school,46400.0,14.4,0.0,3270.0,11300.0,business,103,1,1
1679,39,B,master,42700.0,1.8,13.6,9020.0,26300.0,debt consolidation,102,0,1
1680,46,A,high school,53600.0,1.2,19.3,16700.0,19800.0,car,204,1,0
1681,57,A,high school,47700.0,7.7,32.5,7210.0,6000.0,car,204,1,1
1682,38,A,bachelor,60200.0,11.0,10.2,4350.0,11100.0,debt consolidation,201,1,1
1683,44,A,high school,46200.0,14.4,21.7,3810.0,30700.0,business,202,1,0
1684,48,B,bachelor,50800.0,4.6,22.7,2870.0,8800.0,education,101,1,1
1685,48,B,high school,15300.0,1.3,24.3,8030.0,19500.0,home improvement,103,0,0
1686,48,A,master,87400.0,1.5,23.2,83600.0,21700.0,education,203,1,0
1687,42,A,master,55300.0,8.1,13.7,12690.0,26600.0,home improvement,201,1,1
1688,44,A,bachelor,58300.0,12.4,17.8,4570.0,15700.0,business,201,1,1
1689,45,B,master,53200.0,9.5,15.1,7210.0,17200.0,car,103,1,1
1690,28,B,high school,17100.0,7.7,0.0,4620.0,20300.0,car,101,0,1
1691,39,A,high school,43900.0,12.1,15.5,4640.0,16500.0,home improvement,202,1,0
1692,50,A,master,23200.0,3.1,23.0,10230.0,18900.0,debt consolidation,202,0,0
1693,24,A,master,100800.0,2.7,0.0,5440.0,14300.0,home improvement,204,1,1
1694,24,A,phd,31600.0,7.4,0.2,3640.0,25600.0,home improvement,204,1,0
1695,39,B,bachelor,32800.0,3.1,9.3,480.0,21700.0,business,103,1,0
1696,34,A,bachelor,92900.0,4.2,7.0,4230.0,7700.0,business,202,1,1
1697,53,B,high school,10900.0,20.6,19.9,13650.0,8300.0,car,103,0,0
1698,40,A,high school,40100.0,8.0,15.3,1620.0,17100.0,debt consolidation,201,1,1
1699,38,B,bachelor,47600.0,5.9,15.4,13180.0,22500.0,car,103,1,1
1700,26,A,master,74700.0,17.2,2.9,1980.0,15300.0,debt consolidation,202,1,1
1701,21,B,bachelor,36000.0,5.2,0.0,2320.0,11400.0,business,101,1,1
1702,27,A,master,70300.0,12.8,0.0,7700.0,17600.0,car,201,1,1
1703,42,B,bachelor,45200.0,9.6,15.8,7860.0,3100.0,debt consolidation,102,1,1
1704,57,A,high school,18500.0,8.0,31.6,6370.0,14300.0,business,204,1,1
1705,57,A,bachelor,26600.0,9.5,31.7,24450.0,11200.0,home improvement,202,0,1
1706,29,A,high school,31600.0,4.1,2.8,2620.0,21800.0,debt consolidation,201,1,1
1707,35,A,master,130500.0,5.1,9.4,2790.0,7900.0,debt consolidation,202,1,1
1708,43,B,master,28800.0,3.8,15.1,5010.0,14900.0,home improvement,102,1,1
1709,36,A,high school,21800.0,7.1,0.0,16470.0,32700.0,car,201,1,0
1710,54,A,phd,150900.0,11.8,29.2,1910.0,13500.0,car,203,1,1
1711,49,A,high school,107500.0,6.9,15.8,4080.0,14900.0,home improvement,204,1,1
1712,36,A,bachelor,40000.0,6.3,12.0,10670.0,18500.0,car,202,1,1
1713,57,A,high school,50000.0,4.7,34.4,10920.0,8700.0,car,203,1,1
1714,27,A,high school,32000.0,4.9,4.8,13790.0,24500.0,education,203,1,1
1715,43,B,bachelor,42700.0,18.4,19.4,2200.0,31400.0,debt consolidation,103,1,1
1716,21,A,master,58100.0,9.9,0.0,11750.0,24100.0,debt consolidation,203,1,1
1717,47,A,high school,36500.0,8.5,21.0,6300.0,24100.0,home improvement,201,1,1
1718,21,A,high school,24700.0,4.3,0.0,26340.0,50000.0,home improvement,202,0,0
1719,44,A,bachelor,17500.0,5.0,20.7,3420.0,10900.0,debt consolidation,204,1,1
1720,21,A,bachelor,19100.0,1.0,0.0,7490.0,18600.0,business,201,0,1
1721,55,A,phd,51500.0,2.6,26.5,6730.0,15100.0,debt consolidation,203,0,1
1722,40,A,high school,39600.0,16.2,16.5,12710.0,53100.0,debt consolidation,201,1,0
1723,27,B,high school,24600.0,3.8,0.0,1820.0,29800.0,debt consolidation,101,0,1
1724,46,B,high school,29300.0,20.2,19.8,5850.0,15800.0,car,101,1,1
1725,30,A,bachelor,60000.0,9.4,0.0,17280.0,12200.0,debt consolidation,202,1,1
1726,21,B,master,31900.0,3.4,0.0,1000.0,20300.0,car,103,1,1
1727,42,A,high school,30600.0,10.4,10.5,1910.0,5600.0,education,202,1,0
1728,53,B,bachelor,25700.0,11.3,28.1,5110.0,13500.0,car,103,0,1
1729,38,A,high school,17700.0,6.3,3.1,5440.0,19300.0,education,203,0,0
1730,56,B,high school,34500.0,6.8,28.9,4960.0,11800.0,business,101,0,1
1731,48,B,master,98900.0,9.5,24.4,1520.0,9100.0,business,101,1,1
1732,52,B,high school,32300.0,9.6,25.7,2820.0,8100.0,car,102,1,1
1733,47,B,master,76600.0,10.8,22.1,3380.0,17600.0,debt consolidation,102,1,1
1734,49,B,bachelor,39500.0,9.8,25.1,3960.0,16500.0,car,103,0,1
1735,33,A,bachelor,49500.0,3.1,0.0,4140.0,8000.0,business,201,1,1
1736,40,B,phd,43100.0,12.1,7.3,2860.0,20600.0,business,103,1,1
1737,49,A,bachelor,41300.0,22.8,3.9,2080.0,15500.0,debt consolidation,203,1,1
1738,38,A,master,76500.0,4.0,8.6,9060.0,24900.0,home improvement,203,1,1
1739,40,A,bachelor,29800.0,1.9,15.3,2920.0,10000.0,debt consolidation,203,1,1
1740,27,A,master,83800.0,7.8,4.6,2430.0,29500.0,home improvement,201,1,1
1741,50,A,bachelor,45000.0,13.8,24.1,7080.0,25600.0,education,202,1,1
1742,55,A,high school,30200.0,2.9,31.3,1850.0,20100.0,debt consolidation,202,0,1
1743,23,A,high school,42000.0,8.2,0.0,6940.0,9900.0,car,203,1,1
1744,27,B,master,28000.0,1.8,5.4,5470.0,20400.0,home improvement,102,1,1
1745,65,A,bachelor,21500.0,6.6,37.2,6690.0,8800.0,car,201,1,1
1746,28,A,high school,20100.0,13.7,2.0,9480.0,7900.0,debt consolidation,204,0,1
1747,52,A,high school,23900.0,19.6,26.8,24860.0,9600.0,business,203,1,1
1748,47,A,master,29800.0,5.6,22.1,3310.0,15600.0,home improvement,204,1,1
1749,66,B,high school,54100.0,6.8,38.5,20490.0,11800.0,debt consolidation,101,1,1
1750,42,B,high school,59800.0,3.0,8.3,5610.0,22900.0,business,101,1,1
1751,38,A,high school,24900.0,12.5,12.8,15370.0,35300.0,car,201,1,1
1752,27,B,high school,64400.0,38.1,4.8,7130.0,12000.0,debt consolidation,102,1,1
1753,42,A,high school,52600.0,13.3,19.5,8800.0,25500.0,debt consolidation,202,1,1
1754,54,A,bachelor,70800.0,11.1,30.5,1820.0,23500.0,education,203,1,1
1755,39,A,bachelor,44400.0,6.2,16.1,12110.0,23500.0,education,204,1,1
1756,53,A,bachelor,34900.0,5.1,26.5,5380.0,22900.0,car,201,0,1
1757,49,B,high school,40400.0,19.0,17.2,1220.0,12900.0,home improvement,101,1,1
1758,54,B,bachelor,24800.0,27.6,26.3,3150.0,12700.0,debt consolidation,101,1,1
1759,21,A,phd,50600.0,14.0,0.0,10350.0,14700.0,debt consolidation,202,1,1
1760,21,A,high school,61800.0,3.5,0.0,1990.0,26900.0,education,203,1,1
1761,55,A,phd,91400.0,2.4,24.9,1020.0,19900.0,car,201,1,1
1762,28,A,bachelor,36100.0,4.5,0.9,19280.0,18200.0,debt consolidation,202,0,1
1763,42,A,bachelor,28800.0,16.8,15.8,17080.0,11400.0,debt consolidation,202,1,1
1764,35,A,bachelor,63400.0,12.0,8.5,1430.0,23500.0,education,204,1,1
1765,38,A,high school,16600.0,1.3,10.8,5440.0,9000.0,debt consolidation,201,1,1
1766,53,A,high school,33500.0,3.2,26.3,8760.0,8600.0,car,201,1,1
1767,48,A,phd,107900.0,4.9,25.7,3480.0,6800.0,debt consolidation,202,1,1
1768,43,B,bachelor,43300.0,1.7,16.1,2330.0,13200.0,car,103,1,1
1769,50,A,high school,31000.0,5.9,24.4,11450.0,23200.0,debt consolidation,203,1,1
1770,25,B,master,40900.0,14.0,0.0,860.0,12100.0,car,101,1,1
1771,21,A,bachelor,31000.0,5.5,0.0,19650.0,19200.0,car,203,1,0
1772,44,B,bachelor,22800.0,23.6,18.1,7410.0,22600.0,debt consolidation,101,0,1
1773,52,A,master,29700.0,3.9,28.3,31970.0,43500.0,business,204,1,1
1774,22,A,high school,39500.0,8.4,0.0,8690.0,16300.0,debt consolidation,204,1,1
1775,39,B,phd,64200.0,3.2,10.9,4830.0,32100.0,business,101,1,1
1776,58,A,master,87800.0,12.7,31.6,4410.0,17700.0,home improvement,202,1,1
1777,52,A,bachelor,55000.0,1.4,23.0,4300.0,13800.0,car,201,1,1
1778,48,A,bachelor,74200.0,13.0,24.8,1320.0,8900.0,car,202,1,1
1779,49,B,bachelor,56800.0,4.3,21.2,6370.0,18100.0,car,103,1,1
1780,24,A,high school,39400.0,4.1,0.0,550.0,7700.0,car,204,1,1
1781,40,A,bachelor,51500.0,9.7,11.7,3710.0,11200.0,home improvement,203,1,1
1782,46,A,high school,25100.0,10.0,22.3,2900.0,6100.0,home improvement,201,1,1
1783,42,A,high school,19400.0,15.4,20.1,1850.0,14100.0,debt consolidation,202,1,1
1784,27,A,bachelor,70400.0,1.9,2.3,870.0,20900.0,home improvement,201,1,1
1785,24,A,high school,34100.0,4.9,0.5,4340.0,21100.0,debt consolidation,204,1,1
1786,48,B,bachelor,19900.0,4.4,2.5,4960.0,7800.0,education,102,0,1
1787,50,A,master,113800.0,3.5,27.5,8500.0,9000.0,education,201,1,1
1788,40,A,high school,37300.0,18.8,8.5,2140.0,8800.0,education,201,1,0
1789,53,A,high school,32800.0,7.2,20.9,2760.0,8000.0,car,202,1,1
1790,26,B,bachelor,18100.0,8.3,4.1,12980.0,22400.0,home improvement,102,0,0
1791,54,A,master,83900.0,2.5,13.5,4080.0,30300.0,debt consolidation,202,1,1
1792,53,A,bachelor,43800.0,1.5,29.4,22920.0,15900.0,home improvement,204,1,1
1793,67,A,high school,24700.0,4.5,45.0,17660.0,12500.0,education,204,1,1
1794,35,A,bachelor,48600.0,3.5,9.5,4990.0,18600.0,home improvement,201,1,1
1795,43,A,master,43500.0,7.5,18.7,11630.0,6300.0,car,201,1,1
1796,49,A,master,41400.0,3.3,24.2,3830.0,11800.0,car,203,1,1
1797,29,A,high school,15900.0,4.0,3.6,2450.0,13700.0,education,202,1,1
1798,28,A,phd,42300.0,5.7,0.0,1220.0,12300.0,education,203,1,1
1799,41,A,bachelor,32900.0,0.7,19.2,1030.0,26900.0,car,202,0,1
1800,52,B,high school,50800.0,5.1,28.7,3420.0,7100.0,car,102,1,1
1801,21,B,master,22400.0,4.0,0.0,2050.0,10900.0,car,103,0,1
1802,29,A,high school,42100.0,3.9,6.3,1010.0,13200.0,education,202,1,1
1803,39,B,bachelor,38900.0,10.3,3.3,14140.0,16700.0,business,101,1,1
1804,21,A,bachelor,48300.0,7.5,0.0,9760.0,16400.0,home improvement,203,0,1
1805,28,A,bachelor,82000.0,1.5,5.1,31860.0,6600.0,car,204,1,1
1806,39,A,bachelor,65000.0,4.3,17.2,3630.0,28900.0,car,201,1,1
1807,37,A,bachelor,48800.0,7.6,3.8,1740.0,9600.0,business,204,1,1
1808,41,A,bachelor,46400.0,8.9,15.5,1310.0,9200.0,debt consolidation,201,1,1
1809,39,A,bachelor,76800.0,3.8,12.7,12690.0,10200.0,car,201,1,1
1810,60,A,bachelor,96300.0,2.6,36.4,6040.0,14100.0,debt consolidation,202,1,1
1811,32,A,master,66600.0,21.5,10.1,1740.0,16100.0,debt consolidation,201,1,1
1812,41,A,bachelor,77900.0,6.0,16.6,13510.0,19300.0,home improvement,202,1,1
1813,53,B,bachelor,54200.0,9.3,23.2,30360.0,7300.0,business,102,1,1
1814,46,B,master,66600.0,12.9,23.3,15260.0,18300.0,education,101,1,1
1815,33,A,bachelor,40000.0,13.4,6.1,1330.0,5600.0,education,201,1,1
1816,43,A,high school,29200.0,16.7,15.7,32450.0,13400.0,car,204,0,0
1817,56,A,high school,63500.0,7.7,20.7,7690.0,24800.0,car,201,1,1
1818,49,A,bachelor,59800.0,6.0,22.2,3260.0,35300.0,home improvement,204,1,1
1819,50,A,bachelor,106200.0,7.3,23.6,2610.0,20200.0,business,203,1,1
1820,31,A,high school,44500.0,12.5,0.0,1820.0,19000.0,car,202,1,1
1821,46,B,bachelor,41900.0,7.6,23.2,910.0,13900.0,car,102,1,1
1822,42,A,bachelor,64000.0,5.5,19.6,4010.0,14800.0,car,203,1,1
1823,59,A,master,26800.0,8.4,37.4,6130.0,12100.0,debt consolidation,202,1,1
1824,38,A,high school,47000.0,7.8,13.9,2150.0,10600.0,home improvement,203,1,1
1825,44,A,bachelor,130300.0,11.1,15.5,46060.0,11800.0,business,203,1,1
1826,21,A,bachelor,32600.0,9.4,0.0,9450.0,13500.0,education,204,1,1
1827,43,A,master,29200.0,2.5,11.8,2520.0,13100.0,car,202,1,1
1828,48,B,high school,32600.0,2.7,21.2,3760.0,7300.0,home improvement,102,1,0
1829,37,A,bachelor,36000.0,5.4,7.1,44920.0,8600.0,home improvement,202,0,0
1830,26,A,high school,40400.0,9.2,0.0,3470.0,19500.0,education,202,1,1
1831,39,B,bachelor,51000.0,6.3,10.6,7210.0,3100.0,car,102,0,1
1832,33,B,bachelor,42200.0,3.4,0.0,6140.0,6700.0,education,102,1,1
1833,53,B,high school,38700.0,5.7,29.7,12270.0,8500.0,debt consolidation,101,1,1
1834,27,B,bachelor,34600.0,14.6,0.8,9530.0,13100.0,car,103,1,1
1835,38,B,bachelor,66800.0,7.8,5.3,2510.0,16700.0,business,102,1,1
1836,52,B,high school,15700.0,7.1,29.5,800.0,39300.0,business,101,1,0
1837,38,A,bachelor,15800.0,6.9,12.4,12310.0,22400.0,home improvement,202,1,0
1838,29,A,master,54100.0,3.7,0.8,770.0,10800.0,car,204,1,1
1839,33,A,high school,28500.0,3.0,4.1,11870.0,27400.0,home improvement,204,0,0
1840,36,A,bachelor,39200.0,4.6,7.2,7140.0,5300.0,car,204,1,1
1841,39,A,master,37000.0,4.3,15.7,6310.0,16100.0,home improvement,203,1,1
1842,36,A,master,47100.0,11.2,11.5,9540.0,6700.0,home improvement,202,1,1
1843,56,B,bachelor,51700.0,4.8,31.6,2570.0,9000.0,car,102,1,1
1844,60,A,bachelor,73600.0,16.6,37.0,20600.0,26400.0,business,204,1,1
1845,23,A,bachelor,51400.0,8.7,0.0,3480.0,10100.0,business,201,1,1
1846,46,A,high school,21700.0,6.4,23.8,10260.0,9600.0,home improvement,204,1,1
1847,58,A,high school,38600.0,8.8,28.3,7000.0,6600.0,business,204,1,1
1848,33,A,bachelor,80500.0,6.8,6.4,10640.0,4900.0,debt consolidation,203,1,1
1849,55,B,high school,27200.0,7.8,22.4,36220.0,11400.0,education,102,0,0
1850,31,A,bachelor,28700.0,4.7,6.1,7130.0,11200.0,education,202,0,1
1851,44,A,bachelor,37300.0,11.1,14.9,41560.0,11000.0,car,204,1,1
1852,33,B,high school,27900.0,4.2,7.2,4690.0,8400.0,debt consolidation,101,1,0
1853,41,A,high school,19600.0,7.7,19.3,17200.0,8900.0,home improvement,204,0,1
1854,33,A,master,36200.0,3.5,6.6,6040.0,18300.0,car,203,1,1
1855,52,A,bachelor,35400.0,9.9,24.7,1840.0,23000.0,business,203,1,1
1856,41,A,high school,24400.0,11.2,9.7,1560.0,18800.0,business,201,1,1
1857,48,A,bachelor,61100.0,15.6,18.7,1460.0,7800.0,car,203,1,1
1858,62,B,phd,38900.0,3.7,36.5,5030.0,9300.0,business,103,1,1
1859,50,A,high school,38100.0,4.7,26.0,2260.0,13300.0,home improvement,204,1,1
1860,24,B,master,59400.0,15.5,0.0,6610.0,18600.0,car,103,1,1
1861,33,A,high school,86300.0,6.8,8.3,16360.0,31800.0,home improvement,202,1,1
1862,58,A,bachelor,28100.0,10.7,35.0,4320.0,3900.0,education,203,1,1
1863,45,A,bachelor,79400.0,21.5,22.0,9630.0,24500.0,education,203,1,1
1864,39,B,bachelor,60600.0,17.4,14.2,6400.0,19300.0,business,101,1,1
1865,35,B,high school,60200.0,13.0,9.0,970.0,36900.0,debt consolidation,102,1,1
1866,51,A,bachelor,29400.0,1.5,25.0,3690.0,31300.0,debt consolidation,204,1,1
1867,39,A,master,27800.0,10.4,16.7,1680.0,12900.0,home improvement,201,1,1
1868,37,A,master,130300.0,10.5,13.5,10140.0,9200.0,debt consolidation,203,1,1
1869,33,A,bachelor,81300.0,5.8,6.1,4760.0,19100.0,education,204,1,1
1870,38,A,high school,25700.0,1.8,7.5,8670.0,12600.0,home improvement,203,1,0
1871,21,B,bachelor,71900.0,6.9,0.0,7250.0,26800.0,business,103,1,1
1872,62,A,master,63500.0,15.1,37.6,740.0,26600.0,debt consolidation,203,1,1
1873,22,A,master,61800.0,5.3,0.0,3510.0,6400.0,car,204,1,1
1874,30,A,high school,66500.0,11.0,2.2,5830.0,5300.0,home improvement,201,1,1
1875,21,B,bachelor,36900.0,1.9,0.0,900.0,14400.0,business,102,0,0
1876,42,A,master,55100.0,8.7,13.0,9000.0,7000.0,car,201,1,0
1877,40,B,high school,35200.0,7.8,13.0,5160.0,21000.0,home improvement,101,1,1
1878,47,A,bachelor,87700.0,0.7,13.9,4840.0,7400.0,debt consolidation,203,1,1
1879,30,A,high school,38600.0,11.3,6.5,3180.0,12100.0,car,204,1,1
1880,56,B,high school,20500.0,8.2,23.2,31780.0,16100.0,debt consolidation,102,0,0
1881,34,A,bachelor,19500.0,5.1,4.4,10120.0,12300.0,debt consolidation,204,1,0
1882,25,A,master,91300.0,19.2,0.0,5020.0,16700.0,debt consolidation,203,1,1
1883,49,B,high school,27900.0,6.2,24.8,880.0,7100.0,car,103,1,1
1884,47,A,high school,56200.0,1.3,16.0,6680.0,5300.0,business,203,1,1
1885,53,B,master,19700.0,4.6,28.9,2370.0,38400.0,education,101,1,1
1886,50,A,master,44100.0,0.7,27.5,1640.0,10900.0,education,203,1,1
1887,35,B,high school,30800.0,2.7,8.8,1340.0,5100.0,car,103,1,1
1888,49,A,bachelor,13700.0,9.8,23.4,2190.0,47900.0,debt consolidation,202,1,0
1889,27,B,bachelor,40500.0,2.6,2.9,5940.0,7400.0,debt consolidation,102,1,1
1890,23,A,bachelor,49100.0,8.9,0.0,25200.0,11100.0,home improvement,202,1,1
1891,62,B,master,25200.0,4.9,34.4,10740.0,29600.0,debt consolidation,102,0,1
1892,21,B,bachelor,51500.0,4.3,0.0,4670.0,18800.0,car,102,0,1
1893,67,A,high school,44800.0,6.4,45.0,7120.0,20200.0,home improvement,202,1,1
1894,47,A,high school,61100.0,3.9,20.7,870.0,18400.0,business,201,1,1
1895,34,A,bachelor,66800.0,15.6,5.1,11410.0,18500.0,business,204,1,1
1896,21,A,bachelor,26400.0,6.4,0.0,6180.0,20900.0,debt consolidation,204,1,0
1897,41,A,master,68800.0,11.7,18.5,2980.0,12500.0,debt consolidation,204,1,1
1898,32,A,master,63300.0,11.9,0.2,24230.0,14600.0,education,204,1,1
1899,24,B,bachelor,23600.0,6.6,0.0,1470.0,21000.0,home improvement,102,1,0
1900,41,B,bachelor,74600.0,6.3,11.0,10410.0,18400.0,car,101,1,1
1901,28,A,high school,69100.0,3.4,1.6,49740.0,5700.0,education,202,1,1
1902,21,B,high school,30300.0,6.9,0.0,3850.0,57400.0,debt consolidation,102,1,0
1903,23,A,high school,18400.0,9.1,0.0,7490.0,29100.0,education,201,1,0
1904,34,B,high school,26500.0,15.0,10.9,2400.0,14800.0,car,103,0,0
1905,40,B,bachelor,23400.0,17.2,11.7,3520.0,19700.0,car,101,1,1
1906,24,B,phd,34900.0,9.2,0.0,7750.0,6600.0,education,102,1,1
1907,21,B,high school,39400.0,5.9,0.0,1380.0,10700.0,car,103,0,1
1908,47,B,bachelor,58700.0,5.1,25.7,4780.0,41000.0,home improvement,103,1,1
1909,57,A,high school,31800.0,7.0,32.3,3320.0,10400.0,home improvement,203,1,1
1910,29,A,phd,105700.0,2.6,5.8,8710.0,16700.0,home improvement,201,1,1
1911,54,A,bachelor,36600.0,2.0,21.5,1660.0,7000.0,debt consolidation,201,1,1
1912,29,A,bachelor,42600.0,5.6,1.8,1660.0,10000.0,car,204,1,1
1913,63,A,bachelor,37000.0,11.1,39.8,5350.0,11200.0,debt consolidation,203,1,1
1914,36,B,high school,23400.0,2.3,0.0,1130.0,26700.0,debt consolidation,101,1,0
1915,51,A,bachelor,101600.0,2.1,27.1,2940.0,18400.0,business,204,1,1
1916,30,A,master,102800.0,6.0,0.4,2600.0,18300.0,car,203,0,0
1917,47,B,high school,47900.0,14.0,20.7,14890.0,8800.0,business,103,1,1
1918,43,B,bachelor,24000.0,7.7,14.1,4150.0,8700.0,education,102,1,1
1919,33,A,high school,94000.0,16.4,0.0,2320.0,18600.0,education,204,1,1
1920,41,A,bachelor,49500.0,18.4,17.1,2920.0,20000.0,car,201,1,1
1921,26,A,bachelor,35900.0,10.5,1.7,5540.0,9700.0,debt consolidation,201,1,1
1922,40,A,master,31900.0,18.1,8.6,7030.0,21500.0,debt consolidation,201,1,1
1923,50,A,bachelor,32800.0,12.1,21.2,7710.0,23400.0,business,202,1,1
1924,27,B,bachelor,50400.0,11.1,0.0,2330.0,11800.0,car,101,1,1
1925,55,A,high school,34700.0,12.4,33.2,4620.0,22200.0,business,203,0,1
1926,21,B,bachelor,20100.0,8.1,0.0,1090.0,17300.0,car,103,1,1
1927,45,B,high school,34600.0,2.3,18.8,2640.0,18800.0,education,102,1,1
1928,46,A,bachelor,26500.0,2.6,22.3,13990.0,30400.0,business,204,0,0
1929,53,B,bachelor,16100.0,1.8,29.1,7550.0,23600.0,home improvement,103,0,1
1930,60,A,master,36400.0,12.7,36.0,22900.0,17000.0,business,202,1,1
1931,42,A,phd,97800.0,4.4,17.2,4990.0,8500.0,car,202,1,1
1932,38,B,bachelor,30200.0,4.3,12.8,2330.0,15500.0,home improvement,103,0,0
1933,40,A,bachelor,29600.0,5.8,15.5,27530.0,8500.0,business,201,1,1
1934,58,A,high school,46100.0,12.0,34.8,4300.0,19000.0,car,202,1,1
1935,24,B,bachelor,32700.0,0.7,0.0,1750.0,14700.0,business,102,0,1
1936,34,B,high school,99000.0,21.5,11.1,4010.0,12200.0,business,103,1,1
1937,33,A,high school,31800.0,6.5,10.2,2090.0,15500.0,car,203,1,1
1938,42,B,high school,39400.0,4.3,19.2,3230.0,19000.0,car,101,1,1
1939,27,B,bachelor,39100.0,1.8,3.7,50430.0,6700.0,education,101,0,1
1940,35,A,high school,20500.0,13.9,3.9,2880.0,20300.0,debt consolidation,201,1,0
1941,43,A,high school,48400.0,7.6,11.7,1220.0,21400.0,business,204,1,1
1942,51,B,bachelor,61300.0,9.5,22.7,6850.0,15500.0,education,102,1,1
1943,35,A,phd,48300.0,4.6,3.0,1370.0,9500.0,home improvement,203,1,1
1944,60,B,phd,51100.0,12.7,34.3,13270.0,11900.0,car,101,1,1
1945,33,A,high school,45900.0,17.3,6.0,2830.0,14100.0,car,201,0,1
1946,61,B,bachelor,22000.0,2.7,28.5,2930.0,8200.0,home improvement,102,1,1
1947,54,B,bachelor,79200.0,13.1,31.9,4750.0,15700.0,home improvement,102,1,1
1948,38,A,master,54100.0,7.6,8.3,3150.0,10100.0,debt consolidation,203,1,1
1949,44,A,high school,37600.0,9.1,22.2,1130.0,17000.0,debt consolidation,203,1,1
1950,43,A,bachelor,42100.0,9.5,20.2,4860.0,23200.0,business,201,1,1
1951,61,A,bachelor,30100.0,4.5,31.8,9980.0,35000.0,home improvement,201,1,1
1952,28,A,bachelor,63900.0,1.2,0.0,4310.0,18000.0,car,201,1,1
1953,55,A,high school,68600.0,3.0,31.4,13040.0,24400.0,debt consolidation,201,1,1
1954,34,B,master,55400.0,3.5,0.0,1060.0,16200.0,car,102,1,1
1955,22,A,master,41600.0,2.5,0.0,1100.0,15400.0,business,201,1,1
1956,21,B,bachelor,33400.0,7.9,0.0,4880.0,21400.0,debt consolidation,103,1,1
1957,47,A,high school,29000.0,3.0,18.4,1540.0,21400.0,debt consolidation,201,0,0
1958,43,B,high school,21900.0,1.8,13.5,6770.0,7300.0,business,103,1,1
1959,51,A,phd,51100.0,4.7,27.5,1270.0,14400.0,car,201,1,1
1960,65,B,high school,19200.0,4.0,36.3,1900.0,32800.0,education,102,1,1
1961,37,A,bachelor,99500.0,2.8,10.2,190.0,13500.0,business,202,0,1
1962,36,A,bachelor,55700.0,2.6,11.7,9800.0,7700.0,education,202,1,1
1963,23,B,bachelor,19800.0,6.2,0.0,1740.0,8100.0,car,103,1,0
1964,55,B,high school,31100.0,2.0,29.3,820.0,14400.0,debt consolidation,103,0,1
1965,43,A,high school,15800.0,3.9,8.9,4280.0,23200.0,home improvement,204,1,1
1966,21,A,phd,132000.0,3.8,0.0,15130.0,13700.0,debt consolidation,204,1,1
1967,41,A,bachelor,26200.0,3.1,17.3,2970.0,8500.0,debt consolidation,202,0,1
1968,46,B,high school,42900.0,1.6,11.6,27610.0,16500.0,home improvement,103,1,0
1969,35,A,bachelor,28800.0,2.5,12.4,2380.0,10900.0,car,203,1,1
1970,58,B,high school,28700.0,16.1,35.1,1890.0,13800.0,business,102,1,1
1971,36,A,bachelor,80300.0,5.4,13.1,24280.0,24700.0,education,201,1,1
1972,30,A,high school,52500.0,12.3,4.8,2000.0,9600.0,car,204,1,1
1973,21,B,high school,30200.0,3.4,0.0,1950.0,13900.0,business,101,1,1
1974,27,A,high school,28600.0,2.2,5.1,9310.0,4000.0,business,202,0,1
1975,47,A,high school,21600.0,1.0,22.8,7960.0,16600.0,home improvement,203,0,1
1976,32,B,bachelor,31900.0,10.6,7.7,2340.0,15000.0,car,102,1,1
1977,30,A,master,47500.0,9.6,4.3,56830.0,19300.0,debt consolidation,204,0,0
1978,27,A,high school,22100.0,15.1,0.0,1080.0,18100.0,business,202,1,1
1979,55,B,bachelor,48100.0,1.6,29.6,2220.0,7400.0,education,101,1,1
1980,35,B,master,27400.0,10.5,2.5,19690.0,14700.0,car,103,0,1
1981,43,A,master,45200.0,6.0,14.9,2160.0,13700.0,debt consolidation,202,1,1
1982,53,A,master,45400.0,8.9,31.6,54650.0,6100.0,car,201,1,1
1983,35,B,high school,37500.0,10.6,11.8,3600.0,15000.0,debt consolidation,102,1,1
1984,52,A,high school,37100.0,11.4,30.5,5550.0,20800.0,home improvement,204,1,1
1985,33,A,high school,61100.0,7.0,5.0,3790.0,13500.0,debt consolidation,204,0,1
1986,35,A,high school,42700.0,15.1,11.5,6950.0,14500.0,home improvement,204,0,1
1987,37,B,master,50900.0,8.1,6.9,38080.0,19900.0,education,102,0,0
1988,50,A,high school,46300.0,0.4,24.2,37900.0,10200.0,education,201,0,1
1989,54,A,master,79400.0,37.3,27.4,3530.0,5800.0,car,201,1,1
1990,28,A,high school,62600.0,1.8,2.6,14570.0,49800.0,business,203,1,1
1991,33,B,bachelor,53800.0,11.4,6.2,19700.0,16200.0,debt consolidation,101,1,1
1992,53,B,high school,49000.0,24.2,27.5,2460.0,10900.0,business,102,1,1
1993,39,B,high school,28800.0,1.7,7.8,5740.0,13900.0,debt consolidation,103,0,1
1994,30,B,high school,82000.0,12.6,4.7,1140.0,14200.0,home improvement,103,1,1
1995,54,B,high school,28200.0,8.4,24.3,3990.0,12600.0,debt consolidation,103,0,1
1996,35,A,bachelor,59800.0,9.6,12.9,4530.0,7100.0,car,201,1,1
1997,48,B,bachelor,29000.0,7.8,15.4,5070.0,11700.0,business,103,0,1
1998,43,B,high school,46000.0,18.7,9.2,5670.0,20800.0,home improvement,103,0,1
1999,26,B,high school,30200.0,12.1,0.0,3540.0,14500.0,business,102,1,1
2000,30,A,bachelor,34600.0,10.4,0.0,3390.0,34500.0,debt consolidation,203,1,1
2001,30,B,high school,24700.0,3.3,0.3,880.0,23100.0,debt consolidation,102,0,1
2002,46,A,bachelor,46500.0,8.5,20.2,1250.0,13200.0,car,203,1,1
2003,43,A,bachelor,36800.0,5.4,15.4,10770.0,45400.0,home improvement,201,1,0
2004,32,A,master,72800.0,23.4,9.0,990.0,19600.0,education,203,1,1
2005,28,B,bachelor,32800.0,4.9,5.7,1160.0,16200.0,home improvement,101,1,1
2006,35,A,high school,44000.0,6.5,8.2,1430.0,24800.0,education,204,1,0
2007,42,A,high school,53900.0,2.8,14.1,3970.0,13100.0,home improvement,201,1,1
2008,56,A,high school,59700.0,14.5,27.2,2070.0,10100.0,debt consolidation,204,1,1
2009,24,A,master,93200.0,10.2,0.0,4740.0,26900.0,car,203,1,1
2010,30,B,high school,48900.0,11.7,2.1,3820.0,15500.0,education,101,1,1
2011,42,A,master,112400.0,8.0,14.4,5530.0,9900.0,home improvement,203,1,1
2012,40,B,high school,39900.0,12.7,16.8,5210.0,15400.0,home improvement,101,0,1
2013,25,A,bachelor,34500.0,6.9,0.0,104670.0,14800.0,car,203,0,0
2014,59,B,high school,30400.0,6.2,37.1,4420.0,6700.0,debt consolidation,102,1,1
2015,53,A,bachelor,17200.0,7.8,22.9,4740.0,8900.0,car,202,1,1
2016,32,A,bachelor,85700.0,2.0,1.1,2900.0,9700.0,home improvement,203,1,1
2017,45,A,bachelor,77800.0,5.5,18.3,10740.0,7700.0,home improvement,204,1,1
2018,41,A,master,24600.0,12.2,13.2,1790.0,18900.0,debt consolidation,201,1,1
2019,38,A,high school,38600.0,10.7,13.3,11830.0,50000.0,business,203,1,0
2020,44,B,high school,15500.0,7.1,0.0,1510.0,19700.0,car,102,0,1
2021,61,A,high school,36800.0,2.4,20.9,4950.0,18700.0,car,202,1,1
2022,40,A,bachelor,73200.0,18.8,10.7,1270.0,17200.0,business,203,1,1
2023,54,A,high school,68800.0,5.0,31.1,10820.0,17100.0,education,201,1,1
2024,50,B,master,40500.0,4.8,25.7,410.0,22500.0,debt consolidation,103,1,1
2025,31,B,bachelor,55700.0,11.1,7.8,1590.0,13400.0,home improvement,101,1,1
2026,59,A,bachelor,22200.0,5.4,35.5,2260.0,19600.0,home improvement,202,0,1
2027,57,A,master,28100.0,13.4,20.8,1020.0,8800.0,business,202,1,1
2028,44,A,high school,75500.0,10.8,20.8,5510.0,10800.0,car,204,1,1
2029,36,A,bachelor,27500.0,7.3,12.3,3930.0,28100.0,home improvement,203,1,1
2030,28,A,master,91800.0,18.2,3.8,10810.0,30100.0,home improvement,202,1,1
2031,41,A,bachelor,31100.0,7.3,14.2,8010.0,26900.0,home improvement,204,1,0
2032,39,A,bachelor,51800.0,8.4,15.1,42440.0,19400.0,debt consolidation,203,0,1
2033,56,A,bachelor,12300.0,4.3,32.6,700.0,13000.0,car,203,1,1
2034,29,A,high school,28800.0,4.5,0.0,19980.0,32800.0,car,203,1,0
2035,45,A,bachelor,96500.0,4.6,22.5,7940.0,7800.0,home improvement,202,1,1
2036,34,A,high school,32100.0,4.3,5.7,6430.0,29400.0,debt consolidation,204,1,1
2037,33,A,bachelor,34400.0,0.9,6.2,41830.0,13700.0,home improvement,201,0,0
2038,34,A,high school,66200.0,4.0,8.5,2670.0,9500.0,debt consolidation,203,1,1
2039,48,A,bachelor,47400.0,7.7,18.0,4380.0,16700.0,debt consolidation,203,1,1
2040,43,B,high school,17300.0,4.6,12.0,1860.0,32200.0,education,102,0,1
2041,35,A,bachelor,22700.0,5.1,8.1,3440.0,12200.0,car,202,1,1
2042,42,A,bachelor,37700.0,3.0,18.3,2920.0,5100.0,home improvement,202,1,1
2043,31,B,bachelor,33300.0,2.6,6.4,15590.0,8500.0,car,103,1,1
2044,34,A,high school,33400.0,3.6,11.9,2790.0,11800.0,debt consolidation,204,0,1
2045,42,B,bachelor,19500.0,5.9,15.3,8410.0,14000.0,debt consolidation,102,0,1
2046,31,B,master,42700.0,4.6,5.8,10410.0,6400.0,home improvement,102,0,1
2047,27,A,high school,48200.0,6.0,2.7,5970.0,7400.0,car,203,1,1
2048,56,A,bachelor,103800.0,2.8,31.7,6970.0,24400.0,home improvement,204,1,1
2049,42,B,high school,36400.0,21.4,19.8,6180.0,19000.0,car,101,1,1
2050,40,A,high school,65900.0,3.1,11.9,3480.0,14800.0,home improvement,202,1,1
2051,39,B,bachelor,13500.0,7.0,12.7,3530.0,11400.0,car,103,0,1
2052,35,A,master,120100.0,10.0,6.0,5940.0,9600.0,debt consolidation,201,1,1
2053,36,B,high school,34600.0,9.2,7.6,11560.0,21900.0,car,101,1,1
2054,66,A,phd,36400.0,11.3,43.3,6650.0,16700.0,education,204,1,1
2055,47,A,master,57900.0,20.1,20.0,630.0,13300.0,debt consolidation,203,1,1
2056,32,B,master,44700.0,7.7,5.5,8020.0,14000.0,home improvement,101,0,1
2057,60,A,high school,50400.0,14.8,31.7,4230.0,7300.0,car,201,1,1
2058,32,A,master,80600.0,12.6,1.8,33110.0,10400.0,debt consolidation,203,1,0
2059,54,A,high school,30200.0,9.2,26.6,14360.0,11500.0,education,203,1,1
2060,35,A,master,54300.0,5.5,7.9,12080.0,21800.0,business,204,0,1
2061,44,A,bachelor,50600.0,4.4,8.7,15810.0,5200.0,business,203,1,1
2062,40,A,bachelor,14800.0,12.8,18.5,11650.0,13800.0,home improvement,203,0,0
2063,42,A,high school,34100.0,2.2,13.4,6620.0,5300.0,home improvement,203,1,1
2064,40,B,phd,45700.0,1.8,14.0,15170.0,21100.0,car,103,0,1
2065,35,A,master,50200.0,15.7,11.5,8760.0,12400.0,education,204,1,1
2066,42,A,bachelor,50300.0,10.2,16.8,4280.0,34200.0,debt consolidation,204,1,1
2067,58,A,high school,31800.0,19.2,34.1,1770.0,4800.0,debt consolidation,204,1,1
2068,36,A,high school,46600.0,6.3,5.4,5540.0,16800.0,home improvement,203,0,1
2069,26,A,bachelor,72100.0,12.0,0.7,1570.0,27800.0,car,202,1,0
2070,22,A,bachelor,34200.0,3.7,0.0,28180.0,21300.0,car,201,1,0
2071,27,A,bachelor,35500.0,9.3,3.7,11010.0,16800.0,business,203,0,1
2072,21,A,master,97000.0,21.2,0.0,4100.0,7600.0,car,201,1,1
2073,21,A,high school,71300.0,9.2,0.0,8570.0,14700.0,car,201,1,1
2074,46,A,master,50900.0,5.8,21.2,3880.0,9000.0,debt consolidation,202,1,1
2075,47,A,master,27400.0,18.3,20.8,32700.0,10400.0,education,201,0,0
2076,43,B,high school,40900.0,3.5,20.1,10790.0,11200.0,car,101,0,1
2077,24,A,bachelor,18500.0,15.4,0.0,79340.0,5600.0,business,203,0,0
2078,39,B,high school,59100.0,4.2,5.0,11470.0,13100.0,education,103,1,1
2079,42,A,bachelor,46400.0,2.9,16.2,6500.0,16500.0,business,203,1,1
2080,42,A,high school,56900.0,16.8,17.9,3000.0,7100.0,business,204,1,1
2081,52,B,high school,22100.0,10.6,21.4,5470.0,15500.0,debt consolidation,103,1,1
2082,46,A,bachelor,58800.0,12.7,23.4,1640.0,17400.0,debt consolidation,204,1,1
2083,42,A,phd,85100.0,5.4,14.2,8220.0,16700.0,education,203,1,1
2084,53,B,bachelor,34500.0,1.6,30.1,1260.0,15500.0,home improvement,101,1,0
2085,48,B,bachelor,18200.0,10.1,26.0,8090.0,22000.0,debt consolidation,102,1,0
2086,47,A,bachelor,25600.0,5.7,24.3,4250.0,10700.0,car,202,1,1
2087,45,A,high school,28500.0,2.3,22.3,15310.0,26800.0,home improvement,201,1,1
2088,36,A,high school,51600.0,8.7,11.3,1470.0,15000.0,business,202,1,1
2089,60,B,phd,78700.0,8.7,37.9,2910.0,10700.0,education,102,1,1
2090,41,A,master,84700.0,8.0,16.3,22690.0,31700.0,debt consolidation,202,1,1
2091,25,A,bachelor,36700.0,1.9,0.0,23680.0,24800.0,home improvement,204,1,1
2092,43,B,phd,69200.0,3.5,18.2,14630.0,16800.0,debt consolidation,102,0,1
2093,44,A,bachelor,34700.0,3.7,19.4,3240.0,14200.0,car,204,1,1
2094,65,B,bachelor,21800.0,12.9,30.7,2130.0,22100.0,education,102,1,1
2095,35,A,high school,46000.0,3.8,10.9,23720.0,4600.0,debt consolidation,203,1,0
2096,44,B,master,53500.0,11.7,21.6,6760.0,7000.0,home improvement,102,1,1
2097,50,A,bachelor,40100.0,17.4,27.0,7370.0,12800.0,car,204,1,1
2098,46,A,bachelor,67800.0,8.6,23.2,11280.0,13600.0,car,203,1,1
2099,49,B,master,41100.0,5.3,23.1,920.0,13600.0,home improvement,103,1,1
2100,43,A,phd,105000.0,19.1,13.6,2690.0,22900.0,car,201,1,1
2101,49,A,high school,56900.0,16.9,17.5,4380.0,21400.0,debt consolidation,204,1,1
2102,21,A,bachelor,28900.0,8.0,0.0,1920.0,27500.0,debt consolidation,204,1,1
2103,57,A,phd,43000.0,14.7,31.9,4600.0,17700.0,business,203,1,1
2104,41,A,high school,16000.0,0.4,17.8,4560.0,9800.0,car,204,0,1
2105,32,B,bachelor,35100.0,1.1,8.4,11100.0,8800.0,home improvement,101,0,1
2106,53,A,high school,37500.0,20.2,25.7,3800.0,8200.0,debt consolidation,201,1,1
2107,41,A,master,61500.0,8.8,18.2,2150.0,50400.0,car,202,1,1
2108,26,A,high school,37400.0,12.8,1.6,7200.0,12200.0,debt consolidation,201,1,1
2109,41,A,high school,60400.0,7.8,12.9,1410.0,23300.0,debt consolidation,201,1,1
2110,47,A,bachelor,38900.0,8.3,20.9,3140.0,5700.0,debt consolidation,204,1,1
2111,25,B,bachelor,22200.0,3.4,0.0,2070.0,11700.0,education,103,1,1
2112,25,A,bachelor,91500.0,6.5,0.0,3010.0,14800.0,debt consolidation,201,1,1
2113,44,A,phd,67000.0,4.9,10.9,7670.0,14100.0,home improvement,204,1,0
2114,31,A,bachelor,29700.0,5.0,0.6,7380.0,11100.0,education,204,1,1
2115,43,B,bachelor,63800.0,7.5,15.9,3370.0,13900.0,education,102,1,1
2116,28,A,high school,20700.0,4.3,0.0,16710.0,30100.0,education,202,0,0
2117,33,B,master,112400.0,3.4,10.6,4310.0,41100.0,debt consolidation,103,1,1
2118,30,A,phd,120600.0,2.4,4.4,2400.0,7500.0,car,201,1,1
2119,44,A,bachelor,31000.0,4.5,18.5,1840.0,18700.0,home improvement,202,0,1
2120,38,A,master,23200.0,27.1,8.1,1830.0,9900.0,education,203,1,1
2121,31,A,bachelor,22700.0,1.6,0.0,2390.0,8900.0,home improvement,202,1,1
2122,62,A,bachelor,33700.0,9.3,35.6,5130.0,29400.0,debt consolidation,201,1,1
2123,42,A,bachelor,24700.0,4.5,15.4,1070.0,15700.0,car,201,1,0
2124,32,A,bachelor,42800.0,16.9,0.0,10870.0,27600.0,car,202,1,0
2125,33,A,master,100400.0,2.4,7.8,3250.0,17300.0,debt consolidation,203,1,1
2126,30,B,bachelor,30400.0,3.1,2.2,6380.0,15900.0,business,102,0,1
2127,53,B,bachelor,37200.0,7.7,31.5,3040.0,5800.0,education,103,0,1
2128,26,B,high school,22500.0,12.1,1.3,3440.0,25800.0,business,101,1,1
2129,37,B,high school,20900.0,1.8,1.4,1310.0,18500.0,car,101,1,0
2130,53,A,master,94400.0,18.5,30.0,6220.0,14600.0,debt consolidation,203,1,1
2131,29,A,bachelor,28300.0,3.7,0.0,5370.0,6300.0,debt consolidation,203,0,1
2132,27,A,high school,19400.0,0.9,0.0,940.0,28500.0,car,204,1,0
2133,43,B,high school,27400.0,13.2,16.3,2580.0,14300.0,debt consolidation,101,1,1
2134,53,A,phd,43900.0,11.3,24.6,14100.0,5900.0,home improvement,201,1,1
2135,29,A,high school,71600.0,2.3,2.0,4340.0,19300.0,home improvement,203,1,1
2136,34,A,bachelor,101200.0,3.2,10.5,2740.0,21500.0,home improvement,201,1,1
2137,46,B,bachelor,6500.0,6.6,21.4,1210.0,12100.0,business,101,0,1
2138,40,B,high school,46000.0,14.5,15.1,10910.0,18600.0,car,102,0,1
2139,38,A,bachelor,76800.0,9.6,15.0,1040.0,14000.0,business,204,1,1
2140,34,A,bachelor,23400.0,15.2,2.4,5770.0,11700.0,education,202,1,1
2141,44,A,bachelor,46800.0,3.4,15.9,5540.0,13900.0,debt consolidation,203,1,1
2142,21,A,bachelor,51200.0,9.5,0.0,680.0,11400.0,car,201,0,1
2143,68,A,master,92200.0,5.0,44.0,58540.0,17700.0,education,202,1,1
2144,29,A,high school,78000.0,15.1,0.0,5810.0,9300.0,debt consolidation,202,1,1
2145,51,A,high school,49100.0,2.8,25.2,2080.0,31300.0,debt consolidation,204,1,1
2146,30,B,bachelor,12800.0,17.0,8.0,6780.0,17300.0,home improvement,103,0,0
2147,47,B,bachelor,62800.0,4.0,24.1,4650.0,13700.0,business,101,0,1
2148,30,B,master,27200.0,14.8,1.3,7540.0,27200.0,debt consolidation,102,1,0
2149,54,B,high school,22200.0,4.4,26.8,84440.0,10000.0,education,103,0,0
2150,52,B,bachelor,25600.0,11.2,19.1,19170.0,60700.0,business,101,0,1
2151,35,A,bachelor,49900.0,8.1,8.6,4830.0,17300.0,home improvement,202,0,1
2152,46,A,high school,56100.0,6.9,21.2,2920.0,14900.0,car,203,1,1
2153,32,A,phd,27400.0,5.0,4.8,14520.0,11700.0,debt consolidation,204,1,0
2154,47,A,bachelor,125100.0,1.6,19.2,4000.0,20400.0,car,203,1,1
2155,50,A,master,61000.0,5.8,26.8,9910.0,9400.0,home improvement,204,1,1
2156,27,A,high school,29500.0,10.2,0.0,12990.0,15100.0,education,201,0,0
2157,22,A,high school,30600.0,1.3,0.0,17000.0,34500.0,home improvement,201,0,1
2158,46,B,high school,33100.0,11.6,23.3,2270.0,18600.0,home improvement,102,1,1
2159,24,A,master,28000.0,8.9,0.0,32590.0,17400.0,debt consolidation,204,0,0
2160,25,B,master,43500.0,4.3,0.0,8050.0,8500.0,debt consolidation,101,1,1
2161,30,B,bachelor,31200.0,6.4,0.0,2340.0,29700.0,home improvement,103,0,1
2162,32,B,bachelor,58900.0,6.9,6.2,11850.0,17600.0,home improvement,102,0,1
2163,45,A,high school,55300.0,1.9,18.9,3600.0,15300.0,education,202,1,1
2164,52,A,bachelor,30000.0,1.2,23.8,970.0,8000.0,home improvement,203,1,1
2165,45,B,bachelor,48300.0,6.9,21.1,12890.0,10400.0,debt consolidation,101,1,1
2166,38,A,high school,48000.0,7.1,10.7,80970.0,26400.0,debt consolidation,203,0,0
2167,41,A,high school,68200.0,12.9,18.2,1940.0,17000.0,home improvement,201,1,1
2168,37,A,bachelor,60300.0,7.3,0.7,13480.0,16100.0,home improvement,203,1,0
2169,41,A,high school,68900.0,13.4,16.6,2120.0,31000.0,debt consolidation,203,1,1
2170,36,A,bachelor,42100.0,8.5,14.5,930.0,6700.0,business,204,1,1
2171,54,B,bachelor,90200.0,10.7,24.6,1990.0,30200.0,debt consolidation,102,1,1
2172,27,B,bachelor,54100.0,17.1,3.1,6150.0,8200.0,education,101,1,1
2173,55,B,high school,44000.0,7.7,30.5,2120.0,18100.0,home improvement,101,0,1
2174,52,A,high school,49900.0,5.7,23.9,11240.0,11800.0,home improvement,203,1,1
2175,21,A,high school,17400.0,5.5,0.0,6030.0,13200.0,debt consolidation,202,0,1
2176,57,B,master,42100.0,5.0,31.1,17080.0,10300.0,business,101,1,1
2177,42,B,high school,18600.0,18.9,14.6,7550.0,35600.0,business,101,1,0
2178,47,A,bachelor,36200.0,15.8,19.7,1550.0,9300.0,car,203,1,1
2179,30,A,bachelor,118600.0,2.4,4.0,7100.0,8700.0,business,203,1,1
2180,53,A,bachelor,79800.0,7.7,28.0,14360.0,21800.0,debt consolidation,201,1,1
2181,65,B,phd,48000.0,9.5,41.8,32420.0,10900.0,car,102,1,1
2182,49,A,bachelor,41500.0,8.1,23.5,2210.0,24100.0,business,202,1,1
2183,62,A,bachelor,26200.0,21.9,32.3,5540.0,16900.0,debt consolidation,201,1,1
2184,35,A,high school,28500.0,3.2,9.1,1470.0,20900.0,business,202,1,1
2185,39,B,high school,47200.0,9.5,5.2,2730.0,17500.0,debt consolidation,102,1,0
2186,21,A,bachelor,36400.0,10.7,0.0,8470.0,26400.0,car,202,1,1
2187,44,B,high school,17700.0,11.4,11.5,12140.0,10900.0,education,101,0,1
2188,29,A,bachelor,50400.0,2.2,0.0,5280.0,17800.0,car,204,1,1
2189,28,A,high school,43800.0,5.8,0.0,30870.0,17500.0,debt consolidation,203,0,0
2190,40,A,bachelor,56600.0,3.2,15.8,1850.0,8100.0,debt consolidation,203,1,1
2191,39,A,bachelor,53400.0,2.4,7.6,3430.0,14500.0,car,201,0,1
2192,21,B,high school,53500.0,5.7,0.0,10570.0,9700.0,education,102,0,0
2193,32,A,bachelor,16600.0,2.7,6.3,19550.0,15200.0,education,201,0,0
2194,36,B,bachelor,20500.0,13.2,14.2,2070.0,7400.0,debt consolidation,101,1,1
2195,64,B,high school,22100.0,21.4,35.2,10200.0,11200.0,car,102,1,0
2196,51,A,master,32100.0,12.2,21.3,1410.0,15500.0,debt consolidation,201,1,1
2197,39,A,bachelor,32600.0,8.1,16.4,8270.0,24000.0,education,204,1,1
2198,48,A,high school,39900.0,6.6,25.3,11400.0,22600.0,business,204,1,1
2199,29,B,high school,28700.0,9.8,3.6,13100.0,16500.0,education,103,1,1
2200,38,B,phd,78500.0,4.5,7.6,4530.0,15600.0,car,102,1,1
2201,36,A,bachelor,63100.0,3.1,4.9,7610.0,10100.0,car,204,1,0
2202,55,A,bachelor,70800.0,2.0,32.6,6580.0,8200.0,education,204,1,1
2203,32,A,master,69400.0,13.3,10.2,3850.0,20500.0,home improvement,203,1,1
2204,23,A,bachelor,35300.0,14.1,0.0,3510.0,14500.0,education,203,1,1
2205,51,A,bachelor,125600.0,11.9,21.2,4490.0,41800.0,home improvement,204,1,1
2206,39,A,high school,36100.0,6.0,16.8,11710.0,39000.0,home improvement,202,1,1
2207,50,A,phd,70700.0,3.6,26.9,8920.0,14000.0,debt consolidation,201,1,1
2208,33,B,bachelor,30600.0,13.2,0.0,4370.0,9900.0,education,103,1,1
2209,28,B,bachelor,22900.0,16.1,3.5,9190.0,12700.0,car,103,1,0
2210,35,A,master,38600.0,13.0,11.1,6940.0,8800.0,car,204,1,1
2211,56,A,high school,66100.0,8.8,27.5,1170.0,29100.0,education,204,1,1
2212,52,A,high school,42400.0,10.9,26.8,6480.0,14700.0,debt consolidation,202,1,1
2213,24,A,master,71100.0,5.7,0.4,1490.0,21600.0,education,201,1,1
2214,54,B,bachelor,26500.0,22.7,31.4,2500.0,11100.0,car,103,1,1
2215,50,A,master,50000.0,5.9,26.3,21660.0,18300.0,debt consolidation,203,1,1
2216,44,A,high school,26400.0,6.5,18.0,3060.0,16300.0,debt consolidation,204,1,1
2217,45,A,master,71900.0,0.7,16.3,16670.0,54300.0,car,202,1,1
2218,40,A,master,61000.0,6.4,16.4,3320.0,24800.0,debt consolidation,202,1,1
2219,51,B,master,27300.0,14.4,28.3,1800.0,13400.0,car,102,1,1
2220,39,B,bachelor,45400.0,5.2,12.6,4640.0,8500.0,car,102,0,1
2221,36,A,high school,37300.0,1.6,9.6,7140.0,13700.0,debt consolidation,202,0,1
2222,46,A,bachelor,24100.0,8.1,23.2,14980.0,11200.0,education,201,1,0
2223,39,A,high school,70300.0,4.6,13.5,560.0,16900.0,car,202,1,1
2224,21,A,high school,23900.0,5.0,0.0,9730.0,13400.0,car,202,0,0
2225,26,A,phd,59400.0,7.3,0.0,2100.0,46800.0,car,203,1,1
2226,37,A,high school,32300.0,4.9,12.8,360.0,17300.0,education,203,0,1
2227,66,A,high school,72000.0,19.6,43.3,4190.0,14800.0,debt consolidation,201,1,1
2228,43,B,master,43400.0,13.7,15.8,16690.0,7700.0,debt consolidation,101,0,1
2229,47,A,high school,22600.0,11.7,20.0,7950.0,11000.0,business,203,1,1
2230,29,B,bachelor,20800.0,3.2,6.3,5930.0,17100.0,home improvement,101,0,0
2231,54,A,high school,39400.0,7.4,27.1,13480.0,10900.0,home improvement,204,1,1
2232,51,A,bachelor,36000.0,5.4,22.8,2870.0,5700.0,car,202,1,1
2233,40,B,master,50000.0,13.8,11.9,3630.0,10900.0,business,103,0,0
2234,23,A,high school,25200.0,11.0,0.0,2410.0,11600.0,car,201,1,0
2235,21,B,high school,25000.0,16.5,0.0,3570.0,11100.0,car,101,0,0
2236,36,A,bachelor,50700.0,7.2,0.0,1590.0,14900.0,business,201,1,0
2237,37,A,bachelor,30700.0,12.9,12.6,6140.0,9000.0,debt consolidation,204,1,1
2238,35,B,bachelor,35400.0,4.8,12.8,3640.0,13100.0,debt consolidation,103,0,1
2239,22,A,bachelor,29800.0,3.1,0.0,4960.0,34600.0,home improvement,204,0,1
2240,56,A,high school,25500.0,13.0,15.7,16870.0,6900.0,home improvement,203,1,1
2241,71,A,bachelor,81200.0,4.3,46.7,4030.0,14800.0,debt consolidation,203,1,1
2242,33,A,master,105000.0,6.9,3.3,1270.0,18500.0,education,203,1,0
2243,35,B,bachelor,48600.0,6.1,10.4,3840.0,44000.0,debt consolidation,102,0,0
2244,25,B,bachelor,57600.0,1.5,0.0,2690.0,26600.0,car,103,0,1
2245,25,A,bachelor,43700.0,4.7,0.0,3990.0,32600.0,business,204,0,1
2246,21,B,phd,54700.0,3.1,0.0,13050.0,26800.0,education,102,0,1
2247,37,A,bachelor,35000.0,10.9,14.0,8780.0,11000.0,business,202,1,1
2248,45,A,master,89200.0,6.9,21.6,4240.0,14300.0,debt consolidation,202,1,1
2249,37,A,high school,28200.0,6.7,15.2,2880.0,14600.0,debt consolidation,201,1,1
2250,32,A,bachelor,42000.0,7.0,0.0,2060.0,7100.0,debt consolidation,204,1,1
2251,33,A,bachelor,34100.0,19.0,7.0,5720.0,30900.0,home improvement,204,1,1
2252,44,A,phd,59800.0,5.2,8.5,10030.0,17200.0,debt consolidation,204,1,1
2253,40,B,high school,24800.0,19.7,11.9,3530.0,14200.0,business,101,1,1
2254,44,A,high school,37200.0,5.8,15.2,2850.0,7600.0,home improvement,203,1,1
2255,36,B,bachelor,39600.0,19.0,6.2,1720.0,18900.0,education,101,1,1
2256,35,A,phd,68800.0,2.2,6.2,3790.0,15000.0,car,201,1,1
2257,44,A,master,32300.0,7.3,15.1,6060.0,26700.0,debt consolidation,203,1,1
2258,39,A,phd,104000.0,12.1,16.8,3660.0,22800.0,car,204,1,1
2259,39,B,master,42800.0,15.2,16.2,3080.0,16800.0,business,102,1,1
2260,23,A,high school,43500.0,2.1,0.0,5580.0,41400.0,home improvement,201,1,1
2261,50,A,master,49500.0,17.6,24.6,1630.0,7100.0,home improvement,202,1,1
2262,30,A,bachelor,54700.0,4.5,6.8,2790.0,20900.0,debt consolidation,202,1,1
2263,63,A,master,82000.0,4.8,37.1,7660.0,16900.0,debt consolidation,201,1,1
2264,33,B,phd,79600.0,3.0,0.0,3980.0,42500.0,debt consolidation,101,1,1
2265,33,A,bachelor,49400.0,12.3,8.7,1110.0,3800.0,debt consolidation,203,1,1
2266,33,B,bachelor,42300.0,24.8,9.3,7670.0,24900.0,education,101,1,0
2267,49,A,high school,20100.0,2.4,24.8,7260.0,10600.0,debt consolidation,204,1,1
2268,36,A,bachelor,198400.0,5.0,4.9,4800.0,20300.0,education,204,1,1
2269,31,B,master,46300.0,3.5,5.1,6090.0,19200.0,education,102,1,1
2270,43,A,bachelor,39500.0,9.2,18.0,7740.0,19400.0,home improvement,204,1,1
2271,50,B,phd,53900.0,8.2,27.2,6260.0,7200.0,debt consolidation,103,0,1
2272,55,A,bachelor,116900.0,3.2,29.3,2720.0,36900.0,car,202,1,1
2273,56,A,bachelor,20700.0,8.9,22.0,4050.0,21000.0,education,201,1,1
2274,39,B,master,53200.0,12.6,3.8,7910.0,9100.0,education,102,0,1
2275,32,A,master,42600.0,8.3,7.8,6370.0,14800.0,business,203,1,1
2276,52,B,bachelor,27000.0,8.5,13.7,5070.0,8600.0,debt consolidation,102,1,1
2277,36,A,master,61500.0,12.1,6.6,5460.0,23500.0,car,203,0,1
2278,29,A,bachelor,50900.0,9.4,0.1,6960.0,12600.0,education,203,1,1
2279,33,A,bachelor,34000.0,11.5,3.3,2500.0,21200.0,car,204,0,0
2280,39,B,high school,72500.0,3.9,11.9,3350.0,12900.0,debt consolidation,103,1,1
2281,51,B,high school,39100.0,4.3,18.8,1800.0,26300.0,education,102,1,1
2282,59,A,high school,28700.0,5.3,32.1,8850.0,11700.0,home improvement,201,0,1
2283,39,B,bachelor,19400.0,1.5,12.8,2740.0,32800.0,education,102,1,1
2284,47,A,master,57000.0,4.2,17.3,3100.0,7900.0,home improvement,201,0,1
2285,58,B,high school,26000.0,14.0,26.3,4370.0,22900.0,home improvement,101,1,1
2286,25,A,bachelor,87400.0,10.3,0.0,2250.0,22000.0,home improvement,203,1,1
2287,29,A,bachelor,30100.0,3.9,4.5,9040.0,6400.0,car,201,1,1
2288,42,B,bachelor,25400.0,13.3,14.4,5930.0,17800.0,education,103,1,1
2289,32,B,bachelor,21200.0,2.3,0.0,1450.0,6600.0,debt consolidation,102,1,1
2290,45,B,bachelor,48900.0,9.7,22.4,4320.0,11500.0,debt consolidation,102,1,1
2291,30,A,high school,59500.0,4.2,6.8,4600.0,9200.0,education,204,1,1
2292,36,A,high school,28800.0,4.7,14.1,3490.0,16600.0,home improvement,201,1,0
2293,43,A,bachelor,31700.0,2.3,0.0,15140.0,6600.0,education,204,1,1
2294,57,A,bachelor,52300.0,4.2,30.8,9330.0,31400.0,education,202,1,1
2295,39,B,phd,73500.0,4.1,10.7,9040.0,13900.0,debt consolidation,101,1,1
2296,47,A,high school,28200.0,3.6,22.2,2820.0,6700.0,debt consolidation,204,1,1
2297,36,B,master,87000.0,11.3,6.9,5190.0,6400.0,car,103,1,1
2298,58,A,bachelor,33500.0,2.2,32.6,710.0,11700.0,car,204,1,1
2299,33,B,bachelor,47400.0,5.7,10.8,3560.0,15300.0,home improvement,103,1,0
2300,46,A,high school,57400.0,3.5,14.2,2110.0,20400.0,home improvement,204,1,1
2301,47,B,high school,18300.0,1.0,19.6,3350.0,15600.0,car,101,0,1
2302,32,A,bachelor,26200.0,16.2,6.3,2670.0,5600.0,debt consolidation,202,1,1
2303,29,B,master,46000.0,17.9,0.5,14460.0,11100.0,debt consolidation,103,1,1
2304,39,A,high school,18100.0,4.4,13.8,26870.0,10700.0,business,201,0,1
2305,47,B,high school,29900.0,16.3,14.4,6260.0,11300.0,car,103,1,1
2306,61,A,master,36500.0,19.1,31.4,24960.0,31500.0,car,203,1,0
2307,30,B,high school,33300.0,4.0,5.2,8430.0,9000.0,business,102,1,1
2308,41,A,master,59200.0,3.9,16.1,1410.0,23200.0,home improvement,201,1,0
2309,43,B,high school,21500.0,3.9,14.6,4560.0,36500.0,home improvement,101,1,0
2310,33,A,bachelor,60800.0,14.6,10.7,5950.0,24000.0,debt consolidation,202,1,1
2311,38,A,bachelor,52700.0,4.6,14.1,8810.0,11600.0,car,204,1,0
2312,31,B,master,43800.0,6.3,0.9,450.0,23700.0,car,103,1,1
2313,38,B,master,27400.0,20.4,7.4,27810.0,7300.0,car,101,0,0
2314,44,A,bachelor,50500.0,7.0,19.7,9600.0,8900.0,education,201,1,1
2315,52,B,high school,28100.0,4.2,23.1,2770.0,14400.0,education,103,1,1
2316,39,A,high school,37300.0,5.1,16.7,1990.0,8100.0,car,201,1,1
2317,38,A,high school,31000.0,3.8,0.7,6340.0,10800.0,car,203,0,0
2318,55,A,bachelor,27400.0,9.9,29.1,2280.0,30100.0,home improvement,204,1,1
2319,23,A,master,20100.0,8.0,1.1,6220.0,17200.0,education,203,1,1
2320,22,A,high school,54800.0,18.9,0.0,10720.0,16000.0,debt consolidation,203,0,1
2321,42,B,high school,53900.0,14.1,17.3,2250.0,11600.0,home improvement,102,0,1
2322,32,A,high school,33000.0,18.7,0.0,1660.0,11100.0,home improvement,204,1,1
2323,51,A,master,92000.0,6.8,22.5,1460.0,23100.0,debt consolidation,201,0,1
2324,44,A,phd,69400.0,4.3,19.8,22320.0,6800.0,car,203,1,1
2325,39,B,high school,28000.0,8.2,17.8,2970.0,16900.0,business,103,1,0
2326,61,B,master,36300.0,10.8,31.7,1510.0,24800.0,car,102,1,1
2327,57,A,high school,88300.0,12.2,34.6,9440.0,18800.0,home improvement,201,1,1
2328,21,B,bachelor,27200.0,12.0,0.0,10100.0,18500.0,education,102,1,1
2329,48,A,master,145000.0,7.5,23.3,4750.0,15100.0,home improvement,203,1,1
2330,53,A,master,34000.0,20.8,29.0,6560.0,33300.0,debt consolidation,202,1,0
2331,33,A,high school,39200.0,1.4,9.7,4660.0,17900.0,debt consolidation,204,1,1
2332,35,A,high school,49900.0,19.6,9.8,4980.0,13500.0,car,204,1,1
2333,37,B,high school,69400.0,7.7,11.4,9740.0,12100.0,debt consolidation,103,0,1
2334,37,B,high school,40400.0,2.5,3.6,8670.0,9400.0,education,101,0,0
2335,63,A,high school,35700.0,2.3,38.4,980.0,17200.0,education,203,1,1
2336,53,A,bachelor,29800.0,2.9,22.4,21150.0,13400.0,car,203,0,0
2337,28,A,bachelor,58700.0,7.0,0.0,6200.0,15400.0,home improvement,202,0,1
2338,35,B,high school,38200.0,5.4,6.8,2760.0,22900.0,car,103,0,1
2339,45,A,master,41000.0,12.1,22.6,24160.0,14000.0,business,203,1,1
2340,53,A,bachelor,57800.0,7.5,25.3,6640.0,11200.0,car,201,1,1
2341,33,A,master,48600.0,3.8,4.9,7030.0,14400.0,car,204,1,1
2342,36,A,high school,34800.0,6.8,11.2,16190.0,9500.0,business,201,1,0
2343,40,A,high school,78100.0,6.8,17.2,11180.0,16300.0,car,201,1,1
2344,27,B,master,44900.0,5.9,3.8,12910.0,20900.0,car,103,0,1
2345,53,A,master,66200.0,1.1,30.4,1190.0,15300.0,home improvement,203,1,1
2346,48,A,master,27100.0,3.3,24.4,1760.0,16100.0,car,204,1,1
2347,44,A,bachelor,24900.0,5.1,20.8,10680.0,14200.0,car,204,0,1
2348,44,B,master,25600.0,15.9,4.8,8790.0,9400.0,home improvement,102,1,1
2349,44,B,bachelor,39900.0,3.8,12.0,9300.0,12100.0,education,103,0,1
2350,40,A,bachelor,24400.0,6.3,12.8,10220.0,10300.0,car,203,0,1
2351,49,A,master,58500.0,14.3,19.2,1120.0,20300.0,education,203,1,1
2352,22,A,bachelor,42400.0,1.2,0.0,3330.0,28100.0,business,203,0,1
2353,39,B,phd,38100.0,4.4,15.0,5790.0,15200.0,home improvement,102,1,1
2354,54,A,high school,54800.0,13.3,22.6,4910.0,10400.0,debt consolidation,201,1,1
2355,45,A,high school,16800.0,11.7,19.3,10220.0,4700.0,debt consolidation,201,1,1
2356,49,A,high school,47000.0,3.4,21.4,9200.0,13400.0,debt consolidation,202,0,1
2357,24,B,high school,36900.0,2.3,0.0,4540.0,17700.0,home improvement,102,0,0
2358,39,B,high school,36800.0,11.3,17.3,8400.0,17000.0,debt consolidation,103,1,1
2359,37,A,bachelor,37800.0,5.6,4.1,4540.0,18500.0,business,201,1,1
2360,33,B,high school,49100.0,8.9,8.9,8340.0,26600.0,home improvement,103,1,1
2361,24,A,bachelor,34900.0,2.4,0.0,1490.0,5500.0,debt consolidation,204,1,1
2362,35,A,bachelor,44000.0,4.5,12.1,1610.0,10900.0,car,201,1,1
2363,38,A,high school,44800.0,6.1,14.7,3360.0,10000.0,debt consolidation,202,1,1
2364,55,A,high school,56000.0,2.4,29.1,1900.0,13900.0,education,203,1,1
2365,28,B,bachelor,22400.0,4.9,0.0,1760.0,9500.0,debt consolidation,102,1,1
2366,41,A,high school,53900.0,8.6,14.9,13190.0,23300.0,business,203,1,1
2367,39,B,high school,33800.0,4.6,6.6,2240.0,24600.0,car,101,1,1
2368,45,B,high school,59500.0,15.0,17.8,2090.0,22000.0,car,101,1,1
2369,43,B,bachelor,50000.0,0.9,18.1,4220.0,10400.0,business,102,1,1
2370,38,A,bachelor,38200.0,4.5,13.3,9500.0,7800.0,education,201,1,1
2371,23,B,master,71000.0,7.4,0.0,31490.0,18400.0,car,102,1,1
2372,35,A,bachelor,42500.0,2.5,0.0,1090.0,13900.0,debt consolidation,202,0,0
2373,50,A,high school,78900.0,8.9,24.2,15950.0,22200.0,car,202,0,1
2374,48,A,high school,25600.0,15.0,21.0,2040.0,7200.0,education,203,1,1
2375,43,B,bachelor,15600.0,10.5,13.9,6070.0,12000.0,business,102,0,1
2376,29,B,master,51300.0,15.0,2.0,5340.0,17600.0,car,101,1,1
2377,68,A,bachelor,68800.0,5.1,43.3,3280.0,9000.0,business,202,1,1
2378,54,A,master,42300.0,7.9,28.7,980.0,12700.0,education,204,1,1
2379,21,A,master,32600.0,9.5,0.0,21830.0,14800.0,debt consolidation,201,0,1
2380,49,B,high school,28900.0,8.1,25.3,1580.0,4700.0,home improvement,103,1,1
2381,57,B,high school,29600.0,8.0,32.1,4410.0,29800.0,car,103,1,1
2382,41,A,high school,47800.0,4.9,15.4,8480.0,5500.0,home improvement,203,1,1
2383,52,A,bachelor,41700.0,27.5,20.3,25640.0,12100.0,car,202,1,1
2384,47,A,high school,46100.0,13.1,22.3,2450.0,17500.0,car,203,0,1
2385,46,A,master,93600.0,9.4,15.0,5120.0,24800.0,education,202,1,1
2386,61,A,high school,41500.0,12.3,39.3,970.0,7100.0,car,202,1,1
2387,37,B,high school,50700.0,4.1,14.3,17230.0,22800.0,business,103,0,0
2388,35,A,phd,152100.0,6.0,10.6,5450.0,25300.0,education,204,1,1
2389,46,A,master,49900.0,2.1,14.1,8880.0,27100.0,home improvement,202,1,1
2390,44,A,high school,89900.0,2.4,20.3,2570.0,17600.0,debt consolidation,204,0,1
2391,39,A,high school,25900.0,4.0,16.9,24000.0,15000.0,home improvement,203,1,1
2392,58,B,master,34900.0,3.7,33.5,1960.0,14900.0,business,102,0,1
2393,37,A,high school,40100.0,5.0,8.9,3520.0,14500.0,business,202,1,1
2394,55,A,bachelor,40500.0,23.8,27.2,1710.0,9500.0,education,203,1,1
2395,47,A,high school,33000.0,3.3,12.4,7350.0,24300.0,home improvement,201,1,0
2396,45,A,high school,56900.0,3.4,11.3,10020.0,11900.0,business,202,1,1
2397,37,A,high school,54000.0,10.3,13.2,11820.0,20300.0,debt consolidation,202,1,1
2398,32,A,high school,28400.0,3.8,7.6,2480.0,16400.0,car,203,1,1
2399,33,B,bachelor,38600.0,7.0,4.1,20360.0,22400.0,business,102,1,1
2400,56,A,bachelor,59000.0,4.0,32.6,2740.0,19900.0,education,204,1,1
2401,38,A,bachelor,81800.0,8.9,0.0,4490.0,15400.0,business,201,0,1
2402,38,B,bachelor,87100.0,2.6,1.1,4550.0,14600.0,car,101,1,1
2403,27,A,bachelor,64500.0,2.7,0.1,23870.0,16500.0,education,204,1,1
2404,31,B,high school,26900.0,2.4,5.7,2790.0,10600.0,home improvement,101,0,1
2405,37,A,bachelor,33300.0,2.3,12.8,5730.0,5500.0,car,204,1,1
2406,29,A,master,53700.0,13.8,2.6,4240.0,14400.0,business,204,1,1
2407,51,A,master,33000.0,2.8,22.1,870.0,7400.0,education,202,1,1
2408,26,A,master,55800.0,8.5,0.0,4050.0,33300.0,debt consolidation,203,0,1
2409,52,B,high school,30200.0,2.9,21.5,3700.0,21100.0,car,102,1,0
2410,31,A,master,62000.0,12.2,6.1,1660.0,12400.0,debt consolidation,203,1,1
2411,21,A,high school,23000.0,10.9,0.0,12850.0,17400.0,debt consolidation,203,1,0
2412,41,B,bachelor,40900.0,3.6,14.5,4570.0,9200.0,business,103,1,1
2413,37,A,master,63900.0,3.1,13.7,9860.0,17000.0,business,203,1,1
2414,47,A,bachelor,46700.0,8.2,9.1,6190.0,20400.0,business,204,1,1
2415,29,A,master,63000.0,4.2,0.0,13610.0,27600.0,debt consolidation,204,0,1
2416,44,B,master,61700.0,4.1,19.6,4080.0,11800.0,debt consolidation,102,1,1
2417,54,B,bachelor,66000.0,3.1,24.4,1320.0,15000.0,debt consolidation,103,1,1
2418,53,B,bachelor,28200.0,19.6,28.2,1200.0,10700.0,car,102,1,1
2419,48,A,master,70100.0,2.9,18.8,1750.0,16100.0,debt consolidation,201,1,1
2420,59,A,bachelor,77900.0,5.5,36.4,54830.0,34900.0,debt consolidation,202,1,0
2421,21,A,phd,70800.0,20.7,0.0,7050.0,18600.0,car,202,1,1
2422,28,A,bachelor,44400.0,13.1,0.0,7710.0,11600.0,car,203,1,1
2423,36,A,high school,61500.0,2.4,11.7,8420.0,29400.0,home improvement,204,1,1
2424,30,A,high school,16300.0,3.1,6.5,2480.0,6700.0,education,202,0,1
2425,55,A,bachelor,48700.0,6.5,29.3,7520.0,12600.0,debt consolidation,201,1,1
2426,52,A,high school,40500.0,2.8,28.3,60830.0,8200.0,home improvement,202,0,0
2427,35,B,bachelor,20800.0,17.8,11.3,57380.0,8200.0,education,102,0,0
2428,43,A,high school,21300.0,14.6,20.9,930.0,15800.0,car,201,1,1
2429,35,A,bachelor,48900.0,10.6,5.5,5720.0,7200.0,debt consolidation,203,1,1
2430,61,A,high school,86200.0,10.4,38.9,2180.0,11600.0,car,203,1,1
2431,22,A,bachelor,20400.0,12.6,0.0,6560.0,13000.0,home improvement,202,1,1
2432,39,A,master,63600.0,12.7,15.2,15020.0,22300.0,car,203,1,1
2433,47,A,master,46900.0,18.2,19.3,3570.0,19600.0,car,204,1,1
2434,32,B,master,20500.0,10.7,0.0,4820.0,16600.0,home improvement,102,0,1
2435,41,A,bachelor,37200.0,3.4,4.6,2330.0,11100.0,home improvement,202,1,1
2436,59,A,master,47200.0,26.2,34.5,4400.0,29000.0,debt consolidation,204,1,1
2437,27,A,bachelor,18500.0,3.9,0.0,4110.0,37500.0,car,203,1,0
2438,31,A,master,49000.0,4.5,3.7,2940.0,8300.0,car,201,0,1
2439,27,A,bachelor,46000.0,4.8,4.2,3540.0,14100.0,debt consolidation,203,1,0
2440,36,B,high school,44300.0,5.2,8.6,11520.0,21500.0,home improvement,101,1,1
2441,64,A,bachelor,41600.0,3.9,35.5,14570.0,18800.0,business,202,1,1
2442,46,A,phd,77200.0,6.4,13.0,1830.0,14600.0,business,202,1,1
2443,26,B,bachelor,14600.0,7.3,0.3,9210.0,12200.0,home improvement,103,0,0
2444,29,A,bachelor,49900.0,14.3,5.0,3730.0,19100.0,education,203,1,1
2445,59,B,master,71200.0,13.4,32.6,2810.0,16000.0,home improvement,103,1,0
2446,44,B,high school,45200.0,3.5,15.5,2490.0,15500.0,car,103,0,1
2447,43,A,bachelor,61600.0,13.0,20.1,10090.0,13700.0,debt consolidation,202,1,1
2448,37,A,bachelor,119800.0,9.0,11.7,2230.0,25200.0,debt consolidation,201,1,1
2449,34,A,bachelor,59600.0,23.7,6.1,5520.0,19100.0,debt consolidation,201,1,1
2450,49,A,bachelor,55400.0,5.7,23.2,3210.0,14000.0,education,203,1,1
2451,37,A,bachelor,45900.0,8.0,12.7,1660.0,16000.0,debt consolidation,201,1,1
2452,42,A,bachelor,74400.0,15.4,17.6,1540.0,19200.0,business,204,1,1
2453,45,A,high school,26000.0,2.5,11.6,10330.0,15800.0,home improvement,201,1,0
2454,39,B,master,24000.0,5.0,14.3,1270.0,32500.0,education,102,0,1
2455,56,A,high school,47400.0,18.5,33.5,4130.0,28500.0,business,202,1,1
2456,53,A,high school,38800.0,6.1,30.4,6560.0,16300.0,education,201,1,1
2457,60,B,master,63200.0,2.4,35.5,16690.0,16200.0,home improvement,102,1,1
2458,75,A,high school,89300.0,9.3,45.9,230.0,27200.0,education,201,1,1
2459,30,A,master,51900.0,10.2,0.0,3960.0,30500.0,business,204,1,1
2460,43,B,master,38400.0,13.7,18.3,8230.0,14300.0,education,103,0,1
2461,33,A,master,52100.0,14.8,8.9,3380.0,10500.0,car,201,1,1
2462,23,A,phd,77400.0,4.8,0.0,13160.0,28500.0,business,201,0,1
2463,29,B,bachelor,34300.0,11.0,0.0,3410.0,8200.0,debt consolidation,102,0,1
2464,39,B,high school,21000.0,4.6,16.8,12710.0,10900.0,home improvement,103,1,0
2465,36,A,high school,21800.0,11.2,13.3,8960.0,15200.0,education,203,0,1
2466,38,B,master,58500.0,6.2,2.9,2090.0,32000.0,car,101,1,1
2467,44,A,bachelor,30300.0,1.0,15.4,3770.0,6200.0,debt consolidation,201,1,1
2468,36,A,high school,64200.0,4.6,7.9,15460.0,11400.0,car,204,1,0
2469,44,A,bachelor,87400.0,12.1,16.6,1240.0,14600.0,home improvement,204,1,1
2470,39,A,high school,41500.0,0.3,15.1,4130.0,20800.0,business,202,1,0
2471,53,A,high school,56800.0,6.6,28.8,11030.0,19700.0,car,201,1,1
2472,47,B,high school,54800.0,13.0,18.5,1290.0,9200.0,debt consolidation,102,1,0
2473,32,A,master,62300.0,7.0,2.7,7000.0,20300.0,home improvement,201,1,1
2474,42,B,bachelor,19400.0,9.8,17.0,3010.0,16600.0,car,101,0,1
2475,43,A,high school,50700.0,16.4,14.3,3840.0,12300.0,debt consolidation,203,1,1
2476,59,A,bachelor,37900.0,8.5,30.0,20240.0,12800.0,car,201,1,1
2477,30,B,bachelor,31400.0,3.5,0.4,5570.0,8500.0,debt consolidation,102,0,0
2478,52,A,bachelor,65700.0,4.8,19.7,6250.0,19200.0,business,203,1,1
2479,53,B,master,20100.0,5.3,24.8,6190.0,11500.0,business,103,1,1
2480,39,A,high school,22800.0,2.1,17.3,4620.0,32500.0,education,204,1,1
2481,38,A,high school,20300.0,4.4,6.9,55920.0,14500.0,car,204,0,0
2482,35,A,high school,40500.0,2.4,5.5,8300.0,21000.0,debt consolidation,201,1,0
2483,23,B,high school,21000.0,2.3,0.0,2290.0,19300.0,debt consolidation,102,0,1
2484,49,B,high school,25600.0,8.8,20.4,1280.0,24600.0,education,102,1,1
2485,21,A,phd,64200.0,4.9,0.0,2100.0,10300.0,debt consolidation,201,1,1
2486,34,A,bachelor,81900.0,3.4,9.6,8410.0,21800.0,home improvement,202,1,1
2487,28,B,bachelor,44800.0,17.0,5.3,6280.0,28100.0,car,102,0,0
2488,36,A,high school,23500.0,10.6,10.9,1670.0,10400.0,business,204,1,1
2489,40,A,high school,60900.0,2.3,12.5,590.0,8700.0,home improvement,202,1,1
2490,42,A,high school,24600.0,13.2,19.9,3010.0,13600.0,education,203,1,1
2491,45,A,bachelor,33500.0,6.4,21.3,11920.0,22800.0,business,204,1,1
2492,45,A,high school,29000.0,6.9,18.6,7240.0,14000.0,car,202,1,0
2493,35,A,high school,43800.0,10.8,13.2,5830.0,24000.0,education,203,1,0
2494,32,B,bachelor,31400.0,29.5,0.0,6620.0,14100.0,business,103,1,1
2495,45,B,bachelor,22900.0,3.0,22.4,5100.0,20400.0,car,102,0,1
2496,61,B,high school,43100.0,4.8,26.2,1650.0,11200.0,business,101,1,1
2497,39,A,bachelor,50400.0,3.9,17.3,36500.0,15400.0,business,203,0,1
2498,21,A,high school,34500.0,4.6,0.0,1860.0,21900.0,car,204,1,0
2499,21,A,bachelor,27700.0,2.4,0.0,530.0,14100.0,home improvement,201,1,1
2500,22,A,high school,55800.0,4.0,0.0,3980.0,18500.0,debt consolidation,204,1,1
2501,58,B,high school,52200.0,8.1,27.4,7760.0,15000.0,car,102,0,1
2502,56,B,high school,28000.0,8.4,30.1,4660.0,21100.0,home improvement,101,0,1
2503,27,A,bachelor,27400.0,13.8,0.0,5830.0,19300.0,business,203,0,1
2504,30,A,bachelor,57700.0,2.2,2.1,8520.0,10100.0,education,202,1,1
2505,26,A,high school,44400.0,19.0,0.0,1660.0,8400.0,education,201,1,0
2506,42,A,high school,59800.0,2.3,11.9,15390.0,3800.0,home improvement,203,1,1
2507,47,B,high school,26700.0,22.1,24.4,4970.0,29100.0,debt consolidation,102,1,1
2508,54,B,bachelor,42800.0,7.4,12.8,3250.0,10700.0,debt consolidation,103,0,1
2509,57,A,bachelor,49900.0,9.3,30.2,23560.0,11400.0,home improvement,204,1,1
2510,57,B,high school,26800.0,13.1,33.4,1410.0,6500.0,debt consolidation,102,1,1
2511,50,B,high school,11000.0,6.0,25.3,64650.0,3000.0,car,102,0,0
2512,59,A,high school,45400.0,11.2,32.7,2480.0,35800.0,debt consolidation,202,1,1
2513,37,A,high school,35100.0,4.6,1.0,4590.0,9800.0,debt consolidation,201,1,1
2514,30,A,master,53600.0,11.8,0.0,11170.0,8600.0,business,202,1,1
2515,35,A,high school,51600.0,6.0,9.5,1080.0,14800.0,home improvement,203,1,1
2516,38,A,bachelor,53100.0,10.1,4.4,1290.0,16900.0,home improvement,201,1,1
2517,49,A,phd,74600.0,6.6,20.6,8220.0,12600.0,education,204,1,1
2518,33,A,master,106900.0,2.8,6.5,1150.0,15500.0,business,203,1,1
2519,53,B,bachelor,26800.0,2.7,23.5,4440.0,15900.0,education,101,0,1
2520,21,B,phd,35100.0,14.1,0.0,3350.0,6800.0,debt consolidation,102,1,1
2521,37,B,phd,31300.0,3.1,14.6,2230.0,7900.0,debt consolidation,102,1,1
2522,39,B,bachelor,23800.0,7.1,10.5,2140.0,9800.0,debt consolidation,101,1,1
2523,61,B,phd,54200.0,4.9,28.0,4400.0,15700.0,debt consolidation,102,1,1
2524,35,A,high school,20700.0,8.3,5.3,3290.0,19300.0,business,201,1,0
2525,47,A,bachelor,31500.0,6.8,12.5,1890.0,10600.0,education,201,0,1
2526,52,A,bachelor,50100.0,8.7,28.6,760.0,13900.0,business,203,1,1
2527,44,A,high school,51900.0,5.8,20.8,40000.0,22000.0,home improvement,202,1,0
2528,29,A,phd,51300.0,5.4,0.0,4320.0,4600.0,home improvement,204,1,1
2529,21,B,bachelor,60200.0,6.6,0.0,18580.0,27700.0,car,103,1,1
2530,45,A,high school,25600.0,8.3,20.5,3410.0,17100.0,car,203,1,1
2531,56,A,high school,41100.0,9.4,30.7,3670.0,12800.0,debt consolidation,204,1,1
2532,47,A,master,81800.0,12.1,19.2,22400.0,29700.0,home improvement,204,1,1
2533,50,A,high school,42200.0,19.1,27.8,2710.0,15900.0,car,204,1,1
2534,35,A,high school,17300.0,3.9,7.5,1740.0,20700.0,business,204,0,1
2535,37,A,bachelor,42400.0,4.9,13.8,23910.0,30300.0,car,203,0,1
2536,42,B,high school,46900.0,8.6,18.7,3150.0,18200.0,home improvement,103,1,0
2537,38,A,bachelor,46900.0,4.7,6.4,2280.0,39100.0,car,202,1,1
2538,24,A,high school,76000.0,9.2,0.0,2350.0,13500.0,debt consolidation,204,1,1
2539,50,A,bachelor,61200.0,1.8,27.7,1470.0,12200.0,home improvement,203,1,1
2540,40,A,master,66500.0,5.5,6.0,1520.0,14200.0,debt consolidation,202,1,1
2541,32,B,bachelor,54500.0,9.4,5.1,5230.0,6800.0,education,103,1,1
2542,33,A,bachelor,44300.0,1.2,8.1,20030.0,13800.0,car,201,1,1
2543,43,A,bachelor,67100.0,9.0,17.6,1880.0,15000.0,car,203,1,1
2544,24,A,bachelor,40100.0,7.5,0.0,53060.0,57500.0,education,203,0,0
2545,43,A,bachelor,36500.0,12.6,14.4,2670.0,19500.0,home improvement,203,1,1
2546,39,A,master,95000.0,8.5,10.0,2850.0,40100.0,business,202,1,1
2547,21,B,master,16300.0,6.0,0.0,2640.0,11400.0,debt consolidation,102,0,1
2548,57,A,bachelor,43000.0,6.1,33.1,9130.0,12000.0,education,203,1,1
2549,30,A,bachelor,41500.0,12.4,2.9,21730.0,6900.0,debt consolidation,201,1,0
2550,47,B,bachelor,63700.0,24.4,22.5,14680.0,14300.0,home improvement,102,1,1
2551,37,A,high school,43600.0,15.9,14.0,2790.0,13100.0,debt consolidation,204,1,1
2552,35,A,master,57100.0,4.7,7.8,6380.0,29100.0,debt consolidation,202,1,1
2553,47,A,high school,79200.0,19.5,20.6,12000.0,10700.0,home improvement,201,1,1
2554,31,B,bachelor,31200.0,13.0,6.5,3020.0,14100.0,business,102,0,1
2555,48,A,high school,31800.0,5.8,23.5,4750.0,10800.0,car,201,1,1
2556,52,A,high school,39100.0,15.3,19.7,14770.0,16000.0,car,201,1,1
2557,24,A,master,26900.0,1.1,0.0,8270.0,12200.0,business,203,0,1
2558,39,B,bachelor,13200.0,21.7,17.0,7650.0,20300.0,business,102,0,0
2559,46,A,high school,58300.0,20.3,20.9,5680.0,17900.0,debt consolidation,204,1,1
2560,21,A,high school,17000.0,5.3,0.0,8990.0,29600.0,education,201,0,0
2561,31,B,bachelor,49600.0,19.3,9.5,19110.0,11100.0,car,102,1,0
2562,44,A,bachelor,69800.0,16.1,12.5,2150.0,18400.0,car,202,0,1
2563,22,A,bachelor,63600.0,6.5,0.0,3530.0,14400.0,car,204,1,1
2564,45,A,high school,57500.0,3.8,8.1,1310.0,29500.0,business,202,1,1
2565,36,B,bachelor,54400.0,12.3,2.0,3760.0,11900.0,debt consolidation,101,1,1
2566,53,A,phd,76600.0,14.1,17.0,1990.0,8700.0,business,204,1,1
2567,35,A,bachelor,39700.0,6.0,8.8,1940.0,27000.0,business,203,1,1
2568,36,B,high school,49300.0,5.6,10.1,2380.0,10200.0,debt consolidation,101,1,1
2569,32,B,high school,52400.0,14.3,7.4,2100.0,10800.0,car,102,1,1
2570,41,A,bachelor,53500.0,6.2,15.5,4880.0,15100.0,debt consolidation,203,1,1
2571,21,A,bachelor,25200.0,12.4,0.0,2120.0,16500.0,education,201,1,0
2572,39,B,master,14600.0,11.4,13.2,3440.0,15200.0,debt consolidation,101,0,1
2573,21,A,high school,57400.0,8.9,0.0,10350.0,20500.0,education,202,0,1
2574,21,A,bachelor,43400.0,3.7,0.0,9030.0,14700.0,debt consolidation,201,1,0
2575,45,A,master,30200.0,8.0,15.4,20940.0,25800.0,home improvement,202,1,1
2576,37,B,master,29800.0,11.6,13.5,2140.0,7200.0,home improvement,101,1,1
2577,33,B,bachelor,38300.0,14.8,9.2,2790.0,12700.0,business,101,1,1
2578,39,A,bachelor,59500.0,9.4,8.5,20600.0,25000.0,home improvement,204,0,1
2579,32,A,high school,57300.0,3.0,0.0,14150.0,19900.0,education,203,1,1
2580,31,A,bachelor,57400.0,17.4,3.5,10520.0,16700.0,debt consolidation,204,1,1
2581,21,B,high school,59900.0,6.1,0.0,710.0,15800.0,car,101,1,1
2582,48,A,master,86500.0,3.9,25.8,106820.0,20500.0,home improvement,201,0,1
2583,47,A,high school,52200.0,2.9,24.8,10700.0,11000.0,education,203,1,1
2584,51,A,master,69200.0,8.9,27.8,1570.0,27900.0,car,201,1,1
2585,36,B,bachelor,54100.0,1.5,13.8,6920.0,10100.0,debt consolidation,102,1,1
2586,35,A,bachelor,29500.0,10.5,5.6,520.0,17600.0,home improvement,201,1,1
2587,44,A,bachelor,54800.0,5.3,15.2,2340.0,15800.0,education,202,1,1
2588,38,A,high school,47300.0,11.9,2.5,18950.0,21200.0,business,204,1,1
2589,65,A,high school,29600.0,4.3,38.2,450.0,8600.0,home improvement,202,1,1
2590,50,B,high school,27500.0,8.5,26.3,1610.0,42100.0,debt consolidation,102,0,0
2591,65,A,bachelor,33600.0,6.6,32.2,4490.0,10300.0,home improvement,204,1,1
2592,45,A,master,89500.0,1.2,11.2,7330.0,7400.0,car,204,1,1
2593,39,A,bachelor,29000.0,7.6,16.7,5480.0,11400.0,debt consolidation,203,1,1
2594,47,A,master,82200.0,5.7,22.2,4250.0,14100.0,car,203,1,1
2595,36,B,high school,40800.0,13.5,11.7,5670.0,31300.0,debt consolidation,102,1,1
2596,48,B,bachelor,37200.0,9.3,21.1,2490.0,14600.0,car,102,1,1
2597,41,B,high school,19500.0,0.6,16.2,4070.0,11300.0,debt consolidation,101,0,1
2598,48,B,high school,32100.0,1.5,25.2,8570.0,6600.0,education,102,0,1
2599,64,A,bachelor,45400.0,9.8,38.0,7570.0,42600.0,business,203,1,1
2600,38,B,phd,25400.0,14.8,15.0,16480.0,19500.0,debt consolidation,101,1,1
2601,45,B,bachelor,34000.0,2.9,18.3,26300.0,15200.0,business,101,0,1
2602,52,A,bachelor,35500.0,9.8,21.8,11760.0,18300.0,debt consolidation,201,1,1
2603,52,A,master,104800.0,14.1,28.0,7610.0,19500.0,home improvement,202,1,1
2604,21,B,master,36900.0,9.0,0.0,2370.0,18800.0,debt consolidation,103,0,1
2605,42,B,master,50100.0,11.7,18.6,6960.0,22400.0,home improvement,102,1,1
2606,31,B,master,22700.0,1.2,9.0,780.0,19800.0,home improvement,103,0,1
2607,45,A,bachelor,36400.0,4.2,20.6,10800.0,20500.0,debt consolidation,202,0,1
2608,41,B,master,45400.0,6.3,15.9,4560.0,16500.0,home improvement,101,1,1
2609,57,A,high school,35300.0,9.1,28.1,4320.0,8900.0,debt consolidation,203,1,1
2610,45,B,high school,33100.0,19.5,14.9,22770.0,9200.0,car,101,1,1
2611,41,A,bachelor,41300.0,7.1,10.3,3350.0,24000.0,home improvement,201,1,1
2612,37,A,high school,32000.0,4.6,0.0,3260.0,30100.0,car,201,1,1
2613,49,A,bachelor,49200.0,5.2,22.7,13140.0,7400.0,home improvement,202,1,1
2614,38,A,high school,51300.0,26.3,12.7,10590.0,14100.0,debt consolidation,202,1,1
2615,64,A,master,41000.0,3.7,38.0,4250.0,15500.0,business,204,1,1
2616,44,A,high school,37700.0,7.7,21.6,11220.0,8800.0,home improvement,202,1,1
2617,58,A,high school,83000.0,10.4,34.4,12820.0,8000.0,car,203,1,1
2618,46,B,master,62900.0,4.6,24.5,1290.0,9500.0,car,103,0,1
2619,28,A,bachelor,35900.0,3.7,0.0,6830.0,22100.0,education,201,1,1
2620,55,B,high school,23000.0,5.6,27.3,6600.0,4900.0,car,103,1,1
2621,34,A,bachelor,15600.0,4.2,2.9,29540.0,18900.0,car,204,0,0
2622,39,B,master,26700.0,1.5,9.7,3740.0,22500.0,debt consolidation,103,1,1
2623,36,A,bachelor,72000.0,6.2,12.5,9420.0,19100.0,home improvement,203,1,1
2624,51,A,phd,72100.0,3.1,26.1,71390.0,12700.0,home improvement,204,0,1
2625,60,B,high school,22300.0,6.9,37.3,3640.0,8800.0,business,101,1,0
2626,24,A,high school,140300.0,2.2,0.0,2400.0,18400.0,car,202,1,1
2627,53,A,phd,38500.0,7.3,27.7,1810.0,14300.0,debt consolidation,202,1,1
2628,41,A,bachelor,90300.0,8.2,17.7,1730.0,7200.0,car,203,1,1
2629,54,A,master,47500.0,4.5,29.8,7140.0,12600.0,business,203,1,1
2630,44,B,bachelor,37500.0,3.4,19.0,1260.0,9000.0,debt consolidation,103,0,1
2631,35,A,high school,30500.0,1.5,0.1,2850.0,20300.0,home improvement,201,0,1
2632,40,A,bachelor,45200.0,17.7,1.7,6800.0,7600.0,car,202,1,1
2633,34,B,bachelor,44600.0,17.3,11.6,1640.0,10300.0,car,102,1,1
2634,30,A,high school,49600.0,5.6,3.1,19090.0,21300.0,car,201,1,0
2635,27,A,high school,34900.0,3.5,0.7,18420.0,4700.0,business,201,1,0
2636,53,B,high school,31500.0,7.0,15.8,8280.0,17400.0,home improvement,103,0,1
2637,41,A,phd,41500.0,9.1,19.1,4340.0,11000.0,home improvement,202,1,1
2638,38,B,bachelor,32500.0,0.9,11.8,4740.0,18100.0,education,102,1,1
2639,43,B,bachelor,20900.0,11.1,19.5,4010.0,22800.0,home improvement,102,1,1
2640,21,A,high school,18900.0,1.5,0.0,3270.0,9200.0,car,203,1,1
2641,34,B,bachelor,15500.0,9.0,3.5,7110.0,24300.0,business,102,0,1
2642,52,A,master,81300.0,9.2,30.3,17870.0,34300.0,debt consolidation,202,1,1
2643,62,A,high school,48700.0,2.3,31.7,24180.0,22200.0,home improvement,201,1,0
2644,40,A,high school,22200.0,14.6,5.8,12940.0,17100.0,car,203,0,0
2645,29,B,high school,29800.0,5.3,3.4,1840.0,17100.0,education,103,0,1
2646,21,B,bachelor,25800.0,2.7,0.0,9940.0,18600.0,business,102,0,1
2647,49,A,master,147000.0,4.3,24.7,23850.0,10800.0,debt consolidation,201,1,1
2648,46,A,high school,55900.0,6.2,22.6,1380.0,9500.0,home improvement,202,1,1
2649,26,A,bachelor,34800.0,4.7,2.1,15790.0,22800.0,home improvement,204,0,0
2650,51,A,bachelor,43800.0,6.5,25.1,3500.0,18200.0,debt consolidation,202,1,0
2651,30,B,bachelor,40600.0,25.2,2.8,15850.0,21300.0,home improvement,101,1,1
2652,41,B,bachelor,37800.0,7.3,18.5,1220.0,7300.0,home improvement,101,1,1
2653,61,A,high school,35300.0,1.2,35.9,3360.0,12600.0,debt consolidation,201,1,1
2654,41,A,bachelor,50900.0,15.0,18.4,14260.0,22000.0,business,204,1,1
2655,38,A,bachelor,38600.0,6.3,14.6,9490.0,26100.0,home improvement,204,1,1
2656,75,A,high school,36000.0,14.4,45.8,4990.0,22300.0,debt consolidation,201,1,1
2657,39,B,bachelor,18300.0,0.9,16.3,6410.0,9500.0,debt consolidation,101,1,1
2658,33,A,master,60000.0,1.4,4.1,7080.0,15900.0,car,201,1,1
2659,42,A,high school,27900.0,2.5,2.3,10780.0,12100.0,debt consolidation,204,0,1
2660,40,B,high school,15400.0,22.0,0.0,1370.0,5500.0,education,103,1,1
2661,22,B,master,99300.0,3.9,0.0,8720.0,5900.0,home improvement,103,1,1
2662,49,A,master,49700.0,6.7,24.4,1970.0,7500.0,debt consolidation,204,1,1
2663,35,A,bachelor,48800.0,7.0,12.0,3320.0,14100.0,debt consolidation,201,1,0
2664,39,B,high school,17100.0,9.6,9.7,2790.0,9600.0,debt consolidation,101,1,1
2665,43,B,bachelor,33200.0,1.4,18.1,1200.0,31800.0,debt consolidation,101,0,1
2666,41,A,bachelor,63400.0,8.1,12.1,3050.0,6200.0,debt consolidation,203,1,1
2667,55,B,bachelor,45600.0,6.8,28.1,10920.0,5800.0,debt consolidation,103,1,1
2668,21,B,high school,43500.0,18.4,0.0,17840.0,14400.0,business,102,0,0
2669,69,B,bachelor,32900.0,8.0,40.0,10500.0,15700.0,home improvement,102,1,1
2670,37,A,bachelor,50500.0,11.6,12.3,2350.0,19900.0,debt consolidation,203,1,1
2671,56,A,high school,17600.0,7.7,27.1,5540.0,22500.0,car,204,1,1
2672,52,A,master,40600.0,8.4,25.2,38880.0,10300.0,car,204,1,1
2673,61,A,master,46900.0,5.7,36.5,6590.0,12200.0,debt consolidation,202,1,1
2674,62,A,bachelor,42400.0,13.8,37.7,2640.0,42600.0,car,201,1,1
2675,29,B,high school,29700.0,5.7,2.0,30010.0,12000.0,debt consolidation,101,0,1
2676,54,A,high school,63300.0,10.7,25.8,2970.0,26200.0,home improvement,202,1,1
2677,21,A,high school,21800.0,4.6,0.0,29430.0,8200.0,education,203,0,0
2678,32,A,bachelor,32000.0,7.6,0.0,7230.0,28500.0,debt consolidation,202,1,1
2679,38,B,bachelor,29700.0,1.1,14.1,4590.0,10300.0,car,103,1,1
2680,37,B,bachelor,18400.0,3.7,14.3,13930.0,9600.0,home improvement,101,0,0
2681,33,A,bachelor,54800.0,3.6,10.4,4790.0,33600.0,car,204,0,1
2682,31,B,master,61800.0,2.5,6.7,4070.0,13100.0,debt consolidation,102,1,1
2683,22,A,bachelor,42300.0,4.4,0.0,2570.0,6600.0,home improvement,201,1,0
2684,29,A,high school,17200.0,2.9,5.6,2340.0,23900.0,home improvement,202,0,0
2685,33,A,master,57100.0,4.5,9.8,3240.0,21000.0,home improvement,201,1,1
2686,50,A,bachelor,65500.0,16.9,21.4,6380.0,9400.0,education,204,1,1
2687,35,A,bachelor,46100.0,2.6,10.5,32490.0,30600.0,car,201,0,0
2688,57,A,high school,43500.0,6.5,26.5,2100.0,7000.0,car,204,1,1
2689,62,A,bachelor,27200.0,2.6,33.9,1910.0,26500.0,business,203,1,1
2690,46,B,bachelor,25600.0,14.8,21.2,24590.0,18900.0,debt consolidation,101,1,1
2691,32,A,bachelor,44700.0,5.0,7.1,6180.0,8100.0,home improvement,204,1,1
2692,50,A,bachelor,48600.0,2.4,20.5,2900.0,15600.0,education,204,1,0
2693,30,B,high school,44000.0,5.5,0.0,4790.0,12500.0,home improvement,102,0,1
2694,57,B,bachelor,26700.0,14.4,26.5,2000.0,11200.0,debt consolidation,101,1,1
2695,48,B,high school,17100.0,5.6,24.8,6110.0,13800.0,education,103,1,1
2696,54,A,bachelor,56700.0,3.2,27.0,2480.0,13700.0,education,201,1,1
2697,62,B,bachelor,8500.0,2.3,38.2,28090.0,10000.0,home improvement,101,0,0
2698,47,B,bachelor,19800.0,26.2,24.8,6110.0,21800.0,car,102,1,1
2699,44,A,high school,43600.0,6.4,6.9,1900.0,36100.0,car,204,1,1
2700,46,A,high school,93700.0,15.7,18.4,18270.0,12600.0,debt consolidation,204,1,1
2701,47,B,bachelor,18400.0,10.1,21.0,5330.0,15600.0,business,103,1,1
2702,26,A,high school,33700.0,4.9,0.0,21540.0,24800.0,car,204,0,0
2703,54,B,master,71000.0,5.8,27.8,980.0,58800.0,car,101,1,1
2704,43,A,high school,46000.0,3.3,17.4,8400.0,13800.0,home improvement,201,1,1
2705,42,B,bachelor,59800.0,4.9,16.1,38580.0,15300.0,home improvement,102,0,0
2706,38,B,bachelor,46600.0,7.7,9.3,2760.0,11900.0,education,101,1,1
2707,21,A,high school,83300.0,2.4,0.0,5380.0,21000.0,home improvement,203,0,1
2708,32,A,high school,19400.0,10.3,6.1,14190.0,22100.0,business,202,0,0
2709,50,A,bachelor,29700.0,14.1,25.9,3880.0,3900.0,home improvement,203,1,1
2710,26,A,bachelor,45600.0,10.7,0.0,2040.0,25500.0,car,202,1,1
2711,46,A,bachelor,62900.0,14.9,17.4,980.0,21200.0,debt consolidation,204,1,1
2712,29,A,high school,93900.0,5.9,0.0,1530.0,33600.0,debt consolidation,203,0,1
2713,30,A,high school,30700.0,3.9,3.8,2490.0,7700.0,business,202,1,0
2714,60,A,bachelor,37100.0,9.5,36.1,4190.0,46400.0,debt consolidation,204,1,1
2715,37,A,high school,75200.0,2.6,0.5,2060.0,9800.0,car,203,1,1
2716,21,B,high school,33900.0,1.9,0.0,2190.0,29400.0,education,102,1,1
2717,53,B,bachelor,62600.0,2.8,29.0,2920.0,24500.0,debt consolidation,102,1,1
2718,59,A,bachelor,87600.0,5.3,33.2,2120.0,31100.0,car,204,1,1
2719,61,B,bachelor,16600.0,1.4,30.7,4960.0,33500.0,car,101,0,1
2720,51,A,high school,28600.0,0.4,28.5,2510.0,47600.0,car,204,1,1
2721,36,A,master,75900.0,10.3,11.6,6440.0,26300.0,car,202,1,1
2722,58,B,bachelor,32800.0,2.1,35.4,2060.0,36900.0,business,102,1,1
2723,52,A,bachelor,57400.0,2.4,27.6,1940.0,13200.0,debt consolidation,203,1,1
2724,34,A,bachelor,48500.0,10.4,1.4,38830.0,5700.0,car,202,0,1
2725,62,A,bachelor,63500.0,4.0,37.7,5100.0,19000.0,education,201,1,1
2726,59,A,bachelor,46500.0,8.8,34.0,3560.0,20100.0,car,204,0,1
2727,59,B,high school,67500.0,11.5,28.0,2390.0,23200.0,education,103,0,1
2728,28,A,master,47200.0,7.8,0.0,1230.0,21200.0,debt consolidation,202,1,1
2729,29,A,bachelor,78300.0,7.1,0.0,5050.0,14300.0,home improvement,201,1,1
2730,43,B,bachelor,53000.0,11.4,17.4,4960.0,21300.0,car,101,1,1
2731,30,B,bachelor,39200.0,4.0,5.7,12110.0,13800.0,home improvement,102,1,0
2732,64,A,phd,79400.0,1.4,39.7,5670.0,15900.0,debt consolidation,201,1,1
2733,60,B,bachelor,29900.0,7.9,32.4,3590.0,8600.0,business,102,1,1
2734,21,A,bachelor,55100.0,4.6,0.0,2700.0,24900.0,business,202,1,1
2735,53,B,bachelor,80000.0,5.3,26.4,8850.0,14500.0,debt consolidation,103,0,1
2736,26,B,bachelor,64700.0,17.1,0.0,2960.0,18300.0,business,102,1,1
2737,44,B,master,27900.0,7.2,19.5,2910.0,15600.0,car,103,1,1
2738,47,B,bachelor,32800.0,9.3,21.5,20790.0,10600.0,home improvement,103,0,0
2739,35,A,high school,51900.0,12.1,9.4,5410.0,22600.0,car,203,1,1
2740,38,A,bachelor,60800.0,27.5,8.9,4030.0,22800.0,debt consolidation,204,1,1
2741,27,B,master,25300.0,17.0,0.5,3980.0,16200.0,home improvement,103,0,0
2742,23,A,bachelor,44400.0,18.3,0.6,1250.0,3400.0,debt consolidation,204,1,1
2743,38,A,bachelor,65400.0,1.3,16.3,2360.0,37400.0,debt consolidation,204,1,1
2744,31,B,bachelor,25900.0,29.1,2.6,24750.0,7000.0,car,103,1,1
2745,42,A,phd,47800.0,18.1,20.3,3110.0,10400.0,home improvement,202,1,1
2746,31,A,bachelor,48800.0,15.5,5.6,19930.0,9900.0,home improvement,201,1,1
2747,44,B,master,33100.0,6.5,17.9,3110.0,14300.0,debt consolidation,101,0,0
2748,49,A,bachelor,35800.0,15.5,26.7,780.0,14400.0,business,201,1,1
2749,53,B,bachelor,56700.0,4.1,26.7,2590.0,14800.0,debt consolidation,101,0,1
2750,56,A,high school,49800.0,20.2,25.1,5190.0,15200.0,car,203,1,1
2751,21,A,master,68500.0,5.6,0.0,5570.0,21500.0,car,204,1,0
2752,26,A,master,103400.0,4.2,0.0,3310.0,15000.0,business,202,1,1
2753,66,A,master,122400.0,1.3,34.8,2320.0,18800.0,car,204,1,1
2754,59,A,bachelor,43000.0,2.1,35.2,2920.0,17200.0,debt consolidation,204,1,1
2755,35,A,high school,24100.0,4.4,5.1,5120.0,15000.0,education,202,1,1
2756,59,B,bachelor,13400.0,20.9,33.4,2420.0,40500.0,education,102,1,1
2757,45,A,high school,23900.0,0.9,22.5,9940.0,16800.0,debt consolidation,203,1,1
2758,31,A,phd,97800.0,4.2,7.5,12910.0,5400.0,home improvement,204,1,1
2759,31,B,phd,56900.0,2.4,5.7,49610.0,9300.0,business,103,1,1
2760,33,A,high school,35500.0,2.5,7.2,4900.0,4500.0,business,203,1,1
2761,53,B,bachelor,16900.0,7.9,27.5,8150.0,11000.0,debt consolidation,102,0,0
2762,39,B,bachelor,59000.0,4.5,15.9,3800.0,16600.0,car,103,1,0
2763,42,A,bachelor,118900.0,5.5,14.5,9320.0,8300.0,car,204,1,1
2764,42,A,bachelor,40200.0,8.6,14.0,4440.0,16100.0,business,203,1,1
2765,41,A,high school,63500.0,14.4,17.6,11330.0,15700.0,home improvement,201,1,1
2766,48,A,bachelor,16900.0,8.2,25.5,8950.0,7400.0,home improvement,204,0,1
2767,52,B,master,40100.0,3.8,25.5,11830.0,11300.0,business,103,1,1
2768,42,A,bachelor,39900.0,1.9,8.2,1480.0,17000.0,business,203,1,0
2769,38,A,high school,46800.0,5.7,1.2,4360.0,21300.0,car,201,0,1
2770,38,A,bachelor,105700.0,0.7,13.3,20140.0,10800.0,home improvement,204,1,1
2771,33,B,master,18300.0,5.1,7.8,5410.0,16700.0,education,103,0,1
2772,48,A,high school,30400.0,15.8,17.9,16370.0,28200.0,home improvement,204,1,1
2773,31,A,bachelor,45100.0,8.2,5.9,11840.0,20300.0,debt consolidation,202,1,1
2774,27,A,high school,95700.0,17.6,4.9,5820.0,19400.0,car,204,1,1
2775,46,B,bachelor,35000.0,20.0,18.9,1220.0,26400.0,business,102,1,1
2776,47,A,bachelor,32800.0,5.8,16.0,2660.0,17700.0,debt consolidation,203,1,1
2777,38,B,high school,23900.0,7.2,13.8,10440.0,12400.0,education,103,1,0
2778,26,B,high school,15500.0,11.4,0.6,2960.0,12200.0,debt consolidation,103,0,1
2779,62,B,bachelor,28400.0,1.7,36.7,6040.0,16800.0,home improvement,102,1,1
2780,36,A,high school,27400.0,0.2,2.1,3730.0,24700.0,car,203,0,1
2781,48,B,master,44600.0,5.4,26.2,5650.0,9200.0,debt consolidation,102,1,1
2782,47,A,high school,70200.0,4.2,12.4,8960.0,11400.0,debt consolidation,204,1,1
2783,24,A,phd,44200.0,4.5,0.0,9250.0,10700.0,education,202,1,1
2784,42,A,phd,66700.0,10.4,9.3,7480.0,14800.0,debt consolidation,204,0,1
2785,40,A,master,86400.0,4.2,10.9,15230.0,21300.0,debt consolidation,204,1,1
2786,40,A,master,70100.0,1.4,18.2,29850.0,35300.0,car,204,1,1
2787,47,A,bachelor,33000.0,6.1,16.9,29570.0,23000.0,home improvement,203,0,1
2788,49,A,high school,39800.0,8.9,19.1,15080.0,20300.0,home improvement,203,1,1
2789,51,A,phd,38200.0,9.4,27.1,17880.0,14300.0,home improvement,202,1,1
2790,47,B,high school,30900.0,4.9,23.3,17910.0,22300.0,debt consolidation,102,0,1
2791,48,A,bachelor,51300.0,8.3,20.1,6830.0,16400.0,debt consolidation,201,1,1
2792,36,A,bachelor,88100.0,8.9,13.0,7410.0,15200.0,home improvement,203,1,1
2793,52,B,high school,38700.0,7.1,18.0,5990.0,16500.0,education,103,0,1
2794,33,B,bachelor,53400.0,7.2,7.9,8330.0,8100.0,debt consolidation,101,1,1
2795,35,A,bachelor,43800.0,8.2,5.0,2150.0,8800.0,business,202,1,1
2796,30,A,bachelor,51700.0,7.5,5.5,2770.0,27300.0,home improvement,203,1,1
2797,32,A,bachelor,55300.0,9.6,8.5,3230.0,17100.0,debt consolidation,203,1,1
2798,28,B,high school,53600.0,8.8,0.0,7030.0,20000.0,car,101,1,1
2799,31,A,high school,37500.0,4.3,0.9,1280.0,14400.0,car,202,1,1
2800,51,A,high school,35100.0,20.6,25.9,4400.0,11300.0,education,201,1,1
2801,53,A,master,44900.0,5.1,24.7,31950.0,22200.0,education,204,1,1
2802,40,A,high school,21700.0,10.9,14.3,7390.0,13600.0,debt consolidation,203,1,1
2803,21,A,bachelor,71700.0,12.3,0.0,6340.0,13100.0,business,202,1,1
2804,44,A,master,96300.0,4.2,16.6,15750.0,9900.0,car,202,1,1
2805,44,B,bachelor,28800.0,5.0,15.1,9770.0,11200.0,car,103,0,0
2806,45,B,master,27700.0,5.0,17.7,40170.0,6700.0,education,101,0,1
2807,35,A,phd,46300.0,4.9,9.7,24940.0,18000.0,car,203,0,1
2808,39,A,high school,42300.0,5.6,4.8,1240.0,8300.0,business,201,1,1
2809,41,B,bachelor,41000.0,6.3,15.8,5130.0,16400.0,debt consolidation,103,0,1
2810,39,A,bachelor,28600.0,2.4,11.6,28250.0,27500.0,business,201,0,1
2811,29,A,high school,26600.0,1.4,0.0,11750.0,3800.0,education,203,1,0
2812,48,A,high school,27600.0,8.3,24.1,2110.0,8700.0,education,201,1,1
2813,44,A,high school,42800.0,14.2,0.2,5420.0,12000.0,education,204,1,1
2814,32,A,master,34500.0,5.6,7.1,1560.0,10900.0,debt consolidation,201,1,1
2815,63,A,bachelor,84100.0,5.9,32.1,2060.0,17700.0,education,203,1,1
2816,61,A,high school,19400.0,12.4,38.0,1300.0,49600.0,debt consolidation,202,1,0
2817,46,A,master,62900.0,1.9,18.6,4100.0,16100.0,car,204,0,1
2818,51,A,high school,50000.0,6.1,21.6,2410.0,36100.0,home improvement,204,1,0
2819,33,A,bachelor,21900.0,15.0,7.0,760.0,13800.0,home improvement,201,0,1
2820,36,B,bachelor,32400.0,6.1,10.4,2970.0,12300.0,home improvement,102,0,1
2821,30,B,bachelor,28900.0,8.7,6.1,16810.0,20900.0,debt consolidation,101,1,0
2822,53,A,high school,30000.0,8.9,23.3,6110.0,20300.0,education,204,0,1
2823,54,B,high school,18100.0,8.0,28.5,4450.0,11800.0,car,103,1,1
2824,51,A,master,72100.0,4.2,22.5,11570.0,22500.0,debt consolidation,202,1,1
2825,21,B,high school,19900.0,6.7,0.0,2150.0,8500.0,home improvement,102,1,1
2826,47,A,bachelor,53600.0,14.2,20.8,4600.0,8200.0,education,204,1,1
2827,50,B,high school,70500.0,11.8,25.8,4320.0,16700.0,car,103,1,1
2828,44,B,bachelor,29000.0,12.0,21.0,1440.0,11300.0,home improvement,102,0,1
2829,43,B,bachelor,49100.0,4.9,19.7,2930.0,41200.0,debt consolidation,102,1,1
2830,55,B,bachelor,54700.0,2.5,31.2,2970.0,7400.0,home improvement,101,1,1
2831,41,A,bachelor,53300.0,12.8,10.9,1620.0,30100.0,car,203,1,1
2832,26,A,master,26300.0,1.4,0.7,8020.0,12200.0,home improvement,204,0,1
2833,51,A,high school,69200.0,14.0,26.8,21030.0,10400.0,business,204,1,1
2834,41,A,high school,30300.0,7.7,14.9,37550.0,29600.0,business,204,0,0
2835,21,A,bachelor,55300.0,1.0,0.0,29760.0,4900.0,home improvement,202,1,0
2836,59,B,high school,35100.0,12.6,28.5,8610.0,7500.0,home improvement,101,1,1
2837,39,A,bachelor,69800.0,3.7,15.0,3810.0,16000.0,home improvement,203,1,1
2838,53,A,high school,46200.0,4.0,16.2,10590.0,12500.0,car,202,1,0
2839,21,A,bachelor,60600.0,4.1,0.0,16670.0,22500.0,debt consolidation,204,0,1
2840,53,B,bachelor,28000.0,7.2,24.6,7700.0,18600.0,home improvement,101,1,0
2841,22,A,bachelor,85700.0,22.1,0.0,7190.0,20600.0,car,204,1,1
2842,46,A,master,65900.0,8.6,21.7,4880.0,16900.0,home improvement,203,1,1
2843,38,B,high school,19800.0,2.0,15.1,5550.0,17400.0,education,102,0,0
2844,32,B,bachelor,50400.0,2.9,6.4,9240.0,18600.0,business,101,1,1
2845,28,B,bachelor,48700.0,7.5,2.9,360.0,24800.0,debt consolidation,102,1,1
2846,62,B,high school,29000.0,6.2,37.9,18670.0,27900.0,debt consolidation,103,1,1
2847,50,B,high school,32000.0,18.2,24.5,10800.0,19100.0,debt consolidation,102,1,1
2848,47,A,bachelor,36900.0,6.9,10.4,890.0,8500.0,business,202,0,1
2849,50,B,bachelor,17600.0,2.1,17.8,9460.0,17800.0,business,103,1,1
2850,51,A,phd,84100.0,20.4,27.5,4920.0,12000.0,business,203,1,1
2851,44,A,high school,36400.0,7.7,21.6,15850.0,24900.0,education,204,0,1
2852,38,A,bachelor,39400.0,6.8,7.8,5790.0,16200.0,business,202,1,1
2853,46,B,bachelor,44500.0,8.1,23.0,4650.0,9800.0,car,102,1,1
2854,35,A,high school,31300.0,5.7,12.7,1920.0,16600.0,car,204,1,1
2855,42,A,bachelor,43800.0,4.0,16.4,6290.0,23700.0,debt consolidation,201,1,1
2856,44,B,bachelor,23600.0,4.2,20.7,1490.0,18600.0,debt consolidation,101,1,0
2857,45,A,high school,24900.0,12.5,17.1,19740.0,26800.0,home improvement,201,0,1
2858,62,B,bachelor,38900.0,5.7,27.0,4970.0,11000.0,car,101,1,1
2859,53,A,high school,55800.0,4.6,27.1,5640.0,15600.0,education,201,1,1
2860,52,A,high school,48200.0,6.6,30.7,6270.0,13300.0,debt consolidation,202,1,1
2861,32,A,master,69100.0,8.2,7.0,5010.0,30700.0,car,202,1,1
2862,49,A,high school,36900.0,36.3,16.4,2810.0,12400.0,home improvement,201,1,1
2863,36,B,bachelor,43800.0,2.1,11.4,8530.0,14000.0,car,102,1,1
2864,35,A,bachelor,22800.0,6.3,0.0,4380.0,9700.0,car,204,1,1
2865,37,B,high school,55900.0,21.6,4.7,10440.0,18400.0,debt consolidation,103,1,1
2866,50,B,bachelor,47800.0,9.3,27.8,1400.0,14800.0,debt consolidation,103,1,1
2867,28,A,bachelor,59100.0,7.4,0.0,970.0,34300.0,car,202,0,1
2868,39,B,master,29200.0,1.6,16.1,6590.0,14200.0,car,101,0,1
2869,51,A,bachelor,38800.0,22.7,24.3,3570.0,10000.0,car,201,1,1
2870,37,B,high school,49500.0,15.1,10.8,10420.0,23800.0,home improvement,101,1,0
2871,47,B,bachelor,30400.0,2.9,21.1,43550.0,13500.0,education,101,1,1
2872,25,B,master,29700.0,11.6,0.9,9850.0,23200.0,car,102,1,1
2873,27,A,master,81800.0,9.6,0.0,6130.0,14900.0,debt consolidation,204,0,1
2874,33,B,master,64200.0,1.9,8.2,10210.0,22000.0,home improvement,101,0,1
2875,32,A,master,52400.0,2.7,7.1,11810.0,12300.0,debt consolidation,202,1,1
2876,38,B,high school,32000.0,4.1,9.4,3400.0,15800.0,car,101,1,1
2877,39,A,phd,98800.0,29.7,8.0,5870.0,10800.0,home improvement,203,1,1
2878,37,A,master,33200.0,0.6,6.2,880.0,28100.0,car,202,1,1
2879,21,B,bachelor,59200.0,5.8,0.0,580.0,22100.0,home improvement,103,1,1
2880,41,A,bachelor,84200.0,11.8,16.9,9720.0,21600.0,education,204,1,1
2881,30,A,high school,19900.0,3.4,4.9,4380.0,19700.0,home improvement,202,0,0
2882,64,B,bachelor,46500.0,23.2,38.0,36990.0,13100.0,car,102,1,1
2883,25,B,master,72400.0,4.5,0.0,30210.0,19700.0,education,101,1,1
2884,27,A,master,43800.0,1.6,5.8,2640.0,32800.0,debt consolidation,203,1,1
2885,27,A,bachelor,38100.0,8.3,1.0,20350.0,21100.0,car,202,1,0
2886,37,A,bachelor,32800.0,5.5,9.2,13120.0,16200.0,car,204,0,0
2887,42,A,bachelor,44100.0,3.4,9.8,4550.0,11000.0,home improvement,202,1,1
2888,62,B,bachelor,57900.0,40.0,38.9,10120.0,13500.0,home improvement,102,1,1
2889,67,A,high school,28200.0,1.1,43.2,13610.0,5900.0,car,203,1,1
2890,44,A,master,34500.0,17.1,5.4,10980.0,13300.0,debt consolidation,202,0,1
2891,42,A,high school,15900.0,20.0,11.0,9630.0,46200.0,debt consolidation,201,0,0
2892,27,B,high school,47000.0,7.3,5.3,101790.0,28800.0,education,101,0,0
2893,29,A,master,68400.0,4.2,5.7,19730.0,11000.0,home improvement,202,1,1
2894,41,A,high school,54200.0,6.1,7.7,3950.0,15500.0,home improvement,202,1,1
2895,35,B,high school,41100.0,18.9,9.1,4090.0,30200.0,home improvement,103,1,1
2896,28,A,master,29500.0,9.7,1.7,4050.0,14000.0,debt consolidation,204,1,1
2897,42,B,bachelor,38700.0,14.4,20.0,2720.0,18800.0,car,103,1,1
2898,46,A,bachelor,41400.0,11.3,19.4,10420.0,10200.0,car,203,1,0
2899,50,A,high school,39100.0,9.6,22.3,10420.0,9900.0,car,203,1,1
2900,53,A,phd,152400.0,1.7,29.8,5500.0,30400.0,business,203,1,1
2901,28,A,high school,46000.0,14.1,0.0,12220.0,11300.0,home improvement,203,1,1
2902,45,B,bachelor,62900.0,9.8,23.1,11990.0,15500.0,education,103,1,1
2903,40,A,phd,42800.0,11.6,17.9,10520.0,8300.0,car,201,1,1
2904,36,B,bachelor,34100.0,7.6,5.2,2210.0,28800.0,car,101,0,1
2905,29,B,high school,18800.0,6.8,2.8,3570.0,18800.0,education,103,0,1
2906,32,A,phd,94400.0,22.1,9.7,33900.0,20800.0,business,201,1,1
2907,59,B,bachelor,20500.0,5.1,33.2,1050.0,19900.0,car,102,1,1
2908,33,A,master,71900.0,5.1,11.0,2770.0,7800.0,home improvement,203,1,1
2909,56,B,master,43500.0,5.3,18.1,15090.0,12200.0,education,101,1,1
2910,39,A,high school,18100.0,5.2,8.9,1590.0,28400.0,home improvement,202,1,1
2911,33,B,high school,16600.0,7.8,7.5,8790.0,17800.0,debt consolidation,101,0,1
2912,46,A,bachelor,21300.0,4.5,20.3,2880.0,11400.0,debt consolidation,202,1,1
2913,24,A,high school,25400.0,5.2,0.0,9140.0,6400.0,education,201,1,1
2914,37,B,high school,34100.0,6.5,13.5,16240.0,10200.0,business,103,0,1
2915,39,B,phd,38700.0,5.1,8.5,9810.0,12600.0,business,102,1,1
2916,46,A,bachelor,46200.0,10.2,21.5,6780.0,25000.0,car,202,1,0
2917,38,A,high school,25900.0,10.8,14.7,970.0,24600.0,car,203,1,0
2918,39,B,high school,25500.0,7.8,14.8,23080.0,8100.0,education,103,0,1
2919,24,A,master,47200.0,16.3,0.0,5610.0,26300.0,debt consolidation,203,1,1
2920,40,A,bachelor,66200.0,5.0,14.4,3700.0,26100.0,education,202,1,1
2921,35,B,bachelor,46800.0,6.6,7.8,1150.0,15700.0,education,103,1,0
2922,40,A,high school,22100.0,2.8,15.1,290.0,42900.0,debt consolidation,202,1,1
2923,26,A,bachelor,66600.0,3.1,3.7,1010.0,15300.0,debt consolidation,204,1,1
2924,35,B,high school,70100.0,9.5,6.8,3880.0,10900.0,debt consolidation,102,1,1
2925,34,A,bachelor,60300.0,4.6,6.5,10090.0,8100.0,education,203,1,1
2926,40,B,high school,54000.0,5.3,13.5,3640.0,23400.0,debt consolidation,103,0,1
2927,41,A,high school,56500.0,1.0,17.8,6100.0,32600.0,business,204,1,1
2928,38,B,bachelor,21700.0,4.4,13.9,2240.0,15800.0,education,101,1,1
2929,24,A,high school,39300.0,2.8,0.0,1520.0,21000.0,car,202,1,1
2930,44,A,master,66000.0,1.6,15.4,4370.0,9300.0,car,202,0,1
2931,47,A,high school,76300.0,13.3,22.5,8180.0,14700.0,business,202,1,1
2932,28,B,bachelor,35500.0,9.9,0.0,5840.0,42500.0,home improvement,101,1,1
2933,33,A,high school,17000.0,10.5,6.1,88560.0,15400.0,business,204,0,0
2934,50,A,master,67900.0,12.5,22.6,1360.0,15200.0,education,203,1,1
2935,39,B,high school,30300.0,21.6,9.3,11120.0,67400.0,debt consolidation,101,0,0
2936,61,A,high school,80600.0,7.0,26.9,30920.0,11900.0,education,201,1,1
2937,43,B,master,30100.0,19.4,16.0,4350.0,32900.0,debt consolidation,101,1,1
2938,38,B,bachelor,67000.0,2.4,5.9,5190.0,16700.0,home improvement,103,1,1
2939,50,B,bachelor,43000.0,6.0,19.7,16050.0,20800.0,car,103,0,1
2940,37,A,high school,29300.0,6.9,14.5,4300.0,25400.0,home improvement,203,0,0
2941,37,A,bachelor,55700.0,17.3,12.8,1840.0,13600.0,home improvement,203,1,1
2942,21,A,bachelor,85300.0,5.0,0.0,6000.0,21300.0,business,202,1,1
2943,47,A,bachelor,37400.0,3.7,13.6,1810.0,13300.0,car,202,1,0
2944,39,A,high school,45900.0,15.8,11.0,11070.0,13000.0,car,204,1,1
2945,44,A,bachelor,38500.0,1.7,21.0,4560.0,23100.0,car,201,1,1
2946,50,A,high school,31300.0,7.8,26.6,5120.0,8500.0,business,202,1,1
2947,66,B,master,170800.0,11.2,39.0,8850.0,11000.0,debt consolidation,102,1,1
2948,57,B,bachelor,50800.0,21.4,29.0,6220.0,21500.0,debt consolidation,102,1,1
2949,40,A,bachelor,23500.0,3.2,17.1,1300.0,18500.0,car,201,1,0
2950,36,B,master,65000.0,8.5,10.6,4410.0,33800.0,debt consolidation,102,1,1
2951,43,A,bachelor,80800.0,19.4,18.9,17310.0,17900.0,debt consolidation,203,1,1
2952,28,A,bachelor,49300.0,6.6,3.5,2380.0,11000.0,debt consolidation,201,0,1
2953,42,B,bachelor,22200.0,4.2,18.9,3640.0,27400.0,home improvement,101,1,0
2954,45,B,bachelor,41400.0,4.4,21.0,8410.0,8400.0,home improvement,101,0,1
2955,43,A,high school,37800.0,14.5,21.2,730.0,69300.0,home improvement,201,1,1
2956,50,B,bachelor,23100.0,4.9,27.5,1160.0,19400.0,debt consolidation,102,1,1
2957,45,A,bachelor,62100.0,7.1,20.9,1840.0,17500.0,debt consolidation,201,1,1
2958,57,A,phd,21500.0,13.6,32.8,5280.0,11200.0,home improvement,202,1,1
2959,64,A,high school,36100.0,3.3,29.2,33590.0,5800.0,education,203,0,0
2960,41,A,master,82300.0,3.9,12.4,1290.0,7900.0,business,204,1,1
2961,23,A,bachelor,145300.0,2.3,0.0,5870.0,6800.0,debt consolidation,201,0,1
2962,33,B,master,41100.0,9.1,7.9,180.0,13500.0,business,102,1,1
2963,33,A,high school,72600.0,6.0,8.3,2900.0,9100.0,car,204,1,1
2964,29,B,high school,34600.0,12.7,0.0,9680.0,14700.0,debt consolidation,102,0,1
2965,46,A,master,49200.0,15.6,18.9,5500.0,8300.0,home improvement,202,1,1
2966,32,A,bachelor,57100.0,2.2,0.0,7680.0,11600.0,car,204,1,1
2967,34,A,bachelor,23300.0,2.2,3.4,7360.0,14000.0,business,201,1,0
2968,44,B,high school,21700.0,13.9,18.5,2740.0,15400.0,home improvement,103,1,1
2969,43,A,master,111300.0,24.6,20.4,19700.0,12700.0,debt consolidation,202,1,1
2970,40,A,high school,22700.0,2.7,16.7,8010.0,16200.0,business,204,1,0
2971,43,A,bachelor,42900.0,11.4,19.4,2140.0,9900.0,education,202,1,1
2972,32,A,bachelor,40200.0,10.3,8.9,10360.0,16300.0,debt consolidation,201,0,0
2973,50,A,bachelor,76200.0,11.0,26.9,10280.0,19700.0,business,203,1,1
2974,31,B,bachelor,35700.0,3.4,7.4,3380.0,5700.0,car,101,1,1
2975,46,B,bachelor,45600.0,4.9,19.2,3210.0,17600.0,debt consolidation,102,1,1
2976,23,A,phd,54700.0,17.1,0.0,1600.0,6600.0,debt consolidation,204,1,1
2977,40,B,bachelor,27600.0,7.6,16.7,2930.0,11900.0,business,101,1,1
2978,52,B,master,35700.0,13.8,28.2,5760.0,9500.0,home improvement,101,0,1
2979,52,A,bachelor,43800.0,6.2,24.9,940.0,37700.0,business,204,1,1
2980,29,A,high school,45800.0,4.0,7.6,1380.0,6600.0,education,201,1,1
2981,41,B,bachelor,10900.0,26.6,11.8,2770.0,11800.0,debt consolidation,102,1,1
2982,48,A,high school,67300.0,6.6,18.2,1570.0,10700.0,home improvement,201,1,0
2983,35,A,bachelor,39100.0,5.8,7.5,1320.0,8700.0,debt consolidation,204,1,1
2984,28,A,master,76100.0,12.7,0.0,9090.0,18600.0,education,202,1,1
2985,27,B,high school,24500.0,19.1,0.0,8890.0,19900.0,car,103,0,1
2986,47,B,high school,33400.0,12.7,20.3,3030.0,7000.0,education,101,1,0
2987,59,A,bachelor,17300.0,3.0,29.3,19050.0,23200.0,car,202,1,0
2988,59,A,high school,31400.0,7.3,32.8,6140.0,20100.0,business,203,1,1
2989,44,A,bachelor,30600.0,5.5,12.1,6850.0,22600.0,car,203,1,1
2990,43,A,master,24800.0,6.7,7.8,1090.0,10500.0,debt consolidation,203,1,1
2991,28,A,high school,23200.0,1.8,1.6,5950.0,13200.0,education,202,0,1
2992,28,A,bachelor,29700.0,3.8,5.2,2130.0,28200.0,debt consolidation,201,1,0
2993,47,A,bachelor,74900.0,4.7,20.8,9260.0,18500.0,debt consolidation,203,1,1
2994,41,A,master,99300.0,10.1,12.3,6190.0,9400.0,car,204,1,1
2995,33,A,phd,108000.0,12.0,6.7,28270.0,23300.0,car,203,0,1
2996,22,A,master,92800.0,9.6,0.0,10240.0,30300.0,car,203,1,1
2997,64,A,bachelor,49400.0,5.3,41.1,4580.0,48000.0,education,203,1,1
2998,38,A,bachelor,31500.0,1.2,5.2,6950.0,12700.0,home improvement,201,1,0
2999,36,B,high school,24900.0,11.0,12.4,9480.0,6400.0,car,102,1,1
3000,47,B,high school,29100.0,2.9,23.6,21430.0,18500.0,education,103,0,0
3001,40,A,bachelor,25700.0,13.8,16.8,14700.0,17700.0,education,204,0,1
3002,29,A,master,94900.0,0.8,6.1,6460.0,44800.0,business,204,1,1
3003,49,B,high school,22500.0,5.2,27.2,3640.0,16000.0,car,102,0,0
3004,21,B,high school,17000.0,14.3,0.0,8330.0,16400.0,debt consolidation,103,0,0
3005,43,B,master,36700.0,7.2,19.0,2020.0,10400.0,education,102,1,1
3006,48,A,master,79900.0,5.5,19.2,42230.0,16700.0,home improvement,202,1,1
3007,58,A,high school,21500.0,8.5,34.9,4000.0,8100.0,debt consolidation,201,1,1
3008,41,B,high school,28100.0,2.9,0.0,5890.0,11100.0,debt consolidation,102,0,1
3009,23,A,master,37200.0,15.9,0.0,4080.0,22100.0,car,202,1,1
3010,34,B,master,73200.0,6.1,8.2,11750.0,39900.0,business,103,0,0
3011,50,A,high school,44800.0,24.5,27.4,7460.0,11900.0,home improvement,203,1,1
3012,44,A,high school,37600.0,4.7,19.7,1550.0,26000.0,car,204,1,1
3013,52,B,high school,25600.0,2.1,19.7,3500.0,45200.0,car,101,0,1
3014,47,A,master,27300.0,1.2,25.5,1800.0,15900.0,debt consolidation,202,0,1
3015,42,A,master,68100.0,4.5,11.5,9220.0,7600.0,debt consolidation,201,1,1
3016,47,A,master,45000.0,0.7,24.6,880.0,16200.0,car,203,1,1
3017,48,A,bachelor,38100.0,5.2,25.3,1270.0,19900.0,car,204,1,1
3018,30,B,high school,35500.0,4.1,6.9,8050.0,6700.0,home improvement,101,1,0
3019,49,B,high school,40700.0,5.0,18.3,24030.0,15600.0,education,103,1,1
3020,32,B,bachelor,55700.0,1.2,7.7,6070.0,25000.0,car,101,0,1
3021,52,B,bachelor,51300.0,10.5,28.6,3070.0,6500.0,education,101,1,1
3022,21,B,high school,21400.0,13.7,0.0,4490.0,19000.0,home improvement,101,1,1
3023,31,A,bachelor,65100.0,8.2,8.2,4060.0,13900.0,home improvement,202,1,1
3024,48,A,bachelor,73300.0,8.3,25.2,5400.0,15500.0,car,202,1,1
3025,46,B,master,44100.0,13.1,22.6,260.0,19900.0,education,102,1,1
3026,33,A,high school,85500.0,1.6,6.1,2660.0,11800.0,debt consolidation,203,1,1
3027,61,A,bachelor,30700.0,15.5,29.8,730.0,19400.0,education,201,1,1
3028,51,A,bachelor,60300.0,1.3,25.7,1890.0,18300.0,home improvement,204,1,1
3029,59,A,master,54000.0,5.0,32.1,5590.0,13100.0,car,204,1,1
3030,53,A,high school,49500.0,24.2,27.9,6650.0,18200.0,home improvement,202,1,1
3031,52,B,bachelor,66400.0,14.9,26.1,5520.0,27000.0,car,103,1,1
3032,47,B,bachelor,17700.0,5.7,18.2,24390.0,43400.0,home improvement,101,0,0
3033,27,A,bachelor,56900.0,9.0,0.0,12170.0,14300.0,home improvement,202,0,1
3034,42,A,high school,44400.0,2.0,8.7,3890.0,11900.0,education,203,1,0
3035,43,A,bachelor,54500.0,3.2,12.7,5700.0,29500.0,car,203,1,1
3036,56,A,high school,33100.0,12.2,31.8,4570.0,9600.0,debt consolidation,203,1,1
3037,59,A,high school,39800.0,2.2,33.5,8610.0,19600.0,home improvement,203,1,1
3038,25,A,master,106500.0,12.5,0.0,8290.0,17500.0,car,203,1,1
3039,50,A,bachelor,39000.0,4.2,22.9,19590.0,19200.0,home improvement,204,1,0
3040,48,A,high school,19300.0,6.0,16.9,51140.0,17200.0,debt consolidation,204,0,0
3041,47,A,high school,29800.0,8.2,23.4,2480.0,11700.0,education,204,1,0
3042,44,A,master,147500.0,0.8,16.9,620.0,5900.0,debt consolidation,201,1,1
3043,33,A,bachelor,20500.0,3.8,10.4,11540.0,20900.0,debt consolidation,203,0,1
3044,52,A,master,45600.0,6.0,28.1,2400.0,11500.0,home improvement,201,1,1
3045,26,A,bachelor,75000.0,5.2,1.9,5960.0,16000.0,home improvement,204,1,1
3046,40,B,bachelor,26400.0,8.4,4.8,10910.0,9800.0,home improvement,102,1,1
3047,46,B,bachelor,27300.0,7.4,0.0,4050.0,21300.0,debt consolidation,103,0,1
3048,21,A,high school,33200.0,2.5,0.0,17590.0,9600.0,home improvement,201,1,1
3049,72,A,bachelor,32100.0,14.3,49.5,11310.0,8400.0,debt consolidation,202,1,1
3050,21,A,bachelor,41400.0,18.6,0.0,1220.0,12300.0,debt consolidation,203,1,0
3051,45,A,bachelor,25800.0,7.8,19.0,13120.0,9200.0,debt consolidation,203,1,1
3052,44,B,bachelor,39000.0,16.2,21.7,4270.0,7500.0,debt consolidation,103,1,1
3053,58,A,high school,36500.0,8.3,35.6,20560.0,7500.0,home improvement,204,1,1
3054,56,A,bachelor,64700.0,13.8,31.0,17360.0,19400.0,education,202,1,1
3055,22,B,master,41100.0,9.0,0.0,8540.0,15300.0,home improvement,102,1,1
3056,41,A,bachelor,33600.0,7.7,18.7,5050.0,18200.0,education,201,1,1
3057,48,A,phd,88900.0,3.6,17.3,7480.0,8000.0,business,204,1,1
3058,57,A,high school,34500.0,10.0,33.6,6490.0,19100.0,debt consolidation,203,1,1
3059,28,A,master,108100.0,4.3,5.5,1990.0,23100.0,car,202,1,1
3060,48,A,high school,57900.0,13.8,23.7,2500.0,15900.0,education,203,1,1
3061,51,B,high school,46400.0,7.0,20.4,21740.0,11600.0,home improvement,102,1,1
3062,41,A,bachelor,68100.0,9.5,10.0,6730.0,7300.0,debt consolidation,201,1,1
3063,44,B,high school,48400.0,11.4,5.7,37200.0,16800.0,home improvement,103,0,1
3064,39,A,high school,52300.0,8.1,11.5,32570.0,25100.0,debt consolidation,203,1,1
3065,32,A,bachelor,39100.0,7.0,8.4,2560.0,30300.0,debt consolidation,201,1,1
3066,31,B,bachelor,41300.0,5.9,0.0,3710.0,15400.0,home improvement,101,1,1
3067,38,B,phd,15200.0,7.8,10.3,7250.0,13300.0,debt consolidation,101,0,1
3068,23,A,high school,41000.0,7.6,0.0,17480.0,19000.0,car,204,0,0
3069,32,B,master,54500.0,7.3,7.6,3380.0,12700.0,car,103,0,1
3070,45,B,bachelor,39400.0,2.4,18.2,6640.0,28800.0,home improvement,102,1,1
3071,26,A,bachelor,35700.0,12.0,0.0,8000.0,15600.0,home improvement,204,1,1
3072,35,A,bachelor,37800.0,0.8,7.9,3270.0,6900.0,home improvement,204,1,1
3073,57,B,master,108200.0,11.5,27.9,3530.0,19100.0,business,103,0,1
3074,36,B,bachelor,31100.0,4.7,9.2,3490.0,10700.0,home improvement,103,0,1
3075,36,B,bachelor,46400.0,5.2,11.7,4730.0,22600.0,business,102,1,0
3076,37,B,bachelor,85800.0,15.4,10.3,9730.0,17400.0,debt consolidation,102,1,1
3077,38,B,master,60000.0,6.3,14.4,4850.0,11800.0,business,102,1,1
3078,46,B,master,26500.0,17.6,18.1,14040.0,18700.0,debt consolidation,102,0,1
3079,29,A,bachelor,41900.0,2.5,1.3,2390.0,11300.0,home improvement,201,1,1
3080,50,A,bachelor,52100.0,9.7,28.4,8000.0,26300.0,car,201,1,1
3081,44,B,master,36400.0,6.6,13.5,3080.0,24500.0,education,102,0,1
3082,43,A,high school,32600.0,13.9,18.9,9280.0,13800.0,debt consolidation,203,1,1
3083,40,A,high school,49000.0,8.9,3.3,19390.0,20400.0,education,203,1,1
3084,58,A,high school,31700.0,5.8,35.7,18040.0,12300.0,car,202,1,1
3085,48,B,master,29400.0,7.1,20.8,980.0,9800.0,home improvement,101,1,1
3086,47,A,master,30100.0,4.7,24.0,5780.0,15600.0,car,201,1,1
3087,34,A,bachelor,74500.0,12.1,12.7,1500.0,7900.0,car,201,1,1
3088,55,A,high school,31500.0,4.6,23.8,9630.0,10000.0,education,201,1,1
3089,65,A,bachelor,25900.0,10.0,38.3,28020.0,4800.0,home improvement,202,0,1
3090,36,A,high school,32000.0,6.2,8.7,3720.0,11300.0,home improvement,203,1,1
3091,28,A,bachelor,39500.0,1.9,0.0,2660.0,16000.0,debt consolidation,201,0,1
3092,55,A,high school,45700.0,11.9,28.1,13620.0,11100.0,car,201,1,0
3093,43,A,high school,52200.0,4.6,18.0,17200.0,27500.0,education,203,1,1
3094,45,A,high school,36900.0,3.8,19.8,5260.0,14000.0,car,204,1,1
3095,45,A,high school,37800.0,6.3,20.0,10090.0,5000.0,debt consolidation,203,1,1
3096,61,A,bachelor,50600.0,12.6,39.2,4590.0,13100.0,home improvement,201,1,1
3097,57,B,master,33900.0,5.8,23.9,14240.0,19600.0,home improvement,103,0,1
3098,75,A,master,57300.0,5.0,51.9,780.0,18100.0,education,201,1,1
3099,42,A,high school,45600.0,10.7,20.7,1870.0,12200.0,car,201,1,1
3100,56,B,bachelor,14500.0,6.2,33.4,5800.0,16300.0,debt consolidation,102,1,1
3101,41,A,high school,26700.0,2.2,17.1,4660.0,18300.0,education,203,1,1
3102,40,A,bachelor,98700.0,7.2,12.6,1500.0,5600.0,home improvement,201,1,1
3103,48,B,master,56500.0,4.3,15.0,2720.0,14700.0,home improvement,103,1,1
3104,37,A,bachelor,33300.0,20.8,12.8,21960.0,15800.0,debt consolidation,203,0,1
3105,42,A,master,46400.0,5.2,15.9,24870.0,13100.0,car,202,1,1
3106,61,A,high school,18500.0,12.5,38.7,2110.0,20900.0,debt consolidation,204,1,1
3107,27,A,bachelor,96900.0,9.2,5.1,6240.0,11200.0,business,204,1,1
3108,49,A,bachelor,20200.0,5.0,21.9,2520.0,11200.0,debt consolidation,204,1,1
3109,34,A,high school,48000.0,3.0,8.2,830.0,12600.0,home improvement,202,1,1
3110,56,B,high school,19200.0,3.5,30.5,10190.0,22600.0,education,101,1,0
3111,27,A,master,75000.0,1.7,0.0,3290.0,22500.0,car,201,1,0
3112,21,A,bachelor,148700.0,9.5,0.0,15110.0,16600.0,debt consolidation,201,1,1
3113,25,A,high school,28000.0,3.2,2.6,14520.0,24200.0,debt consolidation,204,0,0
3114,24,A,bachelor,42500.0,9.6,0.0,3900.0,23700.0,home improvement,204,1,1
3115,33,A,high school,73400.0,4.7,7.4,9650.0,9000.0,business,202,1,1
3116,25,A,bachelor,61500.0,8.8,1.1,8080.0,34700.0,car,202,1,1
3117,45,A,high school,31000.0,8.9,19.5,6430.0,17600.0,education,204,1,0
3118,26,A,bachelor,62100.0,13.4,0.0,21650.0,10200.0,car,201,1,0
3119,44,B,bachelor,66700.0,2.4,11.4,5230.0,8800.0,debt consolidation,101,1,1
3120,30,A,master,58600.0,4.0,0.0,11440.0,19600.0,debt consolidation,204,1,0
3121,55,B,bachelor,46000.0,12.4,25.6,2330.0,9300.0,debt consolidation,103,1,1
3122,38,A,high school,22400.0,9.9,8.8,11890.0,17300.0,home improvement,202,0,1
3123,32,B,bachelor,33400.0,10.6,1.2,640.0,16000.0,debt consolidation,101,1,1
3124,43,A,bachelor,37700.0,11.9,18.7,1690.0,11200.0,debt consolidation,203,1,1
3125,21,A,master,77000.0,0.6,0.0,5220.0,5000.0,home improvement,203,1,1
3126,45,A,master,30900.0,11.9,19.3,5280.0,6600.0,car,201,1,1
3127,31,A,bachelor,30300.0,4.7,5.6,5240.0,21400.0,debt consolidation,204,1,1
3128,39,B,bachelor,42800.0,3.5,14.0,2810.0,12700.0,home improvement,102,0,1
3129,41,A,high school,49600.0,5.3,18.4,4280.0,8500.0,home improvement,202,1,1
3130,50,B,high school,38700.0,1.3,27.6,3960.0,66700.0,education,101,0,0
3131,38,B,master,17700.0,3.4,8.6,12970.0,18200.0,car,102,1,0
3132,35,A,bachelor,38000.0,13.8,9.4,5320.0,18900.0,education,201,1,1
3133,30,A,high school,24000.0,8.4,7.8,24290.0,27300.0,home improvement,201,1,0
3134,50,A,high school,36700.0,3.1,24.5,5700.0,10100.0,education,203,1,0
3135,30,A,master,14100.0,4.5,6.8,310.0,25200.0,home improvement,203,1,1
3136,21,A,high school,31100.0,2.9,0.0,4750.0,13000.0,home improvement,203,1,1
3137,62,A,high school,53400.0,26.5,30.1,1240.0,19400.0,home improvement,201,1,1
3138,30,A,bachelor,77400.0,18.6,1.5,10970.0,5400.0,home improvement,202,1,1
3139,34,B,bachelor,25900.0,16.7,9.4,3870.0,11100.0,education,102,1,1
3140,47,B,bachelor,47800.0,11.6,22.7,1180.0,20600.0,debt consolidation,101,0,0
3141,44,B,high school,17900.0,9.7,21.8,12190.0,29800.0,home improvement,101,1,1
3142,41,A,bachelor,34400.0,6.7,18.1,7060.0,6800.0,debt consolidation,203,1,1
3143,41,A,high school,50000.0,1.2,13.9,7590.0,10200.0,debt consolidation,202,0,1
3144,36,B,bachelor,34300.0,6.4,12.8,750.0,30300.0,car,103,1,1
3145,26,A,master,62700.0,1.5,0.0,2560.0,8000.0,debt consolidation,201,1,0
3146,66,A,bachelor,32400.0,7.1,41.9,1930.0,29500.0,car,202,1,1
3147,59,A,bachelor,34000.0,0.5,28.5,5980.0,9500.0,car,201,1,1
3148,38,A,master,54100.0,3.9,15.1,1740.0,16500.0,car,204,1,1
3149,37,A,bachelor,35600.0,3.9,0.0,10230.0,18700.0,debt consolidation,204,1,1
3150,41,A,bachelor,31800.0,6.4,13.2,17920.0,42400.0,education,204,1,0
3151,24,A,bachelor,38800.0,5.5,1.5,9650.0,15500.0,car,204,1,1
3152,64,A,bachelor,25000.0,6.4,37.9,2680.0,18300.0,debt consolidation,203,1,1
3153,26,B,bachelor,14500.0,7.4,0.8,20890.0,11800.0,business,101,0,0
3154,54,A,high school,23600.0,7.1,28.8,4570.0,7700.0,car,203,1,1
3155,39,B,master,42600.0,3.9,12.3,4980.0,16200.0,business,101,1,0
3156,21,A,master,66000.0,20.2,0.0,3540.0,15500.0,home improvement,201,1,1
3157,39,A,master,50900.0,1.8,9.6,1080.0,6300.0,business,204,1,1
3158,51,B,high school,27800.0,7.3,19.3,5580.0,23900.0,education,102,0,1
3159,29,A,bachelor,120800.0,6.3,0.0,6740.0,11600.0,education,204,1,1
3160,42,A,bachelor,53700.0,1.5,17.5,1430.0,11100.0,home improvement,201,1,1
3161,47,A,high school,39800.0,14.1,21.6,6720.0,17000.0,business,204,1,1
3162,36,A,high school,26700.0,7.4,10.9,7360.0,8900.0,car,204,1,1
3163,43,A,high school,44400.0,7.5,13.7,2000.0,17700.0,car,202,1,1
3164,21,A,bachelor,37100.0,7.3,0.0,2870.0,13500.0,car,201,1,0
3165,46,B,bachelor,39700.0,8.8,24.3,8690.0,13600.0,education,101,1,1
3166,21,A,high school,48800.0,1.4,0.0,2690.0,11100.0,debt consolidation,204,1,1
3167,56,A,bachelor,54200.0,3.6,29.9,3100.0,6300.0,education,201,1,1
3168,21,B,high school,62800.0,6.0,0.0,920.0,14400.0,debt consolidation,102,0,1
3169,48,A,high school,72800.0,9.3,21.6,1580.0,7300.0,car,203,1,1
3170,21,A,high school,40100.0,1.4,0.0,8300.0,7000.0,car,203,1,1
3171,29,A,high school,100900.0,3.7,4.1,1740.0,23800.0,debt consolidation,201,1,0
3172,54,B,high school,20500.0,8.9,26.0,2150.0,12100.0,debt consolidation,102,1,1
3173,53,A,master,34500.0,4.3,30.2,9220.0,11100.0,debt consolidation,201,1,1
3174,27,A,bachelor,35100.0,19.7,1.2,3010.0,13200.0,home improvement,201,1,1
3175,57,A,bachelor,65000.0,16.1,31.1,4160.0,19200.0,car,202,1,1
3176,30,A,bachelor,19300.0,3.4,5.2,2120.0,14400.0,car,201,1,1
3177,44,B,bachelor,41500.0,8.2,16.2,1000.0,9200.0,car,103,1,1
3178,42,B,high school,54900.0,6.0,14.0,10500.0,26100.0,business,103,0,1
3179,35,A,phd,73800.0,2.3,3.8,4930.0,11300.0,debt consolidation,201,1,1
3180,53,A,high school,28300.0,4.0,22.3,14450.0,19400.0,business,201,1,1
3181,41,A,high school,58800.0,3.3,14.7,20610.0,23900.0,car,202,0,1
3182,59,B,bachelor,34800.0,3.5,30.1,3100.0,14200.0,car,103,1,1
3183,43,A,master,77900.0,3.4,17.5,14230.0,14100.0,debt consolidation,203,1,1
3184,54,A,high school,35300.0,4.1,30.2,760.0,10700.0,education,201,1,1
3185,64,A,bachelor,17300.0,6.1,40.7,8570.0,6700.0,debt consolidation,202,1,1
3186,42,A,master,32700.0,18.6,17.9,3900.0,22800.0,education,203,1,1
3187,37,B,high school,38100.0,9.3,2.0,7120.0,7400.0,business,103,0,1
3188,53,A,master,31000.0,15.1,25.0,1930.0,39500.0,home improvement,202,1,1
3189,51,A,high school,25200.0,12.7,27.7,3500.0,42100.0,debt consolidation,204,1,1
3190,42,B,bachelor,38700.0,10.1,18.6,3770.0,10100.0,car,101,1,1
3191,49,A,phd,134500.0,5.6,27.4,8460.0,9900.0,car,202,1,1
3192,34,A,bachelor,51800.0,4.8,12.0,4220.0,8600.0,education,203,1,1
3193,25,A,high school,31700.0,21.5,0.0,2770.0,40600.0,business,203,0,1
3194,54,A,high school,23900.0,8.1,28.4,6160.0,13900.0,business,202,1,1
3195,48,A,bachelor,52900.0,4.2,23.3,810.0,27800.0,debt consolidation,201,1,1
3196,36,B,bachelor,44800.0,17.8,2.0,770.0,42700.0,home improvement,102,0,1
3197,21,A,master,33400.0,25.4,0.0,5330.0,25100.0,car,203,1,1
3198,57,A,bachelor,25400.0,2.5,32.3,5100.0,14500.0,education,201,1,1
3199,40,A,bachelor,59900.0,8.0,15.7,11010.0,5000.0,car,203,1,1
3200,37,A,bachelor,31800.0,4.8,11.7,2390.0,12400.0,business,201,1,1
3201,35,A,high school,78400.0,11.3,13.0,14920.0,19800.0,education,201,1,0
3202,50,B,bachelor,24300.0,9.7,16.8,16640.0,6300.0,debt consolidation,103,1,1
3203,58,A,bachelor,43300.0,3.0,28.8,24430.0,12400.0,education,204,1,1
3204,45,B,high school,16200.0,9.9,21.3,4890.0,8700.0,car,101,0,1
3205,41,B,high school,25600.0,9.5,18.4,2710.0,10900.0,debt consolidation,101,1,1
3206,40,A,bachelor,82300.0,6.2,8.4,11160.0,7900.0,business,201,1,1
3207,44,B,bachelor,21500.0,12.9,19.7,23890.0,9600.0,debt consolidation,101,1,0
3208,47,A,high school,29400.0,4.4,24.3,20260.0,6800.0,debt consolidation,202,0,1
3209,22,A,master,62200.0,17.2,0.0,9670.0,11300.0,car,202,1,1
3210,57,A,master,49100.0,13.6,28.0,20740.0,17300.0,debt consolidation,202,1,1
3211,30,B,high school,50200.0,9.8,0.0,1150.0,14900.0,debt consolidation,102,1,1
3212,35,B,bachelor,34500.0,0.8,11.4,3520.0,10600.0,car,103,1,1
3213,28,A,high school,18400.0,10.2,2.9,6940.0,11800.0,home improvement,204,1,0
3214,40,B,master,32900.0,6.1,17.7,19910.0,15900.0,education,102,1,1
3215,57,B,bachelor,21500.0,12.1,24.2,130890.0,15800.0,home improvement,101,0,0
3216,44,A,bachelor,49800.0,20.5,18.5,8700.0,16400.0,car,203,1,1
3217,45,B,high school,21400.0,4.0,17.4,15930.0,6400.0,car,103,0,1
3218,25,A,master,54900.0,2.1,0.0,1450.0,15800.0,education,201,0,1
3219,52,B,bachelor,47800.0,4.7,13.5,16450.0,7500.0,car,101,1,1
3220,55,B,high school,24100.0,3.1,30.5,2060.0,15800.0,home improvement,101,1,1
3221,44,B,high school,43200.0,16.9,18.8,12470.0,22700.0,business,102,1,1
3222,27,A,bachelor,53000.0,4.8,0.0,11250.0,13100.0,car,202,1,0
3223,44,B,high school,31000.0,8.7,16.2,13090.0,24100.0,home improvement,102,0,1
3224,50,A,high school,50800.0,3.1,23.4,740.0,22300.0,car,204,1,1
3225,45,A,bachelor,70700.0,2.7,23.1,5370.0,16200.0,debt consolidation,204,1,1
3226,50,A,high school,58900.0,3.2,19.8,3080.0,11600.0,home improvement,202,1,0
3227,45,A,high school,38000.0,19.7,19.4,10060.0,10000.0,business,203,1,1
3228,54,A,high school,36300.0,10.6,14.3,6590.0,3000.0,home improvement,203,1,1
3229,35,B,master,60300.0,8.3,4.9,10300.0,13000.0,business,102,1,1
3230,46,A,bachelor,40400.0,5.5,9.8,6150.0,9500.0,education,203,1,1
3231,49,A,bachelor,67400.0,13.1,25.0,36460.0,9100.0,car,204,1,1
3232,46,B,bachelor,27600.0,12.4,15.5,5160.0,38200.0,debt consolidation,103,1,1
3233,28,B,high school,31200.0,2.2,0.0,1470.0,11400.0,car,102,1,1
3234,21,A,bachelor,52500.0,3.4,0.0,1130.0,12900.0,debt consolidation,201,1,1
3235,52,B,high school,29100.0,11.6,27.0,2220.0,17600.0,car,103,0,0
3236,71,A,master,54300.0,11.2,49.0,7190.0,16400.0,debt consolidation,203,1,1
3237,53,B,bachelor,21600.0,4.2,26.6,2360.0,32600.0,education,102,1,1
3238,49,B,high school,28700.0,5.3,26.0,10400.0,17300.0,debt consolidation,103,0,1
3239,24,B,high school,50500.0,9.3,0.0,3550.0,15600.0,education,103,1,1
3240,53,A,master,48900.0,9.9,28.9,16870.0,11800.0,education,203,1,1
3241,52,A,high school,40500.0,1.6,27.5,4410.0,11600.0,education,203,0,1
3242,39,B,high school,20100.0,12.2,16.6,1630.0,14600.0,debt consolidation,102,1,1
3243,70,A,master,124800.0,6.7,41.7,3820.0,7500.0,home improvement,204,1,1
3244,25,A,high school,23000.0,2.3,0.0,14860.0,9300.0,home improvement,204,0,0
3245,51,A,bachelor,43400.0,16.7,26.7,5100.0,16100.0,debt consolidation,201,1,1
3246,37,B,master,43700.0,9.1,13.2,2350.0,30600.0,home improvement,103,0,1
3247,51,B,high school,16500.0,4.2,26.9,4670.0,8300.0,debt consolidation,103,0,1
3248,60,A,high school,35100.0,9.9,36.5,3160.0,14600.0,car,201,1,1
3249,41,B,bachelor,28200.0,5.9,10.5,4380.0,4900.0,debt consolidation,102,1,1
3250,22,B,bachelor,47900.0,8.9,0.0,2580.0,6200.0,car,103,1,1
3251,59,A,high school,35700.0,9.1,27.7,5950.0,17300.0,debt consolidation,202,1,1
3252,27,B,high school,23300.0,6.7,4.3,880.0,22800.0,car,102,1,1
3253,60,B,high school,30900.0,2.2,29.0,2390.0,16300.0,home improvement,101,1,0
3254,32,A,bachelor,53900.0,0.7,2.3,12970.0,11600.0,education,201,1,1
3255,27,A,master,99800.0,4.3,3.3,10210.0,12800.0,debt consolidation,201,1,1
3256,39,B,high school,19900.0,5.8,12.9,17790.0,12000.0,home improvement,102,0,0
3257,51,B,bachelor,36200.0,7.6,25.1,1240.0,6500.0,home improvement,101,1,1
3258,40,A,phd,103700.0,4.6,16.5,11350.0,15100.0,home improvement,201,1,1
3259,40,B,high school,28600.0,13.2,18.5,1180.0,15700.0,home improvement,102,1,1
3260,62,A,bachelor,32400.0,7.1,39.6,9030.0,26200.0,home improvement,202,1,1
3261,46,B,high school,42900.0,10.9,22.6,2030.0,12200.0,education,102,0,1
3262,52,A,high school,64900.0,2.9,28.0,8670.0,10200.0,debt consolidation,203,1,1
3263,58,A,master,59000.0,9.1,36.3,6270.0,8700.0,home improvement,201,1,1
3264,41,A,master,83900.0,9.6,17.3,2860.0,35200.0,car,201,1,1
3265,30,A,high school,39600.0,8.6,7.5,10760.0,10100.0,debt consolidation,204,1,1
3266,40,A,bachelor,53800.0,9.7,15.1,28590.0,34300.0,debt consolidation,202,0,1
3267,60,A,high school,40400.0,25.0,28.8,3740.0,18000.0,education,203,1,1
3268,54,B,high school,27000.0,7.5,32.3,3000.0,23600.0,debt consolidation,101,1,1
3269,49,B,high school,12400.0,2.1,22.3,2180.0,8000.0,car,102,1,1
3270,58,A,high school,60300.0,7.2,19.6,19390.0,8500.0,education,204,1,1
3271,63,A,high school,41400.0,21.0,34.7,10510.0,13000.0,education,203,1,1
3272,39,A,bachelor,39600.0,19.9,5.4,2730.0,33900.0,car,203,1,0
3273,31,A,bachelor,28600.0,8.4,6.7,12560.0,12400.0,car,201,1,1
3274,43,A,high school,34000.0,5.9,16.1,12230.0,20000.0,debt consolidation,201,1,1
3275,46,A,high school,22200.0,12.8,18.7,6790.0,8400.0,home improvement,202,1,1
3276,27,A,bachelor,48700.0,8.9,1.8,12380.0,21300.0,home improvement,201,1,1
3277,34,A,high school,108600.0,1.1,11.8,1790.0,27100.0,debt consolidation,203,1,1
3278,36,A,bachelor,16300.0,6.9,5.6,3130.0,12100.0,education,202,1,1
3279,27,A,phd,108500.0,5.1,3.3,5010.0,17500.0,education,202,1,1
3280,31,B,master,23300.0,22.0,0.0,5520.0,14000.0,debt consolidation,103,0,0
3281,43,A,bachelor,53500.0,6.9,14.2,5690.0,11500.0,home improvement,203,1,1
3282,33,A,bachelor,22900.0,6.4,3.6,2860.0,6800.0,home improvement,203,1,1
3283,42,A,master,32100.0,5.1,17.4,2910.0,10300.0,car,202,1,1
3284,28,A,high school,31200.0,10.1,1.7,1510.0,30200.0,car,203,1,1
3285,21,A,master,38600.0,9.4,0.0,6520.0,13000.0,car,204,1,1
3286,53,A,bachelor,59800.0,34.9,21.9,7490.0,28000.0,debt consolidation,202,1,1
3287,21,A,high school,42700.0,13.6,0.0,910.0,11800.0,business,202,0,1
3288,27,A,high school,50900.0,5.0,0.0,2410.0,17600.0,home improvement,204,0,1
3289,38,A,high school,42700.0,6.8,5.3,1120.0,13100.0,business,204,0,1
3290,43,A,bachelor,135500.0,21.0,20.2,12390.0,8800.0,home improvement,203,1,1
3291,45,A,bachelor,62300.0,6.2,9.2,13490.0,23000.0,home improvement,201,1,1
3292,29,B,master,86300.0,7.1,0.0,11290.0,15300.0,home improvement,103,1,1
3293,32,A,master,58200.0,5.1,7.9,5730.0,30700.0,home improvement,202,1,1
3294,51,A,bachelor,74400.0,9.1,29.7,3970.0,10600.0,car,204,1,1
3295,23,A,master,37300.0,5.0,0.0,7490.0,18500.0,business,204,1,1
3296,41,A,high school,39200.0,3.5,7.8,13300.0,8000.0,car,204,0,1
3297,60,B,bachelor,57500.0,3.2,31.2,18810.0,8500.0,home improvement,102,1,0
3298,31,A,high school,21600.0,12.9,7.3,5770.0,23400.0,debt consolidation,203,1,0
3299,39,A,high school,24700.0,9.9,6.4,2200.0,13700.0,car,202,1,0
3300,40,B,bachelor,51600.0,1.1,11.1,19360.0,15800.0,home improvement,101,0,0
3301,44,B,high school,16500.0,21.3,18.8,32870.0,17900.0,car,101,0,0
3302,28,A,master,169600.0,12.7,3.4,16480.0,25700.0,home improvement,201,1,1
3303,35,B,high school,28000.0,7.3,9.0,7050.0,33000.0,business,103,1,1
3304,37,A,phd,65300.0,3.8,1.4,6590.0,28500.0,debt consolidation,204,1,1
3305,55,B,high school,28700.0,25.3,16.9,10560.0,31400.0,education,102,0,1
3306,55,A,high school,66900.0,7.1,28.5,13950.0,16800.0,car,203,1,1
3307,43,B,bachelor,31500.0,6.4,15.7,7670.0,13900.0,home improvement,102,0,1
3308,38,B,bachelor,18700.0,4.4,10.8,9640.0,12700.0,car,103,1,0
3309,49,A,master,36500.0,2.1,24.3,12420.0,29800.0,debt consolidation,201,1,0
3310,74,B,high school,39500.0,18.2,52.1,16200.0,26300.0,debt consolidation,102,1,1
3311,39,A,bachelor,58500.0,1.9,8.6,1770.0,12100.0,home improvement,202,0,1
3312,59,A,master,83800.0,2.9,33.2,2040.0,25900.0,home improvement,203,1,1
3313,48,B,bachelor,36100.0,14.9,22.5,5030.0,12800.0,debt consolidation,103,1,1
3314,37,B,bachelor,50300.0,5.0,13.7,2460.0,19800.0,debt consolidation,103,1,1
3315,33,A,bachelor,43600.0,1.2,4.6,2100.0,26700.0,home improvement,202,1,0
3316,39,A,bachelor,100700.0,10.7,6.0,18380.0,8300.0,education,203,1,1
3317,52,B,high school,33400.0,5.1,26.5,10940.0,10500.0,car,102,0,1
3318,34,B,bachelor,23600.0,7.5,11.5,3070.0,10300.0,education,103,1,1
3319,29,B,bachelor,36400.0,3.0,5.9,4140.0,28600.0,debt consolidation,102,1,1
3320,43,A,bachelor,65300.0,10.7,20.1,2770.0,13600.0,home improvement,201,1,1
3321,30,A,bachelor,54300.0,10.6,8.6,670.0,17100.0,home improvement,203,1,1
3322,29,A,bachelor,99300.0,3.9,3.2,17190.0,16900.0,education,203,1,1
3323,48,A,master,145500.0,2.6,26.1,19970.0,8700.0,business,204,1,1
3324,50,A,high school,43200.0,4.5,26.5,7660.0,5000.0,home improvement,203,1,1
3325,43,B,bachelor,42600.0,0.9,14.5,3870.0,21300.0,debt consolidation,103,1,1
3326,36,A,bachelor,72300.0,20.2,8.3,4300.0,20600.0,car,204,1,1
3327,32,A,bachelor,67800.0,4.8,9.1,20400.0,11400.0,debt consolidation,202,1,1
3328,27,A,master,95200.0,17.0,0.6,2730.0,10200.0,car,203,1,1
3329,52,A,master,41400.0,6.3,24.7,12380.0,5200.0,education,202,0,1
3330,23,B,bachelor,24900.0,3.4,0.0,48490.0,56400.0,car,103,0,0
3331,35,B,bachelor,28000.0,1.0,6.8,4800.0,10600.0,home improvement,103,0,1
3332,42,A,high school,21000.0,3.8,18.4,3640.0,14400.0,education,202,1,0
3333,49,A,master,90400.0,3.0,14.8,8560.0,11300.0,car,201,1,1
3334,39,A,bachelor,47200.0,1.5,7.2,1950.0,9800.0,car,203,1,0
3335,41,A,high school,40800.0,3.5,15.9,19900.0,14800.0,education,204,1,1
3336,42,A,high school,73900.0,12.6,17.2,1440.0,5300.0,car,204,1,1
3337,21,B,bachelor,27200.0,14.5,0.0,7750.0,22900.0,home improvement,101,1,0
3338,41,B,bachelor,46000.0,11.7,11.0,11360.0,9600.0,home improvement,103,1,1
3339,28,A,bachelor,26700.0,8.5,1.4,1570.0,6800.0,car,204,0,1
3340,44,A,master,22500.0,1.8,16.8,3600.0,5200.0,debt consolidation,203,0,1
3341,41,B,master,28500.0,4.3,16.6,3890.0,4000.0,car,101,1,1
3342,55,B,high school,16000.0,24.1,28.7,1060.0,5500.0,debt consolidation,103,0,1
3343,50,B,phd,40200.0,5.7,21.8,2850.0,28500.0,education,102,1,1
3344,35,B,bachelor,23800.0,5.1,12.0,1540.0,9900.0,car,102,1,1
3345,56,B,bachelor,22600.0,9.4,33.9,68390.0,13800.0,business,103,0,0
3346,21,A,phd,68800.0,3.6,0.0,5300.0,32400.0,education,203,1,1
3347,47,A,high school,13800.0,8.7,23.1,5940.0,33300.0,home improvement,201,1,0
3348,41,B,bachelor,47100.0,8.4,15.3,24640.0,21400.0,car,103,0,0
3349,38,B,master,45800.0,12.9,10.0,20170.0,20500.0,business,101,1,1
3350,21,A,master,32800.0,2.1,0.0,4940.0,25200.0,business,203,1,0
3351,33,A,bachelor,98700.0,8.1,2.0,2470.0,12600.0,car,203,1,1
3352,26,A,high school,63700.0,7.8,0.0,2640.0,5500.0,home improvement,201,0,1
3353,31,A,bachelor,52600.0,11.6,1.4,5050.0,18300.0,business,202,1,1
3354,21,B,bachelor,29200.0,10.3,0.0,1130.0,4600.0,debt consolidation,103,1,1
3355,41,B,bachelor,82100.0,3.5,15.2,2980.0,5100.0,car,103,1,1
3356,32,B,bachelor,18200.0,7.6,9.1,1100.0,14700.0,debt consolidation,103,1,1
3357,21,A,phd,55200.0,4.2,0.0,1330.0,29000.0,car,202,1,1
3358,21,A,master,36000.0,8.0,0.0,4680.0,13200.0,home improvement,202,1,1
3359,36,A,high school,38000.0,0.8,10.2,1700.0,8100.0,debt consolidation,204,1,1
3360,43,B,high school,33600.0,1.3,18.2,13560.0,24600.0,home improvement,101,0,1
3361,53,A,high school,61000.0,8.4,26.8,7900.0,24800.0,debt consolidation,203,1,1
3362,49,B,bachelor,23500.0,14.2,27.2,1260.0,16100.0,business,102,1,0
3363,45,A,bachelor,47800.0,13.3,23.2,3260.0,32500.0,car,203,0,1
3364,60,A,bachelor,50200.0,10.8,38.0,7070.0,14100.0,debt consolidation,203,1,1
3365,55,B,high school,38900.0,5.3,31.0,3040.0,9200.0,debt consolidation,101,1,1
3366,54,A,high school,28000.0,8.7,19.4,9680.0,17900.0,car,202,1,1
3367,60,A,bachelor,16600.0,3.2,34.7,7120.0,18100.0,car,201,0,1
3368,57,A,bachelor,68000.0,6.7,30.8,5260.0,17000.0,education,201,1,1
3369,37,B,high school,60100.0,3.9,6.2,1560.0,29400.0,home improvement,103,0,1
3370,26,B,high school,26400.0,5.6,0.0,14430.0,15400.0,car,102,0,1
3371,55,B,master,18300.0,1.8,28.3,7350.0,5000.0,debt consolidation,103,1,1
3372,40,A,bachelor,25300.0,3.3,16.2,3240.0,8800.0,home improvement,202,1,1
3373,41,B,high school,20300.0,4.4,14.8,12970.0,10800.0,business,102,0,0
3374,30,A,bachelor,18000.0,2.9,3.4,21160.0,8900.0,home improvement,204,0,0
3375,51,B,bachelor,69500.0,6.6,28.9,3410.0,12200.0,debt consolidation,103,1,1
3376,44,A,high school,30600.0,9.3,12.8,10440.0,16100.0,car,203,1,1
3377,45,B,master,68900.0,2.6,19.1,5750.0,13400.0,business,101,0,1
3378,42,A,bachelor,44900.0,15.5,18.5,12730.0,8000.0,education,204,1,1
3379,33,B,bachelor,15800.0,9.7,5.7,15390.0,16900.0,car,102,0,0
3380,46,A,bachelor,65100.0,4.5,21.9,3730.0,6000.0,car,201,1,0
3381,49,B,bachelor,56300.0,7.9,16.4,1370.0,11700.0,car,102,1,1
3382,38,A,master,29000.0,4.1,9.9,17120.0,29400.0,debt consolidation,201,1,1
3383,35,A,bachelor,56400.0,5.6,7.3,9080.0,9800.0,debt consolidation,204,1,1
3384,36,B,high school,17700.0,8.5,3.9,6140.0,16600.0,home improvement,103,0,0
3385,21,B,bachelor,38300.0,5.9,0.0,1990.0,7800.0,car,102,1,1
3386,58,A,bachelor,68800.0,16.4,30.0,3500.0,17300.0,car,204,1,1
3387,38,A,master,35500.0,11.1,12.3,2680.0,5400.0,education,202,1,1
3388,52,A,phd,18500.0,2.8,29.9,5080.0,22000.0,car,202,1,1
3389,42,A,bachelor,52900.0,9.6,14.6,19170.0,34100.0,debt consolidation,201,0,1
3390,28,B,high school,42900.0,4.8,2.2,1390.0,29900.0,home improvement,102,1,1
3391,46,B,high school,46800.0,3.1,21.7,4280.0,30200.0,debt consolidation,103,1,1
3392,27,A,bachelor,19600.0,6.4,4.3,12380.0,23500.0,home improvement,204,0,0
3393,21,B,master,51600.0,8.3,0.0,1810.0,37800.0,education,103,1,0
3394,40,B,bachelor,27100.0,1.5,18.6,2290.0,13100.0,home improvement,103,0,0
3395,56,A,high school,34900.0,20.7,28.9,2080.0,7300.0,car,204,1,1
3396,34,A,master,94100.0,15.0,5.6,2040.0,10800.0,home improvement,201,1,1
3397,39,A,bachelor,27000.0,14.0,16.7,6480.0,11900.0,car,202,1,1
3398,56,A,bachelor,31900.0,12.7,33.0,3390.0,21200.0,home improvement,204,1,1
3399,42,A,high school,34300.0,6.8,17.9,5110.0,26200.0,home improvement,201,0,1
3400,30,A,bachelor,40100.0,4.1,4.4,4630.0,18900.0,business,201,0,1
3401,35,B,bachelor,21700.0,5.2,13.1,5860.0,22600.0,car,101,1,0
3402,36,A,phd,93900.0,10.0,1.9,4060.0,14900.0,debt consolidation,201,1,1
3403,41,A,high school,39600.0,13.4,18.1,8310.0,9700.0,education,203,1,1
3404,33,A,master,19500.0,5.2,9.4,61480.0,11900.0,business,202,0,0
3405,27,A,high school,36200.0,8.1,0.0,840.0,7500.0,home improvement,202,1,1
3406,59,B,master,10100.0,14.5,36.4,6050.0,15500.0,home improvement,102,1,1
3407,30,A,high school,65700.0,2.2,5.6,16120.0,15900.0,car,201,0,1
3408,41,A,bachelor,78500.0,2.6,12.1,6560.0,6400.0,debt consolidation,204,1,1
3409,27,A,high school,56400.0,1.4,0.0,2260.0,21700.0,car,203,1,1
3410,39,B,bachelor,35400.0,10.4,4.2,5460.0,40500.0,debt consolidation,101,0,0
3411,31,A,high school,79400.0,16.9,9.5,13730.0,21700.0,car,204,1,1
3412,52,B,bachelor,28100.0,3.0,29.1,4510.0,27200.0,car,103,0,1
3413,33,A,phd,36900.0,11.3,6.7,2800.0,12200.0,debt consolidation,202,0,1
3414,56,A,high school,32800.0,20.3,34.7,5090.0,32900.0,car,202,1,1
3415,39,A,bachelor,54500.0,12.5,2.9,6370.0,10200.0,business,202,1,1
3416,43,B,master,100200.0,8.8,13.5,6030.0,9600.0,debt consolidation,102,1,1
3417,23,A,bachelor,26100.0,4.2,0.0,7320.0,8000.0,debt consolidation,204,1,0
3418,57,A,phd,79200.0,4.3,33.9,4120.0,18300.0,business,201,1,1
3419,54,B,bachelor,37300.0,6.7,21.1,8220.0,12300.0,debt consolidation,103,1,1
3420,39,B,bachelor,34500.0,5.6,10.5,2610.0,15800.0,home improvement,102,0,1
3421,35,A,master,75700.0,3.3,13.8,7430.0,18300.0,car,203,1,1
3422,29,A,master,83800.0,9.7,3.4,3350.0,20500.0,education,202,1,1
3423,51,A,bachelor,49700.0,0.8,23.0,7670.0,8000.0,home improvement,202,1,1
3424,35,A,bachelor,31300.0,7.8,10.1,12420.0,6500.0,education,204,1,1
3425,23,B,high school,32600.0,8.8,0.1,5540.0,9100.0,debt consolidation,101,0,1
3426,37,A,high school,44500.0,6.1,10.9,28440.0,24900.0,debt consolidation,201,0,1
3427,25,B,bachelor,47300.0,10.1,0.0,7540.0,13600.0,home improvement,101,1,0
3428,37,B,high school,25700.0,4.8,12.8,13800.0,17000.0,business,101,1,1
3429,42,A,phd,59100.0,7.4,19.8,6000.0,8600.0,home improvement,204,1,1
3430,47,B,high school,20600.0,3.5,15.9,9770.0,8000.0,business,102,0,1
3431,23,A,master,77100.0,4.7,0.0,4300.0,13600.0,home improvement,201,1,1
3432,43,A,master,44000.0,27.3,21.6,77010.0,12700.0,debt consolidation,201,0,0
3433,40,B,high school,26400.0,11.2,14.7,2520.0,18000.0,debt consolidation,103,1,1
3434,45,A,bachelor,27700.0,3.2,22.8,8730.0,6700.0,education,203,1,1
3435,49,A,bachelor,37400.0,20.4,22.2,3450.0,10600.0,car,204,1,1
3436,34,A,bachelor,45400.0,2.3,10.6,2510.0,20700.0,car,203,1,1
3437,44,A,phd,58300.0,9.2,22.5,3690.0,4900.0,home improvement,204,1,1
3438,21,B,high school,28800.0,8.7,0.0,910.0,20700.0,home improvement,101,0,0
3439,21,A,high school,27700.0,4.1,0.0,1260.0,11100.0,car,204,1,1
3440,50,A,high school,41100.0,7.4,27.8,5450.0,5800.0,home improvement,201,1,1
3441,41,A,bachelor,48400.0,4.4,14.8,3160.0,14200.0,business,202,1,0
3442,47,A,bachelor,33600.0,23.4,16.4,1340.0,18400.0,business,203,1,1
3443,53,A,master,45400.0,19.4,27.6,8420.0,10500.0,business,202,1,1
3444,24,A,bachelor,34700.0,1.0,0.2,2370.0,21400.0,debt consolidation,204,1,0
3445,26,A,bachelor,66500.0,1.1,2.5,9700.0,10000.0,business,202,1,1
3446,32,B,bachelor,32200.0,12.6,5.2,1900.0,7000.0,debt consolidation,103,0,1
3447,42,A,high school,38000.0,11.4,19.2,2570.0,14900.0,business,202,1,1
3448,45,B,bachelor,77500.0,2.8,22.2,2880.0,7300.0,car,101,1,1
3449,42,A,high school,34400.0,16.8,14.3,3220.0,13500.0,car,202,1,1
3450,32,A,bachelor,38700.0,14.6,6.3,3020.0,16100.0,car,203,1,1
3451,59,A,bachelor,36700.0,5.0,31.6,33480.0,27800.0,debt consolidation,203,0,0
3452,36,B,master,65600.0,6.6,1.8,1660.0,13900.0,business,101,1,1
3453,46,B,bachelor,18500.0,6.9,23.2,1730.0,6900.0,business,101,1,1
3454,29,A,high school,24800.0,3.6,0.0,2350.0,29400.0,home improvement,201,1,0
3455,41,A,bachelor,66100.0,9.7,19.0,11850.0,15700.0,debt consolidation,201,1,1
3456,29,B,bachelor,19400.0,4.3,1.9,5330.0,31100.0,debt consolidation,103,0,0
3457,53,A,bachelor,138100.0,4.6,28.0,5420.0,20000.0,debt consolidation,201,1,1
3458,28,A,bachelor,22100.0,11.0,3.2,1680.0,10300.0,home improvement,202,1,1
3459,22,A,bachelor,80600.0,3.4,0.0,670.0,8200.0,business,203,0,1
3460,35,A,bachelor,27500.0,4.7,9.4,5230.0,29900.0,business,202,1,1
3461,33,A,high school,41900.0,17.6,3.8,9810.0,9800.0,debt consolidation,202,1,0
3462,31,B,bachelor,22900.0,9.4,9.7,3660.0,14300.0,business,103,1,1
3463,38,A,bachelor,57400.0,10.1,14.0,1750.0,16600.0,car,201,1,1
3464,33,A,master,110600.0,3.6,10.8,2540.0,18800.0,debt consolidation,203,1,1
3465,34,A,bachelor,57200.0,1.6,6.4,10230.0,22300.0,home improvement,201,1,1
3466,48,A,bachelor,44900.0,19.7,18.2,8210.0,16800.0,car,202,1,1
3467,25,A,bachelor,49000.0,16.5,0.0,8860.0,10100.0,debt consolidation,201,1,1
3468,23,A,high school,36500.0,16.6,0.0,2660.0,10600.0,home improvement,202,1,1
3469,34,A,bachelor,107500.0,19.8,0.0,6510.0,11800.0,education,204,1,1
3470,28,A,master,31200.0,2.4,4.3,12050.0,7800.0,debt consolidation,204,0,1
3471,29,A,master,39900.0,6.4,6.0,4430.0,5300.0,home improvement,204,1,1
3472,57,A,master,39500.0,10.9,34.7,12930.0,13900.0,debt consolidation,202,1,1
3473,40,B,high school,28600.0,4.9,15.0,2130.0,10900.0,home improvement,102,1,1
3474,34,A,phd,58300.0,4.0,1.0,4410.0,21900.0,car,204,1,1
3475,31,A,bachelor,44200.0,20.1,2.3,59950.0,14200.0,home improvement,201,0,1
3476,42,B,master,86500.0,4.8,14.1,3630.0,21600.0,debt consolidation,102,1,1
3477,59,A,high school,29500.0,3.3,19.7,5750.0,20600.0,car,203,0,1
3478,35,A,high school,29900.0,7.0,12.3,2920.0,18900.0,car,203,1,0
3479,59,A,bachelor,16600.0,4.1,20.0,4500.0,12800.0,car,201,1,1
3480,49,B,high school,32600.0,34.1,22.0,1810.0,28500.0,education,103,0,1
3481,47,A,high school,9400.0,8.2,17.5,4440.0,17300.0,home improvement,203,1,1
3482,31,A,bachelor,30400.0,3.7,2.3,3830.0,10000.0,debt consolidation,202,1,1
3483,47,B,high school,32200.0,11.7,20.8,4460.0,17300.0,car,102,0,1
3484,36,B,high school,28000.0,4.7,8.6,2100.0,12500.0,education,102,0,1
3485,27,B,bachelor,54800.0,18.1,0.0,3870.0,22900.0,home improvement,101,1,1
3486,35,A,bachelor,49600.0,0.6,9.7,250.0,12800.0,business,202,1,1
3487,51,A,high school,48200.0,14.6,27.0,3370.0,11600.0,debt consolidation,203,1,1
3488,21,B,high school,15600.0,0.5,0.0,7560.0,17700.0,business,101,0,1
3489,22,A,master,33700.0,6.4,0.0,3800.0,19100.0,education,202,1,1
3490,63,A,master,33200.0,8.3,38.2,300.0,23900.0,car,204,1,1
3491,48,A,high school,84000.0,7.1,25.2,3480.0,24300.0,debt consolidation,204,1,1
3492,42,A,high school,48600.0,8.8,14.4,2940.0,14400.0,debt consolidation,201,1,1
3493,36,A,bachelor,70300.0,3.2,14.2,8030.0,23200.0,home improvement,202,1,1
3494,40,A,bachelor,37400.0,6.4,13.0,10090.0,15700.0,car,204,1,1
3495,22,A,bachelor,46400.0,10.9,0.0,3600.0,14300.0,car,204,1,1
3496,40,A,high school,42500.0,8.7,10.1,7600.0,17500.0,business,202,1,1
3497,41,A,high school,31300.0,20.8,12.6,1200.0,23400.0,business,201,1,1
3498,50,A,bachelor,60700.0,11.7,26.0,1710.0,18100.0,car,202,1,1
3499,34,B,master,43000.0,2.4,9.4,9170.0,29300.0,education,102,1,1
3500,24,B,master,45300.0,25.9,0.0,2630.0,23700.0,education,102,0,1
3501,38,B,bachelor,27500.0,4.6,5.9,8240.0,12700.0,debt consolidation,103,1,1
3502,33,A,bachelor,30100.0,8.4,11.6,16890.0,6200.0,home improvement,203,1,1
3503,47,A,master,75700.0,15.0,21.4,4520.0,22600.0,debt consolidation,204,1,1
3504,45,A,bachelor,28900.0,6.0,16.5,1160.0,9900.0,debt consolidation,204,1,1
3505,56,B,bachelor,39100.0,12.1,34.0,3060.0,8900.0,business,103,1,1
3506,21,B,master,59300.0,7.0,0.0,990.0,11800.0,car,102,1,1
3507,40,A,high school,51400.0,7.2,11.8,12180.0,14100.0,home improvement,204,1,1
3508,28,A,master,53000.0,4.6,2.1,28300.0,20700.0,education,204,1,1
3509,43,A,master,36200.0,18.7,12.1,5230.0,13500.0,business,203,1,1
3510,21,A,bachelor,55200.0,7.4,0.0,11410.0,22800.0,business,202,1,1
3511,46,B,bachelor,65000.0,8.5,22.8,1040.0,14300.0,car,103,1,1
3512,40,A,high school,95000.0,5.8,11.2,12060.0,32000.0,debt consolidation,202,1,1
3513,40,A,phd,98500.0,12.6,10.2,13450.0,10700.0,business,203,1,1
3514,39,A,bachelor,42400.0,1.5,13.9,8860.0,23000.0,debt consolidation,203,1,1
3515,44,A,high school,27600.0,2.7,17.9,6700.0,7600.0,car,201,0,1
3516,43,A,master,79400.0,9.6,19.0,17420.0,15400.0,home improvement,204,1,1
3517,30,A,master,36100.0,18.3,4.7,4450.0,20900.0,education,204,1,1
3518,32,A,bachelor,56700.0,0.7,3.3,4160.0,19200.0,debt consolidation,203,1,0
3519,50,A,phd,62500.0,7.9,24.8,1380.0,16200.0,business,204,1,1
3520,33,A,bachelor,41400.0,8.6,4.6,3700.0,26800.0,debt consolidation,203,1,1
3521,21,A,master,60400.0,4.3,0.0,6150.0,10300.0,business,204,1,1
3522,21,B,high school,10300.0,9.4,0.0,3660.0,15900.0,debt consolidation,103,0,0
3523,32,A,high school,13300.0,15.6,9.1,450.0,3800.0,home improvement,201,1,1
3524,53,A,high school,44300.0,8.2,26.1,11250.0,12000.0,debt consolidation,202,1,1
3525,21,A,bachelor,19200.0,5.0,0.0,4760.0,7600.0,business,202,0,0
3526,34,B,master,33200.0,6.6,10.3,1540.0,21700.0,car,101,1,1
3527,41,A,master,55100.0,8.4,12.7,2530.0,13100.0,education,201,1,1
3528,52,A,master,75100.0,39.0,26.8,6850.0,28900.0,debt consolidation,203,1,1
3529,48,A,master,74300.0,5.5,25.2,8400.0,14000.0,car,203,1,1
3530,66,A,bachelor,26900.0,7.6,41.8,530.0,16600.0,car,202,1,1
3531,29,B,high school,25900.0,7.3,5.3,3490.0,21300.0,business,101,0,0
3532,30,A,high school,19200.0,1.9,1.2,6740.0,18000.0,business,203,0,0
3533,60,A,high school,63600.0,14.9,38.0,1390.0,34800.0,debt consolidation,203,1,1
3534,67,B,master,93900.0,6.8,30.3,2430.0,13500.0,business,102,1,1
3535,49,B,phd,72000.0,10.2,19.8,2160.0,11300.0,education,103,1,1
3536,37,A,high school,38200.0,1.9,5.0,23180.0,26300.0,education,204,1,0
3537,25,B,bachelor,38000.0,2.5,2.2,8200.0,14500.0,debt consolidation,103,1,0
3538,54,A,high school,20500.0,4.4,18.8,12400.0,11400.0,education,201,0,0
3539,21,B,high school,48200.0,10.7,0.0,2440.0,8200.0,car,102,1,1
3540,35,A,high school,73900.0,6.3,11.2,2230.0,11000.0,home improvement,201,1,1
3541,42,A,bachelor,181700.0,24.9,17.9,3280.0,34000.0,debt consolidation,203,1,1
3542,59,B,high school,65800.0,5.3,35.5,3770.0,9300.0,debt consolidation,103,1,1
3543,39,B,bachelor,31200.0,11.1,16.6,3620.0,8600.0,business,101,1,1
3544,34,A,bachelor,80000.0,14.3,10.0,1040.0,25900.0,car,204,1,1
3545,33,B,bachelor,26600.0,8.9,3.4,4630.0,6500.0,education,102,1,1
3546,48,A,master,64100.0,2.1,21.3,5170.0,23700.0,education,203,1,1
3547,34,A,phd,48100.0,5.7,10.3,26320.0,14600.0,debt consolidation,203,1,1
3548,63,B,high school,33700.0,14.5,40.9,16230.0,9800.0,debt consolidation,101,1,1
3549,33,A,high school,50800.0,5.1,6.1,12530.0,7700.0,home improvement,204,1,1
3550,61,A,bachelor,40400.0,5.0,30.8,1740.0,17000.0,car,201,1,1
3551,31,B,bachelor,65600.0,4.4,0.0,14820.0,11200.0,debt consolidation,102,0,1
3552,53,A,bachelor,73900.0,4.1,27.7,6320.0,14700.0,car,201,0,1
3553,48,A,high school,43000.0,6.1,26.3,9400.0,13400.0,car,204,1,1
3554,34,A,high school,67400.0,5.1,5.5,22750.0,28200.0,business,204,1,1
3555,31,A,high school,21000.0,3.2,7.9,9950.0,14700.0,business,204,1,1
3556,33,A,bachelor,29100.0,8.9,0.9,3210.0,17300.0,debt consolidation,203,0,1
3557,24,B,high school,49100.0,9.6,0.0,4230.0,7900.0,education,102,0,1
3558,40,A,phd,191300.0,4.0,13.2,920.0,18600.0,business,203,1,1
3559,31,A,bachelor,48300.0,3.4,0.0,3240.0,18800.0,education,203,1,0
3560,33,B,bachelor,70800.0,18.6,0.0,1610.0,14700.0,business,101,1,1
3561,32,B,bachelor,27300.0,2.1,0.2,4090.0,8600.0,car,102,0,1
3562,26,A,high school,46000.0,2.7,0.0,920.0,18400.0,education,202,1,1
3563,21,A,master,32100.0,13.3,0.0,1300.0,10700.0,education,203,1,1
3564,21,A,high school,19700.0,4.9,0.0,1910.0,22000.0,home improvement,203,0,0
3565,48,A,bachelor,46500.0,3.7,25.5,1320.0,13600.0,car,203,1,1
3566,50,A,bachelor,40900.0,3.3,28.1,2140.0,11200.0,home improvement,204,1,1
3567,35,A,master,24600.0,8.1,0.0,4530.0,11800.0,education,201,1,1
3568,21,A,bachelor,58900.0,5.5,0.0,9710.0,17800.0,car,204,0,1
3569,39,B,bachelor,38900.0,5.3,10.6,2450.0,5800.0,debt consolidation,101,1,1
3570,35,B,bachelor,48300.0,9.2,7.7,2110.0,12800.0,home improvement,103,0,1
3571,36,B,high school,39700.0,0.8,0.0,40250.0,18500.0,debt consolidation,101,1,0
3572,31,B,bachelor,26200.0,6.1,0.0,4790.0,16700.0,car,102,0,1
3573,51,A,bachelor,39600.0,8.4,19.5,3330.0,23800.0,home improvement,201,1,1
3574,34,B,master,35200.0,10.7,0.0,7390.0,19300.0,business,101,1,1
3575,47,A,master,69800.0,9.1,15.3,7300.0,17600.0,car,202,1,0
3576,26,A,bachelor,126000.0,16.5,0.0,8310.0,13600.0,debt consolidation,203,1,1
3577,48,B,bachelor,47300.0,7.7,24.7,1860.0,13100.0,home improvement,103,1,1
3578,23,A,high school,36200.0,4.3,0.0,6230.0,5600.0,home improvement,202,1,1
3579,44,A,bachelor,84300.0,3.7,20.4,8630.0,18400.0,debt consolidation,201,1,1
3580,45,A,bachelor,117200.0,7.3,14.0,8300.0,17800.0,education,203,1,1
3581,61,A,bachelor,49600.0,6.7,27.9,5800.0,13100.0,debt consolidation,203,1,1
3582,40,B,bachelor,27100.0,5.4,17.6,1500.0,7000.0,home improvement,102,1,1
3583,27,A,master,98100.0,21.4,1.5,3580.0,11700.0,car,204,1,1
3584,26,A,high school,65200.0,1.7,4.0,1250.0,9900.0,car,204,1,1
3585,50,A,phd,51900.0,9.6,27.3,1300.0,10100.0,home improvement,201,1,1
3586,51,B,bachelor,38000.0,20.1,29.5,2690.0,35600.0,business,102,1,1
3587,41,A,bachelor,36600.0,2.4,16.8,4210.0,11200.0,car,203,1,1
3588,40,A,bachelor,25700.0,8.5,10.7,1810.0,12400.0,education,203,0,1
3589,28,A,bachelor,41800.0,10.9,3.7,5480.0,14800.0,car,203,1,1
3590,46,A,bachelor,28700.0,4.6,21.9,13850.0,9600.0,car,202,1,1
3591,48,B,master,53500.0,7.8,21.6,3130.0,15400.0,education,103,1,1
3592,21,A,bachelor,45200.0,11.0,0.0,3220.0,20800.0,car,202,1,1
3593,43,A,high school,11300.0,9.8,20.7,2720.0,30900.0,car,201,1,0
3594,26,A,high school,79700.0,2.9,0.0,3440.0,34600.0,home improvement,204,1,1
3595,44,B,master,23000.0,3.1,13.8,16550.0,14300.0,debt consolidation,101,1,0
3596,42,B,master,49700.0,15.2,18.4,1280.0,12000.0,debt consolidation,101,1,1
3597,39,B,high school,18300.0,3.3,13.6,3860.0,9700.0,home improvement,103,1,1
3598,33,A,bachelor,27000.0,3.7,6.4,4170.0,10400.0,debt consolidation,204,1,1
3599,57,B,bachelor,91000.0,4.5,35.5,1550.0,47700.0,debt consolidation,103,1,1
3600,35,B,high school,30100.0,14.3,12.2,7210.0,17500.0,car,103,0,1
3601,61,A,master,38900.0,3.3,31.9,14770.0,14900.0,education,204,1,1
3602,42,B,high school,36300.0,8.3,14.9,4630.0,45000.0,home improvement,103,1,1
3603,41,B,bachelor,43800.0,10.6,8.1,8360.0,15500.0,business,102,1,1
3604,39,B,high school,57900.0,4.3,15.0,4180.0,16600.0,car,102,1,1
3605,28,A,bachelor,31500.0,9.7,4.6,1810.0,21300.0,home improvement,204,1,1
3606,33,A,bachelor,61000.0,8.8,11.1,6970.0,13900.0,car,204,1,1
3607,25,A,high school,22800.0,3.5,1.4,12180.0,10900.0,home improvement,202,1,1
3608,46,B,high school,24100.0,6.1,13.9,18080.0,7100.0,education,101,1,1
3609,21,A,bachelor,46900.0,18.5,0.0,4520.0,16500.0,business,201,0,1
3610,45,A,master,59700.0,8.5,20.8,12100.0,12300.0,education,203,1,1
3611,46,A,master,60200.0,0.1,18.1,10730.0,10000.0,car,203,1,1
3612,33,B,bachelor,58600.0,4.9,5.7,6540.0,38900.0,education,102,0,1
3613,48,A,bachelor,64900.0,21.4,17.1,1800.0,15700.0,home improvement,203,1,1
3614,36,A,high school,29600.0,4.2,10.4,3450.0,7700.0,home improvement,202,1,1
3615,29,A,high school,35200.0,8.0,1.6,2330.0,4600.0,car,202,1,1
3616,36,B,bachelor,25600.0,2.7,13.3,5440.0,16000.0,business,101,1,1
3617,66,A,bachelor,56400.0,22.1,32.2,1650.0,8100.0,business,203,1,1
3618,25,A,bachelor,65400.0,13.3,0.7,2440.0,10900.0,car,201,1,1
3619,29,A,bachelor,42400.0,8.5,0.2,2480.0,29000.0,education,201,1,0
3620,39,B,bachelor,42500.0,5.3,12.1,1290.0,26400.0,debt consolidation,102,1,1
3621,41,B,bachelor,54700.0,5.1,12.1,22220.0,12200.0,car,101,1,0
3622,38,A,master,25800.0,9.8,2.4,5320.0,13200.0,car,204,1,1
3623,29,A,master,79100.0,10.8,3.8,5990.0,7700.0,home improvement,201,1,1
3624,30,A,bachelor,65200.0,6.0,1.2,2830.0,13000.0,car,201,0,1
3625,21,B,bachelor,61800.0,6.6,0.0,3250.0,12700.0,business,102,1,1
3626,45,A,high school,30200.0,6.1,15.5,2850.0,15100.0,education,204,1,1
3627,30,B,master,54500.0,1.8,4.3,28910.0,31400.0,debt consolidation,101,0,1
3628,41,B,bachelor,32000.0,4.9,15.9,6110.0,27300.0,business,102,0,0
3629,44,B,bachelor,66500.0,4.5,18.5,540.0,11200.0,education,102,0,1
3630,37,A,high school,50600.0,9.7,4.1,1550.0,12000.0,debt consolidation,202,1,1
3631,41,A,phd,67800.0,1.4,13.9,5260.0,10600.0,business,201,1,1
3632,30,A,bachelor,35500.0,14.9,2.7,11470.0,10300.0,debt consolidation,203,1,1
3633,33,A,bachelor,64100.0,6.3,7.5,22560.0,24100.0,home improvement,202,1,1
3634,22,B,high school,21000.0,4.8,0.0,9670.0,9000.0,business,101,1,1
3635,28,B,master,58500.0,2.0,3.9,12900.0,39000.0,debt consolidation,103,0,1
3636,45,B,master,51300.0,2.6,20.2,29690.0,12800.0,car,101,1,1
3637,49,A,high school,30700.0,15.5,24.4,2540.0,20000.0,car,204,1,1
3638,21,B,phd,28300.0,6.7,0.0,23100.0,43800.0,business,103,0,1
3639,24,A,high school,21000.0,6.4,0.0,4170.0,11500.0,car,204,0,1
3640,54,B,bachelor,28400.0,1.1,28.3,9800.0,21400.0,home improvement,102,0,1
3641,27,A,high school,62300.0,2.6,4.2,8500.0,14900.0,home improvement,204,0,0
3642,42,B,master,40000.0,5.4,14.3,2250.0,7000.0,debt consolidation,102,1,1
3643,41,A,high school,53200.0,3.7,4.9,34790.0,7200.0,education,201,1,1
3644,62,A,bachelor,37200.0,1.6,36.9,3840.0,9800.0,education,204,1,1
3645,21,A,bachelor,37200.0,2.0,0.0,7200.0,14600.0,debt consolidation,202,0,1
3646,26,B,master,37000.0,15.5,0.0,4520.0,13500.0,home improvement,102,1,1
3647,49,A,master,97700.0,4.9,22.8,25140.0,8700.0,home improvement,201,1,1
3648,42,A,master,142100.0,5.9,4.9,2540.0,30000.0,debt consolidation,201,1,0
3649,47,B,high school,43700.0,2.8,23.7,7720.0,14300.0,home improvement,103,0,1
3650,43,B,high school,27200.0,6.9,21.6,13990.0,8100.0,car,102,1,1
3651,32,B,phd,43700.0,10.6,4.7,3580.0,28000.0,education,103,0,1
3652,21,A,bachelor,37500.0,3.8,0.0,3910.0,24300.0,education,204,0,1
3653,49,A,bachelor,42000.0,9.2,27.5,12510.0,25800.0,car,202,1,1
3654,35,B,high school,30000.0,19.0,13.5,4140.0,17700.0,home improvement,103,1,1
3655,32,A,master,89200.0,7.7,8.7,12440.0,7800.0,debt consolidation,202,1,1
3656,46,A,high school,34900.0,34.1,17.9,4000.0,25300.0,debt consolidation,204,1,1
3657,40,B,master,42200.0,11.3,16.0,970.0,11200.0,car,103,1,1
3658,59,A,high school,47800.0,2.8,27.8,6610.0,9900.0,car,203,1,1
3659,38,B,master,46300.0,6.0,14.6,47100.0,6900.0,car,103,0,1
3660,27,A,bachelor,91600.0,8.6,0.0,4970.0,9700.0,education,202,0,1
3661,55,A,master,33900.0,4.2,31.0,6240.0,12800.0,debt consolidation,203,1,1
3662,44,B,bachelor,25100.0,10.6,19.1,1750.0,5000.0,car,101,1,1
3663,28,A,high school,69000.0,7.3,0.2,2710.0,9700.0,debt consolidation,204,1,1
3664,46,A,master,41800.0,2.0,14.2,5360.0,11900.0,car,202,1,1
3665,47,A,bachelor,75600.0,5.3,13.0,3960.0,12100.0,business,203,1,1
3666,33,A,high school,20400.0,7.0,11.1,1780.0,31300.0,debt consolidation,203,1,1
3667,29,B,bachelor,21800.0,12.0,4.8,5050.0,9900.0,business,101,0,1
3668,41,A,master,58300.0,2.9,18.9,1960.0,32000.0,debt consolidation,203,1,1
3669,39,B,bachelor,36000.0,2.9,15.4,11370.0,16800.0,business,101,1,1
3670,30,B,high school,34500.0,3.9,4.3,36090.0,6400.0,car,101,0,0
3671,38,A,bachelor,63600.0,0.3,10.2,2250.0,38800.0,debt consolidation,202,1,1
3672,33,A,bachelor,27900.0,3.1,7.8,31470.0,8600.0,debt consolidation,201,0,0
3673,44,A,high school,31900.0,4.7,17.0,680.0,42900.0,education,201,1,1
3674,51,A,high school,79900.0,4.0,21.7,10900.0,14800.0,business,202,1,1
3675,55,B,high school,39600.0,14.1,23.7,1370.0,12000.0,education,101,0,1
3676,47,B,high school,11500.0,8.3,20.5,920.0,10500.0,home improvement,101,0,1
3677,40,B,high school,13900.0,12.1,17.1,1520.0,14400.0,car,102,1,0
3678,36,A,bachelor,57700.0,10.0,11.8,4340.0,20900.0,debt consolidation,202,1,1
3679,44,A,master,25400.0,4.6,22.8,2740.0,9000.0,business,203,1,1
3680,21,A,bachelor,62900.0,4.8,0.0,9830.0,11400.0,home improvement,201,1,0
3681,61,A,master,83800.0,14.0,36.5,4580.0,7400.0,education,203,1,1
3682,33,A,bachelor,126100.0,9.4,0.3,22530.0,8700.0,debt consolidation,204,1,1
3683,43,A,high school,22500.0,1.5,17.6,2280.0,14200.0,home improvement,201,1,1
3684,42,A,high school,58500.0,2.7,17.8,1140.0,11600.0,business,202,1,1
3685,54,A,high school,19300.0,3.2,25.4,2220.0,8000.0,car,201,1,1
3686,33,B,bachelor,21500.0,5.4,7.0,4120.0,27300.0,home improvement,101,0,1
3687,39,A,master,36100.0,12.0,15.7,12700.0,26700.0,car,204,1,1
3688,29,B,high school,50800.0,3.3,0.0,2480.0,15200.0,home improvement,103,0,0
3689,33,B,high school,17100.0,5.5,0.0,4020.0,8700.0,car,103,0,0
3690,57,B,bachelor,43500.0,0.6,33.9,3080.0,10900.0,home improvement,102,1,1
3691,70,A,master,22300.0,5.9,45.1,9220.0,27600.0,car,201,1,1
3692,58,B,high school,19300.0,5.6,33.7,4800.0,11700.0,car,102,0,1
3693,54,A,phd,50200.0,2.1,29.6,16790.0,17200.0,home improvement,202,1,1
3694,37,A,bachelor,59200.0,5.5,8.1,15100.0,16400.0,home improvement,202,1,1
3695,34,A,bachelor,23900.0,2.3,9.8,38650.0,8000.0,car,202,0,1
3696,49,A,bachelor,53800.0,10.3,23.1,4830.0,7300.0,debt consolidation,203,1,1
3697,39,B,master,34100.0,14.0,12.9,3830.0,20300.0,business,101,1,1
3698,21,A,high school,46700.0,0.8,0.0,7420.0,21000.0,car,204,1,0
3699,34,B,master,50500.0,11.6,9.5,9680.0,15700.0,car,101,1,1
3700,54,B,master,20300.0,4.0,29.9,6650.0,19400.0,home improvement,101,1,1
3701,71,A,bachelor,73700.0,26.5,42.8,2440.0,9700.0,debt consolidation,201,1,1
3702,47,A,high school,31000.0,3.4,17.1,730.0,10600.0,business,203,1,1
3703,36,A,master,69500.0,4.5,12.1,4130.0,8100.0,debt consolidation,202,1,1
3704,32,B,master,55500.0,8.2,7.4,11310.0,36500.0,debt consolidation,103,1,1
3705,49,B,master,22700.0,5.1,18.4,2440.0,24000.0,debt consolidation,101,1,1
3706,46,B,master,38300.0,15.8,12.2,42280.0,33100.0,debt consolidation,103,0,1
3707,51,A,bachelor,42300.0,12.5,17.6,580.0,16000.0,car,204,1,0
3708,38,A,bachelor,57300.0,1.6,4.8,15710.0,18500.0,car,204,1,1
3709,39,B,master,16100.0,5.1,16.5,41600.0,13400.0,debt consolidation,101,0,0
3710,21,A,bachelor,113300.0,21.1,0.0,8400.0,9600.0,car,201,1,1
3711,39,A,bachelor,23800.0,6.7,13.9,1990.0,26000.0,car,201,1,1
3712,42,A,bachelor,63300.0,7.1,19.3,5340.0,15600.0,business,204,1,1
3713,35,A,bachelor,108300.0,1.8,11.5,9740.0,11400.0,debt consolidation,204,1,1
3714,37,A,high school,31400.0,6.5,15.9,9590.0,16500.0,business,202,1,0
3715,51,B,bachelor,74000.0,2.9,15.2,2190.0,5800.0,education,102,1,1
3716,21,A,master,52200.0,1.9,0.0,14310.0,9900.0,car,201,1,1
3717,51,A,bachelor,74300.0,13.5,27.0,5200.0,17100.0,education,202,1,1
3718,50,A,bachelor,74700.0,11.7,11.3,3220.0,10000.0,debt consolidation,202,1,1
3719,37,B,high school,22700.0,11.4,14.2,3870.0,10400.0,car,102,1,1
3720,45,A,master,59900.0,16.9,20.8,7350.0,14000.0,business,204,0,1
3721,32,A,high school,18900.0,8.1,10.4,2870.0,8400.0,debt consolidation,202,1,1
3722,40,B,phd,41800.0,14.7,13.2,9820.0,29200.0,debt consolidation,103,1,1
3723,38,A,high school,34300.0,4.4,13.6,14400.0,15800.0,home improvement,202,1,1
3724,39,B,bachelor,18300.0,2.0,11.4,1730.0,8600.0,debt consolidation,102,1,1
3725,55,A,bachelor,28500.0,1.3,24.9,1630.0,15100.0,car,203,1,1
3726,25,B,bachelor,19400.0,4.1,0.6,10890.0,14500.0,car,102,0,0
3727,39,A,high school,33300.0,0.3,15.4,840.0,28600.0,home improvement,202,1,1
3728,21,A,bachelor,59400.0,3.6,0.0,4400.0,20800.0,car,203,0,1
3729,23,B,bachelor,47700.0,1.4,0.0,2350.0,18600.0,car,101,0,0
3730,38,B,master,24800.0,4.8,13.7,1520.0,11800.0,car,103,1,1
3731,47,A,high school,19900.0,4.8,23.4,10610.0,8600.0,debt consolidation,203,1,1
3732,22,B,high school,28400.0,9.7,0.0,12050.0,14600.0,car,101,1,1
3733,40,A,bachelor,72700.0,21.6,14.1,10410.0,8700.0,education,202,1,1
3734,38,B,master,40900.0,0.7,8.9,1320.0,11800.0,business,102,1,1
3735,56,B,high school,60300.0,8.5,28.5,7900.0,18700.0,home improvement,102,1,1
3736,37,A,bachelor,54100.0,14.0,10.6,3170.0,32400.0,business,201,1,1
3737,41,A,high school,58800.0,10.1,10.7,4490.0,14200.0,education,201,1,1
3738,61,A,bachelor,34400.0,16.7,23.9,20850.0,28300.0,debt consolidation,204,1,1
3739,34,B,high school,11900.0,4.9,5.1,1070.0,34900.0,business,103,0,0
3740,43,A,master,91300.0,12.4,14.6,4750.0,33400.0,business,201,1,1
3741,35,A,master,61900.0,5.5,12.3,12350.0,34500.0,debt consolidation,204,1,1
3742,63,A,master,71000.0,14.4,39.4,740.0,14800.0,business,202,1,1
3743,35,A,bachelor,109600.0,14.0,10.7,17060.0,9800.0,debt consolidation,201,0,1
3744,50,A,master,67400.0,4.3,16.8,21660.0,13600.0,education,204,1,1
3745,41,A,bachelor,81500.0,2.2,15.9,39080.0,14100.0,education,204,1,0
3746,31,A,high school,25000.0,12.9,7.6,5500.0,22700.0,home improvement,201,0,0
3747,34,A,bachelor,13500.0,6.9,6.5,5530.0,17200.0,debt consolidation,204,0,0
3748,65,A,high school,61000.0,4.5,34.0,9370.0,15700.0,debt consolidation,201,1,1
3749,32,A,high school,28100.0,2.9,5.3,3620.0,16100.0,business,201,1,0
3750,47,B,master,36300.0,10.8,17.7,15830.0,19700.0,car,102,1,1
3751,27,B,bachelor,31500.0,2.4,0.0,2060.0,14200.0,debt consolidation,102,1,0
3752,41,A,phd,109800.0,12.8,13.4,2430.0,25400.0,business,202,1,1
3753,45,A,phd,34700.0,7.8,20.9,3180.0,42500.0,home improvement,204,1,1
3754,57,A,bachelor,34600.0,5.5,29.2,3300.0,15300.0,car,203,0,0
3755,49,A,bachelor,56800.0,1.1,21.6,9790.0,16900.0,business,204,1,1
3756,25,A,high school,35600.0,4.0,0.0,24130.0,25600.0,home improvement,204,0,0
3757,45,A,high school,24900.0,21.1,12.3,4960.0,9600.0,business,201,1,1
3758,67,B,high school,26600.0,3.7,41.6,28890.0,12300.0,home improvement,103,0,1
3759,50,A,high school,27300.0,29.2,18.6,15540.0,5500.0,business,201,1,1
3760,36,B,master,23200.0,2.2,3.3,7430.0,13500.0,business,102,0,1
3761,43,A,bachelor,34000.0,3.6,15.7,3480.0,15800.0,car,203,1,1
3762,50,B,bachelor,33800.0,5.0,26.0,2800.0,16700.0,car,103,1,1
3763,28,A,bachelor,65500.0,10.1,0.0,3610.0,14200.0,car,203,1,1
3764,60,B,high school,14300.0,1.1,37.8,1870.0,13600.0,education,101,0,1
3765,35,A,high school,41200.0,9.8,12.8,6740.0,11200.0,car,202,1,1
3766,60,A,bachelor,37400.0,0.5,24.0,5030.0,7800.0,car,202,1,1
3767,48,B,master,63000.0,16.1,19.3,6050.0,30500.0,education,103,1,1
3768,42,A,master,46300.0,0.6,16.3,3040.0,15800.0,debt consolidation,201,1,1
3769,51,A,bachelor,35600.0,4.7,28.1,8730.0,26100.0,home improvement,203,1,1
3770,29,A,master,81600.0,6.1,3.4,5450.0,17900.0,car,204,1,1
3771,39,B,high school,36400.0,12.0,17.3,3710.0,12900.0,car,103,1,1
3772,46,A,bachelor,28600.0,4.8,24.8,17100.0,11400.0,car,204,0,1
3773,66,A,high school,65700.0,9.9,36.5,2280.0,21500.0,home improvement,203,1,1
3774,29,B,bachelor,48400.0,7.2,5.3,3080.0,15100.0,debt consolidation,101,1,0
3775,35,B,high school,31600.0,7.4,11.2,7660.0,10100.0,education,103,1,0
3776,37,A,high school,35000.0,6.6,0.0,3240.0,18300.0,education,201,1,1
3777,24,B,bachelor,50900.0,8.4,0.0,4720.0,12700.0,education,101,1,1
3778,23,A,high school,53800.0,10.4,0.0,2090.0,10300.0,home improvement,203,1,0
3779,27,B,master,30900.0,9.0,0.0,3020.0,14300.0,business,103,0,1
3780,57,B,bachelor,49100.0,1.7,22.0,11950.0,8000.0,business,103,1,1
3781,35,A,phd,64000.0,6.7,11.5,3750.0,7600.0,debt consolidation,204,1,0
3782,60,A,phd,61600.0,3.3,19.3,10010.0,23800.0,debt consolidation,204,1,0
3783,47,A,master,55600.0,8.6,12.9,13550.0,19500.0,education,203,1,1
3784,45,A,high school,30700.0,4.5,13.7,450.0,31800.0,car,202,0,1
3785,31,A,high school,31200.0,17.6,1.0,5790.0,6400.0,business,201,1,0
3786,41,A,phd,39500.0,11.3,15.1,9180.0,15400.0,car,203,1,1
3787,54,A,master,35000.0,1.9,17.4,920.0,11700.0,home improvement,204,1,1
3788,28,A,high school,25300.0,15.7,6.2,3540.0,19300.0,car,202,0,0
3789,57,A,master,51700.0,11.7,20.1,4310.0,33400.0,education,204,1,1
3790,38,A,bachelor,109900.0,18.9,6.0,2190.0,21400.0,home improvement,204,1,1
3791,38,A,bachelor,48200.0,5.2,2.4,10120.0,28200.0,business,203,0,1
3792,38,A,master,54800.0,7.8,0.0,5960.0,9700.0,debt consolidation,201,1,1
3793,44,A,bachelor,26000.0,5.3,20.1,12870.0,9800.0,car,201,0,1
3794,50,B,master,33300.0,9.7,27.6,2170.0,19400.0,home improvement,102,0,1
3795,44,B,high school,23800.0,6.3,19.7,2120.0,17700.0,education,101,0,1
3796,35,A,master,54400.0,10.1,9.5,1530.0,7500.0,car,203,1,1
3797,54,A,master,51600.0,4.9,19.3,6440.0,21400.0,business,203,1,1
3798,49,B,master,23400.0,8.1,24.7,1390.0,10900.0,car,101,1,1
3799,59,A,bachelor,45500.0,11.1,31.2,1280.0,9600.0,home improvement,203,1,1
3800,39,B,bachelor,46400.0,14.4,15.9,4930.0,5600.0,education,101,1,1
3801,46,A,high school,27800.0,9.2,15.5,5010.0,6600.0,home improvement,204,1,1
3802,42,A,high school,61500.0,3.4,14.6,2160.0,28300.0,debt consolidation,203,1,1
3803,57,A,bachelor,41400.0,5.9,25.6,6020.0,6300.0,education,203,1,1
3804,55,B,master,30400.0,0.8,20.3,1880.0,15100.0,education,102,0,1
3805,33,B,phd,54400.0,2.9,10.5,2760.0,35500.0,debt consolidation,103,1,1
3806,41,A,master,130800.0,18.4,15.4,8230.0,7700.0,business,203,1,1
3807,42,A,bachelor,82000.0,16.3,11.9,3550.0,8200.0,home improvement,201,1,1
3808,25,A,phd,42600.0,1.7,3.6,24710.0,30700.0,home improvement,202,0,1
3809,38,A,bachelor,35400.0,7.1,15.9,22400.0,14200.0,education,204,1,0
3810,53,A,bachelor,40800.0,5.1,28.2,9630.0,10900.0,home improvement,201,1,1
3811,48,A,master,61900.0,1.9,22.8,3920.0,17300.0,home improvement,204,1,1
3812,43,A,high school,136400.0,8.2,9.4,2940.0,6600.0,business,204,1,0
3813,28,B,bachelor,66600.0,13.8,0.0,6510.0,16300.0,business,102,1,1
3814,46,A,master,55600.0,35.3,15.1,3050.0,74600.0,education,202,1,1
3815,38,B,high school,14400.0,5.5,11.6,12390.0,14500.0,car,103,0,0
3816,33,B,master,31700.0,2.6,11.6,1590.0,21400.0,home improvement,103,1,0
3817,28,B,master,38000.0,7.0,3.2,750.0,11900.0,debt consolidation,101,0,1
3818,53,B,bachelor,38500.0,4.1,28.8,4450.0,15300.0,home improvement,102,1,1
3819,45,A,high school,30700.0,6.1,14.0,26450.0,25900.0,business,203,0,1
3820,39,A,bachelor,22800.0,6.5,7.7,13150.0,8300.0,debt consolidation,202,1,1
3821,35,B,bachelor,20900.0,5.3,11.3,4450.0,16400.0,debt consolidation,102,1,1
3822,56,A,bachelor,23600.0,14.5,29.3,12850.0,9000.0,education,201,1,1
3823,31,A,high school,31900.0,7.5,8.1,8650.0,19800.0,home improvement,203,1,1
3824,49,A,master,81300.0,3.0,26.2,3950.0,11000.0,debt consolidation,202,1,1
3825,36,A,high school,50300.0,4.8,8.0,3230.0,20300.0,home improvement,203,1,1
3826,31,A,bachelor,58600.0,6.4,9.2,7300.0,12600.0,education,202,1,1
3827,44,A,high school,22400.0,10.7,16.1,2390.0,10600.0,debt consolidation,204,1,1
3828,32,A,master,67800.0,1.8,4.5,7790.0,21400.0,education,201,1,1
3829,37,B,bachelor,35500.0,6.1,7.7,24180.0,8900.0,home improvement,102,1,1
3830,28,A,high school,26400.0,3.8,3.1,2090.0,36900.0,business,202,1,1
3831,21,B,master,52900.0,1.3,0.0,9660.0,18200.0,debt consolidation,102,1,0
3832,47,A,master,31300.0,29.0,20.7,15990.0,23100.0,debt consolidation,201,1,1
3833,33,A,high school,67000.0,31.0,9.9,31560.0,20500.0,education,201,1,1
3834,41,A,bachelor,29600.0,6.0,14.8,5740.0,14200.0,education,203,1,1
3835,22,A,high school,33800.0,2.8,0.0,1010.0,4400.0,debt consolidation,202,1,1
3836,42,B,bachelor,64000.0,3.5,17.2,9840.0,5700.0,business,103,1,1
3837,28,B,bachelor,17000.0,9.0,1.7,1720.0,19300.0,business,101,1,0
3838,21,A,high school,38500.0,19.0,0.0,2640.0,8000.0,car,204,1,1
3839,25,A,master,49900.0,10.5,0.0,3810.0,37000.0,education,203,1,1
3840,32,A,master,40000.0,12.6,4.2,10870.0,8600.0,education,202,1,1
3841,46,A,high school,18000.0,6.6,5.9,3450.0,22400.0,debt consolidation,202,0,0
3842,33,A,phd,81500.0,2.1,6.2,11850.0,24400.0,debt consolidation,202,1,1
3843,34,B,master,43000.0,24.9,8.9,6110.0,19300.0,home improvement,103,1,1
3844,21,A,high school,67800.0,3.4,0.0,3620.0,12700.0,car,201,1,1
3845,34,A,master,70200.0,10.4,9.9,2060.0,12400.0,business,203,1,1
3846,46,A,master,44100.0,5.0,23.6,12250.0,16200.0,education,203,1,1
3847,46,A,high school,71800.0,9.2,16.8,2850.0,13000.0,debt consolidation,203,1,1
3848,51,A,master,34300.0,9.8,27.7,3680.0,11200.0,home improvement,204,1,1
3849,40,B,high school,17600.0,31.0,13.4,15370.0,8600.0,education,103,0,0
3850,33,A,high school,76600.0,9.6,7.5,5560.0,40900.0,home improvement,201,0,1
3851,21,A,high school,38900.0,6.3,0.0,650.0,10100.0,home improvement,204,1,1
3852,49,B,bachelor,68200.0,11.3,17.4,18160.0,17900.0,debt consolidation,102,1,1
3853,30,A,bachelor,71100.0,7.0,6.4,2270.0,10900.0,car,204,1,1
3854,27,A,bachelor,26500.0,11.0,1.2,6290.0,14200.0,car,201,0,1
3855,30,A,master,106000.0,2.8,4.4,10030.0,6700.0,education,202,1,1
3856,31,A,bachelor,49700.0,10.2,4.3,31960.0,18900.0,car,203,1,0
3857,38,B,bachelor,33100.0,0.9,16.6,12910.0,15300.0,car,102,0,0
3858,56,B,high school,27900.0,10.0,32.1,9210.0,26100.0,education,101,1,1
3859,45,B,master,83500.0,3.0,21.1,7620.0,13300.0,car,103,0,1
3860,21,B,bachelor,19800.0,3.1,0.0,3910.0,10200.0,car,103,1,1
3861,40,A,high school,24100.0,6.2,11.1,4020.0,30300.0,debt consolidation,203,1,0
3862,44,A,master,52200.0,7.4,21.9,8200.0,14700.0,car,203,1,1
3863,38,A,high school,39800.0,9.7,11.7,1250.0,5400.0,education,204,1,0
3864,52,A,bachelor,98300.0,9.7,22.4,20310.0,12000.0,home improvement,202,1,1
3865,62,A,phd,97300.0,11.8,30.6,5820.0,24600.0,car,202,1,1
3866,43,B,high school,39000.0,8.0,16.2,72800.0,10700.0,debt consolidation,101,0,0
3867,35,A,high school,29800.0,5.9,9.4,7110.0,12900.0,debt consolidation,202,1,0
3868,42,A,bachelor,43700.0,6.4,12.5,19140.0,36200.0,debt consolidation,202,0,1
3869,52,A,bachelor,29400.0,19.5,26.6,9810.0,12600.0,car,202,1,1
3870,40,B,master,54300.0,4.4,0.0,1700.0,31900.0,car,101,0,1
3871,37,A,high school,92600.0,12.0,14.5,1560.0,14900.0,home improvement,204,1,1
3872,38,A,bachelor,102600.0,5.5,13.9,8070.0,12300.0,education,202,1,1
3873,63,B,bachelor,34800.0,8.6,41.6,5560.0,13600.0,car,102,1,1
3874,34,A,bachelor,30700.0,20.0,10.4,1790.0,9900.0,debt consolidation,202,1,1
3875,43,B,high school,32200.0,3.9,19.9,4030.0,13100.0,debt consolidation,102,1,1
3876,58,A,bachelor,36600.0,10.1,35.1,7030.0,23400.0,business,202,1,1
3877,39,A,bachelor,17700.0,9.5,14.1,14030.0,25300.0,car,202,0,1
3878,39,A,high school,27600.0,20.6,15.2,49010.0,10800.0,business,201,0,0
3879,42,A,high school,37600.0,3.2,18.5,4850.0,18100.0,debt consolidation,201,1,1
3880,56,A,high school,15500.0,7.2,33.6,6210.0,9300.0,debt consolidation,202,1,1
3881,49,A,bachelor,50800.0,5.7,17.4,11840.0,15400.0,education,202,1,1
3882,42,B,high school,39800.0,2.8,4.8,8010.0,14400.0,car,102,0,1
3883,42,A,bachelor,26300.0,6.8,16.9,9100.0,25500.0,car,202,1,1
3884,46,B,bachelor,23500.0,8.6,18.1,9000.0,12800.0,education,101,1,1
3885,24,B,high school,50700.0,2.5,0.0,1090.0,5500.0,education,101,1,1
3886,21,A,high school,47000.0,6.5,0.0,1150.0,22400.0,education,204,1,1
3887,21,A,bachelor,45800.0,3.7,0.0,5080.0,10700.0,car,202,1,1
3888,37,B,high school,38200.0,5.5,15.6,12020.0,19400.0,home improvement,102,1,1
3889,44,A,high school,26800.0,16.5,22.5,2310.0,25100.0,education,203,1,1
3890,31,A,bachelor,65800.0,8.6,2.7,17230.0,14000.0,car,204,1,1
3891,45,B,bachelor,27700.0,5.7,18.8,14520.0,10000.0,car,103,1,0
3892,47,A,bachelor,37600.0,5.0,24.7,3750.0,15600.0,car,201,1,1
3893,44,A,bachelor,59800.0,3.5,18.2,5320.0,17100.0,debt consolidation,203,1,1
3894,51,A,bachelor,48800.0,8.1,20.6,6160.0,17300.0,car,203,1,1
3895,38,B,phd,52000.0,12.9,15.9,1580.0,6100.0,car,101,1,1
3896,22,A,high school,67700.0,4.3,0.0,1720.0,27500.0,debt consolidation,202,1,1
3897,59,B,master,65400.0,6.6,24.3,8000.0,18000.0,debt consolidation,101,1,1
3898,43,A,bachelor,73400.0,15.5,17.8,9110.0,8900.0,education,202,1,1
3899,50,A,high school,61900.0,4.7,23.4,22170.0,27900.0,education,201,1,0
3900,44,B,master,41000.0,6.2,21.4,3570.0,12600.0,car,101,1,1
3901,37,B,high school,42900.0,1.1,13.5,14740.0,22200.0,business,103,1,1
3902,44,B,high school,23000.0,1.9,7.2,580.0,10300.0,home improvement,103,0,0
3903,51,A,high school,32900.0,12.0,18.1,6310.0,18900.0,car,203,0,1
3904,21,B,bachelor,51700.0,2.9,0.0,16270.0,17700.0,debt consolidation,102,1,1
3905,31,A,bachelor,20700.0,27.4,4.2,2560.0,16000.0,debt consolidation,203,0,1
3906,53,B,high school,15800.0,16.8,26.1,1780.0,17300.0,car,101,1,1
3907,24,B,high school,12900.0,3.6,0.0,2630.0,14200.0,home improvement,103,0,1
3908,36,B,high school,41000.0,6.0,12.6,4280.0,19700.0,business,101,1,1
3909,21,B,high school,31200.0,4.7,0.0,2330.0,19600.0,home improvement,102,1,1
3910,26,B,high school,39500.0,12.4,1.5,23440.0,14200.0,debt consolidation,101,0,1
3911,44,B,high school,39800.0,4.1,20.5,5700.0,7800.0,debt consolidation,103,1,1
3912,36,B,bachelor,53500.0,13.6,12.0,10000.0,19000.0,car,101,0,1
3913,27,B,master,53800.0,10.9,4.5,20090.0,9300.0,car,103,1,1
3914,64,B,high school,29100.0,5.0,39.9,7790.0,13700.0,business,103,0,1
3915,26,B,bachelor,46200.0,5.6,0.0,1910.0,8500.0,car,103,1,1
3916,33,A,bachelor,95900.0,11.1,10.4,10690.0,26500.0,debt consolidation,202,1,1
3917,31,A,high school,70500.0,3.7,8.2,6430.0,12900.0,car,201,0,1
3918,44,B,bachelor,58500.0,11.5,18.3,1770.0,30200.0,home improvement,103,1,1
3919,56,A,master,87300.0,8.0,30.3,3910.0,12500.0,debt consolidation,204,1,1
3920,48,A,high school,24500.0,6.8,25.2,7850.0,11400.0,home improvement,202,0,1
3921,41,A,high school,76700.0,8.1,16.4,3010.0,11000.0,home improvement,203,1,1
3922,30,A,high school,42500.0,8.2,2.7,3100.0,7200.0,education,204,0,1
3923,52,A,high school,39000.0,0.9,28.0,2070.0,7800.0,debt consolidation,204,1,1
3924,25,A,high school,45900.0,4.8,2.0,6490.0,13900.0,education,203,1,1
3925,21,A,bachelor,24100.0,9.1,0.0,14400.0,11800.0,debt consolidation,201,1,1
3926,23,B,high school,54700.0,2.5,0.0,14160.0,16500.0,car,102,1,1
3927,21,A,high school,19500.0,16.9,0.0,1850.0,11400.0,debt consolidation,204,1,1
3928,27,B,bachelor,64500.0,1.1,0.1,1450.0,12000.0,debt consolidation,103,1,1
3929,51,A,high school,23300.0,2.4,22.5,12930.0,19600.0,business,204,0,0
3930,49,A,high school,46500.0,1.8,23.2,26260.0,16500.0,debt consolidation,204,1,1
3931,45,A,master,58300.0,28.0,21.2,1650.0,11900.0,education,202,1,1
3932,40,A,high school,61200.0,15.2,9.3,19540.0,13100.0,home improvement,202,0,1
3933,48,B,high school,24200.0,3.9,26.6,6730.0,36100.0,business,102,1,1
3934,39,A,bachelor,53100.0,0.5,12.0,2090.0,12300.0,car,201,1,1
3935,53,A,bachelor,85700.0,0.3,28.7,6100.0,26900.0,car,204,1,1
3936,64,A,high school,80800.0,4.4,40.9,10500.0,9800.0,debt consolidation,203,1,1
3937,31,A,master,60600.0,0.5,6.9,25940.0,14200.0,business,204,0,0
3938,27,B,phd,67600.0,5.5,2.1,14020.0,15100.0,education,103,0,1
3939,39,A,bachelor,36600.0,26.7,10.6,4610.0,21900.0,debt consolidation,201,1,1
3940,23,A,bachelor,86900.0,15.6,0.0,2020.0,28500.0,car,201,1,1
3941,52,A,high school,37200.0,12.8,29.2,15230.0,29000.0,car,201,1,1
3942,34,A,high school,29900.0,6.3,10.2,1860.0,16500.0,business,201,1,1
3943,36,A,bachelor,43400.0,7.8,0.0,15260.0,7900.0,home improvement,203,1,1
3944,41,A,bachelor,38600.0,7.5,10.5,1720.0,13500.0,car,201,1,1
3945,40,B,bachelor,24300.0,4.2,8.2,2100.0,19300.0,home improvement,102,1,1
3946,65,A,bachelor,71900.0,2.7,36.0,5090.0,14100.0,debt consolidation,202,1,1
3947,38,B,bachelor,61300.0,3.8,10.0,3820.0,8400.0,education,102,1,1
3948,21,A,bachelor,32900.0,5.4,0.0,1660.0,25800.0,debt consolidation,202,1,1
3949,42,A,high school,36400.0,3.9,17.4,8630.0,12700.0,home improvement,203,1,1
3950,45,A,high school,24100.0,3.5,23.7,12870.0,8300.0,home improvement,202,1,1
3951,44,B,master,12800.0,6.9,20.1,4490.0,16000.0,debt consolidation,101,1,1
3952,31,A,high school,36400.0,13.2,0.0,23710.0,8200.0,home improvement,202,0,0
3953,41,A,master,54800.0,9.0,18.3,490.0,14000.0,debt consolidation,202,1,1
3954,27,A,bachelor,33900.0,5.8,0.0,6520.0,13300.0,car,203,1,1
3955,60,A,high school,21500.0,8.7,33.6,20440.0,18300.0,business,201,0,0
3956,36,A,bachelor,57900.0,8.1,12.0,2440.0,10800.0,debt consolidation,201,1,1
3957,47,A,bachelor,52300.0,11.0,14.7,3270.0,13700.0,debt consolidation,202,1,1
3958,34,A,high school,20900.0,9.2,11.0,6070.0,9700.0,business,202,1,1
3959,56,A,master,81200.0,4.3,26.8,4160.0,19200.0,debt consolidation,203,1,1
3960,41,A,bachelor,91900.0,1.0,17.0,1390.0,13300.0,car,201,1,1
3961,48,A,high school,26900.0,3.6,22.4,5910.0,16700.0,home improvement,203,1,1
3962,46,A,master,30800.0,5.8,6.9,7750.0,21600.0,education,202,1,0
3963,47,A,high school,26000.0,8.6,19.1,3640.0,13100.0,debt consolidation,204,1,1
3964,46,B,bachelor,28300.0,1.0,21.4,23280.0,7000.0,education,101,0,0
3965,43,A,bachelor,72800.0,14.9,15.1,15070.0,17000.0,car,204,1,1
3966,48,B,phd,45300.0,5.3,23.2,1640.0,14700.0,education,103,1,1
3967,51,A,bachelor,30700.0,0.9,25.6,8160.0,31400.0,education,204,1,1
3968,21,B,high school,18400.0,2.7,0.0,1600.0,16600.0,education,101,1,0
3969,50,B,bachelor,58400.0,10.9,26.7,3470.0,13800.0,home improvement,101,1,1
3970,31,B,bachelor,46200.0,4.3,6.1,5540.0,18300.0,home improvement,101,0,1
3971,50,B,bachelor,27800.0,4.8,23.4,4940.0,28300.0,car,101,1,1
3972,54,A,bachelor,65100.0,8.7,32.1,1190.0,28200.0,debt consolidation,204,1,1
3973,35,A,high school,74500.0,5.1,2.9,2540.0,18200.0,education,204,1,1
3974,40,A,bachelor,66800.0,1.6,16.8,35240.0,16000.0,education,202,1,1
3975,42,A,high school,62900.0,10.6,12.3,10620.0,21300.0,home improvement,202,1,1
3976,47,A,high school,35300.0,22.5,18.6,4710.0,15400.0,home improvement,202,1,1
3977,47,A,bachelor,45900.0,2.6,23.9,7670.0,16100.0,business,201,0,1
3978,48,B,bachelor,41000.0,9.6,23.6,23810.0,37300.0,education,102,1,1
3979,35,B,high school,37000.0,13.7,12.0,16680.0,12500.0,car,103,0,0
3980,34,A,high school,43000.0,8.6,1.9,16090.0,15300.0,education,202,0,1
3981,28,A,high school,26500.0,3.3,6.0,11880.0,11600.0,car,201,1,1
3982,40,A,phd,156200.0,7.2,16.5,27970.0,31800.0,home improvement,203,1,1
3983,50,A,high school,21800.0,4.4,27.2,5120.0,18900.0,debt consolidation,204,1,1
3984,46,A,bachelor,16500.0,8.7,23.2,15940.0,14100.0,debt consolidation,204,0,1
3985,48,A,high school,112500.0,7.9,16.1,1950.0,12700.0,car,201,1,1
3986,39,B,high school,20100.0,3.5,5.2,4700.0,7800.0,car,103,0,0
3987,35,A,bachelor,50600.0,6.5,0.0,7500.0,13200.0,home improvement,201,1,1
3988,31,A,bachelor,47000.0,16.3,0.0,4590.0,15400.0,education,202,1,1
3989,46,A,bachelor,48000.0,3.6,17.3,2820.0,10400.0,home improvement,203,1,1
3990,22,A,bachelor,78700.0,5.6,0.0,9840.0,10600.0,education,202,1,1
3991,21,A,high school,52900.0,8.4,0.0,37940.0,11700.0,business,204,0,0
3992,35,A,high school,25400.0,19.7,11.8,13790.0,18200.0,car,203,1,0
3993,47,A,phd,40900.0,3.0,19.4,1310.0,14300.0,debt consolidation,201,1,1
3994,32,A,bachelor,90000.0,1.0,4.4,8130.0,17000.0,business,204,1,1
3995,39,A,bachelor,63200.0,5.8,13.5,3800.0,25200.0,home improvement,204,1,0
3996,47,A,bachelor,65500.0,2.8,16.8,3240.0,23500.0,business,204,1,1
3997,21,B,high school,44700.0,24.7,0.0,6380.0,20400.0,home improvement,103,0,1
3998,28,A,bachelor,30000.0,14.1,0.0,3560.0,15000.0,home improvement,204,1,1
3999,21,A,high school,68300.0,19.3,0.0,7000.0,13000.0,business,204,1,0
4000,31,B,phd,57200.0,9.3,4.4,6510.0,14900.0,car,101,1,1
4001,24,A,master,52300.0,1.3,0.0,1990.0,22100.0,debt consolidation,201,1,1
4002,46,A,bachelor,30700.0,8.7,24.2,7170.0,25500.0,home improvement,204,1,1
4003,51,A,high school,37500.0,5.1,25.5,3350.0,19500.0,debt consolidation,201,1,1
4004,30,A,high school,51600.0,22.8,6.0,37890.0,22600.0,car,203,1,1
4005,66,B,bachelor,40500.0,1.6,37.2,6480.0,27900.0,home improvement,101,0,1
4006,28,A,high school,42800.0,8.5,0.3,6210.0,15500.0,car,203,1,1
4007,38,A,master,60700.0,8.0,11.9,6930.0,17400.0,home improvement,203,1,1
4008,58,A,master,100100.0,5.2,28.2,3090.0,5200.0,education,204,1,1
4009,49,A,bachelor,22800.0,22.6,20.8,3920.0,14500.0,car,203,1,1
4010,57,A,bachelor,38900.0,1.5,32.1,960.0,20000.0,home improvement,201,1,1
4011,34,B,high school,61800.0,6.1,9.7,2550.0,12400.0,business,102,1,1
4012,25,B,master,47600.0,2.1,0.9,1060.0,32500.0,home improvement,101,1,1
4013,23,B,bachelor,56900.0,5.2,0.0,1060.0,6800.0,debt consolidation,102,1,1
4014,54,A,phd,74200.0,1.5,30.5,1670.0,8900.0,car,201,1,1
4015,51,A,high school,41900.0,2.8,28.5,1250.0,10800.0,business,202,1,1
4016,35,A,bachelor,22900.0,3.0,0.0,4380.0,20900.0,home improvement,204,0,1
4017,44,A,master,71200.0,5.1,17.0,8360.0,11100.0,car,203,1,1
4018,47,B,master,25600.0,2.4,20.3,500.0,12500.0,business,102,1,1
4019,40,A,bachelor,57600.0,5.2,10.1,13400.0,15200.0,education,202,1,0
4020,66,B,bachelor,28000.0,4.2,38.6,4030.0,34800.0,debt consolidation,102,0,1
4021,42,A,bachelor,67100.0,3.3,11.6,5330.0,4700.0,debt consolidation,201,1,1
4022,35,A,high school,44400.0,4.6,0.0,2260.0,6200.0,education,203,0,1
4023,52,A,bachelor,32300.0,4.7,23.8,3290.0,9900.0,car,201,1,1
4024,21,A,high school,16000.0,3.0,0.0,2610.0,23100.0,business,204,0,1
4025,47,A,bachelor,71500.0,7.2,17.0,1730.0,27600.0,debt consolidation,203,1,1
4026,21,A,high school,77200.0,10.3,0.0,1410.0,24400.0,car,202,1,1
4027,34,A,high school,55000.0,6.2,12.1,10850.0,18300.0,car,204,1,1
4028,26,A,high school,84600.0,16.8,1.0,4780.0,17000.0,education,201,1,1
4029,52,A,high school,37200.0,9.3,29.3,1770.0,23400.0,home improvement,204,1,1
4030,34,A,high school,45400.0,3.6,10.8,17650.0,20300.0,home improvement,201,1,0
4031,28,A,master,44900.0,4.1,5.7,6000.0,13000.0,business,203,1,0
4032,43,A,master,36500.0,15.3,20.0,5200.0,22400.0,debt consolidation,203,1,1
4033,65,A,bachelor,96100.0,11.9,38.8,4540.0,11200.0,home improvement,203,1,1
4034,28,B,master,84400.0,12.1,0.4,8800.0,29200.0,debt consolidation,101,1,0
4035,50,A,high school,45500.0,8.7,23.2,5530.0,14900.0,debt consolidation,202,1,1
4036,54,A,phd,45400.0,5.7,30.5,9840.0,22700.0,business,202,1,1
4037,61,A,bachelor,46800.0,2.8,35.2,16220.0,14900.0,debt consolidation,201,1,1
4038,42,A,master,91700.0,12.8,19.6,16600.0,19000.0,debt consolidation,204,1,1
4039,22,A,bachelor,66100.0,5.7,0.0,13740.0,13800.0,education,204,0,1
4040,41,A,bachelor,71400.0,7.0,12.5,5300.0,11500.0,car,201,1,1
4041,41,B,high school,28400.0,6.8,11.6,4790.0,20100.0,debt consolidation,101,0,1
4042,43,A,master,42300.0,8.3,18.3,740.0,13100.0,education,204,0,1
4043,60,B,master,56700.0,5.0,29.4,11670.0,9500.0,debt consolidation,101,1,1
4044,25,A,bachelor,45600.0,10.0,0.9,2710.0,13200.0,debt consolidation,203,1,1
4045,38,B,phd,57500.0,4.5,14.7,9760.0,12500.0,home improvement,102,1,1
4046,50,A,master,35600.0,5.6,19.1,1580.0,11900.0,car,203,1,1
4047,27,B,high school,39200.0,0.8,5.5,4100.0,28300.0,business,103,1,0
4048,33,A,high school,54800.0,10.8,5.2,1970.0,15700.0,education,203,0,1
4049,30,A,master,67500.0,3.2,7.0,4750.0,9100.0,debt consolidation,201,1,0
4050,37,B,bachelor,30400.0,10.1,12.4,3310.0,9200.0,car,101,1,0
4051,45,A,phd,84500.0,4.5,20.7,9060.0,8600.0,home improvement,201,1,1
4052,32,A,master,56100.0,4.9,8.2,1750.0,4900.0,car,203,1,1
4053,46,A,master,97100.0,8.9,22.2,5100.0,15500.0,car,204,0,1
4054,36,B,bachelor,21300.0,15.2,4.9,1650.0,11800.0,debt consolidation,103,0,0
4055,34,A,high school,25300.0,3.2,6.4,6410.0,19500.0,debt consolidation,202,0,1
4056,36,A,bachelor,24500.0,6.4,5.5,4530.0,12000.0,car,202,1,1
4057,54,B,bachelor,34300.0,18.8,16.8,10760.0,39800.0,car,102,1,1
4058,51,A,master,145800.0,3.9,17.5,1640.0,10200.0,debt consolidation,202,1,1
4059,54,A,master,45700.0,4.7,25.0,16550.0,16300.0,car,202,1,1
4060,63,A,bachelor,41100.0,3.5,40.5,4120.0,9000.0,home improvement,204,1,1
4061,28,A,bachelor,101400.0,3.2,4.4,4210.0,15400.0,car,203,1,1
4062,53,A,high school,66300.0,17.2,29.2,10890.0,15500.0,education,203,1,1
4063,38,B,master,34500.0,4.8,13.9,4310.0,15200.0,home improvement,101,1,1
4064,27,A,bachelor,131800.0,7.6,2.5,6890.0,18300.0,debt consolidation,204,1,1
4065,38,B,high school,39900.0,1.6,15.6,2490.0,25500.0,home improvement,102,1,1
4066,36,A,bachelor,35800.0,5.4,11.6,5400.0,4100.0,home improvement,202,1,1
4067,61,B,high school,47300.0,4.7,36.6,43420.0,11400.0,car,102,0,1
4068,38,B,bachelor,15500.0,5.0,6.6,10220.0,33400.0,debt consolidation,101,0,0
4069,49,A,bachelor,27500.0,6.1,21.6,1810.0,16400.0,education,204,1,1
4070,32,B,bachelor,25800.0,4.0,8.3,59350.0,16200.0,debt consolidation,103,0,0
4071,32,B,bachelor,31300.0,7.2,7.0,3630.0,5700.0,car,102,1,1
4072,28,B,bachelor,48100.0,14.0,4.6,1710.0,23300.0,car,101,1,1
4073,52,A,high school,49100.0,6.5,24.7,1010.0,15700.0,business,204,1,1
4074,40,B,master,93600.0,19.9,12.8,6140.0,6700.0,education,101,1,1
4075,38,B,master,38700.0,0.9,12.8,8460.0,11800.0,car,103,1,1
4076,22,B,master,42200.0,8.1,0.0,15670.0,34900.0,debt consolidation,103,0,0
4077,37,A,high school,97800.0,8.3,7.4,24790.0,7300.0,business,201,1,1
4078,29,B,bachelor,43400.0,5.4,3.8,4250.0,42600.0,debt consolidation,103,0,1
4079,32,A,bachelor,34500.0,1.5,0.0,9560.0,13700.0,home improvement,203,1,1
4080,21,A,high school,60800.0,8.6,0.0,3430.0,8200.0,debt consolidation,204,0,1
4081,44,B,high school,49800.0,5.4,22.1,20940.0,6500.0,car,102,0,1
4082,58,A,master,42800.0,14.1,34.5,39000.0,7700.0,business,201,1,1
4083,38,A,bachelor,95300.0,6.2,12.9,9360.0,5400.0,education,203,1,1
4084,38,B,phd,34900.0,4.5,14.5,1700.0,2700.0,education,103,1,1
4085,69,A,master,25700.0,6.6,43.3,4150.0,20100.0,debt consolidation,203,1,1
4086,32,A,bachelor,63500.0,10.3,2.1,84280.0,7600.0,car,204,0,1
4087,27,B,master,75100.0,13.0,2.6,4110.0,8800.0,debt consolidation,103,1,1
4088,23,A,master,42600.0,7.3,0.0,21370.0,50300.0,car,203,0,0
4089,29,B,bachelor,35200.0,7.1,1.4,6190.0,62300.0,business,103,0,0
4090,45,A,bachelor,91800.0,19.5,19.1,5270.0,11100.0,home improvement,204,1,1
4091,31,A,phd,21800.0,22.2,9.1,3220.0,24600.0,business,203,1,1
4092,33,A,bachelor,63700.0,17.3,9.3,26070.0,5000.0,debt consolidation,204,1,1
4093,34,B,bachelor,36800.0,2.8,9.2,11890.0,11000.0,debt consolidation,101,0,1
4094,32,A,master,44700.0,10.9,6.5,5960.0,13100.0,education,202,1,1
4095,55,A,high school,51100.0,2.8,25.9,16070.0,25900.0,car,202,1,1
4096,52,A,bachelor,74500.0,13.8,25.5,4160.0,10600.0,car,204,1,1
4097,34,A,bachelor,35800.0,4.7,6.4,8860.0,10400.0,debt consolidation,201,0,1
4098,33,B,master,16300.0,7.8,1.0,8520.0,13700.0,car,103,0,0
4099,47,B,high school,29700.0,7.2,17.5,10760.0,19700.0,debt consolidation,102,0,1
4100,53,B,bachelor,23900.0,6.3,30.9,7850.0,7700.0,car,101,0,0
4101,31,A,bachelor,27900.0,7.3,4.5,2840.0,15300.0,debt consolidation,204,1,1
4102,31,A,bachelor,42200.0,10.3,8.4,9940.0,15400.0,business,201,1,1
4103,43,A,master,45400.0,15.6,20.0,8780.0,15000.0,education,201,1,1
4104,21,B,bachelor,17200.0,6.5,0.0,21640.0,18500.0,business,101,0,0
4105,49,B,high school,28100.0,3.1,22.8,3540.0,22000.0,home improvement,103,0,1
4106,47,A,bachelor,95000.0,14.4,20.5,3130.0,15300.0,home improvement,203,1,1
4107,43,A,high school,35400.0,2.9,10.8,4750.0,8300.0,business,201,0,1
4108,44,A,high school,34700.0,13.2,12.1,14590.0,14000.0,home improvement,201,1,0
4109,51,A,bachelor,92700.0,0.4,23.7,5050.0,9200.0,home improvement,204,1,1
4110,25,B,master,49900.0,13.4,0.0,1620.0,9500.0,debt consolidation,102,1,1
4111,55,A,high school,104100.0,16.4,23.9,4020.0,34100.0,home improvement,204,1,1
4112,51,A,high school,20000.0,4.1,20.2,2840.0,11400.0,education,203,1,0
4113,26,A,high school,75600.0,7.4,2.9,10790.0,11700.0,debt consolidation,201,0,1
4114,32,A,high school,92600.0,3.7,1.3,6380.0,13000.0,car,204,1,1
4115,61,A,bachelor,33200.0,5.4,36.3,1330.0,24700.0,car,201,1,1
4116,25,B,bachelor,20200.0,3.6,0.0,980.0,25900.0,car,102,0,0
4117,52,B,high school,30100.0,1.5,27.4,20900.0,11300.0,education,101,0,0
4118,33,B,bachelor,26600.0,2.3,9.1,3470.0,16400.0,education,101,1,1
4119,55,A,phd,46200.0,5.5,27.0,20810.0,13100.0,education,202,1,1
4120,52,A,bachelor,30400.0,15.1,26.5,4790.0,9600.0,car,203,1,1
4121,47,A,bachelor,59400.0,4.5,18.0,5000.0,7700.0,business,203,0,1
4122,52,A,bachelor,72100.0,15.7,24.0,4980.0,26200.0,home improvement,202,1,1
4123,33,B,bachelor,38400.0,0.2,0.2,2600.0,15400.0,debt consolidation,103,1,0
4124,52,A,high school,18500.0,7.6,15.2,11960.0,9600.0,debt consolidation,202,0,1
4125,36,A,bachelor,34000.0,17.8,12.8,12910.0,9000.0,debt consolidation,204,1,1
4126,26,A,master,33800.0,14.4,0.0,4850.0,12700.0,debt consolidation,202,1,1
4127,38,B,high school,31700.0,13.0,0.0,710.0,11900.0,home improvement,102,0,1
4128,49,A,bachelor,31600.0,10.6,22.2,11960.0,21800.0,business,204,1,1
4129,45,B,bachelor,10300.0,3.5,19.8,6930.0,18300.0,debt consolidation,101,0,1
4130,59,A,bachelor,44000.0,11.6,30.3,1130.0,18100.0,business,201,1,0
4131,63,A,high school,80900.0,2.8,34.7,7110.0,5900.0,business,202,1,1
4132,42,A,high school,44900.0,11.1,15.1,9090.0,5800.0,business,203,1,1
4133,33,B,high school,32400.0,1.3,7.0,46260.0,28300.0,car,101,0,0
4134,28,A,high school,56700.0,2.6,3.6,6210.0,27800.0,education,203,0,1
4135,54,B,high school,35200.0,11.0,25.2,11780.0,6100.0,debt consolidation,103,1,1
4136,34,A,high school,45400.0,7.6,6.6,2140.0,7500.0,debt consolidation,203,1,1
4137,30,B,high school,22200.0,4.1,2.7,11330.0,9400.0,debt consolidation,103,0,1
4138,29,A,bachelor,25000.0,6.3,5.3,3770.0,37800.0,home improvement,204,1,0
4139,43,B,high school,33300.0,4.8,7.7,20020.0,14500.0,debt consolidation,102,1,0
4140,28,A,high school,44000.0,0.5,3.8,3410.0,21100.0,home improvement,201,1,1
4141,23,A,master,91500.0,7.4,0.0,4740.0,21800.0,home improvement,204,1,1
4142,33,B,high school,27200.0,7.2,6.1,1970.0,8700.0,debt consolidation,101,0,0
4143,21,A,high school,34700.0,1.0,0.0,35420.0,11600.0,debt consolidation,204,0,0
4144,46,B,bachelor,26700.0,6.9,5.3,1180.0,19200.0,debt consolidation,103,1,1
4145,43,A,bachelor,74100.0,7.1,18.1,3780.0,22200.0,education,203,1,1
4146,61,A,bachelor,71000.0,4.7,38.8,3320.0,20800.0,debt consolidation,204,1,1
4147,49,B,high school,55100.0,8.7,5.6,5290.0,21400.0,debt consolidation,103,1,1
4148,43,A,bachelor,41900.0,10.7,18.4,6300.0,10500.0,business,201,1,1
4149,48,B,bachelor,42500.0,2.4,23.9,6490.0,24500.0,business,103,1,1
4150,35,B,high school,31300.0,1.6,9.1,6260.0,10600.0,debt consolidation,101,0,1
4151,21,A,master,110600.0,9.5,0.0,3750.0,29200.0,home improvement,202,1,1
4152,22,A,bachelor,73700.0,2.9,0.0,1370.0,16300.0,business,201,1,1
4153,44,B,master,26200.0,10.8,20.7,1910.0,21800.0,car,101,0,1
4154,40,B,master,38000.0,7.1,0.0,20410.0,8200.0,debt consolidation,102,0,0
4155,50,A,high school,46000.0,9.6,27.4,13180.0,10400.0,business,201,1,1
4156,42,A,bachelor,115200.0,4.4,1.9,3270.0,26800.0,business,203,1,1
4157,53,A,high school,46100.0,12.0,25.7,3790.0,17400.0,car,204,1,1
4158,22,A,bachelor,92000.0,5.8,0.0,2010.0,12600.0,car,202,1,0
4159,62,A,high school,33000.0,7.4,36.3,25240.0,9100.0,home improvement,204,1,1
4160,39,B,master,54600.0,6.3,15.2,3160.0,9700.0,education,102,1,1
4161,42,A,bachelor,42900.0,7.2,0.2,22220.0,9900.0,debt consolidation,202,0,1
4162,57,A,master,61900.0,17.9,27.4,19830.0,10400.0,debt consolidation,203,1,1
4163,31,A,bachelor,72000.0,7.6,6.9,3410.0,5900.0,education,204,1,1
4164,25,B,high school,27500.0,1.7,3.3,360.0,18400.0,car,101,0,0
4165,28,B,bachelor,30800.0,1.0,3.3,1910.0,6200.0,education,101,1,1
4166,48,A,high school,23100.0,2.6,18.6,7260.0,15900.0,home improvement,201,1,1
4167,32,A,high school,57500.0,4.4,7.2,29580.0,11600.0,car,204,1,1
4168,69,A,bachelor,104200.0,6.4,40.6,8890.0,7300.0,business,202,1,1
4169,75,B,high school,20000.0,3.7,52.7,5160.0,19900.0,debt consolidation,101,0,1
4170,28,A,bachelor,22400.0,14.9,5.4,2600.0,19400.0,car,201,1,1
4171,42,A,master,63100.0,3.1,9.3,7650.0,20000.0,home improvement,202,1,1
4172,42,A,high school,48000.0,27.1,17.6,3160.0,18700.0,debt consolidation,204,1,1
4173,37,A,phd,77000.0,2.0,11.8,5020.0,8600.0,debt consolidation,204,1,1
4174,46,B,high school,51600.0,9.3,3.8,2990.0,17200.0,home improvement,102,0,1
4175,39,A,master,68500.0,16.1,16.4,2730.0,12400.0,car,204,1,1
4176,21,A,bachelor,31000.0,3.8,0.0,54390.0,25700.0,debt consolidation,203,0,0
4177,67,A,high school,55500.0,6.8,39.9,620.0,16200.0,business,204,1,1
4178,21,B,master,30900.0,5.6,0.0,6140.0,15200.0,home improvement,103,0,1
4179,46,B,bachelor,33900.0,12.0,22.3,4510.0,25300.0,debt consolidation,102,1,1
4180,33,A,phd,54600.0,7.0,9.2,1010.0,11900.0,car,204,1,1
4181,49,A,high school,27300.0,2.5,18.9,2840.0,26400.0,home improvement,203,1,1
4182,27,A,bachelor,33900.0,36.5,0.0,14310.0,15800.0,car,202,1,1
4183,43,B,bachelor,48600.0,40.0,16.9,2010.0,12400.0,home improvement,103,1,1
4184,23,A,bachelor,23900.0,6.2,0.0,2030.0,13800.0,business,204,1,1
4185,37,B,master,68500.0,6.1,12.2,4760.0,21100.0,debt consolidation,103,1,1
4186,40,A,high school,24500.0,2.9,9.0,29590.0,3900.0,home improvement,201,1,0
4187,45,B,master,67200.0,7.9,20.4,17410.0,32300.0,home improvement,102,1,1
4188,31,B,bachelor,18600.0,3.5,0.0,1610.0,8400.0,business,102,1,0
4189,36,B,high school,13000.0,8.5,2.5,1300.0,7500.0,education,103,0,1
4190,36,A,bachelor,111000.0,9.4,13.3,7680.0,9900.0,business,202,1,1
4191,37,A,bachelor,56500.0,6.4,9.9,14300.0,5000.0,debt consolidation,202,1,1
4192,38,A,bachelor,45900.0,6.5,16.0,4520.0,12900.0,business,203,1,1
4193,48,A,bachelor,57100.0,2.5,24.6,10820.0,7400.0,car,202,1,1
4194,40,A,bachelor,30800.0,19.5,12.6,2960.0,15300.0,car,204,1,1
4195,53,A,high school,36300.0,10.1,22.9,3280.0,45400.0,debt consolidation,201,1,1
4196,48,A,bachelor,64400.0,8.5,21.1,8590.0,9200.0,business,203,1,1
4197,46,B,bachelor,41000.0,5.0,12.0,1200.0,67500.0,car,103,1,1
4198,58,A,master,67800.0,6.8,29.2,3220.0,25700.0,car,204,1,1
4199,21,B,high school,21400.0,16.5,0.0,3300.0,13400.0,business,102,0,0
4200,61,A,bachelor,47500.0,6.4,35.1,1730.0,18800.0,car,202,1,1
4201,33,A,master,67700.0,3.8,5.3,1510.0,38500.0,home improvement,202,1,1
4202,21,A,master,32200.0,8.9,0.0,910.0,11300.0,car,201,1,1
4203,55,B,bachelor,27300.0,3.5,30.9,5770.0,16300.0,debt consolidation,102,1,1
4204,52,A,bachelor,44700.0,14.0,11.9,2380.0,14400.0,debt consolidation,204,1,1
4205,38,B,master,64500.0,17.1,10.2,8610.0,16100.0,car,101,0,1
4206,36,A,master,43400.0,4.8,8.8,8590.0,9700.0,education,203,1,1
4207,21,A,master,64000.0,2.1,0.0,570.0,13900.0,car,201,1,1
4208,21,A,master,40600.0,2.9,0.0,4040.0,8600.0,home improvement,202,1,1
4209,41,B,bachelor,52200.0,7.1,11.8,2230.0,24600.0,home improvement,102,1,1
4210,59,A,high school,18800.0,19.7,34.7,73900.0,5400.0,business,204,0,0
4211,40,A,phd,69100.0,2.2,18.1,7250.0,8300.0,car,204,1,1
4212,44,B,high school,21100.0,1.5,22.3,2380.0,10800.0,business,101,0,0
4213,29,B,phd,42900.0,9.4,3.7,40770.0,11700.0,debt consolidation,103,1,1
4214,38,B,high school,22200.0,8.7,13.4,8130.0,33400.0,debt consolidation,102,0,1
4215,35,A,bachelor,64700.0,3.3,7.6,5660.0,7100.0,debt consolidation,201,1,1
4216,41,B,master,64000.0,8.1,17.6,6180.0,18600.0,home improvement,102,0,1
4217,31,B,master,91400.0,1.3,0.0,320.0,28000.0,debt consolidation,103,1,1
4218,31,A,high school,34700.0,5.4,3.1,2640.0,9500.0,home improvement,204,1,1
4219,26,A,high school,25200.0,14.4,0.2,2400.0,10900.0,car,202,1,0
4220,54,A,phd,82000.0,3.6,29.9,1920.0,19800.0,home improvement,204,1,1
4221,38,B,bachelor,18900.0,4.0,14.8,5720.0,26600.0,home improvement,103,1,1
4222,45,B,phd,31000.0,5.2,21.2,5830.0,8900.0,car,102,0,1
4223,34,A,master,30900.0,6.7,8.7,5700.0,28600.0,home improvement,202,1,1
4224,58,A,bachelor,40700.0,3.3,15.2,4490.0,6600.0,debt consolidation,202,1,1
4225,50,A,bachelor,119800.0,11.9,24.8,8250.0,18000.0,business,203,1,1
4226,43,A,bachelor,35500.0,6.3,17.2,10040.0,20000.0,education,204,1,1
4227,64,A,high school,67700.0,9.5,38.1,2670.0,27000.0,debt consolidation,201,1,0
4228,44,A,bachelor,28100.0,11.8,15.5,14960.0,15100.0,car,203,1,1
4229,51,B,bachelor,64100.0,8.2,26.7,2800.0,11800.0,home improvement,103,1,1
4230,44,A,bachelor,32100.0,2.9,16.1,3550.0,16700.0,business,203,1,0
4231,42,A,bachelor,23100.0,11.8,11.9,2760.0,21300.0,debt consolidation,201,0,1
4232,56,B,high school,20300.0,19.6,18.7,5640.0,18500.0,car,103,1,1
4233,35,B,bachelor,45900.0,10.4,8.1,15040.0,16300.0,debt consolidation,101,0,1
4234,38,A,master,43100.0,6.3,12.7,11660.0,10800.0,debt consolidation,202,1,1
4235,50,A,bachelor,83100.0,9.0,27.1,5010.0,7100.0,business,202,1,1
4236,38,A,high school,34400.0,20.4,16.5,25010.0,8800.0,education,203,0,1
4237,34,A,bachelor,48100.0,14.2,4.4,920.0,12000.0,debt consolidation,203,1,1
4238,24,A,bachelor,67500.0,7.3,0.0,8220.0,23200.0,home improvement,201,1,1
4239,40,A,phd,72600.0,8.5,13.2,6290.0,23000.0,debt consolidation,204,1,1
4240,41,B,high school,43600.0,7.7,17.4,46510.0,12500.0,debt consolidation,103,1,0
4241,74,B,bachelor,35600.0,10.6,45.2,5540.0,20200.0,business,101,1,1
4242,24,A,master,36000.0,3.1,0.0,2520.0,37100.0,debt consolidation,204,1,1
4243,46,B,bachelor,34600.0,3.4,18.0,3660.0,10800.0,debt consolidation,103,0,1
4244,27,B,high school,28800.0,0.8,2.2,9990.0,7900.0,debt consolidation,103,0,1
4245,46,B,high school,35200.0,4.9,11.9,1880.0,29600.0,business,101,1,1
4246,30,A,master,81000.0,3.6,6.6,2420.0,10000.0,home improvement,204,1,1
4247,46,A,bachelor,26200.0,3.4,23.0,4120.0,20200.0,business,201,1,1
4248,33,A,master,72600.0,17.4,3.5,34080.0,21900.0,home improvement,204,1,0
4249,26,A,bachelor,62100.0,11.8,0.0,14630.0,13800.0,education,201,1,1
4250,55,A,bachelor,40000.0,5.8,28.1,24590.0,8600.0,debt consolidation,202,1,0
4251,38,A,high school,54500.0,6.1,16.1,1200.0,16700.0,debt consolidation,201,0,1
4252,43,B,high school,23500.0,3.7,17.7,6820.0,28300.0,home improvement,101,0,1
4253,35,A,high school,27100.0,4.5,9.2,1350.0,14900.0,business,202,1,1
4254,44,B,high school,30200.0,4.1,17.0,3130.0,19900.0,business,101,1,1
4255,48,B,phd,30000.0,3.7,20.1,950.0,29800.0,home improvement,103,1,1
4256,21,A,high school,41900.0,12.4,0.0,1400.0,22200.0,education,201,1,1
4257,42,A,high school,43400.0,5.8,8.0,2990.0,14100.0,car,204,1,1
4258,21,B,master,37100.0,8.7,0.0,1720.0,11400.0,debt consolidation,102,1,1
4259,37,A,high school,10800.0,12.0,6.2,770.0,23700.0,education,202,1,0
4260,37,B,bachelor,21800.0,16.2,10.9,8690.0,18600.0,education,101,1,0
4261,35,A,master,45800.0,9.1,12.4,6880.0,24200.0,car,203,1,1
4262,38,A,bachelor,40500.0,8.7,8.1,4640.0,16500.0,business,201,1,1
4263,46,A,high school,24800.0,4.6,19.6,5310.0,7800.0,home improvement,204,1,0
4264,45,B,bachelor,33500.0,7.0,8.5,3370.0,21300.0,debt consolidation,103,1,1
4265,48,A,master,39000.0,5.4,20.1,2110.0,8000.0,business,202,1,1
4266,26,B,master,63500.0,12.8,0.1,4520.0,16800.0,car,103,0,1
4267,24,B,bachelor,19000.0,2.5,0.0,11070.0,31800.0,home improvement,102,0,1
4268,23,A,high school,18300.0,18.1,0.0,4020.0,26500.0,debt consolidation,202,1,1
4269,45,A,high school,64700.0,12.1,16.2,3810.0,39200.0,home improvement,204,1,1
4270,55,A,master,71400.0,13.6,30.2,5560.0,10500.0,education,203,1,1
4271,41,A,bachelor,59600.0,13.3,0.0,11550.0,19600.0,car,202,1,1
4272,21,B,bachelor,26600.0,3.5,0.0,1220.0,21500.0,debt consolidation,103,0,1
4273,39,A,master,106300.0,10.5,17.3,3400.0,15600.0,car,202,1,0
4274,30,A,bachelor,80800.0,3.1,7.4,1270.0,6200.0,debt consolidation,203,1,1
4275,32,A,master,48400.0,2.4,0.8,2790.0,9800.0,education,201,1,1
4276,42,A,master,17400.0,10.5,16.9,3760.0,19800.0,debt consolidation,202,1,1
4277,32,B,high school,47900.0,7.9,8.7,1760.0,23600.0,education,103,1,0
4278,31,A,master,58100.0,0.2,5.7,4230.0,18800.0,car,201,1,0
4279,34,A,master,41300.0,26.7,9.7,7060.0,19800.0,education,201,1,1
4280,60,B,phd,87500.0,9.2,37.7,6140.0,25900.0,debt consolidation,101,1,1
4281,48,A,bachelor,38200.0,7.8,23.4,10080.0,11300.0,car,201,1,1
4282,53,B,high school,29900.0,3.9,13.9,3720.0,14400.0,debt consolidation,102,0,1
4283,26,B,phd,26500.0,15.2,0.0,7920.0,47300.0,home improvement,102,0,1
4284,26,B,bachelor,24300.0,10.2,0.0,10750.0,16200.0,car,102,0,0
4285,33,A,high school,38500.0,6.1,8.5,6150.0,21700.0,debt consolidation,201,0,1
4286,56,B,master,15400.0,4.7,34.4,3270.0,13500.0,debt consolidation,102,1,1
4287,24,A,bachelor,89800.0,8.8,0.0,1960.0,17600.0,home improvement,201,1,1
4288,26,B,high school,18100.0,2.1,0.0,6990.0,9800.0,home improvement,102,0,0
4289,21,A,bachelor,139600.0,10.5,0.0,5400.0,11700.0,education,204,1,1
4290,36,A,high school,36600.0,17.8,11.5,5690.0,12000.0,car,203,1,0
4291,47,B,bachelor,40200.0,3.7,21.3,5620.0,29800.0,car,102,1,1
4292,47,B,high school,37400.0,30.6,19.9,1910.0,6100.0,car,103,0,1
4293,21,A,bachelor,37700.0,8.5,0.0,5940.0,14600.0,debt consolidation,203,1,1
4294,23,B,bachelor,17600.0,23.1,0.0,7510.0,13300.0,home improvement,102,1,1
4295,36,A,bachelor,43300.0,37.0,7.3,15380.0,17000.0,business,202,1,1
4296,48,A,master,67400.0,1.6,23.8,8550.0,30300.0,car,204,1,1
4297,42,B,bachelor,41400.0,4.1,17.4,18990.0,18700.0,debt consolidation,103,0,1
4298,27,A,high school,67600.0,4.4,0.0,5670.0,8600.0,debt consolidation,204,0,1
4299,44,B,bachelor,59000.0,23.2,14.7,690.0,16900.0,debt consolidation,102,0,1
4300,50,A,bachelor,50100.0,1.8,20.0,1610.0,24400.0,education,203,1,1
4301,27,B,bachelor,118400.0,9.5,1.0,15200.0,19300.0,car,103,1,1
4302,34,B,high school,27200.0,1.9,8.6,4480.0,14200.0,business,101,1,1
4303,51,B,bachelor,68200.0,17.4,25.3,1030.0,18300.0,education,103,1,1
4304,54,A,bachelor,102900.0,24.7,22.6,18090.0,7000.0,business,202,1,1
4305,21,A,bachelor,23400.0,24.2,0.0,4390.0,44200.0,business,204,1,1
4306,34,A,bachelor,135900.0,4.8,2.9,6920.0,34000.0,car,204,0,1
4307,32,A,master,117700.0,11.4,0.0,7330.0,12700.0,car,201,1,1
4308,40,A,bachelor,53300.0,9.8,9.8,3380.0,41400.0,car,203,0,0
4309,51,A,high school,16900.0,4.5,29.0,14320.0,30300.0,education,204,1,0
4310,25,A,bachelor,55000.0,2.7,0.0,6850.0,7600.0,education,203,0,1
4311,21,A,bachelor,35300.0,7.4,0.0,4910.0,21800.0,education,202,1,1
4312,32,A,bachelor,32300.0,4.2,0.5,4560.0,11600.0,debt consolidation,202,1,1
4313,36,A,master,39400.0,15.3,10.0,4130.0,5600.0,car,201,1,1
4314,21,A,bachelor,35700.0,10.1,0.0,42290.0,33800.0,education,204,0,0
4315,42,B,bachelor,24800.0,7.5,19.9,1430.0,12400.0,business,101,1,1
4316,37,A,master,70300.0,4.3,7.2,8050.0,8900.0,car,203,1,1
4317,40,B,master,43500.0,3.0,7.5,10470.0,14100.0,debt consolidation,102,1,1
4318,26,B,high school,22700.0,0.6,0.0,770.0,11200.0,car,101,1,1
4319,30,A,bachelor,24900.0,5.3,2.9,2300.0,13400.0,education,201,1,1
4320,33,A,high school,17100.0,6.5,8.7,10430.0,11200.0,education,202,1,0
4321,30,B,bachelor,29900.0,8.0,5.1,2410.0,10000.0,education,103,1,1
4322,28,A,master,66200.0,13.8,0.0,1590.0,15900.0,home improvement,201,1,1
4323,43,B,bachelor,41300.0,6.5,13.3,3320.0,17700.0,car,103,1,1
4324,48,A,bachelor,41900.0,7.5,21.2,3170.0,20700.0,business,203,0,1
4325,27,B,high school,54000.0,1.3,1.9,8030.0,7800.0,business,103,0,1
4326,23,A,master,29300.0,8.7,0.0,13290.0,20500.0,car,201,0,1
4327,36,A,bachelor,73400.0,9.2,13.7,5890.0,26700.0,education,201,1,1
4328,47,A,bachelor,39300.0,6.2,24.4,19040.0,12000.0,business,202,0,1
4329,32,A,high school,69700.0,4.6,6.7,7960.0,19300.0,home improvement,202,1,1
4330,34,A,bachelor,60500.0,11.2,10.5,7860.0,12800.0,debt consolidation,202,1,1
4331,47,B,master,21500.0,9.4,18.9,4410.0,11700.0,home improvement,101,1,1
4332,34,A,high school,68000.0,2.3,5.3,6880.0,25500.0,education,202,0,1
4333,27,A,high school,73300.0,12.6,0.0,2710.0,18900.0,education,204,1,1
4334,41,A,high school,37200.0,10.3,16.1,2560.0,15100.0,business,202,1,1
4335,21,B,bachelor,48000.0,3.4,0.0,2660.0,20400.0,home improvement,103,0,0
4336,33,B,master,42300.0,6.9,8.1,20920.0,13000.0,home improvement,101,0,0
4337,48,A,high school,58500.0,2.1,23.1,6950.0,12100.0,car,201,1,1
4338,49,B,bachelor,65900.0,2.8,23.0,6090.0,28600.0,debt consolidation,102,0,1
4339,32,A,master,50600.0,4.0,3.7,1360.0,28800.0,debt consolidation,201,0,1
4340,41,B,bachelor,51100.0,4.9,15.0,1110.0,33500.0,business,103,1,1
4341,39,A,bachelor,23500.0,17.7,13.1,1090.0,15200.0,education,204,1,1
4342,41,A,high school,60200.0,8.2,10.2,9610.0,15100.0,business,203,1,1
4343,36,A,phd,112700.0,10.2,11.1,1840.0,9400.0,home improvement,203,1,1
4344,33,A,bachelor,38700.0,4.6,11.2,3600.0,17200.0,car,203,1,1
4345,47,B,bachelor,35700.0,5.9,19.5,5290.0,10800.0,education,103,1,1
4346,29,B,bachelor,27000.0,4.3,4.3,12260.0,10100.0,education,103,0,1
4347,36,B,high school,43600.0,10.3,13.0,1630.0,22700.0,education,101,1,1
4348,43,A,high school,46200.0,9.6,17.1,2070.0,6800.0,education,201,1,1
4349,36,A,bachelor,68400.0,10.0,11.1,18610.0,31100.0,business,204,1,1
4350,66,A,high school,32700.0,3.9,41.9,40200.0,14000.0,business,201,0,0
4351,55,B,high school,49700.0,15.9,32.4,13730.0,6900.0,business,103,1,1
4352,35,A,bachelor,33700.0,6.4,1.4,10010.0,18900.0,business,203,1,0
4353,38,A,high school,46900.0,7.9,11.7,10730.0,19900.0,business,202,1,1
4354,42,A,bachelor,31500.0,7.1,14.7,810.0,26600.0,home improvement,202,1,1
4355,21,B,master,50100.0,4.5,0.0,13010.0,35100.0,debt consolidation,103,1,1
4356,33,B,phd,31600.0,2.2,7.7,20240.0,6600.0,education,102,0,0
4357,21,A,high school,22200.0,2.7,0.0,4470.0,11200.0,car,203,0,1
4358,43,A,master,55900.0,13.1,15.3,810.0,13300.0,debt consolidation,203,1,1
4359,35,A,high school,62900.0,9.7,5.2,2400.0,18000.0,car,203,1,1
4360,61,A,bachelor,68700.0,7.4,31.1,21100.0,8000.0,car,204,1,1
4361,33,A,master,54500.0,2.8,9.1,4510.0,11800.0,debt consolidation,204,1,1
4362,31,A,phd,64400.0,7.9,4.4,4130.0,16700.0,home improvement,203,1,0
4363,28,A,bachelor,64800.0,7.0,0.0,3420.0,14500.0,business,203,1,1
4364,60,A,high school,38000.0,8.9,24.7,11390.0,7700.0,car,204,1,1
4365,39,A,bachelor,28600.0,3.4,16.0,2650.0,20500.0,home improvement,201,1,1
4366,56,A,master,66200.0,14.6,30.0,1810.0,9000.0,education,202,1,1
4367,36,A,master,23900.0,2.0,13.5,5570.0,11100.0,home improvement,203,1,1
4368,21,A,high school,52000.0,7.4,0.0,2410.0,12200.0,car,201,0,1
4369,30,B,high school,19500.0,5.0,2.8,6240.0,27500.0,car,102,0,1
4370,51,A,master,134000.0,19.1,24.9,1920.0,17700.0,education,201,1,1
4371,59,A,bachelor,34700.0,9.2,35.7,34210.0,8500.0,car,204,0,1
4372,51,A,high school,49000.0,3.4,23.4,2560.0,16900.0,home improvement,201,1,1
4373,40,A,high school,22200.0,15.3,15.5,11980.0,15900.0,business,204,1,1
4374,40,A,master,44400.0,8.2,10.8,1130.0,7500.0,home improvement,201,1,1
4375,34,A,bachelor,72100.0,24.8,10.9,5990.0,25100.0,education,203,0,1
4376,44,A,high school,45300.0,18.4,17.6,1500.0,13000.0,business,204,1,1
4377,43,B,high school,36700.0,8.0,19.6,19350.0,24200.0,debt consolidation,102,1,1
4378,24,B,high school,37500.0,6.0,0.0,8940.0,20000.0,home improvement,103,0,0
4379,30,A,master,66400.0,26.6,3.1,27780.0,10800.0,education,202,1,1
4380,36,A,bachelor,44800.0,4.6,3.0,1070.0,32000.0,business,202,1,0
4381,43,A,bachelor,35500.0,9.0,19.2,5530.0,13700.0,home improvement,203,1,1
4382,55,B,high school,93700.0,13.1,28.6,24120.0,11000.0,education,102,1,1
4383,58,B,bachelor,42000.0,12.0,35.8,2180.0,14700.0,education,102,1,1
4384,47,A,bachelor,124700.0,9.0,18.6,710.0,11000.0,debt consolidation,201,1,1
4385,40,B,high school,16400.0,5.5,11.6,14690.0,19600.0,education,101,0,0
4386,41,A,bachelor,46300.0,4.1,12.2,1760.0,17500.0,home improvement,201,1,1
4387,39,A,high school,51700.0,5.0,16.7,3760.0,24600.0,home improvement,204,1,1
4388,60,A,high school,31600.0,10.4,32.8,8000.0,12500.0,car,201,1,0
4389,35,B,bachelor,22500.0,3.3,11.9,3640.0,20000.0,business,102,1,1
4390,40,B,high school,75100.0,10.7,15.3,5460.0,40800.0,education,101,0,1
4391,41,A,master,93600.0,3.9,16.4,3830.0,14700.0,business,202,1,1
4392,52,A,master,35600.0,7.7,28.1,1600.0,21300.0,education,204,0,1
4393,38,A,bachelor,33500.0,6.0,10.6,6310.0,7700.0,home improvement,202,1,1
4394,44,B,master,43200.0,5.6,22.3,1630.0,14600.0,business,103,1,1
4395,36,A,bachelor,70400.0,8.3,11.7,3040.0,17500.0,home improvement,201,1,1
4396,63,A,master,46800.0,4.7,40.2,22020.0,7000.0,home improvement,203,1,1
4397,39,B,high school,40100.0,21.8,7.2,2170.0,7500.0,home improvement,101,1,1
4398,35,A,bachelor,55000.0,12.9,9.8,6130.0,17200.0,car,203,1,1
4399,53,A,bachelor,67400.0,2.2,28.0,3810.0,11200.0,debt consolidation,204,0,1
4400,21,A,master,111600.0,5.5,0.0,4690.0,11000.0,debt consolidation,204,1,1
4401,55,A,master,55300.0,8.8,25.9,4000.0,13300.0,home improvement,204,1,1
4402,23,A,high school,25500.0,2.7,0.0,32500.0,15400.0,debt consolidation,204,0,0
4403,44,B,master,38500.0,20.0,18.5,2200.0,13500.0,debt consolidation,101,1,1
4404,51,B,high school,11500.0,5.1,24.0,810.0,28500.0,education,101,0,0
4405,26,B,master,91000.0,15.1,0.0,6180.0,9000.0,education,101,1,1
4406,46,B,bachelor,35300.0,10.1,19.4,5110.0,10000.0,business,101,1,1
4407,32,A,bachelor,33300.0,11.8,1.2,15390.0,19200.0,car,202,1,1
4408,39,A,bachelor,28200.0,1.9,12.9,360.0,15900.0,home improvement,204,0,1
4409,41,A,master,54500.0,7.9,18.0,13840.0,31900.0,business,202,1,1
4410,32,A,bachelor,51500.0,23.6,6.9,6430.0,14700.0,education,203,1,1
4411,31,B,master,43900.0,2.1,0.0,31800.0,8900.0,business,101,0,0
4412,35,A,bachelor,48300.0,8.9,11.0,22000.0,18200.0,education,203,1,1
4413,49,B,master,42800.0,7.2,13.8,20150.0,14300.0,home improvement,101,1,0
4414,32,A,high school,29400.0,2.0,5.9,4580.0,13800.0,debt consolidation,202,1,1
4415,54,B,high school,40800.0,6.0,21.6,3940.0,24500.0,business,101,0,1
4416,72,A,master,74500.0,10.4,43.4,8930.0,11200.0,home improvement,201,1,1
4417,40,B,high school,11400.0,5.7,17.2,8350.0,14900.0,car,101,0,1
4418,49,A,bachelor,92300.0,20.6,22.4,550.0,16100.0,education,204,1,1
4419,49,A,bachelor,40500.0,2.9,8.3,9450.0,31200.0,home improvement,202,1,0
4420,42,A,high school,34900.0,6.4,16.4,19190.0,7800.0,debt consolidation,204,0,1
4421,45,A,high school,65400.0,9.5,14.4,5780.0,26700.0,business,204,1,0
4422,53,A,master,67400.0,2.5,18.3,9450.0,9300.0,education,201,1,1
4423,38,A,phd,48600.0,12.9,15.3,3320.0,24000.0,debt consolidation,204,1,1
4424,48,A,master,125300.0,7.7,19.3,22500.0,27500.0,home improvement,202,1,1
4425,23,A,bachelor,75200.0,1.9,0.0,470.0,30200.0,car,203,1,1
4426,52,A,master,46000.0,8.1,25.2,3450.0,18000.0,debt consolidation,202,1,1
4427,50,A,bachelor,40800.0,5.8,19.1,18290.0,12700.0,debt consolidation,201,0,1
4428,43,A,master,43300.0,4.3,20.3,1850.0,16500.0,debt consolidation,201,1,1
4429,28,B,high school,36100.0,1.1,1.7,11740.0,21300.0,car,102,0,0
4430,34,B,high school,52500.0,10.4,1.0,21440.0,15300.0,car,103,0,1
4431,28,B,phd,41900.0,6.3,0.0,770.0,9700.0,education,102,1,1
4432,36,A,high school,52800.0,9.8,10.5,4330.0,5700.0,debt consolidation,204,1,1
4433,27,B,high school,32300.0,2.4,2.1,46990.0,7800.0,home improvement,102,0,0
4434,35,A,master,64900.0,5.4,7.0,2840.0,21400.0,home improvement,204,1,1
4435,36,B,bachelor,19100.0,5.5,11.1,8730.0,25700.0,debt consolidation,103,0,1
4436,51,A,master,52600.0,7.5,27.7,1050.0,10000.0,education,201,1,1
4437,47,A,master,36200.0,10.5,18.0,1450.0,10800.0,home improvement,201,1,1
4438,57,A,high school,51600.0,4.4,31.7,1250.0,12500.0,business,202,1,1
4439,48,B,bachelor,25100.0,9.0,15.1,2520.0,9500.0,car,101,0,1
4440,51,B,bachelor,53900.0,14.1,20.3,12280.0,10100.0,car,101,1,1
4441,47,A,bachelor,23400.0,2.7,24.7,22430.0,13900.0,debt consolidation,202,1,0
4442,59,B,high school,27000.0,8.6,34.2,5310.0,16400.0,education,102,0,1
4443,46,A,high school,46200.0,4.7,24.6,7160.0,8200.0,home improvement,202,1,1
4444,27,B,master,22800.0,3.8,3.4,8470.0,22700.0,car,101,0,1
4445,52,A,master,47000.0,8.2,27.4,1660.0,38500.0,debt consolidation,202,1,1
4446,26,B,bachelor,56100.0,9.4,1.1,4730.0,20600.0,business,103,0,1
4447,38,A,high school,33700.0,0.3,13.0,5880.0,10500.0,education,204,1,1
4448,42,B,high school,39400.0,19.0,10.6,5090.0,27600.0,car,101,0,1
4449,56,B,master,68700.0,21.9,28.9,7580.0,14500.0,education,103,0,1
4450,39,A,high school,48200.0,1.1,12.5,6540.0,11100.0,education,201,0,1
4451,29,B,bachelor,51200.0,1.7,1.4,5870.0,6100.0,business,102,0,1
4452,36,A,master,44000.0,14.9,5.0,7130.0,8800.0,debt consolidation,204,1,1
4453,29,A,high school,14000.0,10.0,3.5,6520.0,4600.0,debt consolidation,204,0,0
4454,46,B,high school,40100.0,12.1,17.2,3400.0,20400.0,home improvement,103,1,1
4455,34,A,bachelor,58100.0,7.0,0.0,3430.0,19100.0,education,202,0,1
4456,45,B,bachelor,42000.0,5.1,23.2,3900.0,22200.0,debt consolidation,101,1,1
4457,54,A,high school,39400.0,2.0,14.2,4050.0,29500.0,business,201,1,0
4458,38,A,bachelor,29200.0,0.9,7.6,9150.0,28500.0,home improvement,203,0,1
4459,49,A,high school,99700.0,10.8,23.2,4820.0,26700.0,car,203,0,1
4460,49,A,bachelor,64900.0,6.4,23.3,1250.0,9600.0,debt consolidation,202,1,1
4461,21,B,master,38500.0,17.2,0.0,1420.0,7900.0,car,101,1,1
4462,28,B,high school,31500.0,11.2,3.1,7660.0,9700.0,debt consolidation,102,0,1
4463,36,B,bachelor,55600.0,5.2,10.6,27630.0,23600.0,debt consolidation,103,0,1
4464,25,A,bachelor,56500.0,7.1,0.0,9620.0,8600.0,education,204,1,1
4465,46,A,high school,32800.0,7.9,23.9,4510.0,6800.0,business,204,1,1
4466,23,A,high school,57500.0,18.8,0.0,7450.0,11600.0,car,202,1,1
4467,30,A,high school,64300.0,13.8,7.5,5290.0,11500.0,debt consolidation,202,1,1
4468,39,A,high school,71800.0,3.4,11.0,4050.0,12700.0,debt consolidation,202,1,1
4469,22,A,master,46500.0,0.2,0.0,29770.0,18000.0,debt consolidation,204,1,1
4470,38,B,high school,22800.0,0.8,12.5,2850.0,13800.0,education,102,1,0
4471,53,B,high school,59200.0,5.2,24.4,2630.0,14500.0,business,102,1,1
4472,21,B,bachelor,62200.0,19.4,0.0,2540.0,9800.0,debt consolidation,102,1,1
4473,46,A,master,52200.0,2.3,21.9,2150.0,24100.0,home improvement,204,1,1
4474,22,A,high school,39300.0,8.3,0.0,6250.0,9000.0,car,202,1,0
4475,24,A,high school,71200.0,6.4,0.0,2640.0,46300.0,debt consolidation,201,1,1
4476,40,A,bachelor,35700.0,11.7,12.4,2840.0,47900.0,business,202,1,1
4477,45,B,high school,45700.0,20.7,23.9,2880.0,13600.0,home improvement,103,1,1
4478,38,A,bachelor,51100.0,13.6,11.4,4220.0,42600.0,business,203,1,1
4479,49,B,master,26600.0,4.4,22.8,770.0,15400.0,business,102,1,1
4480,40,A,high school,37500.0,2.2,11.9,4670.0,15800.0,debt consolidation,204,1,0
4481,34,A,phd,45900.0,4.3,5.0,2250.0,14500.0,home improvement,201,1,1
4482,42,B,phd,61200.0,5.6,17.4,2350.0,25400.0,car,101,1,1
4483,36,A,high school,46100.0,19.4,9.7,11840.0,11100.0,car,201,0,1
4484,42,A,high school,33700.0,17.0,10.6,1560.0,17900.0,debt consolidation,203,1,1
4485,47,A,bachelor,59100.0,3.7,16.3,2800.0,8900.0,car,203,1,1
4486,65,B,bachelor,39400.0,9.4,35.2,620.0,17300.0,home improvement,103,1,1
4487,53,B,bachelor,23800.0,13.5,24.8,17100.0,15900.0,car,103,0,1
4488,43,A,bachelor,27500.0,3.9,19.1,4370.0,40600.0,home improvement,203,1,1
4489,33,B,high school,12400.0,2.1,8.3,1440.0,11100.0,car,101,1,1
4490,63,B,bachelor,36400.0,13.1,35.6,20540.0,14300.0,car,103,1,1
4491,49,A,master,34500.0,12.6,23.8,7630.0,12400.0,car,202,1,1
4492,35,A,high school,26600.0,1.7,9.0,500.0,11000.0,car,203,1,1
4493,43,A,high school,65500.0,6.2,18.2,9430.0,18700.0,education,203,1,1
4494,24,A,bachelor,74200.0,6.3,0.0,2210.0,10900.0,business,203,1,1
4495,50,B,bachelor,31500.0,11.7,22.7,5060.0,48800.0,debt consolidation,101,1,1
4496,37,A,high school,17500.0,6.3,5.4,10130.0,15100.0,education,201,0,0
4497,51,A,high school,42400.0,6.1,23.9,15380.0,26900.0,car,202,0,1
4498,40,B,bachelor,26100.0,7.6,7.5,5910.0,12700.0,home improvement,103,0,1
4499,43,A,master,27000.0,6.0,16.8,2700.0,30400.0,education,203,1,1
4500,55,B,bachelor,24600.0,4.5,21.3,2070.0,24700.0,car,101,1,1
4501,34,B,bachelor,42000.0,5.8,9.2,4000.0,6500.0,business,101,0,1
4502,46,A,high school,32500.0,3.7,23.3,1480.0,14200.0,education,203,1,1
4503,41,A,high school,41300.0,15.2,13.4,10920.0,12800.0,education,203,1,1
4504,65,A,bachelor,34100.0,10.0,39.0,9430.0,10200.0,debt consolidation,201,1,1
4505,42,B,bachelor,16200.0,2.9,10.8,720.0,23500.0,business,101,0,1
4506,57,A,bachelor,89600.0,3.1,29.7,4830.0,4400.0,home improvement,203,1,1
4507,27,A,high school,41700.0,15.6,0.6,8000.0,12600.0,debt consolidation,203,1,1
4508,38,A,bachelor,37400.0,2.7,7.8,7070.0,11500.0,business,202,1,1
4509,38,A,high school,28600.0,11.0,10.1,8050.0,10600.0,debt consolidation,201,0,1
4510,39,A,high school,33700.0,17.8,5.5,3590.0,39000.0,car,202,1,1
4511,43,A,master,37800.0,6.4,18.4,5540.0,21500.0,home improvement,202,1,1
4512,46,A,bachelor,36200.0,5.5,21.8,6420.0,20700.0,business,201,1,1
4513,34,B,high school,67700.0,7.9,9.4,42840.0,13300.0,debt consolidation,102,0,1
4514,43,B,master,33500.0,8.8,14.7,5760.0,24500.0,car,101,1,1
4515,64,A,bachelor,67300.0,11.6,36.7,1760.0,21600.0,business,201,1,1
4516,44,A,bachelor,109700.0,7.0,17.3,10890.0,11700.0,home improvement,204,1,1
4517,22,A,high school,49700.0,0.5,0.0,5570.0,24800.0,debt consolidation,203,1,0
4518,42,A,bachelor,40300.0,5.0,14.7,6300.0,26900.0,debt consolidation,204,1,1
4519,38,A,high school,31800.0,5.2,14.9,14000.0,9400.0,car,201,0,1
4520,55,A,bachelor,36300.0,12.4,28.0,10100.0,22900.0,business,203,1,1
4521,39,A,high school,30100.0,7.7,14.3,5010.0,7100.0,home improvement,204,1,1
4522,47,A,master,61300.0,8.4,17.0,690.0,8800.0,debt consolidation,201,1,1
4523,51,A,master,37700.0,8.3,27.3,8210.0,24600.0,car,201,1,1
4524,37,B,bachelor,36100.0,7.4,14.5,9390.0,15200.0,car,101,0,1
4525,75,A,master,52400.0,5.5,43.9,5700.0,18100.0,business,204,1,1
4526,51,B,master,19400.0,2.3,25.5,2170.0,4900.0,business,101,1,1
4527,28,B,bachelor,30700.0,1.3,2.9,3490.0,15200.0,education,101,1,0
4528,27,B,bachelor,38200.0,4.2,0.7,12150.0,17800.0,business,102,1,1
4529,42,B,high school,31200.0,5.1,18.1,16290.0,48600.0,car,103,1,1
4530,49,B,bachelor,64100.0,15.0,24.8,3010.0,37900.0,car,103,1,1
4531,42,A,bachelor,85600.0,4.4,12.8,49420.0,13300.0,business,203,1,1
4532,30,B,high school,39400.0,3.8,7.4,3320.0,9900.0,business,101,1,1
4533,36,B,bachelor,32100.0,8.9,9.7,1590.0,25100.0,business,102,1,1
4534,30,A,bachelor,78500.0,11.1,5.2,7130.0,13800.0,home improvement,204,1,1
4535,54,A,bachelor,40700.0,6.0,30.6,1860.0,8000.0,education,201,1,0
4536,38,A,bachelor,32400.0,13.2,10.4,2470.0,16400.0,education,203,1,1
4537,52,A,bachelor,32300.0,2.1,28.0,6250.0,9200.0,debt consolidation,202,1,1
4538,46,A,high school,24500.0,12.4,18.3,1720.0,24800.0,car,201,1,1
4539,48,A,master,61300.0,10.0,24.2,9510.0,16900.0,home improvement,201,1,1
4540,40,B,high school,55300.0,5.1,17.1,5920.0,17000.0,car,103,1,1
4541,36,B,bachelor,22500.0,4.8,12.7,1750.0,8300.0,car,101,1,1
4542,34,B,bachelor,26900.0,9.8,3.9,49250.0,14000.0,home improvement,103,0,0
4543,35,B,master,54000.0,4.9,5.6,4220.0,17200.0,education,101,1,1
4544,24,A,bachelor,21600.0,5.7,0.0,8970.0,12200.0,home improvement,201,0,0
4545,31,A,bachelor,88000.0,2.2,7.3,1160.0,13800.0,home improvement,201,1,1
4546,49,A,high school,46100.0,7.0,26.6,7470.0,17000.0,business,201,1,1
4547,59,A,phd,61200.0,4.8,23.0,3580.0,7800.0,business,201,1,1
4548,27,B,bachelor,55500.0,1.1,1.0,1530.0,14300.0,home improvement,102,1,1
4549,40,B,high school,66400.0,12.2,14.7,5510.0,13400.0,debt consolidation,103,1,1
4550,49,B,high school,23500.0,3.0,26.7,23630.0,12200.0,car,103,0,0
4551,45,A,bachelor,56400.0,15.8,20.3,1190.0,12500.0,car,202,1,1
4552,60,A,bachelor,100300.0,6.9,31.9,8900.0,20300.0,debt consolidation,202,1,1
4553,54,B,high school,38700.0,5.4,32.2,41310.0,12000.0,car,102,0,1
4554,38,A,high school,88000.0,5.5,7.1,4480.0,16600.0,business,202,1,1
4555,45,B,high school,24200.0,10.9,21.3,13590.0,20900.0,education,103,0,1
4556,26,A,high school,33600.0,12.4,0.0,6350.0,9000.0,car,202,1,1
4557,36,A,bachelor,147900.0,7.4,6.5,9050.0,8400.0,home improvement,202,1,1
4558,36,B,bachelor,30000.0,3.5,5.5,3970.0,17800.0,debt consolidation,102,1,1
4559,39,A,bachelor,76000.0,0.1,14.6,10860.0,7400.0,education,203,1,1
4560,26,A,high school,48800.0,8.7,0.0,6750.0,14300.0,debt consolidation,202,1,1
4561,51,B,high school,32500.0,10.3,27.7,15050.0,21400.0,business,103,1,0
4562,35,A,master,48500.0,6.1,4.4,3400.0,12700.0,debt consolidation,202,1,1
4563,28,A,bachelor,50000.0,2.6,3.8,16150.0,22000.0,home improvement,203,1,1
4564,21,B,high school,71100.0,2.3,0.0,4230.0,8300.0,home improvement,102,1,1
4565,25,A,high school,66500.0,1.9,0.0,370.0,19800.0,debt consolidation,202,1,1
4566,24,A,bachelor,21200.0,4.5,2.0,45770.0,20400.0,debt consolidation,204,0,0
4567,35,A,master,62400.0,5.1,2.3,2720.0,15000.0,car,204,1,1
4568,64,B,master,94600.0,7.7,36.6,7900.0,14600.0,education,101,1,1
4569,22,B,high school,28000.0,12.0,0.0,60790.0,13800.0,car,102,0,0
4570,58,A,high school,44300.0,0.6,35.1,3830.0,9600.0,car,204,1,1
4571,39,A,bachelor,51600.0,6.0,7.8,2000.0,8500.0,home improvement,201,1,1
4572,28,B,bachelor,18000.0,20.9,0.0,800.0,12900.0,debt consolidation,102,1,0
4573,44,A,high school,17700.0,8.8,21.2,9720.0,12300.0,car,203,1,1
4574,27,A,master,22300.0,23.7,3.5,8220.0,15400.0,debt consolidation,204,1,1
4575,46,B,bachelor,16400.0,5.4,16.1,1910.0,20700.0,debt consolidation,102,1,1
4576,44,A,high school,16000.0,7.9,13.3,13250.0,21600.0,debt consolidation,204,1,1
4577,36,B,bachelor,18500.0,11.4,7.1,10570.0,11700.0,car,102,0,1
4578,41,B,bachelor,46900.0,5.6,18.8,1470.0,19700.0,car,102,1,1
4579,46,B,high school,32100.0,14.3,22.1,11830.0,7200.0,car,103,1,1
4580,37,A,bachelor,35300.0,16.0,13.1,7820.0,15200.0,car,202,1,1
4581,41,A,high school,47700.0,30.0,16.7,980.0,14300.0,debt consolidation,201,1,1
4582,23,A,bachelor,46500.0,11.4,1.5,16960.0,32000.0,car,201,1,1
4583,21,A,high school,46800.0,5.8,0.0,680.0,12000.0,business,203,1,1
4584,40,B,high school,21500.0,14.5,16.3,18810.0,11700.0,car,102,1,1
4585,28,A,high school,55200.0,4.3,1.6,5060.0,5700.0,business,201,1,1
4586,40,A,bachelor,124700.0,6.2,14.2,12990.0,29500.0,car,204,1,1
4587,32,A,master,31100.0,12.9,8.0,1170.0,10800.0,car,204,1,1
4588,46,A,bachelor,128000.0,2.3,22.1,3820.0,18400.0,debt consolidation,203,1,1
4589,27,A,bachelor,47400.0,8.1,0.0,5120.0,4800.0,debt consolidation,204,1,1
4590,42,A,bachelor,101500.0,2.0,9.4,1840.0,9300.0,education,202,1,1
4591,49,A,master,29200.0,6.4,22.6,12900.0,12600.0,education,204,1,1
4592,46,A,master,60500.0,10.3,16.0,600.0,6300.0,debt consolidation,204,1,1
4593,34,A,master,97000.0,7.2,12.2,3280.0,14400.0,debt consolidation,201,1,1
4594,31,A,high school,22900.0,4.9,1.9,6910.0,3600.0,home improvement,202,1,0
4595,53,A,master,49200.0,11.4,26.6,25270.0,11900.0,home improvement,204,1,1
4596,35,B,high school,23800.0,3.3,11.0,3000.0,11300.0,business,103,1,1
4597,36,A,high school,72700.0,8.2,10.4,1640.0,12900.0,education,204,1,1
4598,41,A,bachelor,39200.0,17.4,11.4,19210.0,12900.0,education,201,1,1
4599,35,A,bachelor,33900.0,8.3,12.2,9400.0,13600.0,debt consolidation,203,1,1
4600,25,A,bachelor,60800.0,17.0,0.0,2900.0,9200.0,home improvement,201,1,1
4601,68,A,high school,43300.0,4.0,41.2,30460.0,22700.0,business,203,0,1
4602,46,B,bachelor,38100.0,1.3,17.9,1820.0,12000.0,home improvement,101,1,1
4603,21,A,bachelor,50500.0,7.4,0.0,6230.0,18000.0,debt consolidation,201,0,0
4604,36,B,high school,17000.0,3.2,13.6,1130.0,8100.0,business,102,1,1
4605,41,B,high school,74500.0,7.3,9.9,1000.0,30800.0,car,101,0,1
4606,49,A,high school,39300.0,18.1,18.7,2160.0,19400.0,debt consolidation,202,0,1
4607,41,A,master,44000.0,3.0,17.3,3290.0,19200.0,home improvement,204,1,1
4608,27,A,bachelor,26100.0,7.0,2.6,5760.0,12300.0,home improvement,203,1,1
4609,32,A,bachelor,61200.0,5.7,4.3,3960.0,17700.0,car,201,1,1
4610,44,A,bachelor,32300.0,20.1,18.2,4410.0,58500.0,debt consolidation,201,1,1
4611,52,B,high school,29000.0,3.5,26.6,2540.0,16400.0,car,103,1,1
4612,43,A,bachelor,59000.0,15.8,14.9,1170.0,26800.0,car,203,1,1
4613,36,A,high school,57300.0,0.6,9.1,4970.0,9000.0,car,201,1,1
4614,51,B,high school,16000.0,15.2,26.7,740.0,6800.0,car,103,0,1
4615,56,A,bachelor,98500.0,7.2,29.6,1840.0,13800.0,debt consolidation,202,1,1
4616,41,B,high school,27900.0,10.6,15.8,1370.0,36700.0,car,101,1,1
4617,46,A,bachelor,70500.0,9.8,17.8,9720.0,9700.0,home improvement,202,1,1
4618,44,A,high school,79000.0,6.8,19.7,6210.0,22500.0,home improvement,204,1,1
4619,53,A,bachelor,32300.0,7.1,19.5,11460.0,5700.0,debt consolidation,202,1,1
4620,28,B,high school,37700.0,5.2,4.2,2330.0,15700.0,home improvement,101,1,1
4621,45,A,high school,50000.0,14.2,19.7,50490.0,15200.0,debt consolidation,201,0,1
4622,31,A,bachelor,61800.0,0.5,7.8,11180.0,14200.0,debt consolidation,202,0,1
4623,33,A,high school,71400.0,14.2,8.7,26350.0,18100.0,car,201,0,0
4624,32,A,high school,72900.0,4.6,1.3,1810.0,8600.0,debt consolidation,203,0,1
4625,43,A,high school,48900.0,5.6,16.4,3070.0,21900.0,home improvement,201,1,1
4626,44,A,high school,18200.0,3.3,16.3,7550.0,25700.0,debt consolidation,204,1,1
4627,49,A,bachelor,28800.0,1.1,21.8,14630.0,5800.0,car,203,1,1
4628,26,A,high school,24000.0,1.6,0.0,2230.0,18600.0,education,202,1,0
4629,24,B,bachelor,74400.0,3.4,0.0,2290.0,22300.0,car,103,1,1
4630,39,A,bachelor,30500.0,21.1,9.5,17510.0,34800.0,car,204,0,0
4631,39,B,bachelor,26800.0,1.0,17.4,3080.0,20200.0,education,101,1,1
4632,51,B,bachelor,62000.0,12.5,27.2,2970.0,8500.0,education,101,1,1
4633,45,B,bachelor,61900.0,4.3,15.1,1360.0,4000.0,home improvement,102,1,0
4634,31,A,master,36000.0,7.7,0.0,1380.0,22700.0,car,202,1,1
4635,55,B,master,44100.0,12.6,33.0,2810.0,17400.0,home improvement,101,1,1
4636,27,B,bachelor,90200.0,5.1,0.0,870.0,15100.0,home improvement,102,1,1
4637,30,B,high school,56200.0,3.6,1.6,6400.0,11200.0,car,102,0,0
4638,62,A,high school,33300.0,10.6,34.1,13460.0,25700.0,home improvement,202,1,1
4639,45,A,master,71700.0,4.7,20.8,2040.0,15600.0,home improvement,202,1,1
4640,21,A,bachelor,47400.0,15.1,0.0,6810.0,18100.0,home improvement,204,1,0
4641,44,A,master,40400.0,3.2,21.0,16780.0,22500.0,car,202,1,1
4642,41,A,master,105500.0,8.9,17.1,2730.0,27300.0,home improvement,201,1,1
4643,47,A,bachelor,45700.0,3.1,20.7,430.0,39800.0,business,203,1,1
4644,24,A,bachelor,75900.0,2.3,0.0,470.0,8600.0,car,202,1,1
4645,35,A,high school,26500.0,4.8,3.6,15660.0,31600.0,education,201,0,1
4646,22,A,bachelor,40400.0,8.0,0.3,39850.0,12500.0,home improvement,203,0,1
4647,35,B,high school,22500.0,2.3,9.6,4540.0,15100.0,debt consolidation,101,1,0
4648,40,A,bachelor,88900.0,9.3,8.1,5460.0,13700.0,debt consolidation,204,1,1
4649,45,A,bachelor,33700.0,9.3,22.9,4130.0,27400.0,car,204,1,1
4650,23,A,master,50700.0,2.3,0.9,2570.0,17900.0,debt consolidation,204,0,1
4651,37,A,bachelor,41400.0,10.4,14.4,3950.0,4500.0,debt consolidation,203,1,1
4652,54,A,bachelor,45900.0,6.4,27.4,6670.0,9800.0,business,203,1,1
4653,37,A,bachelor,39200.0,3.9,8.3,2240.0,9800.0,business,202,1,1
4654,53,B,bachelor,30600.0,5.2,26.7,21420.0,22700.0,car,102,1,0
4655,47,A,high school,17900.0,7.0,13.9,5580.0,8700.0,debt consolidation,201,1,1
4656,21,B,master,130000.0,7.3,0.0,5530.0,12400.0,car,102,1,1
4657,42,A,high school,32700.0,9.5,12.1,4120.0,16400.0,car,203,1,1
4658,47,B,bachelor,62400.0,2.9,23.2,3810.0,18300.0,car,101,1,1
4659,30,A,master,36800.0,5.0,1.3,6100.0,9300.0,business,202,1,1
4660,46,A,master,25300.0,2.3,23.9,19250.0,30000.0,car,202,1,1
4661,47,A,master,65400.0,9.5,18.6,6780.0,23700.0,car,204,0,1
4662,21,A,master,73700.0,2.4,0.0,6410.0,16100.0,education,203,1,1
4663,29,B,master,32000.0,10.5,3.9,6150.0,10000.0,business,103,0,1
4664,34,B,high school,22000.0,1.7,5.1,10070.0,7800.0,home improvement,103,1,1
4665,47,A,high school,38400.0,10.0,21.4,2780.0,11400.0,car,203,1,1
4666,37,B,high school,45800.0,6.2,9.9,5550.0,18700.0,car,103,1,1
4667,36,B,bachelor,44000.0,3.4,11.5,8500.0,18600.0,home improvement,101,0,1
4668,38,B,high school,23500.0,8.6,0.8,2840.0,15700.0,education,102,0,0
4669,32,A,master,26100.0,6.7,3.1,3410.0,15900.0,debt consolidation,203,1,1
4670,37,A,phd,66700.0,11.6,14.2,39530.0,6100.0,car,201,1,1
4671,59,A,phd,44500.0,23.9,32.7,1770.0,8400.0,car,204,1,1
4672,44,B,bachelor,34500.0,7.6,12.1,9490.0,10000.0,education,101,1,1
4673,53,B,bachelor,41400.0,1.4,29.6,12090.0,27200.0,debt consolidation,102,1,0
4674,63,B,bachelor,17400.0,11.7,39.2,6880.0,19700.0,education,101,1,0
4675,43,A,bachelor,44700.0,7.6,14.7,10750.0,6700.0,home improvement,202,1,1
4676,31,A,master,43600.0,9.2,7.6,12390.0,41100.0,home improvement,204,1,1
4677,44,A,bachelor,56200.0,9.7,15.9,1560.0,6900.0,home improvement,204,1,1
4678,36,A,bachelor,30000.0,8.9,8.8,2450.0,22200.0,debt consolidation,204,1,0
4679,56,B,bachelor,36700.0,1.7,28.9,2530.0,15600.0,debt consolidation,101,1,1
4680,40,A,bachelor,35800.0,4.6,13.2,3810.0,7500.0,car,201,1,1
4681,28,B,master,25900.0,6.3,1.8,920.0,20900.0,home improvement,102,1,1
4682,37,A,master,68900.0,11.8,14.5,710.0,18000.0,debt consolidation,203,1,1
4683,48,A,bachelor,55600.0,5.8,12.7,3370.0,17500.0,business,202,1,1
4684,35,B,high school,16800.0,8.6,7.5,2610.0,14000.0,home improvement,102,0,1
4685,22,A,bachelor,33700.0,5.3,0.0,3480.0,20700.0,home improvement,202,1,1
4686,26,A,bachelor,38300.0,1.3,0.0,1150.0,19700.0,debt consolidation,204,1,1
4687,34,B,bachelor,33300.0,29.5,10.3,14300.0,11700.0,business,101,1,1
4688,39,A,bachelor,49400.0,5.9,10.7,3880.0,17100.0,debt consolidation,204,0,1
4689,41,A,high school,70300.0,4.0,16.3,1710.0,32700.0,home improvement,204,1,0
4690,39,A,bachelor,33200.0,17.8,17.1,24700.0,16200.0,business,204,1,0
4691,52,A,bachelor,51100.0,5.4,29.7,4420.0,12000.0,car,202,1,1
4692,31,B,bachelor,17500.0,9.5,5.1,12060.0,5700.0,debt consolidation,103,0,1
4693,40,A,master,197000.0,2.4,12.7,5450.0,5600.0,home improvement,204,1,1
4694,37,B,high school,20400.0,15.2,12.9,15430.0,22000.0,home improvement,101,0,1
4695,40,A,master,60500.0,12.7,4.0,1830.0,11900.0,car,204,1,0
4696,21,A,bachelor,49600.0,4.7,0.0,14870.0,9300.0,education,202,0,1
4697,32,A,high school,20400.0,9.6,9.8,6630.0,9300.0,home improvement,202,1,1
4698,21,A,bachelor,40400.0,2.1,0.0,3410.0,27900.0,home improvement,203,0,0
4699,54,A,master,59400.0,24.1,28.6,3740.0,8000.0,business,203,1,1
4700,54,B,bachelor,24800.0,9.2,27.9,6880.0,15000.0,car,103,1,1
4701,34,A,bachelor,56100.0,14.9,7.0,5370.0,9000.0,car,203,1,1
4702,58,B,bachelor,32800.0,5.8,26.4,1700.0,12900.0,home improvement,101,1,1
4703,35,B,bachelor,44900.0,11.2,9.3,5700.0,16300.0,debt consolidation,102,1,1
4704,26,A,master,52100.0,9.3,2.2,10860.0,19800.0,business,202,1,1
4705,40,A,bachelor,17200.0,8.1,13.7,3600.0,44400.0,debt consolidation,202,1,1
4706,56,A,bachelor,67800.0,13.6,32.6,1020.0,12700.0,education,203,1,1
4707,30,A,high school,50600.0,13.9,3.9,1440.0,16900.0,business,202,1,1
4708,27,B,master,140100.0,5.9,0.0,11860.0,43100.0,home improvement,101,1,1
4709,50,A,master,49700.0,0.6,21.7,3640.0,12400.0,education,202,1,1
4710,42,A,high school,14100.0,7.4,14.8,1220.0,36600.0,business,204,1,1
4711,30,B,bachelor,41600.0,7.0,4.5,5500.0,9900.0,debt consolidation,101,1,1
4712,60,B,master,66700.0,4.8,31.9,1440.0,7500.0,car,101,1,1
4713,51,A,bachelor,79800.0,8.0,28.4,2410.0,8700.0,debt consolidation,204,1,1
4714,37,A,high school,38900.0,6.1,14.1,4570.0,36300.0,debt consolidation,204,1,1
4715,36,B,high school,24600.0,13.0,8.3,12470.0,9000.0,car,102,1,1
4716,43,A,bachelor,67000.0,9.3,11.0,19360.0,31400.0,debt consolidation,201,1,1
4717,41,A,high school,80600.0,7.3,11.9,5000.0,20100.0,education,204,1,1
4718,27,A,high school,18600.0,7.1,2.1,3970.0,32000.0,car,201,1,0
4719,39,A,master,64100.0,5.4,9.8,3940.0,55500.0,home improvement,203,0,1
4720,53,A,master,93600.0,7.8,22.5,31520.0,5800.0,home improvement,203,1,1
4721,39,A,bachelor,31500.0,7.6,15.1,25570.0,13400.0,car,203,1,0
4722,23,B,phd,61200.0,12.6,0.0,8800.0,39200.0,education,101,0,1
4723,40,B,master,30500.0,11.0,13.2,7760.0,9200.0,car,101,1,1
4724,32,A,bachelor,56800.0,8.2,7.8,3520.0,7500.0,car,201,1,1
4725,34,A,bachelor,81200.0,17.0,4.7,1480.0,16500.0,home improvement,202,1,1
4726,44,A,high school,62000.0,0.9,20.0,15830.0,6200.0,education,202,1,1
4727,46,A,high school,33400.0,10.4,15.7,5620.0,12700.0,home improvement,201,1,1
4728,29,A,high school,59000.0,7.2,3.2,3140.0,14800.0,debt consolidation,203,1,1
4729,50,B,master,35300.0,6.0,25.5,1630.0,10500.0,business,101,1,1
4730,33,A,high school,43400.0,2.6,4.6,6300.0,15200.0,debt consolidation,201,1,1
4731,73,A,bachelor,45400.0,32.6,34.9,7380.0,15400.0,education,201,1,1
4732,47,A,high school,26600.0,8.1,22.7,7820.0,33600.0,business,204,1,1
4733,35,B,high school,23900.0,5.7,11.8,2360.0,24100.0,education,102,1,1
4734,31,B,master,36200.0,7.4,0.0,51560.0,25100.0,home improvement,102,0,0
4735,44,B,bachelor,45700.0,2.4,18.2,27320.0,23000.0,debt consolidation,102,0,1
4736,47,A,high school,49700.0,9.7,22.6,11400.0,19200.0,car,203,1,1
4737,47,B,high school,25200.0,9.8,19.3,34070.0,10100.0,home improvement,103,0,0
4738,53,A,high school,25700.0,11.7,28.2,14500.0,13000.0,car,203,0,1
4739,61,A,high school,29300.0,2.1,36.1,2710.0,2100.0,business,203,1,1
4740,27,A,master,57500.0,7.8,0.0,6260.0,3700.0,debt consolidation,202,1,1
4741,23,B,master,38500.0,5.5,0.0,940.0,5100.0,home improvement,101,1,1
4742,51,B,master,25500.0,11.4,23.8,3180.0,9300.0,education,102,1,0
4743,37,A,bachelor,53800.0,3.7,6.2,13310.0,19400.0,debt consolidation,203,1,1
4744,48,A,master,68800.0,2.4,19.2,7020.0,15200.0,car,203,1,1
4745,42,A,master,59200.0,1.1,14.7,3390.0,27300.0,business,204,1,1
4746,23,A,high school,27300.0,5.3,0.0,3340.0,22700.0,car,202,0,0
4747,24,B,master,116100.0,13.6,0.0,14620.0,11900.0,debt consolidation,102,1,1
4748,51,A,bachelor,26100.0,4.9,23.1,11030.0,10400.0,car,203,1,0
4749,21,A,master,32000.0,10.3,0.0,3860.0,14200.0,debt consolidation,204,0,1
4750,54,A,master,45200.0,8.2,24.9,4410.0,14800.0,education,203,1,1
4751,38,A,bachelor,129000.0,5.6,11.0,4390.0,11500.0,car,201,1,1
4752,45,A,high school,39100.0,10.4,18.9,2650.0,12600.0,car,201,1,1
4753,21,B,bachelor,30200.0,9.8,0.0,6540.0,19200.0,car,102,1,1
4754,50,A,bachelor,75300.0,7.6,22.4,3050.0,22800.0,home improvement,201,1,1
4755,33,A,high school,31800.0,9.4,9.3,3590.0,19400.0,car,202,1,1
4756,21,B,phd,31100.0,6.1,0.0,4080.0,24600.0,home improvement,101,0,0
4757,53,A,master,31300.0,5.9,29.2,1160.0,15800.0,debt consolidation,202,1,1
4758,21,A,bachelor,56700.0,7.7,0.0,7760.0,16100.0,home improvement,203,1,1
4759,42,B,high school,47400.0,8.1,19.1,27300.0,3800.0,education,102,1,1
4760,39,B,phd,50800.0,4.8,15.0,1690.0,10100.0,debt consolidation,101,0,1
4761,43,A,bachelor,38200.0,3.1,16.6,17010.0,31800.0,education,202,0,0
4762,44,A,master,43200.0,4.7,16.7,21870.0,28800.0,business,204,1,0
4763,37,A,bachelor,17100.0,3.5,14.3,5350.0,19800.0,education,201,0,1
4764,45,A,bachelor,56300.0,15.0,17.1,8420.0,15300.0,car,201,1,1
4765,53,A,high school,51000.0,14.3,29.3,18910.0,16100.0,education,201,1,1
4766,52,A,master,66500.0,23.2,23.1,2830.0,29700.0,car,203,1,1
4767,48,A,bachelor,48700.0,8.2,24.5,4500.0,25100.0,car,204,1,1
4768,33,B,master,25200.0,1.9,7.0,6670.0,17700.0,car,102,1,1
4769,43,A,bachelor,104900.0,7.1,10.1,1330.0,13100.0,business,204,1,1
4770,29,B,high school,25300.0,19.4,0.0,8090.0,29600.0,business,102,1,1
4771,36,B,high school,28900.0,2.5,8.0,9540.0,26000.0,education,102,0,0
4772,21,B,master,45700.0,15.6,0.0,6780.0,4500.0,education,102,1,1
4773,51,A,master,29800.0,6.9,23.3,1680.0,29500.0,business,204,1,1
4774,54,A,bachelor,49900.0,6.8,18.5,16660.0,36000.0,car,204,1,1
4775,43,B,phd,84000.0,0.7,19.8,4900.0,21300.0,home improvement,101,1,1
4776,31,A,bachelor,45400.0,6.3,8.7,20750.0,33900.0,debt consolidation,201,1,1
4777,69,A,bachelor,23700.0,5.5,44.7,1240.0,11500.0,car,201,1,1
4778,22,A,phd,50700.0,14.2,0.0,19670.0,9100.0,business,201,0,1
4779,27,A,phd,45100.0,2.7,2.7,2130.0,21800.0,car,201,1,1
4780,28,B,high school,19200.0,12.6,0.9,1470.0,19300.0,car,101,1,1
4781,41,A,bachelor,65200.0,8.2,16.6,4990.0,11300.0,education,203,1,1
4782,33,B,master,18400.0,3.5,7.5,13450.0,31500.0,debt consolidation,101,0,1
4783,43,A,bachelor,88400.0,8.9,15.1,5150.0,20100.0,business,202,1,1
4784,56,A,high school,22200.0,5.6,27.1,1530.0,19700.0,car,201,1,1
4785,42,B,bachelor,72000.0,8.3,13.6,27770.0,16800.0,business,102,1,1
4786,45,B,bachelor,28900.0,12.6,20.4,4610.0,16600.0,education,102,0,0
4787,27,B,master,60500.0,6.6,0.0,7840.0,11200.0,home improvement,101,1,1
4788,47,B,bachelor,52400.0,6.7,24.8,1670.0,19600.0,business,102,1,1
4789,44,A,high school,38100.0,2.8,17.3,1690.0,19700.0,home improvement,204,1,1
4790,59,A,high school,72700.0,10.1,31.3,1950.0,15900.0,education,204,1,1
4791,24,A,high school,56900.0,17.4,0.0,4030.0,14000.0,car,204,0,1
4792,68,A,high school,20900.0,12.4,39.2,6110.0,3100.0,education,201,0,1
4793,57,B,master,40300.0,8.5,28.1,5450.0,6900.0,debt consolidation,103,0,1
4794,48,A,bachelor,46400.0,11.4,21.3,14970.0,22500.0,home improvement,203,1,1
4795,44,A,bachelor,59700.0,8.0,21.0,4240.0,28700.0,car,201,1,1
4796,45,B,phd,53100.0,7.5,19.5,1980.0,10500.0,home improvement,103,1,1
4797,54,B,master,37400.0,4.3,23.4,490.0,14200.0,car,102,1,1
4798,41,B,master,47700.0,4.7,18.8,7200.0,9600.0,home improvement,103,1,1
4799,48,A,bachelor,110500.0,5.9,22.3,2000.0,21000.0,debt consolidation,201,1,1
4800,40,B,master,49400.0,13.9,3.1,6950.0,22000.0,business,101,1,1
4801,47,A,high school,52200.0,12.1,22.5,2900.0,14600.0,car,202,1,1
4802,41,B,high school,20100.0,13.1,16.5,2700.0,17900.0,home improvement,102,1,0
4803,50,A,high school,28200.0,6.1,23.4,23520.0,11000.0,education,201,1,1
4804,43,B,bachelor,39000.0,2.2,19.4,1200.0,10900.0,business,103,1,1
4805,41,B,bachelor,37500.0,5.6,18.0,1820.0,26600.0,debt consolidation,103,1,1
4806,56,A,bachelor,67300.0,10.3,31.0,2260.0,4900.0,home improvement,203,1,1
4807,35,A,bachelor,84300.0,3.6,10.5,1650.0,10800.0,car,203,1,1
4808,50,A,bachelor,46400.0,1.2,27.5,1350.0,17000.0,business,202,1,1
4809,54,A,high school,28800.0,10.0,23.9,13080.0,14400.0,home improvement,201,1,1
4810,42,B,bachelor,60800.0,1.6,9.5,2720.0,21600.0,car,103,1,1
4811,41,A,bachelor,28500.0,0.3,15.6,46240.0,18100.0,business,201,0,0
4812,29,A,bachelor,57300.0,5.7,5.7,1200.0,14800.0,home improvement,204,1,1
4813,46,A,bachelor,48100.0,23.5,21.4,9980.0,9000.0,car,201,1,1
4814,39,B,bachelor,19800.0,0.7,16.6,580.0,16600.0,car,102,0,1
4815,45,A,master,48100.0,18.4,20.7,10720.0,31600.0,car,202,1,1
4816,28,B,high school,29500.0,2.1,3.7,5810.0,21000.0,debt consolidation,103,1,0
4817,49,A,bachelor,37000.0,22.5,19.7,6260.0,39700.0,car,201,1,1
4818,68,A,high school,99600.0,14.5,37.8,1490.0,17200.0,home improvement,204,1,1
4819,30,A,bachelor,35000.0,9.3,3.5,9540.0,11800.0,home improvement,201,0,1
4820,40,A,high school,47100.0,7.4,17.9,2810.0,21300.0,debt consolidation,204,1,0
4821,58,B,bachelor,44000.0,4.9,24.5,5200.0,7800.0,car,101,1,1
4822,47,B,high school,35000.0,9.3,13.5,7250.0,23700.0,home improvement,102,0,1
4823,35,A,high school,74200.0,13.1,9.0,9270.0,9500.0,home improvement,204,1,1
4824,45,B,master,62300.0,1.3,17.8,4840.0,22600.0,home improvement,101,1,1
4825,35,A,high school,28700.0,13.2,12.9,11880.0,9500.0,debt consolidation,202,1,1
4826,30,A,master,87000.0,16.7,0.0,3030.0,15000.0,debt consolidation,201,1,1
4827,32,B,phd,65000.0,6.4,7.3,19190.0,32400.0,business,101,0,0
4828,34,B,bachelor,16100.0,4.1,7.3,8610.0,25500.0,home improvement,101,0,0
4829,21,B,bachelor,29700.0,7.1,0.0,2050.0,9300.0,education,103,1,0
4830,48,A,high school,40100.0,5.1,22.3,10040.0,5200.0,business,201,1,1
4831,43,A,master,56600.0,3.8,18.9,19720.0,28400.0,debt consolidation,204,0,1
4832,51,A,master,57400.0,2.1,15.4,2350.0,39000.0,debt consolidation,201,1,1
4833,47,A,bachelor,35700.0,7.6,24.5,9120.0,9800.0,education,201,1,1
4834,37,A,high school,72100.0,29.3,3.9,3520.0,15800.0,home improvement,201,1,1
4835,28,A,master,62500.0,6.7,4.6,6770.0,30000.0,car,202,1,0
4836,42,A,phd,144600.0,3.5,17.1,11070.0,23300.0,business,201,1,1
4837,42,A,bachelor,32000.0,2.1,16.9,2760.0,14100.0,car,203,0,1
4838,34,A,phd,57300.0,8.1,9.3,1290.0,13300.0,car,203,0,1
4839,46,A,high school,25800.0,3.6,14.7,21220.0,3900.0,debt consolidation,203,1,1
4840,32,A,master,23500.0,12.1,7.9,2580.0,6500.0,car,201,1,1
4841,42,A,high school,24300.0,3.2,15.2,5700.0,15800.0,car,204,1,0
4842,51,A,bachelor,44200.0,7.8,19.5,810.0,18300.0,car,202,1,1
4843,51,A,high school,55800.0,3.9,26.7,15770.0,16400.0,car,202,1,1
4844,46,A,bachelor,66200.0,15.1,19.3,7310.0,8200.0,business,204,1,1
4845,68,B,bachelor,38800.0,3.4,44.1,6370.0,32100.0,home improvement,101,1,1
4846,46,B,phd,24400.0,4.2,23.9,7520.0,24900.0,education,102,0,1
4847,56,A,master,63900.0,10.2,29.6,4220.0,22800.0,car,202,1,1
4848,34,A,bachelor,33500.0,4.8,11.5,2370.0,53000.0,debt consolidation,204,1,0
4849,67,A,bachelor,65700.0,6.4,42.4,14340.0,7900.0,car,201,1,1
4850,30,A,high school,29000.0,8.5,0.0,4150.0,14500.0,debt consolidation,203,1,1
4851,49,A,bachelor,51800.0,5.5,20.6,8060.0,7000.0,business,202,1,1
4852,63,A,bachelor,30300.0,10.4,37.6,8430.0,18600.0,car,201,1,1
4853,48,A,high school,17000.0,9.1,11.8,9190.0,19100.0,debt consolidation,202,0,0
4854,42,A,phd,67100.0,3.8,20.8,4520.0,25300.0,business,202,1,1
4855,29,A,high school,31800.0,1.7,0.0,16990.0,17700.0,car,203,0,0
4856,39,B,master,29300.0,9.3,7.3,14120.0,22900.0,car,103,1,1
4857,30,A,high school,52400.0,4.5,4.3,12480.0,12200.0,car,203,1,0
4858,39,B,high school,30600.0,5.4,14.9,3200.0,6600.0,home improvement,101,1,1
4859,57,A,master,65300.0,6.0,26.3,1490.0,21700.0,business,202,1,1
4860,62,A,high school,53200.0,7.5,37.1,17060.0,16000.0,debt consolidation,204,1,1
4861,38,A,master,26900.0,1.5,9.9,1950.0,23300.0,education,203,1,1
4862,22,A,bachelor,38600.0,19.4,0.0,2900.0,16200.0,home improvement,202,0,1
4863,46,A,bachelor,28200.0,9.5,22.9,9300.0,19200.0,car,204,1,1
4864,68,A,high school,37900.0,8.3,44.8,7090.0,18800.0,debt consolidation,202,1,1
4865,57,A,master,65400.0,9.4,30.2,8100.0,23700.0,debt consolidation,204,1,1
4866,50,B,master,51400.0,8.5,26.6,8720.0,16200.0,business,101,0,1
4867,50,B,master,43000.0,4.1,21.1,1400.0,15700.0,business,101,1,0
4868,53,A,master,39700.0,12.4,31.3,7260.0,13000.0,education,201,1,1
4869,28,A,bachelor,23700.0,4.5,3.0,3840.0,19400.0,home improvement,202,1,1
4870,37,B,bachelor,41600.0,4.7,5.8,8070.0,3700.0,car,102,1,1
4871,46,A,master,85200.0,7.3,21.7,32950.0,9500.0,home improvement,203,1,1
4872,34,B,bachelor,16700.0,12.3,11.0,4360.0,11600.0,car,101,1,1
4873,21,B,high school,52100.0,4.9,0.0,1890.0,8800.0,debt consolidation,101,1,0
4874,21,A,bachelor,61200.0,12.3,0.0,810.0,22300.0,debt consolidation,204,1,1
4875,55,A,master,33400.0,7.3,22.7,2830.0,8300.0,car,202,1,1
4876,37,A,high school,35400.0,1.8,9.7,1390.0,27300.0,education,202,1,1
4877,44,A,high school,24600.0,0.4,20.1,3860.0,16200.0,car,204,1,0
4878,44,A,bachelor,32800.0,3.2,22.1,25430.0,13000.0,car,202,1,1
4879,45,A,high school,35700.0,18.5,11.5,5410.0,16200.0,home improvement,202,1,1
4880,33,B,master,61500.0,3.2,11.1,10690.0,21600.0,education,101,0,1
4881,43,A,master,99100.0,3.5,10.6,2200.0,11100.0,business,202,0,1
4882,55,A,phd,25600.0,2.9,30.5,8450.0,11400.0,car,204,1,1
4883,34,A,master,32100.0,4.5,5.3,4530.0,11300.0,home improvement,203,1,1
4884,33,A,bachelor,40300.0,3.6,11.5,10350.0,26100.0,business,203,0,1
4885,35,B,high school,33500.0,14.3,10.0,6030.0,13900.0,car,101,1,1
4886,41,A,phd,52000.0,5.5,6.3,670.0,17400.0,education,203,1,1
4887,59,A,high school,30600.0,16.0,23.8,2780.0,11200.0,home improvement,204,1,1
4888,32,B,master,51700.0,12.5,3.4,2880.0,12100.0,car,101,1,0
4889,28,A,high school,16900.0,8.3,4.2,1620.0,16800.0,education,204,1,1
4890,32,A,bachelor,29300.0,4.9,5.7,1890.0,11400.0,business,203,1,1
4891,42,A,bachelor,23300.0,2.3,15.2,3950.0,16300.0,debt consolidation,201,1,1
4892,36,A,bachelor,42900.0,13.8,10.7,4890.0,16200.0,car,204,1,1
4893,58,A,high school,42500.0,11.2,34.3,2220.0,10000.0,business,202,1,1
4894,24,A,high school,22700.0,11.7,0.0,4270.0,14000.0,home improvement,203,1,1
4895,60,A,high school,32700.0,11.7,25.1,8040.0,16800.0,business,203,1,1
4896,27,B,bachelor,31000.0,36.6,1.3,2100.0,15400.0,home improvement,103,0,1
4897,45,A,bachelor,55200.0,12.3,9.7,18360.0,11100.0,car,204,1,1
4898,43,A,bachelor,38600.0,1.6,12.7,15580.0,6400.0,debt consolidation,201,0,1
4899,37,A,high school,28500.0,20.6,3.2,14560.0,28000.0,home improvement,204,0,0
4900,33,A,master,27800.0,4.6,5.8,8890.0,9800.0,debt consolidation,204,1,1
4901,54,A,bachelor,50400.0,3.4,32.8,470.0,11200.0,business,204,1,1
4902,40,A,high school,83400.0,6.3,14.5,2930.0,15000.0,debt consolidation,204,1,1
4903,34,A,master,77200.0,2.9,9.2,1530.0,8300.0,car,203,1,1
4904,50,A,bachelor,58500.0,5.3,27.3,2320.0,13100.0,home improvement,201,1,1
4905,45,A,master,39000.0,14.9,21.0,6780.0,11600.0,car,204,1,1
4906,41,B,bachelor,25900.0,30.3,12.7,2430.0,17700.0,debt consolidation,102,1,1
4907,31,A,master,30700.0,9.4,0.8,1070.0,24300.0,business,202,0,1
4908,37,A,bachelor,74500.0,2.1,13.4,17160.0,11200.0,debt consolidation,204,1,1
4909,53,A,high school,48300.0,7.1,23.1,7730.0,15800.0,home improvement,204,1,1
4910,48,A,high school,48300.0,6.6,20.7,6150.0,15200.0,home improvement,203,1,1
4911,64,A,high school,41100.0,10.9,38.1,104550.0,11400.0,car,203,0,0
4912,56,A,master,34300.0,19.0,32.4,6110.0,6000.0,car,204,1,1
4913,44,A,bachelor,68800.0,4.6,18.6,24150.0,17500.0,education,203,1,1
4914,32,A,master,67800.0,3.6,0.0,10970.0,13000.0,education,203,1,1
4915,55,A,master,36100.0,9.1,21.3,6710.0,15300.0,car,203,1,1
4916,23,A,bachelor,89600.0,4.6,0.0,18930.0,11700.0,education,204,1,1
4917,21,A,bachelor,84900.0,6.4,0.0,10640.0,12300.0,home improvement,202,1,1
4918,33,B,high school,23500.0,9.3,8.5,2780.0,31700.0,debt consolidation,103,1,1
4919,36,A,high school,28700.0,7.5,9.5,2880.0,14100.0,car,202,1,1
4920,21,B,bachelor,25900.0,9.1,0.0,4680.0,14200.0,car,101,0,1
4921,21,A,master,53400.0,6.7,0.0,5200.0,13000.0,debt consolidation,202,1,1
4922,48,A,master,80800.0,12.4,23.0,94190.0,13700.0,debt consolidation,201,1,0
4923,33,B,bachelor,32100.0,11.6,10.3,1610.0,20600.0,home improvement,102,1,1
4924,45,A,bachelor,28100.0,4.6,8.1,16740.0,10100.0,car,202,0,1
4925,40,A,master,86200.0,17.6,14.4,12290.0,14100.0,education,204,1,1
4926,37,A,high school,29400.0,6.3,6.7,11100.0,14600.0,business,202,0,0
4927,46,A,master,41600.0,3.9,17.5,5430.0,15700.0,home improvement,204,1,0
4928,38,A,high school,38400.0,2.9,10.9,3790.0,7500.0,home improvement,204,1,1
4929,50,B,bachelor,34700.0,16.3,19.8,2220.0,7700.0,car,101,1,1
4930,27,A,high school,67300.0,7.5,1.0,4420.0,10900.0,education,204,1,1
4931,30,A,bachelor,32900.0,21.1,3.6,3150.0,18400.0,home improvement,201,1,1
4932,29,B,bachelor,38000.0,1.0,2.7,2090.0,10200.0,car,103,1,1
4933,36,A,high school,19300.0,4.9,8.5,2160.0,8300.0,car,204,1,1
4934,61,A,master,64300.0,2.2,22.3,11450.0,22100.0,education,204,1,1
4935,21,A,master,58400.0,4.3,0.0,3810.0,10500.0,business,204,1,1
4936,59,B,bachelor,28200.0,0.5,36.0,3010.0,7500.0,home improvement,103,1,1
4937,50,B,bachelor,33900.0,8.1,23.2,1070.0,10300.0,debt consolidation,101,1,1
4938,51,A,master,63400.0,14.3,16.8,24150.0,10400.0,car,202,1,1
4939,31,A,high school,26400.0,2.3,9.0,6070.0,16600.0,car,202,0,0
4940,35,A,high school,57400.0,9.4,1.0,10090.0,28400.0,debt consolidation,202,1,0
4941,46,A,high school,52600.0,1.0,19.1,1930.0,12800.0,business,201,1,1
4942,29,A,high school,31600.0,7.3,0.0,5150.0,8100.0,debt consolidation,204,1,1
4943,41,B,master,24300.0,7.8,18.6,3960.0,13400.0,car,101,0,1
4944,28,A,bachelor,56500.0,8.1,0.0,2090.0,16800.0,car,201,1,0
4945,59,A,bachelor,29200.0,7.2,35.6,2420.0,21000.0,business,204,1,1
4946,49,A,bachelor,61400.0,9.2,6.1,22380.0,13600.0,debt consolidation,204,1,1
4947,32,B,bachelor,25500.0,2.1,0.0,8660.0,16300.0,education,102,0,1
4948,39,A,high school,60300.0,6.3,12.1,10700.0,10400.0,education,203,1,1
4949,44,A,bachelor,48200.0,15.5,18.2,56720.0,13600.0,home improvement,203,1,1
4950,33,A,master,47600.0,3.5,8.5,13730.0,13000.0,car,204,1,1
4951,33,B,bachelor,18500.0,8.8,2.3,1340.0,16300.0,debt consolidation,102,1,0
4952,59,B,bachelor,49300.0,5.2,34.6,21250.0,31800.0,car,102,1,1
4953,32,B,master,39800.0,6.9,5.2,9610.0,6700.0,business,101,1,1
4954,74,A,master,62400.0,2.3,49.3,28630.0,6100.0,home improvement,203,1,1
4955,33,B,bachelor,21100.0,14.1,5.5,41630.0,23100.0,education,101,0,1
4956,21,A,bachelor,66300.0,5.2,0.0,11020.0,17000.0,car,202,1,1
4957,58,A,master,46600.0,7.4,27.5,9350.0,11500.0,car,203,1,1
4958,38,B,bachelor,33300.0,4.6,12.5,6370.0,19200.0,business,102,0,1
4959,24,A,master,54300.0,15.5,0.0,4870.0,21300.0,business,203,1,1
4960,35,A,master,83300.0,4.3,7.6,16200.0,17700.0,education,202,1,1
4961,52,A,high school,30400.0,13.1,11.1,1120.0,4500.0,debt consolidation,202,1,1
4962,36,B,master,42300.0,7.9,6.8,10020.0,11500.0,home improvement,103,0,1
4963,58,B,high school,17800.0,13.6,33.8,36210.0,25400.0,debt consolidation,103,0,0
4964,51,A,master,90500.0,12.9,27.6,7980.0,14000.0,car,201,1,1
4965,43,B,high school,65000.0,5.3,19.6,9820.0,9900.0,car,102,1,1
4966,41,B,master,78200.0,9.5,17.3,10480.0,36000.0,debt consolidation,102,1,1
4967,40,A,bachelor,23600.0,16.6,5.3,26560.0,20100.0,home improvement,201,0,1
4968,35,A,phd,79100.0,13.5,6.2,14270.0,22000.0,education,202,1,1
4969,54,B,master,42100.0,15.4,30.8,5330.0,59900.0,education,101,1,0
4970,37,A,bachelor,58400.0,11.9,10.4,18270.0,9200.0,business,202,1,1
4971,24,A,bachelor,45100.0,3.7,0.0,2660.0,17500.0,car,201,1,1
4972,31,B,bachelor,86800.0,13.4,8.0,1150.0,60300.0,debt consolidation,103,1,1
4973,54,A,bachelor,80500.0,7.3,25.6,1830.0,24100.0,debt consolidation,202,1,1
4974,44,A,high school,42800.0,7.6,19.1,11650.0,21900.0,debt consolidation,204,1,0
4975,49,A,high school,31500.0,4.6,13.1,3110.0,15500.0,home improvement,203,1,1
4976,29,B,master,34600.0,2.2,0.0,1160.0,12100.0,home improvement,103,1,0
4977,45,B,master,46400.0,4.1,21.7,24920.0,10700.0,education,103,1,1
4978,47,A,bachelor,91700.0,6.8,23.8,820.0,17500.0,car,204,1,1
4979,21,B,high school,21700.0,16.2,0.0,2480.0,14100.0,home improvement,103,0,0
4980,41,B,high school,22200.0,1.5,9.4,10760.0,14100.0,debt consolidation,101,0,1
4981,24,B,bachelor,40800.0,5.9,0.0,8480.0,20200.0,debt consolidation,102,1,1
4982,58,B,high school,31000.0,10.5,21.6,5730.0,3200.0,debt consolidation,102,0,1
4983,26,A,bachelor,47000.0,6.8,0.0,1710.0,14900.0,car,204,1,1
4984,54,A,high school,23800.0,9.2,31.4,1890.0,13700.0,home improvement,204,1,1
4985,47,A,bachelor,56300.0,13.6,22.0,3150.0,19300.0,education,202,1,1
4986,21,B,master,41400.0,1.7,0.0,840.0,24100.0,business,102,0,1
4987,47,B,master,56800.0,6.9,17.5,7650.0,19600.0,car,103,1,1
4988,46,A,bachelor,52400.0,11.5,20.0,1970.0,36700.0,car,201,1,1
4989,43,B,high school,39000.0,7.1,18.7,130.0,25000.0,car,102,1,1
4990,28,A,high school,43600.0,1.6,5.0,4080.0,20500.0,car,204,0,1
4991,61,A,bachelor,58700.0,13.0,35.7,14780.0,14700.0,car,204,1,1
4992,32,A,high school,39300.0,11.0,3.5,8720.0,9900.0,home improvement,204,1,1
4993,34,B,master,24200.0,8.9,0.0,6450.0,6200.0,home improvement,101,0,1
4994,48,B,bachelor,48300.0,5.1,21.3,30660.0,19500.0,home improvement,101,1,1
4995,50,A,bachelor,47500.0,20.2,23.0,1240.0,17200.0,education,202,1,1
4996,34,A,master,49500.0,10.5,8.9,6570.0,9000.0,education,201,1,1
4997,51,A,bachelor,71000.0,20.6,23.6,1760.0,18900.0,business,201,1,1
4998,41,A,high school,31100.0,5.1,17.5,380.0,15500.0,business,203,1,0
4999,33,B,bachelor,44300.0,15.2,1.9,7370.0,12700.0,home improvement,102,0,1
5000,38,A,high school,57900.0,9.1,14.7,7370.0,18600.0,car,203,1,1
5001,32,B,high school,28600.0,1.5,5.1,10840.0,11200.0,car,103,0,0
5002,39,A,high school,36900.0,4.5,12.8,7280.0,25500.0,car,202,1,0
5003,44,B,master,30200.0,11.5,21.9,11080.0,35400.0,home improvement,102,0,1
5004,59,A,high school,66000.0,18.3,32.3,4760.0,7000.0,car,202,1,1
5005,44,B,high school,26100.0,8.1,17.2,8390.0,5100.0,car,103,0,1
5006,42,A,master,52700.0,9.2,18.2,5980.0,5200.0,car,201,1,1
5007,30,A,high school,40400.0,1.1,5.5,2000.0,18100.0,business,203,1,0
5008,56,A,high school,39600.0,2.9,22.1,5030.0,7900.0,business,202,1,1
5009,48,A,master,115800.0,11.1,25.4,6980.0,35000.0,debt consolidation,201,1,1
5010,50,B,bachelor,71200.0,5.7,20.9,4810.0,18400.0,education,103,1,1
5011,58,A,high school,112000.0,11.1,35.4,2110.0,21600.0,home improvement,202,1,1
5012,48,A,bachelor,67200.0,19.1,25.2,1500.0,19600.0,business,204,1,1
5013,51,A,phd,173600.0,6.8,18.7,1930.0,13800.0,debt consolidation,202,1,1
5014,30,A,master,139100.0,1.8,5.9,9550.0,6100.0,car,203,1,1
5015,27,A,high school,69500.0,6.6,4.2,6240.0,9500.0,business,202,1,1
5016,30,A,high school,76800.0,5.8,0.3,5370.0,7700.0,business,202,1,1
5017,30,A,high school,68000.0,5.5,7.8,5900.0,15400.0,debt consolidation,204,1,1
5018,36,B,high school,25300.0,12.5,6.4,6150.0,30500.0,home improvement,103,0,0
5019,30,A,master,103200.0,1.1,5.1,6080.0,17400.0,debt consolidation,203,0,1
5020,43,A,bachelor,33700.0,6.3,14.3,10490.0,21700.0,home improvement,204,0,1
5021,57,A,high school,48900.0,16.6,26.5,67170.0,16400.0,debt consolidation,203,0,1
5022,25,A,high school,61800.0,8.6,0.0,1320.0,25300.0,business,204,1,1
5023,41,A,high school,22700.0,0.9,14.1,1730.0,16600.0,debt consolidation,203,1,1
5024,21,A,bachelor,66900.0,7.4,0.0,4630.0,11300.0,education,204,1,1
5025,32,B,bachelor,37400.0,3.0,3.2,1270.0,9300.0,car,102,1,1
5026,52,B,master,29900.0,10.1,23.7,3250.0,21500.0,education,103,1,0
5027,24,A,bachelor,42900.0,7.4,0.0,9640.0,24200.0,education,204,1,1
5028,50,A,bachelor,35400.0,6.6,26.0,3320.0,17800.0,car,202,1,1
5029,47,B,high school,34300.0,4.3,16.2,1760.0,9200.0,car,101,1,1
5030,45,A,high school,80300.0,31.8,15.1,3960.0,21400.0,car,202,1,1
5031,45,A,high school,44000.0,14.0,22.0,4400.0,16900.0,home improvement,204,1,1
5032,44,A,high school,22000.0,4.3,19.7,6470.0,15600.0,car,203,1,1
5033,21,A,bachelor,48200.0,10.5,0.0,16260.0,13700.0,car,202,1,0
5034,43,B,high school,38600.0,9.3,10.6,18350.0,25100.0,debt consolidation,101,0,1
5035,46,B,bachelor,49800.0,3.4,16.6,6300.0,22500.0,debt consolidation,103,1,1
5036,64,A,bachelor,35200.0,4.6,38.2,640.0,5700.0,car,201,1,1
5037,38,A,bachelor,41800.0,7.8,15.4,2090.0,41400.0,education,201,1,0
5038,41,B,bachelor,16100.0,5.8,16.9,1010.0,8000.0,debt consolidation,101,1,1
5039,50,B,high school,22900.0,6.1,23.1,10060.0,11200.0,car,102,0,0
5040,68,A,high school,41400.0,9.5,41.6,5840.0,31100.0,car,202,1,1
5041,33,A,high school,55600.0,3.2,5.6,10750.0,20700.0,home improvement,204,0,1
5042,39,B,master,25400.0,18.0,4.0,6350.0,22200.0,home improvement,101,0,0
5043,56,A,high school,24900.0,6.3,31.9,7650.0,18000.0,business,201,1,1
5044,51,B,phd,37400.0,10.0,25.9,8220.0,27900.0,car,103,1,1
5045,22,A,high school,69700.0,6.0,0.0,4140.0,7200.0,debt consolidation,203,1,1
5046,59,A,bachelor,91200.0,4.2,28.7,14930.0,11000.0,home improvement,201,1,1
5047,52,B,bachelor,35600.0,4.0,23.4,16270.0,8600.0,debt consolidation,103,1,1
5048,42,A,master,38500.0,2.9,8.1,11780.0,10900.0,debt consolidation,203,1,1
5049,21,A,high school,131200.0,14.8,0.0,750.0,15500.0,car,204,1,1
5050,38,A,high school,45900.0,13.5,13.7,35560.0,9500.0,business,203,1,1
5051,51,A,high school,56000.0,0.7,29.5,3290.0,25400.0,education,201,1,1
5052,42,B,master,63900.0,5.7,19.3,4310.0,13400.0,business,101,1,1
5053,21,B,high school,15300.0,3.1,0.0,20300.0,16700.0,business,102,0,0
5054,38,B,bachelor,31800.0,19.5,13.6,21090.0,32200.0,debt consolidation,101,0,0
5055,31,A,high school,40300.0,13.4,5.1,1250.0,15200.0,debt consolidation,204,1,1
5056,42,B,bachelor,20500.0,3.9,11.3,15850.0,15900.0,debt consolidation,101,0,0
5057,46,A,master,58900.0,1.4,23.1,7730.0,20700.0,debt consolidation,201,0,1
5058,53,A,high school,50600.0,4.1,20.9,7080.0,36000.0,debt consolidation,204,0,1
5059,32,A,bachelor,51900.0,2.9,5.9,5420.0,26800.0,debt consolidation,203,1,1
5060,34,A,master,57700.0,0.9,11.8,8810.0,16200.0,car,201,0,1
5061,48,A,bachelor,46100.0,4.0,25.2,12430.0,8000.0,car,202,1,1
5062,63,A,high school,56600.0,4.9,34.2,6890.0,9900.0,car,201,1,1
5063,21,A,master,82800.0,10.1,0.0,3990.0,12300.0,education,201,0,1
5064,59,A,bachelor,21500.0,0.4,28.9,2050.0,21400.0,debt consolidation,203,1,1
5065,35,A,master,32300.0,8.7,9.6,13510.0,16600.0,car,201,1,1
5066,34,A,bachelor,51600.0,14.9,9.1,1950.0,25700.0,debt consolidation,202,1,1
5067,49,A,bachelor,43800.0,15.8,27.1,6920.0,9300.0,debt consolidation,204,1,1
5068,53,B,master,58000.0,4.1,31.1,10490.0,12700.0,car,103,1,1
5069,29,B,high school,40500.0,10.2,2.4,19550.0,10600.0,home improvement,102,0,0
5070,54,B,high school,53600.0,4.1,25.7,13930.0,9700.0,education,102,1,1
5071,35,B,high school,22300.0,13.9,10.3,24300.0,10900.0,business,102,0,1
5072,40,A,high school,58800.0,2.4,14.2,880.0,10800.0,car,201,1,1
5073,46,A,master,34500.0,2.3,18.0,11530.0,19900.0,education,202,1,0
5074,37,B,high school,36300.0,12.0,12.6,6440.0,22900.0,debt consolidation,101,0,1
5075,36,B,bachelor,29900.0,3.8,11.9,13150.0,8800.0,debt consolidation,101,0,1
5076,48,A,bachelor,19000.0,0.8,19.9,1670.0,16500.0,education,203,1,0
5077,28,A,high school,65800.0,3.7,3.0,3890.0,11700.0,debt consolidation,202,0,1
5078,21,B,high school,41400.0,0.7,0.0,14330.0,18700.0,debt consolidation,101,0,1
5079,33,B,phd,31300.0,16.1,2.1,11450.0,37900.0,home improvement,101,1,0
5080,38,A,high school,32300.0,4.0,6.8,2140.0,22700.0,business,204,1,0
5081,57,A,phd,86200.0,14.4,33.2,6860.0,37600.0,business,202,1,1
5082,51,B,bachelor,36900.0,2.7,17.9,2240.0,11800.0,home improvement,102,0,1
5083,61,B,bachelor,33100.0,9.2,38.5,3130.0,10200.0,home improvement,101,1,1
5084,42,A,bachelor,69600.0,8.2,6.8,10420.0,16600.0,debt consolidation,203,0,1
5085,22,A,high school,52400.0,4.2,0.0,2140.0,7300.0,car,202,1,0
5086,24,B,bachelor,43000.0,2.4,1.0,37490.0,11700.0,home improvement,103,0,0
5087,51,A,bachelor,22600.0,17.5,18.1,5990.0,8800.0,education,202,1,1
5088,36,B,bachelor,40900.0,7.7,4.5,22730.0,16600.0,home improvement,103,1,1
5089,35,A,high school,32600.0,3.2,6.6,690.0,14100.0,home improvement,204,0,1
5090,36,A,master,55900.0,19.0,7.4,11030.0,20900.0,debt consolidation,201,1,1
5091,51,B,bachelor,69900.0,8.1,26.6,15610.0,14100.0,debt consolidation,102,1,1
5092,37,B,bachelor,43300.0,2.0,13.9,4770.0,10200.0,car,102,1,0
5093,32,A,master,64600.0,6.0,8.7,24440.0,14900.0,home improvement,202,1,1
5094,37,A,high school,65500.0,2.2,14.1,5650.0,13300.0,home improvement,204,1,1
5095,28,A,high school,50200.0,2.7,3.7,1240.0,14800.0,debt consolidation,204,0,0
5096,24,A,bachelor,39200.0,7.5,0.6,6640.0,16200.0,business,202,1,1
5097,36,A,master,64300.0,2.5,11.5,950.0,8900.0,debt consolidation,203,1,1
5098,32,A,bachelor,169600.0,5.0,7.9,5710.0,16300.0,home improvement,202,1,1
5099,37,A,bachelor,93200.0,2.1,5.1,4150.0,15800.0,car,203,1,1
5100,45,A,master,46300.0,5.4,12.0,5640.0,8500.0,debt consolidation,203,1,1
5101,59,B,phd,62300.0,14.2,31.3,18780.0,11000.0,car,102,1,1
5102,42,B,high school,25400.0,12.7,11.1,1010.0,10400.0,car,102,1,1
5103,46,A,master,39800.0,12.6,16.9,2660.0,22200.0,business,203,1,1
5104,62,A,bachelor,51500.0,6.8,38.4,5600.0,7700.0,car,203,1,1
5105,39,B,master,67900.0,7.5,12.9,3320.0,27700.0,home improvement,101,1,1
5106,43,A,bachelor,59300.0,3.5,12.3,6900.0,6100.0,car,202,1,1
5107,48,B,high school,23600.0,14.8,18.2,3990.0,9400.0,home improvement,102,1,1
5108,34,A,high school,48900.0,5.6,9.6,15630.0,17800.0,education,202,1,1
5109,24,A,high school,53400.0,7.4,0.0,19460.0,22200.0,education,202,1,1
5110,35,A,bachelor,56900.0,9.5,3.8,6480.0,21600.0,home improvement,201,0,1
5111,54,A,high school,38000.0,10.8,27.0,21980.0,57700.0,home improvement,204,1,0
5112,27,A,high school,67300.0,9.4,4.2,2190.0,16400.0,debt consolidation,202,1,1
5113,66,A,master,72000.0,11.7,37.2,6040.0,11600.0,car,201,1,1
5114,48,B,high school,18600.0,11.0,19.3,3600.0,21600.0,debt consolidation,101,0,0
5115,32,B,bachelor,80500.0,3.4,8.1,4390.0,12300.0,education,102,1,1
5116,37,B,bachelor,41000.0,14.6,13.6,3550.0,7700.0,car,103,1,1
5117,54,A,bachelor,40600.0,8.9,27.3,2470.0,9100.0,car,202,1,1
5118,48,A,high school,24600.0,8.0,21.8,8140.0,14800.0,business,201,0,1
5119,36,A,high school,27200.0,3.4,13.3,1660.0,8200.0,car,203,1,0
5120,53,A,master,52100.0,9.6,31.2,6370.0,19300.0,business,204,1,1
5121,56,A,master,87300.0,10.1,29.6,3380.0,18500.0,business,203,1,1
5122,40,A,high school,65300.0,9.8,6.8,3390.0,21100.0,business,202,1,1
5123,34,B,high school,29000.0,4.9,3.8,3680.0,15000.0,car,101,1,0
5124,21,A,bachelor,84700.0,4.2,0.0,9420.0,29400.0,home improvement,202,0,1
5125,40,B,bachelor,35900.0,20.9,15.9,4200.0,4300.0,car,103,1,1
5126,21,B,bachelor,52100.0,6.3,0.0,9910.0,12100.0,car,101,1,1
5127,32,A,bachelor,196000.0,9.1,6.0,1410.0,6700.0,debt consolidation,202,1,1
5128,62,B,high school,37500.0,18.6,34.2,5690.0,6000.0,home improvement,102,1,1
5129,41,B,bachelor,62200.0,4.2,15.6,6240.0,12900.0,business,101,1,1
5130,51,A,master,43400.0,7.6,23.3,7650.0,15200.0,car,203,1,0
5131,49,B,high school,21500.0,3.7,26.1,8170.0,10800.0,car,102,1,1
5132,30,B,high school,31100.0,2.5,6.1,8170.0,14900.0,debt consolidation,101,0,1
5133,54,B,high school,42000.0,9.3,32.8,7530.0,21400.0,car,101,0,1
5134,30,B,bachelor,58400.0,29.5,4.8,1990.0,9600.0,car,102,1,1
5135,25,B,bachelor,36200.0,11.9,0.0,3560.0,20400.0,debt consolidation,103,1,1
5136,36,A,high school,29800.0,2.3,14.0,4600.0,22300.0,car,202,1,1
5137,27,A,bachelor,59200.0,8.9,0.0,2060.0,11600.0,education,202,1,1
5138,33,A,bachelor,69300.0,7.5,0.6,4070.0,18000.0,education,202,1,1
5139,44,B,bachelor,75400.0,2.1,16.2,3790.0,18700.0,debt consolidation,102,1,1
5140,21,B,bachelor,49900.0,14.3,0.0,26630.0,8400.0,home improvement,101,1,0
5141,33,A,high school,37600.0,6.4,6.4,20830.0,8500.0,business,203,0,0
5142,38,A,master,48800.0,1.3,9.8,1710.0,18400.0,debt consolidation,204,1,0
5143,43,A,bachelor,42100.0,19.9,17.6,5760.0,14600.0,car,204,1,1
5144,29,B,bachelor,36000.0,2.4,3.2,8750.0,13600.0,debt consolidation,102,0,0
5145,42,A,bachelor,38300.0,1.7,16.8,10490.0,15800.0,car,204,1,1
5146,40,A,bachelor,103600.0,4.0,17.3,3180.0,11700.0,car,204,1,1
5147,24,A,high school,31100.0,20.8,0.0,2660.0,25800.0,debt consolidation,202,1,1
5148,28,A,high school,38000.0,3.1,0.0,10950.0,16000.0,car,201,0,1
5149,63,A,bachelor,20400.0,10.3,36.3,5710.0,11100.0,debt consolidation,203,1,1
5150,43,A,bachelor,110200.0,7.7,12.1,2310.0,50800.0,car,203,1,1
5151,53,A,bachelor,73600.0,3.1,29.2,7860.0,9700.0,education,202,1,1
5152,59,B,bachelor,32200.0,3.9,33.7,5560.0,22000.0,debt consolidation,101,0,1
5153,45,A,bachelor,68200.0,13.1,22.8,2290.0,15200.0,home improvement,202,1,1
5154,37,B,master,52400.0,8.9,12.3,8500.0,6100.0,debt consolidation,102,1,1
5155,45,A,master,59100.0,5.6,21.9,3860.0,11500.0,home improvement,204,1,1
5156,49,A,bachelor,28100.0,7.9,24.0,20460.0,29200.0,education,202,1,0
5157,28,A,high school,33700.0,2.8,0.0,880.0,9400.0,education,202,1,1
5158,70,A,high school,10500.0,9.7,47.1,4880.0,13100.0,education,201,1,1
5159,49,A,bachelor,29200.0,8.0,25.8,1930.0,28200.0,home improvement,201,1,1
5160,44,B,high school,22400.0,6.5,18.8,1730.0,40300.0,debt consolidation,102,1,1
5161,47,B,high school,41300.0,11.9,22.8,7040.0,18500.0,education,102,1,1
5162,43,A,bachelor,40000.0,8.7,19.9,26440.0,13500.0,car,204,1,0
5163,49,A,high school,40000.0,9.5,16.8,4450.0,21500.0,debt consolidation,204,1,1
5164,44,A,high school,49100.0,5.8,18.4,6910.0,6700.0,home improvement,201,1,1
5165,54,A,bachelor,42300.0,6.4,32.1,2860.0,10600.0,car,201,1,1
5166,26,A,bachelor,58300.0,19.6,0.0,3000.0,14500.0,business,204,1,1
5167,47,A,high school,32500.0,11.0,16.4,7770.0,16400.0,debt consolidation,202,1,1
5168,41,B,master,33800.0,4.2,18.7,9080.0,10500.0,home improvement,101,1,1
5169,42,A,high school,23100.0,8.9,17.4,4700.0,16200.0,business,202,1,1
5170,40,A,bachelor,39500.0,4.9,15.3,9150.0,26800.0,car,201,0,1
5171,50,A,master,88100.0,4.9,27.5,9120.0,12700.0,car,201,1,1
5172,35,A,high school,45100.0,11.3,12.6,8080.0,12600.0,business,204,1,1
5173,51,A,bachelor,33000.0,7.1,22.0,7870.0,8200.0,home improvement,201,1,1
5174,42,A,master,36100.0,9.0,14.9,4670.0,18700.0,car,203,1,1
5175,46,A,bachelor,47200.0,3.9,18.5,2990.0,15500.0,home improvement,201,1,0
5176,32,A,bachelor,45400.0,4.4,8.9,3440.0,18700.0,debt consolidation,204,1,1
5177,45,A,bachelor,65900.0,6.6,13.9,1830.0,17500.0,debt consolidation,201,1,1
5178,54,A,high school,49500.0,2.0,26.9,1360.0,15700.0,education,202,1,1
5179,41,A,phd,38300.0,2.7,16.3,1030.0,17300.0,car,201,1,1
5180,42,A,master,91900.0,7.8,12.1,30280.0,9600.0,business,201,1,1
5181,47,B,high school,57200.0,6.2,24.8,690.0,13700.0,car,101,1,1
5182,49,A,master,90900.0,0.3,20.9,2570.0,13200.0,car,202,1,1
5183,56,A,high school,26300.0,2.9,25.0,10760.0,5300.0,car,204,1,1
5184,37,A,high school,48400.0,2.8,15.1,2390.0,11700.0,education,204,1,1
5185,40,A,phd,58300.0,3.7,3.0,21660.0,7600.0,home improvement,204,1,1
5186,38,A,bachelor,87300.0,3.7,10.8,800.0,23100.0,home improvement,204,1,1
5187,29,A,master,66500.0,2.8,0.0,28030.0,24700.0,home improvement,202,0,0
5188,43,A,bachelor,30900.0,10.2,14.6,6920.0,6900.0,car,204,1,1
5189,35,A,master,69700.0,12.5,13.2,10750.0,22900.0,education,204,1,1
5190,62,B,high school,33600.0,1.5,32.3,3180.0,23600.0,business,103,1,1
5191,32,A,master,72900.0,18.8,3.5,2950.0,22900.0,debt consolidation,202,1,1
5192,31,A,phd,36700.0,6.6,0.0,1280.0,12400.0,home improvement,204,1,1
5193,29,A,high school,39900.0,20.8,0.0,3460.0,15800.0,car,202,1,1
5194,65,A,high school,34200.0,13.0,40.6,2540.0,13100.0,business,204,1,1
5195,47,A,high school,55400.0,13.0,19.9,4360.0,23100.0,business,204,1,1
5196,40,B,bachelor,34200.0,6.9,11.2,1310.0,23200.0,debt consolidation,103,0,1
5197,55,A,high school,65700.0,6.0,32.2,19270.0,18300.0,education,204,1,1
5198,37,A,high school,50500.0,6.2,13.4,6380.0,14400.0,business,204,1,0
5199,37,A,bachelor,47500.0,2.3,13.4,2480.0,9000.0,business,203,1,1
5200,42,A,master,35300.0,12.0,19.1,4340.0,11500.0,car,202,1,1
5201,21,A,bachelor,21400.0,8.7,0.0,7060.0,14700.0,car,201,1,1
5202,26,B,bachelor,31800.0,6.5,0.0,5810.0,19200.0,education,101,1,1
5203,43,A,master,25000.0,7.2,19.7,15190.0,24900.0,home improvement,201,0,1
5204,35,A,master,77800.0,19.4,11.7,33740.0,14900.0,home improvement,202,1,1
5205,23,A,bachelor,76900.0,10.2,0.0,1890.0,27800.0,business,202,1,1
5206,42,A,master,44600.0,13.0,12.9,17570.0,14100.0,debt consolidation,202,1,1
5207,50,A,high school,53400.0,9.8,24.7,4620.0,3600.0,debt consolidation,203,1,1
5208,25,B,bachelor,41200.0,7.4,0.0,3160.0,8400.0,home improvement,102,1,1
5209,50,A,high school,67800.0,28.6,24.5,16840.0,6600.0,education,203,1,1
5210,45,B,master,53600.0,8.6,21.6,23130.0,8600.0,debt consolidation,103,1,1
5211,31,A,bachelor,77800.0,3.1,7.0,4340.0,35200.0,home improvement,201,1,1
5212,59,B,bachelor,41700.0,33.1,30.8,115320.0,16700.0,car,103,0,0
5213,50,B,high school,23600.0,15.8,26.4,9920.0,10800.0,car,101,0,1
5214,27,B,master,37500.0,8.6,3.4,3800.0,34500.0,car,102,1,1
5215,39,B,phd,50100.0,3.2,16.7,10830.0,12200.0,home improvement,103,0,1
5216,49,A,bachelor,31000.0,7.3,23.5,4930.0,32200.0,debt consolidation,204,1,0
5217,52,B,bachelor,45500.0,5.1,28.4,19220.0,21400.0,car,102,0,1
5218,49,A,phd,45900.0,11.1,21.8,2850.0,5800.0,education,204,1,1
5219,57,A,high school,48600.0,13.3,33.4,630.0,12400.0,car,201,1,1
5220,40,B,bachelor,37500.0,7.7,7.9,2630.0,9100.0,debt consolidation,102,0,1
5221,70,B,bachelor,24200.0,10.4,45.1,28810.0,30200.0,education,103,0,1
5222,31,B,master,61600.0,5.4,1.3,4910.0,10000.0,business,101,1,1
5223,29,B,bachelor,39400.0,9.5,0.0,1370.0,34800.0,car,101,0,1
5224,36,B,high school,37600.0,3.9,3.1,4690.0,12800.0,home improvement,103,0,1
5225,50,A,high school,50500.0,8.2,25.8,4840.0,7500.0,car,204,1,1
5226,25,A,master,41500.0,10.4,0.0,4270.0,17700.0,home improvement,204,0,1
5227,54,A,bachelor,45700.0,2.0,30.3,3570.0,19000.0,debt consolidation,203,1,1
5228,56,B,bachelor,23900.0,3.2,27.0,10400.0,5800.0,car,102,1,1
5229,22,A,bachelor,86000.0,5.0,0.0,3110.0,15800.0,debt consolidation,201,1,1
5230,47,A,master,52600.0,23.6,16.1,3450.0,37900.0,business,202,1,0
5231,44,B,bachelor,37200.0,6.8,4.8,2430.0,15900.0,car,101,0,0
5232,37,A,high school,39100.0,5.6,9.3,4270.0,10900.0,business,203,1,1
5233,49,B,phd,41000.0,0.6,17.3,4160.0,18300.0,debt consolidation,101,1,1
5234,75,B,bachelor,32900.0,17.9,44.9,2390.0,11300.0,business,102,1,1
5235,43,A,high school,70700.0,6.3,12.2,9530.0,12200.0,home improvement,204,1,0
5236,48,A,high school,22100.0,16.4,21.5,3180.0,10200.0,business,204,1,1
5237,47,B,high school,25000.0,5.6,25.3,6810.0,18800.0,debt consolidation,102,1,1
5238,26,A,high school,21600.0,3.1,0.0,5770.0,13900.0,debt consolidation,202,1,0
5239,27,A,bachelor,60700.0,12.7,0.0,14940.0,6600.0,car,202,1,1
5240,27,B,bachelor,50900.0,8.0,4.9,2420.0,16000.0,home improvement,102,0,1
5241,51,A,high school,48700.0,1.9,23.7,5190.0,24600.0,debt consolidation,203,1,0
5242,55,A,bachelor,36100.0,9.1,31.7,10960.0,17600.0,home improvement,201,1,0
5243,36,A,master,50000.0,14.6,3.8,2410.0,16300.0,education,204,1,1
5244,32,A,high school,29000.0,3.7,6.6,3810.0,20300.0,education,204,1,1
5245,21,B,bachelor,44100.0,5.4,0.0,2600.0,25700.0,home improvement,102,1,1
5246,43,B,high school,21000.0,6.1,19.2,10920.0,12000.0,debt consolidation,101,0,0
5247,46,B,high school,34700.0,13.2,19.1,6080.0,13500.0,car,103,0,1
5248,48,A,bachelor,50100.0,2.4,19.6,1960.0,10000.0,home improvement,201,1,1
5249,24,A,bachelor,42800.0,12.4,0.0,5300.0,12600.0,car,202,1,1
5250,56,A,master,21600.0,6.1,33.9,6390.0,20900.0,car,201,1,1
5251,41,A,high school,42100.0,2.4,15.2,3260.0,30400.0,business,203,1,1
5252,48,B,bachelor,43300.0,1.4,24.3,1780.0,25100.0,car,101,1,1
5253,36,A,high school,45400.0,6.4,11.6,12670.0,28700.0,car,202,1,0
5254,41,A,master,36400.0,4.9,12.4,760.0,16800.0,home improvement,201,1,1
5255,52,A,high school,16700.0,10.2,23.5,4490.0,14600.0,business,204,1,1
5256,32,A,high school,50800.0,13.3,0.0,2800.0,15400.0,car,202,1,1
5257,40,B,bachelor,20400.0,3.3,18.3,5230.0,7100.0,debt consolidation,101,1,1
5258,53,A,bachelor,50600.0,1.6,24.6,55910.0,12300.0,business,201,1,1
5259,32,A,high school,30600.0,4.5,0.0,7890.0,11900.0,home improvement,204,1,1
5260,52,A,bachelor,40500.0,6.2,25.5,9910.0,11200.0,car,204,1,1
5261,34,A,bachelor,59500.0,15.3,8.8,11360.0,12400.0,business,202,0,0
5262,52,A,bachelor,61900.0,4.7,27.3,620.0,27000.0,debt consolidation,202,1,1
5263,53,A,master,61700.0,15.6,28.5,9800.0,21100.0,debt consolidation,202,1,1
5264,56,A,bachelor,42200.0,17.4,20.3,15920.0,19800.0,home improvement,203,1,1
5265,50,A,bachelor,30600.0,10.6,21.9,2270.0,11500.0,debt consolidation,202,1,1
5266,33,B,bachelor,32000.0,3.6,9.1,2960.0,7200.0,car,103,1,0
5267,54,B,phd,54800.0,1.9,32.5,6280.0,4400.0,home improvement,103,1,1
5268,37,B,bachelor,59400.0,12.0,14.2,2160.0,13300.0,education,102,1,1
5269,21,A,bachelor,93300.0,7.9,0.0,1930.0,11500.0,education,204,1,1
5270,43,A,bachelor,73100.0,19.5,18.1,2630.0,43500.0,debt consolidation,201,1,0
5271,58,B,bachelor,11600.0,11.6,33.4,1540.0,8300.0,car,102,1,1
5272,33,A,high school,37900.0,5.7,11.1,13130.0,29400.0,education,201,0,0
5273,41,B,bachelor,45900.0,2.8,17.7,5820.0,9100.0,business,102,1,1
5274,50,A,bachelor,105100.0,13.9,26.7,1330.0,10800.0,debt consolidation,201,1,1
5275,26,A,high school,20000.0,15.4,4.2,1280.0,26400.0,home improvement,201,1,1
5276,35,A,high school,64700.0,2.9,3.0,2050.0,11600.0,car,203,1,1
5277,21,A,phd,89100.0,9.7,0.0,3640.0,15500.0,debt consolidation,204,1,1
5278,21,B,bachelor,83700.0,10.1,0.0,2110.0,8900.0,car,101,1,1
5279,53,B,high school,29200.0,19.8,24.7,7050.0,8200.0,car,102,1,1
5280,35,B,master,43600.0,2.1,5.3,4660.0,15200.0,car,101,1,1
5281,21,B,bachelor,48900.0,9.6,0.0,3650.0,6800.0,home improvement,101,1,1
5282,37,B,high school,21900.0,8.3,9.0,1300.0,24700.0,debt consolidation,102,0,1
5283,31,B,high school,26300.0,16.0,9.5,4210.0,19600.0,debt consolidation,102,1,1
5284,43,A,high school,15000.0,8.6,17.8,5070.0,13900.0,home improvement,203,1,1
5285,57,B,master,52300.0,4.9,27.9,17620.0,11000.0,home improvement,103,1,1
5286,41,B,high school,19600.0,3.2,18.1,1600.0,11000.0,debt consolidation,101,1,1
5287,21,B,bachelor,35500.0,6.6,0.0,3120.0,19700.0,debt consolidation,101,1,0
5288,37,A,bachelor,49400.0,3.3,12.5,14510.0,38400.0,home improvement,203,1,1
5289,22,A,bachelor,39100.0,3.6,0.0,5010.0,15800.0,home improvement,201,1,1
5290,45,A,bachelor,100400.0,3.6,17.8,3380.0,19900.0,business,201,1,1
5291,45,A,high school,33600.0,8.8,15.6,15720.0,20500.0,education,202,0,0
5292,44,A,high school,51300.0,18.7,5.4,4820.0,7700.0,home improvement,203,0,1
5293,47,A,master,50700.0,2.9,17.6,2650.0,12400.0,car,201,1,1
5294,28,A,high school,64100.0,18.6,2.3,22430.0,19400.0,home improvement,203,0,1
5295,43,B,high school,47300.0,3.4,20.6,570.0,23100.0,business,101,1,1
5296,42,B,bachelor,28200.0,6.0,19.8,8310.0,23500.0,education,101,0,1
5297,28,B,high school,27900.0,3.2,2.4,4790.0,17600.0,car,103,0,0
5298,37,B,master,37500.0,9.2,6.3,5340.0,41500.0,business,103,0,1
5299,52,A,bachelor,17400.0,2.5,28.5,17060.0,28600.0,car,203,0,0
5300,34,A,high school,22600.0,18.2,8.4,11400.0,23300.0,home improvement,204,0,0
5301,36,B,high school,26900.0,1.9,14.3,2790.0,14000.0,education,103,1,1
5302,21,A,bachelor,44200.0,15.3,0.0,12800.0,11000.0,car,204,1,1
5303,53,A,high school,85100.0,8.7,11.4,8750.0,21000.0,home improvement,202,0,1
5304,47,A,master,41600.0,4.9,9.6,4840.0,16300.0,debt consolidation,201,1,1
5305,27,B,master,48300.0,3.8,3.6,12360.0,8600.0,car,101,0,1
5306,29,A,bachelor,59500.0,4.7,5.1,3470.0,22000.0,home improvement,201,1,0
5307,63,B,high school,18500.0,15.0,41.4,11520.0,14000.0,business,102,1,1
5308,30,A,bachelor,46500.0,21.9,3.4,29260.0,9900.0,business,202,1,0
5309,31,B,master,26800.0,23.9,7.4,15690.0,11400.0,debt consolidation,101,1,1
5310,53,A,bachelor,58400.0,3.5,24.6,2960.0,15700.0,car,203,1,1
5311,29,A,bachelor,30200.0,4.5,1.9,2580.0,13500.0,debt consolidation,204,0,1
5312,51,A,bachelor,69100.0,8.1,27.3,2360.0,6300.0,education,204,1,1
5313,36,B,bachelor,53500.0,16.6,4.4,44410.0,13800.0,car,102,0,1
5314,41,A,bachelor,45300.0,4.6,16.2,9590.0,12200.0,debt consolidation,203,1,1
5315,51,A,master,32800.0,2.8,26.4,3490.0,6200.0,business,201,1,1
5316,51,A,bachelor,30500.0,10.2,21.4,12770.0,13500.0,car,202,1,1
5317,46,A,high school,20700.0,14.8,22.4,5600.0,23900.0,home improvement,201,0,1
5318,25,A,master,47800.0,5.9,0.0,6110.0,14400.0,home improvement,204,0,1
5319,53,A,bachelor,29100.0,7.4,26.9,34060.0,13700.0,car,201,1,0
5320,42,B,master,48800.0,8.7,16.6,2290.0,5000.0,business,103,1,1
5321,39,B,master,24400.0,7.0,10.9,11420.0,24300.0,home improvement,101,0,0
5322,34,B,bachelor,72500.0,13.5,8.0,8540.0,30300.0,education,103,0,1
5323,54,A,master,25000.0,7.3,27.7,2680.0,23900.0,home improvement,202,1,1
5324,45,B,bachelor,34400.0,12.1,19.3,3300.0,5700.0,home improvement,101,1,1
5325,48,A,bachelor,54900.0,27.1,9.9,4260.0,20100.0,car,204,1,1
5326,22,B,master,14000.0,13.0,0.0,4500.0,20200.0,education,101,1,1
5327,27,A,phd,69000.0,6.0,4.2,5440.0,9600.0,education,202,1,1
5328,45,B,bachelor,67600.0,9.1,18.2,2570.0,17600.0,home improvement,103,1,0
5329,34,B,high school,18300.0,8.0,0.0,770.0,16500.0,debt consolidation,103,1,1
5330,30,B,bachelor,47300.0,4.0,0.0,8230.0,29200.0,home improvement,102,0,1
5331,39,B,bachelor,66500.0,16.2,9.0,5770.0,14500.0,business,103,1,1
5332,39,A,bachelor,60900.0,2.6,3.5,9460.0,4900.0,car,203,1,1
5333,49,A,master,55800.0,17.9,21.5,13910.0,7100.0,car,201,1,0
5334,56,A,bachelor,79000.0,2.0,25.8,3450.0,16700.0,debt consolidation,203,1,1
5335,58,A,high school,24600.0,11.8,35.1,1660.0,10900.0,car,202,1,1
5336,40,B,high school,29200.0,2.4,16.8,5090.0,17000.0,home improvement,101,0,0
5337,68,B,master,34400.0,8.1,45.8,11330.0,24000.0,home improvement,101,1,1
5338,43,A,high school,45300.0,5.4,17.5,1110.0,10800.0,home improvement,201,1,1
5339,31,B,bachelor,33800.0,16.2,9.6,5920.0,22600.0,business,103,1,1
5340,46,A,high school,68900.0,4.8,23.0,10580.0,9700.0,debt consolidation,202,0,1
5341,36,A,high school,56300.0,3.4,12.4,2150.0,21400.0,home improvement,201,1,1
5342,54,A,high school,48900.0,11.4,24.9,1930.0,7500.0,car,202,1,1
5343,36,B,high school,52200.0,2.3,7.1,3600.0,10100.0,car,103,1,1
5344,37,A,master,33600.0,16.0,11.8,18670.0,17200.0,business,201,1,1
5345,32,A,high school,114000.0,6.9,5.6,13430.0,17700.0,car,202,1,1
5346,22,B,bachelor,57100.0,6.7,0.0,5350.0,7600.0,education,102,1,1
5347,36,B,high school,14800.0,1.2,6.8,1870.0,46600.0,home improvement,101,0,0
5348,50,B,high school,12400.0,5.3,22.7,10480.0,11000.0,business,103,0,1
5349,37,A,high school,51100.0,3.2,15.5,7940.0,11400.0,home improvement,203,1,1
5350,54,A,bachelor,21000.0,3.2,24.3,3410.0,6500.0,car,201,1,1
5351,22,A,master,58100.0,16.2,0.0,2460.0,27100.0,debt consolidation,202,1,1
5352,45,B,phd,48600.0,20.1,19.6,1780.0,15200.0,car,103,1,1
5353,43,B,master,35400.0,2.3,16.9,1980.0,13600.0,education,103,0,0
5354,59,B,bachelor,46200.0,0.5,22.5,2810.0,7300.0,education,102,1,1
5355,57,A,high school,81600.0,7.0,32.8,16010.0,16700.0,debt consolidation,202,1,1
5356,53,B,high school,15700.0,13.9,26.2,1300.0,16700.0,business,103,1,1
5357,31,A,high school,44000.0,5.0,6.4,5260.0,12500.0,debt consolidation,201,1,1
5358,31,B,bachelor,32200.0,7.6,5.4,3570.0,21200.0,business,103,0,0
5359,37,A,bachelor,89100.0,1.3,12.3,2850.0,20700.0,education,201,1,1
5360,49,A,bachelor,46100.0,4.5,20.2,10210.0,19000.0,education,202,1,0
5361,37,A,master,74700.0,3.7,9.8,2050.0,12100.0,business,201,1,1
5362,49,A,high school,53100.0,8.9,27.0,2150.0,21500.0,car,201,1,1
5363,36,B,high school,32400.0,26.5,11.1,3440.0,6900.0,debt consolidation,103,1,1
5364,26,A,high school,39400.0,8.1,2.5,2580.0,20200.0,business,203,1,1
5365,29,B,high school,28000.0,4.8,3.3,28060.0,8500.0,car,103,0,0
5366,57,B,high school,23900.0,11.9,32.0,4490.0,20000.0,education,102,1,1
5367,48,B,high school,16600.0,3.2,22.6,16640.0,10300.0,business,102,0,0
5368,22,A,bachelor,74900.0,6.1,0.0,2590.0,14400.0,car,203,1,1
5369,32,A,bachelor,57400.0,12.3,7.8,7130.0,18900.0,car,201,1,1
5370,49,B,bachelor,30000.0,5.7,24.7,8400.0,11400.0,home improvement,101,0,1
5371,52,B,high school,26100.0,5.0,24.3,6780.0,9300.0,debt consolidation,102,0,1
5372,53,A,high school,30300.0,11.3,27.9,6310.0,15200.0,business,202,1,1
5373,42,A,high school,16300.0,6.6,18.2,9630.0,22100.0,debt consolidation,201,0,0
5374,48,B,high school,28700.0,14.0,17.7,5340.0,17400.0,car,102,1,1
5375,51,A,master,59300.0,10.4,25.7,4400.0,8400.0,home improvement,203,1,1
5376,47,A,master,35600.0,1.1,21.0,2400.0,8700.0,car,202,1,1
5377,56,A,high school,34300.0,11.6,31.7,6020.0,27600.0,education,204,1,1
5378,48,B,bachelor,44700.0,1.9,16.9,26530.0,11200.0,car,101,1,0
5379,53,A,master,53300.0,11.9,28.8,1160.0,21500.0,debt consolidation,204,1,1
5380,43,B,high school,38100.0,3.4,16.4,4760.0,17300.0,home improvement,101,0,1
5381,26,B,high school,30500.0,10.4,4.2,8070.0,25500.0,education,103,0,1
5382,41,A,bachelor,54500.0,13.0,17.7,12010.0,11600.0,business,203,1,1
5383,49,A,high school,18100.0,23.4,26.0,2100.0,7800.0,car,204,1,1
5384,41,A,master,30100.0,6.6,18.9,7470.0,19700.0,car,203,1,1
5385,63,B,bachelor,38100.0,1.1,37.7,1300.0,12500.0,debt consolidation,102,1,1
5386,47,A,bachelor,65100.0,6.9,19.0,3270.0,12800.0,car,203,1,1
5387,50,A,bachelor,29500.0,17.6,27.7,2450.0,5900.0,debt consolidation,203,1,1
5388,42,A,master,77300.0,8.2,18.2,1960.0,18300.0,education,203,1,1
5389,55,B,high school,41900.0,10.9,29.7,11580.0,14700.0,car,102,0,1
5390,61,B,bachelor,49000.0,8.0,32.1,2730.0,7200.0,home improvement,101,1,1
5391,66,B,master,31800.0,3.0,28.4,1610.0,3700.0,car,102,1,1
5392,45,B,bachelor,25900.0,5.8,19.5,17600.0,21600.0,home improvement,103,0,0
5393,43,A,high school,34800.0,11.7,8.2,11310.0,16100.0,education,204,1,1
5394,35,A,bachelor,45000.0,4.5,7.6,1530.0,15500.0,education,203,0,0
5395,36,A,master,47700.0,7.0,11.1,3840.0,52600.0,business,202,0,1
5396,27,A,bachelor,30600.0,13.3,4.0,5400.0,38000.0,debt consolidation,202,0,1
5397,46,A,bachelor,39200.0,15.0,20.0,14470.0,10100.0,business,202,1,1
5398,31,A,high school,14700.0,11.7,7.3,4120.0,10600.0,education,201,1,1
5399,47,B,high school,55700.0,8.7,19.1,3490.0,19900.0,car,101,1,1
5400,42,B,phd,61600.0,17.9,17.3,7280.0,12300.0,education,101,0,1
5401,21,A,master,28800.0,8.1,0.0,7990.0,28300.0,business,201,1,1
5402,58,A,bachelor,81400.0,1.6,32.6,1730.0,15400.0,home improvement,204,1,1
5403,30,A,high school,35800.0,14.4,0.0,3050.0,16800.0,education,201,1,1
5404,52,A,bachelor,144200.0,4.4,29.5,2890.0,10100.0,debt consolidation,201,1,1
5405,45,B,bachelor,47100.0,8.2,9.3,8890.0,22400.0,debt consolidation,102,0,1
5406,43,A,bachelor,32800.0,6.2,20.2,11750.0,14700.0,car,201,1,1
5407,37,B,bachelor,41600.0,20.9,13.0,7280.0,7700.0,car,102,1,1
5408,62,B,bachelor,28100.0,2.2,27.7,19950.0,20500.0,home improvement,103,1,1
5409,48,A,master,31000.0,1.9,21.2,2590.0,21400.0,car,202,1,1
5410,44,A,master,58000.0,3.1,17.3,2940.0,17100.0,car,203,1,1
5411,41,A,high school,34100.0,1.8,14.6,5920.0,24000.0,business,202,0,1
5412,31,A,bachelor,87400.0,16.1,5.9,32210.0,40300.0,car,201,1,1
5413,35,A,high school,38200.0,3.8,13.0,10420.0,26100.0,education,201,1,1
5414,30,B,master,20100.0,3.3,3.2,1280.0,33000.0,car,101,0,1
5415,40,B,bachelor,20900.0,3.1,5.1,3130.0,7100.0,car,102,0,1
5416,62,A,high school,26600.0,16.8,39.3,6000.0,20200.0,education,202,1,1
5417,64,A,bachelor,49500.0,15.6,35.5,9160.0,13100.0,car,203,1,1
5418,37,A,high school,44400.0,3.2,12.2,14090.0,13300.0,business,204,0,1
5419,31,A,master,24500.0,4.9,0.0,1280.0,8100.0,business,204,1,0
5420,32,B,bachelor,44300.0,5.3,8.1,2800.0,30900.0,education,103,0,1
5421,59,A,high school,23800.0,1.6,31.8,4590.0,20100.0,debt consolidation,204,0,1
5422,42,A,bachelor,57000.0,5.4,15.8,460.0,20200.0,home improvement,204,0,1
5423,31,A,bachelor,46200.0,3.6,4.0,2850.0,8900.0,education,201,1,1
5424,40,A,high school,17100.0,6.6,11.6,9750.0,4900.0,home improvement,202,0,1
5425,53,A,bachelor,19200.0,2.8,24.5,1860.0,33200.0,car,201,1,1
5426,46,A,high school,49800.0,4.2,18.7,3310.0,5700.0,car,204,1,1
5427,30,B,master,60600.0,15.8,5.0,1650.0,27500.0,debt consolidation,102,1,1
5428,39,B,high school,16600.0,2.3,17.3,1030.0,8900.0,business,102,1,1
5429,43,B,phd,22300.0,5.6,17.7,2790.0,7900.0,home improvement,103,1,1
5430,27,B,bachelor,36100.0,20.4,0.0,4640.0,23600.0,car,103,1,1
5431,38,B,high school,44500.0,4.6,7.6,8830.0,17400.0,education,103,1,1
5432,64,A,bachelor,50000.0,7.0,39.1,3950.0,24600.0,debt consolidation,204,1,0
5433,41,B,bachelor,32700.0,4.4,15.3,5520.0,19400.0,business,101,1,1
5434,62,A,master,81000.0,11.3,34.1,3630.0,11600.0,car,201,1,1
5435,51,A,master,25200.0,1.8,12.5,4770.0,9800.0,home improvement,203,1,1
5436,43,B,bachelor,91700.0,11.9,21.4,3410.0,12500.0,debt consolidation,103,1,1
5437,41,B,master,95000.0,14.3,17.6,1620.0,18200.0,business,102,1,1
5438,27,B,bachelor,34700.0,7.6,3.4,5260.0,17300.0,debt consolidation,101,1,1
5439,45,A,bachelor,49100.0,7.2,23.3,37440.0,11900.0,car,201,1,1
5440,34,A,bachelor,60100.0,6.1,1.3,4160.0,19200.0,car,204,1,1
5441,48,B,bachelor,30000.0,2.7,17.5,8680.0,18600.0,home improvement,102,0,1
5442,30,A,high school,47900.0,6.0,5.5,5220.0,10800.0,business,204,1,1
5443,33,B,bachelor,20300.0,38.5,6.1,5050.0,23800.0,home improvement,103,1,1
5444,34,B,high school,36400.0,9.3,8.4,26310.0,8700.0,debt consolidation,101,0,0
5445,51,B,bachelor,30800.0,6.2,24.8,22870.0,12000.0,education,103,0,0
5446,44,A,master,27200.0,6.2,19.5,4040.0,14400.0,education,204,1,1
5447,42,B,high school,14800.0,23.3,13.8,4480.0,7000.0,debt consolidation,101,0,1
5448,46,A,high school,22700.0,4.1,20.9,8000.0,22700.0,education,201,1,0
5449,41,B,bachelor,42300.0,4.3,18.5,49710.0,17400.0,car,103,0,0
5450,25,A,bachelor,58000.0,14.2,0.5,3830.0,15600.0,car,204,0,1
5451,37,A,phd,34700.0,4.0,13.5,2340.0,11600.0,debt consolidation,201,0,1
5452,34,A,high school,29600.0,14.3,11.6,1840.0,20800.0,business,201,1,0
5453,63,A,high school,20900.0,7.4,35.1,5960.0,7700.0,car,201,0,1
5454,41,B,master,22200.0,5.9,13.6,6070.0,15800.0,car,103,0,1
5455,36,B,bachelor,49200.0,25.6,6.1,6000.0,8200.0,education,101,1,1
5456,55,A,high school,48000.0,4.9,27.3,15970.0,29900.0,home improvement,202,1,1
5457,47,A,bachelor,52100.0,14.0,23.7,56590.0,7900.0,education,202,1,1
5458,33,A,high school,34800.0,1.9,9.4,4720.0,12800.0,education,202,1,1
5459,30,A,master,35300.0,5.6,4.6,25550.0,12000.0,education,202,1,1
5460,60,B,bachelor,19000.0,6.0,38.0,6310.0,11400.0,home improvement,102,1,1
5461,21,A,bachelor,62400.0,23.7,0.0,2550.0,14700.0,car,203,1,1
5462,61,A,high school,84000.0,4.2,32.6,3260.0,9200.0,debt consolidation,201,1,1
5463,54,B,master,55600.0,3.8,32.4,1200.0,43800.0,business,103,1,1
5464,34,A,high school,60400.0,8.6,4.5,5920.0,15600.0,business,203,0,1
5465,28,B,master,34500.0,11.0,2.2,11490.0,8900.0,car,103,1,1
5466,41,A,phd,53500.0,1.6,14.9,1490.0,17300.0,home improvement,204,1,1
5467,47,A,master,93500.0,6.0,20.2,1290.0,23500.0,education,203,1,1
5468,32,A,bachelor,56500.0,5.8,9.6,6820.0,8900.0,home improvement,202,1,1
5469,47,A,phd,62400.0,5.1,22.3,2360.0,8200.0,business,203,1,1
5470,41,B,bachelor,36900.0,21.0,10.0,4780.0,12400.0,home improvement,101,0,1
5471,40,B,master,104100.0,2.0,5.8,1370.0,8800.0,debt consolidation,103,0,1
5472,34,A,bachelor,91300.0,8.8,10.9,3880.0,13100.0,car,201,1,1
5473,28,A,high school,50900.0,3.9,0.0,490.0,3500.0,business,203,1,0
5474,31,B,bachelor,59800.0,1.1,2.0,970.0,30000.0,education,101,1,1
5475,39,B,high school,52900.0,6.3,16.9,5730.0,4600.0,education,101,1,1
5476,36,A,high school,41100.0,10.0,2.3,13150.0,5300.0,car,203,1,1
5477,21,A,high school,38400.0,2.4,0.0,2780.0,13000.0,business,202,1,0
5478,57,B,bachelor,55700.0,6.9,29.2,15650.0,20200.0,business,101,1,1
5479,50,A,bachelor,58200.0,5.4,26.1,7450.0,15200.0,home improvement,202,1,1
5480,27,A,bachelor,49600.0,10.3,2.0,5000.0,15300.0,debt consolidation,203,1,1
5481,51,A,high school,35400.0,4.6,24.5,27190.0,22500.0,education,204,1,1
5482,41,A,bachelor,54900.0,7.9,16.6,9160.0,12600.0,car,201,1,1
5483,39,B,bachelor,37000.0,3.3,15.1,7410.0,10300.0,business,101,1,1
5484,24,B,bachelor,33300.0,2.9,0.0,5840.0,24900.0,home improvement,102,0,1
5485,33,A,bachelor,48700.0,17.0,0.0,1430.0,8000.0,education,204,1,1
5486,38,A,bachelor,63200.0,10.3,14.2,2680.0,17300.0,car,202,1,1
5487,32,A,master,38400.0,2.8,2.5,1500.0,30100.0,debt consolidation,204,1,0
5488,48,A,phd,33300.0,13.1,22.7,12830.0,24400.0,home improvement,204,1,1
5489,27,B,master,95100.0,13.1,4.2,1710.0,22200.0,education,101,1,1
5490,38,A,high school,35900.0,9.1,12.9,2860.0,6800.0,debt consolidation,204,1,1
5491,38,A,master,67600.0,19.1,15.6,2870.0,25500.0,car,204,1,1
5492,22,A,high school,61600.0,7.6,0.0,9390.0,5100.0,car,204,1,1
5493,68,A,phd,66400.0,1.7,46.2,3380.0,63700.0,debt consolidation,204,1,1
5494,40,A,high school,51100.0,4.7,18.0,1890.0,14700.0,debt consolidation,203,1,1
5495,48,B,bachelor,46600.0,1.3,24.4,1460.0,22900.0,car,101,1,0
5496,48,B,high school,32800.0,6.1,24.6,2170.0,16300.0,home improvement,101,1,1
5497,34,A,high school,31200.0,6.0,6.7,4080.0,26500.0,home improvement,204,1,1
5498,45,A,high school,45200.0,1.2,20.3,5250.0,10600.0,car,202,1,1
5499,43,A,master,70900.0,2.5,12.7,810.0,17500.0,debt consolidation,201,1,1
5500,27,B,bachelor,17900.0,1.3,0.0,9780.0,32200.0,business,102,0,0
5501,44,A,bachelor,29300.0,4.2,12.7,4760.0,9300.0,car,202,1,1
5502,53,A,master,30600.0,6.9,21.5,1020.0,22800.0,business,203,1,1
5503,49,B,bachelor,53100.0,3.9,21.0,22010.0,14000.0,debt consolidation,101,1,1
5504,24,B,bachelor,50500.0,14.5,0.0,3920.0,18300.0,car,103,0,1
5505,51,A,bachelor,42500.0,7.4,23.6,310.0,6200.0,car,203,1,1
5506,65,B,phd,97000.0,5.1,40.8,6680.0,14900.0,business,101,1,1
5507,55,A,high school,45800.0,8.1,33.0,5720.0,15600.0,education,202,1,1
5508,35,A,high school,30000.0,5.8,10.5,3150.0,8100.0,car,202,0,1
5509,21,A,bachelor,25500.0,9.3,0.0,8410.0,16800.0,debt consolidation,201,1,1
5510,40,B,master,74500.0,13.5,10.9,2600.0,24100.0,car,103,1,1
5511,23,B,high school,18100.0,16.2,0.0,3620.0,15500.0,debt consolidation,102,1,1
5512,43,B,bachelor,33300.0,9.5,18.3,1680.0,34200.0,home improvement,103,0,1
5513,27,B,master,39800.0,14.1,0.0,7370.0,8400.0,debt consolidation,103,1,1
5514,44,A,master,70400.0,6.1,16.1,1960.0,41900.0,debt consolidation,202,1,0
5515,40,A,master,43700.0,3.7,0.0,3720.0,7000.0,home improvement,204,1,1
5516,58,A,bachelor,89500.0,7.4,31.8,14260.0,12100.0,debt consolidation,204,1,1
5517,44,A,high school,43100.0,5.8,13.6,5980.0,27400.0,home improvement,202,0,1
5518,45,A,bachelor,60200.0,14.8,15.7,540.0,16100.0,debt consolidation,203,1,1
5519,50,B,master,43500.0,5.3,27.0,1530.0,19400.0,debt consolidation,102,1,1
5520,43,B,bachelor,45800.0,4.3,11.4,9800.0,15800.0,education,102,1,1
5521,43,A,bachelor,31000.0,6.5,17.2,15870.0,23900.0,car,202,1,1
5522,30,B,high school,19700.0,11.0,0.0,8130.0,22200.0,car,101,0,0
5523,30,B,bachelor,64500.0,2.5,0.0,6100.0,12400.0,education,101,1,1
5524,45,A,master,63200.0,6.8,11.5,29560.0,10300.0,business,202,1,0
5525,34,B,high school,22500.0,6.4,5.8,6770.0,23700.0,home improvement,102,0,0
5526,53,A,high school,58100.0,7.8,29.4,2570.0,11100.0,home improvement,202,1,1
5527,26,A,master,72400.0,7.7,1.6,4460.0,35300.0,education,204,1,1
5528,41,A,bachelor,72000.0,11.1,14.6,11510.0,34800.0,education,201,1,1
5529,33,A,master,75400.0,9.3,0.0,1580.0,7800.0,debt consolidation,203,1,1
5530,51,A,high school,61700.0,12.7,21.4,10890.0,20000.0,car,202,1,1
5531,39,A,master,100700.0,5.4,11.9,5460.0,19900.0,debt consolidation,203,1,0
5532,30,B,high school,34200.0,7.1,5.5,3600.0,21100.0,home improvement,102,0,1
5533,52,B,master,38000.0,17.9,29.3,8530.0,24100.0,home improvement,103,1,1
5534,41,A,bachelor,28700.0,9.8,8.6,11220.0,11400.0,car,202,1,0
5535,23,A,high school,13400.0,0.8,0.0,13180.0,15500.0,debt consolidation,201,0,0
5536,29,B,master,76000.0,6.4,4.3,7650.0,28600.0,debt consolidation,101,1,1
5537,33,A,high school,55300.0,10.9,7.2,6780.0,11900.0,car,202,1,1
5538,41,A,bachelor,18200.0,7.0,18.9,14990.0,12300.0,debt consolidation,204,1,1
5539,33,B,bachelor,16200.0,13.7,1.4,5920.0,33400.0,home improvement,101,0,1
5540,28,B,high school,20700.0,3.8,1.9,640.0,14400.0,business,101,1,1
5541,46,A,master,38600.0,0.8,20.5,10280.0,19600.0,business,204,1,0
5542,44,A,bachelor,81100.0,6.2,13.1,10240.0,7400.0,business,203,1,1
5543,21,B,phd,35300.0,4.3,0.0,5910.0,7200.0,debt consolidation,103,1,1
5544,33,A,master,130300.0,2.2,3.0,5680.0,14900.0,car,201,1,1
5545,43,A,master,33700.0,8.6,9.6,11400.0,17000.0,education,201,1,1
5546,47,A,bachelor,25100.0,6.4,14.6,2140.0,21600.0,car,203,1,1
5547,24,A,bachelor,79000.0,4.5,0.3,4120.0,13200.0,car,202,1,0
5548,32,B,high school,50700.0,7.3,7.5,1960.0,22900.0,business,101,0,1
5549,58,B,high school,45100.0,5.9,29.3,1990.0,4900.0,home improvement,103,1,1
5550,43,A,bachelor,24000.0,4.3,20.6,11230.0,18400.0,education,204,1,1
5551,55,A,high school,56200.0,10.8,32.4,1520.0,17500.0,education,202,1,1
5552,21,B,bachelor,26800.0,5.0,0.0,3820.0,27700.0,home improvement,102,0,1
5553,63,A,high school,43100.0,21.1,32.9,24090.0,22500.0,car,203,1,0
5554,34,A,bachelor,54300.0,5.2,8.8,12110.0,35600.0,home improvement,203,0,1
5555,28,A,high school,42500.0,4.3,4.5,4520.0,19200.0,home improvement,201,0,1
5556,41,B,high school,29500.0,12.4,10.8,3900.0,23000.0,business,102,0,1
5557,45,B,high school,35300.0,9.7,20.3,1310.0,14300.0,debt consolidation,102,1,1
5558,54,A,high school,36100.0,11.3,27.2,8410.0,20000.0,home improvement,201,1,1
5559,32,A,high school,15200.0,6.0,1.3,2140.0,9900.0,car,204,1,1
5560,48,B,phd,21500.0,15.3,23.5,6650.0,14400.0,home improvement,101,0,1
5561,50,A,master,40200.0,8.6,26.5,1220.0,12200.0,car,201,1,1
5562,50,A,high school,70500.0,18.1,28.7,8130.0,32000.0,home improvement,203,1,1
5563,27,A,high school,27800.0,6.6,2.5,7460.0,8100.0,business,202,1,0
5564,27,B,high school,11400.0,2.1,3.4,2370.0,30000.0,home improvement,103,0,1
5565,43,A,bachelor,32300.0,9.0,20.1,4780.0,16800.0,debt consolidation,202,1,1
5566,46,B,master,65400.0,16.8,15.9,4330.0,14900.0,debt consolidation,103,1,1
5567,54,B,high school,56700.0,1.7,28.3,10080.0,6900.0,home improvement,101,1,1
5568,42,A,bachelor,21900.0,3.0,13.4,9440.0,16900.0,car,204,0,0
5569,48,A,high school,24000.0,5.1,18.0,760.0,15500.0,debt consolidation,203,1,1
5570,41,A,bachelor,87400.0,7.5,16.5,1320.0,18600.0,car,203,0,1
5571,42,B,bachelor,45900.0,10.1,19.5,17110.0,10300.0,business,102,1,1
5572,34,B,bachelor,30300.0,5.8,0.3,1930.0,20500.0,home improvement,102,1,1
5573,38,A,high school,44900.0,1.8,11.6,25860.0,5800.0,business,201,0,0
5574,57,A,master,35400.0,2.6,33.1,4590.0,13900.0,car,202,1,1
5575,38,A,bachelor,56200.0,7.6,11.2,3470.0,18400.0,education,202,1,1
5576,38,A,master,51200.0,2.0,14.9,4840.0,12300.0,home improvement,202,1,1
5577,39,A,bachelor,67300.0,12.4,14.9,31720.0,10000.0,education,202,1,1
5578,40,B,high school,77800.0,3.2,12.5,2190.0,23300.0,business,102,1,1
5579,31,B,bachelor,31600.0,4.9,8.9,2290.0,21900.0,debt consolidation,101,1,1
5580,67,B,bachelor,34600.0,14.2,35.1,6600.0,8700.0,business,102,1,1
5581,22,A,phd,156400.0,1.1,0.0,15090.0,11700.0,debt consolidation,203,1,0
5582,21,B,master,78900.0,18.0,0.0,4030.0,15300.0,car,103,1,1
5583,47,A,master,35500.0,4.0,18.5,5600.0,20600.0,home improvement,203,1,1
5584,21,A,high school,49600.0,0.9,0.0,12310.0,25100.0,home improvement,201,1,1
5585,30,B,high school,37900.0,6.7,0.0,7160.0,22600.0,car,103,1,0
5586,42,B,bachelor,31700.0,17.3,15.3,16490.0,6600.0,car,101,1,1
5587,39,A,high school,43600.0,9.0,16.2,8700.0,34300.0,home improvement,201,1,1
5588,54,B,master,17800.0,1.9,23.0,6000.0,13900.0,home improvement,103,0,1
5589,43,A,bachelor,83000.0,14.0,13.5,2290.0,9500.0,car,204,1,1
5590,43,A,high school,59300.0,10.3,13.6,5850.0,29200.0,car,203,0,1
5591,43,A,bachelor,46900.0,6.3,15.6,4600.0,8600.0,debt consolidation,201,0,1
5592,32,A,bachelor,72700.0,8.0,0.0,3960.0,8500.0,debt consolidation,204,1,1
5593,46,A,high school,80900.0,13.0,19.1,11870.0,10100.0,business,201,1,1
5594,37,B,master,58800.0,10.4,11.8,14740.0,9900.0,business,101,1,1
5595,53,A,bachelor,103500.0,4.1,22.1,9020.0,11200.0,car,203,1,1
5596,46,A,bachelor,47400.0,5.1,18.5,1630.0,13000.0,education,201,1,1
5597,26,A,high school,73700.0,6.9,0.0,3540.0,27600.0,debt consolidation,203,1,1
5598,39,A,high school,41800.0,3.9,16.2,7090.0,13000.0,debt consolidation,202,1,1
5599,49,A,high school,42100.0,3.4,20.6,32220.0,11500.0,car,202,1,1
5600,29,A,bachelor,89200.0,2.4,0.0,2050.0,17000.0,education,202,1,1
5601,33,B,bachelor,70600.0,23.1,10.7,2120.0,15900.0,home improvement,102,1,1
5602,55,A,bachelor,42400.0,15.2,31.9,7600.0,20900.0,debt consolidation,201,1,1
5603,27,B,bachelor,88100.0,18.9,1.1,6780.0,12400.0,education,103,1,1
5604,49,A,master,38400.0,2.8,24.0,11100.0,11200.0,education,203,1,0
5605,41,B,high school,38300.0,3.3,13.4,1450.0,12300.0,debt consolidation,102,1,1
5606,43,B,high school,42100.0,2.3,18.9,13770.0,22300.0,car,101,1,1
5607,21,A,high school,23300.0,3.3,0.0,6190.0,17700.0,home improvement,201,0,0
5608,32,A,bachelor,31200.0,15.8,5.6,1990.0,7500.0,debt consolidation,202,1,1
5609,38,B,bachelor,29300.0,5.3,13.4,460.0,20300.0,car,102,1,1
5610,46,B,bachelor,92800.0,8.7,23.0,2730.0,79500.0,education,102,1,1
5611,27,B,phd,83000.0,7.2,2.5,6860.0,19500.0,car,102,1,1
5612,47,A,bachelor,36400.0,4.8,25.0,2130.0,5200.0,car,204,1,1
5613,55,A,bachelor,29700.0,5.6,31.1,2890.0,14800.0,debt consolidation,202,1,1
5614,56,A,bachelor,29600.0,4.5,28.3,1900.0,6400.0,home improvement,203,1,1
5615,47,A,bachelor,32900.0,7.1,17.3,4040.0,10800.0,car,204,1,1
5616,22,B,high school,53400.0,12.2,0.0,3900.0,19400.0,business,103,1,1
5617,21,A,high school,89800.0,7.2,0.0,1190.0,13600.0,car,204,1,1
5618,49,A,master,22100.0,6.9,25.6,9910.0,18000.0,car,201,1,0
5619,64,A,master,48700.0,11.2,30.6,1390.0,19800.0,car,203,1,1
5620,34,A,bachelor,52000.0,23.5,3.3,5810.0,29000.0,car,202,1,1
5621,28,A,high school,31600.0,3.9,5.2,6130.0,15400.0,home improvement,204,0,1
5622,37,A,high school,37700.0,4.0,7.6,8580.0,13300.0,business,202,1,1
5623,40,B,high school,71800.0,5.1,13.9,12980.0,12300.0,debt consolidation,103,1,1
5624,25,A,high school,40200.0,3.1,0.9,6260.0,18700.0,debt consolidation,202,0,1
5625,42,A,high school,57800.0,5.2,14.5,2850.0,10500.0,car,203,1,1
5626,53,A,master,137500.0,8.3,27.7,9750.0,15600.0,debt consolidation,202,1,1
5627,39,B,high school,61000.0,3.9,2.7,12670.0,28900.0,debt consolidation,103,0,1
5628,30,A,master,104100.0,9.8,2.3,2720.0,7800.0,car,203,1,1
5629,56,A,master,55900.0,20.7,20.8,2660.0,18500.0,business,202,1,1
5630,21,B,high school,77400.0,10.8,0.0,4490.0,29800.0,debt consolidation,103,1,1
5631,60,A,high school,34700.0,0.1,22.8,2100.0,5900.0,car,201,1,1
5632,42,A,high school,89100.0,4.5,20.4,40410.0,14400.0,education,202,1,1
5633,37,A,bachelor,45900.0,15.7,11.0,9670.0,16700.0,car,204,1,1
5634,47,A,bachelor,38400.0,18.5,22.0,3570.0,6800.0,home improvement,204,1,1
5635,21,A,master,35100.0,5.1,0.0,16300.0,11800.0,car,203,1,0
5636,28,B,bachelor,33300.0,0.3,0.8,7780.0,25300.0,business,103,0,0
5637,21,A,bachelor,69200.0,9.4,0.0,4730.0,12800.0,business,201,1,1
5638,34,B,master,41600.0,2.8,9.3,14780.0,15300.0,business,102,1,1
5639,35,A,high school,50900.0,5.4,9.2,36270.0,7200.0,education,201,1,0
5640,51,A,high school,50800.0,8.8,22.7,4280.0,6100.0,business,202,1,1
5641,43,A,bachelor,52500.0,15.2,14.0,27850.0,8600.0,car,201,1,1
5642,38,A,bachelor,15000.0,17.1,12.4,9900.0,12300.0,car,203,1,1
5643,31,A,high school,32200.0,7.8,5.0,4180.0,16700.0,car,202,1,1
5644,53,B,master,29100.0,3.2,21.2,1810.0,8300.0,home improvement,101,1,1
5645,21,B,bachelor,22500.0,4.2,0.0,6150.0,18700.0,car,103,0,0
5646,43,A,high school,24300.0,5.6,15.5,3090.0,12600.0,education,202,1,1
5647,72,A,high school,21600.0,9.0,50.5,1190.0,25800.0,home improvement,204,1,1
5648,43,A,bachelor,59800.0,6.1,18.3,7900.0,9900.0,car,201,1,1
5649,41,A,high school,48100.0,1.2,18.9,590.0,14100.0,education,204,1,1
5650,48,B,high school,56000.0,9.4,21.5,5870.0,15500.0,home improvement,102,1,1
5651,39,B,bachelor,115800.0,8.2,3.6,5270.0,13400.0,education,101,1,1
5652,21,A,high school,46000.0,12.9,0.0,3910.0,8800.0,home improvement,201,1,1
5653,31,B,bachelor,30300.0,4.5,0.0,4200.0,31000.0,home improvement,101,0,1
5654,54,A,high school,30000.0,7.9,29.7,8680.0,15200.0,debt consolidation,201,1,1
5655,21,B,bachelor,35000.0,24.2,0.0,10930.0,8800.0,business,103,1,0
5656,41,B,bachelor,26700.0,9.0,2.1,4130.0,5100.0,car,102,0,1
5657,37,A,phd,70900.0,14.6,7.6,20400.0,4200.0,business,203,1,1
5658,53,A,bachelor,39400.0,7.9,27.9,2370.0,6600.0,education,202,1,1
5659,41,B,bachelor,54900.0,5.4,17.1,3410.0,12700.0,home improvement,101,1,1
5660,35,B,bachelor,37100.0,1.9,0.5,29160.0,12000.0,car,101,0,0
5661,28,A,master,51100.0,20.2,4.5,4120.0,33700.0,home improvement,201,1,1
5662,57,A,high school,17400.0,2.5,25.1,3970.0,3900.0,debt consolidation,203,1,1
5663,53,B,bachelor,52200.0,7.4,29.2,3100.0,14800.0,education,102,1,1
5664,58,B,high school,30200.0,4.1,25.1,9480.0,8500.0,debt consolidation,101,1,1
5665,29,A,bachelor,42200.0,9.2,5.0,23030.0,30200.0,home improvement,202,0,0
5666,31,A,bachelor,41500.0,0.5,0.0,2590.0,31300.0,car,203,1,0
5667,32,B,bachelor,33600.0,2.3,10.9,1880.0,25700.0,education,103,0,1
5668,61,A,master,141500.0,11.0,38.3,4270.0,14800.0,education,203,1,1
5669,29,A,high school,35300.0,1.4,0.6,5060.0,14200.0,home improvement,202,1,0
5670,37,A,high school,54000.0,5.3,1.2,750.0,28700.0,car,201,1,1
5671,43,A,high school,29600.0,11.0,20.1,570.0,12600.0,car,202,0,1
5672,49,A,bachelor,85600.0,0.5,18.7,2480.0,43400.0,education,201,1,1
5673,26,A,master,24500.0,1.8,2.6,2420.0,16700.0,home improvement,201,1,0
5674,55,A,high school,39700.0,13.3,32.7,8140.0,18800.0,car,201,1,1
5675,54,A,high school,42200.0,4.6,30.3,1980.0,9500.0,education,201,1,1
5676,28,A,master,28400.0,6.0,0.0,7250.0,9500.0,debt consolidation,202,1,1
5677,74,B,master,58400.0,3.5,51.0,790.0,20200.0,business,102,1,1
5678,54,A,master,53700.0,6.2,16.9,15140.0,18400.0,debt consolidation,202,1,1
5679,46,B,phd,26600.0,11.6,14.8,8240.0,25800.0,home improvement,102,1,0
5680,31,B,high school,23900.0,6.6,3.3,6430.0,13400.0,car,102,1,1
5681,59,B,bachelor,51600.0,4.9,33.3,19370.0,9700.0,debt consolidation,102,1,1
5682,40,B,high school,15300.0,2.9,16.6,3940.0,19400.0,debt consolidation,101,0,0
5683,21,A,bachelor,52400.0,6.9,0.0,1040.0,18000.0,education,202,1,1
5684,40,A,master,35000.0,5.1,16.2,9790.0,5800.0,debt consolidation,203,1,1
5685,44,A,bachelor,47400.0,1.7,2.3,1530.0,14900.0,car,204,1,1
5686,47,B,bachelor,38400.0,4.8,22.2,2330.0,14600.0,debt consolidation,101,1,1
5687,43,A,bachelor,41800.0,5.4,20.5,2430.0,17700.0,business,201,1,1
5688,36,B,master,36500.0,1.3,11.1,9820.0,11700.0,debt consolidation,101,1,1
5689,48,A,bachelor,69700.0,12.3,26.2,9100.0,8400.0,car,203,1,1
5690,43,B,master,44100.0,10.7,13.3,2800.0,25300.0,car,102,1,1
5691,39,A,master,46500.0,10.5,5.6,6300.0,13500.0,education,203,1,1
5692,65,A,master,41700.0,2.3,40.7,1650.0,17100.0,debt consolidation,203,1,1
5693,21,A,bachelor,22400.0,6.1,0.0,4650.0,13300.0,home improvement,203,1,1
5694,27,B,master,28500.0,4.0,1.1,3850.0,27100.0,education,102,0,1
5695,27,A,high school,44700.0,1.3,0.0,2700.0,14700.0,home improvement,202,0,1
5696,41,A,master,78500.0,2.7,10.6,3720.0,6000.0,education,203,1,1
5697,50,A,bachelor,64000.0,12.5,25.0,1570.0,19300.0,car,203,1,1
5698,44,A,high school,52000.0,2.6,15.8,3630.0,24600.0,car,203,1,1
5699,32,A,bachelor,25900.0,6.5,6.6,2580.0,8100.0,car,201,1,1
5700,49,A,master,39500.0,39.4,24.1,1030.0,13300.0,home improvement,201,0,1
5701,21,B,phd,49300.0,5.9,0.0,1960.0,9000.0,car,103,1,1
5702,41,A,high school,22700.0,0.7,15.1,11140.0,9200.0,car,204,1,0
5703,44,B,master,49700.0,4.5,17.3,9120.0,22500.0,business,103,1,1
5704,29,A,bachelor,42300.0,3.4,4.4,4210.0,8800.0,home improvement,201,1,1
5705,26,B,bachelor,22500.0,9.3,0.0,9410.0,9300.0,home improvement,102,0,1
5706,38,A,high school,35800.0,7.9,4.0,1710.0,46100.0,education,203,1,0
5707,40,A,high school,29200.0,4.0,16.7,8880.0,28600.0,education,202,0,1
5708,35,A,phd,37700.0,11.4,7.2,9480.0,10600.0,home improvement,203,1,1
5709,37,B,bachelor,69300.0,6.7,12.3,3750.0,31400.0,car,103,0,1
5710,60,A,high school,83600.0,4.1,34.4,13890.0,19600.0,car,204,1,1
5711,52,A,bachelor,59700.0,13.4,24.3,1560.0,20200.0,car,203,1,1
5712,26,A,high school,49100.0,4.5,4.2,3760.0,6700.0,debt consolidation,202,1,1
5713,44,A,bachelor,71800.0,7.5,12.4,2000.0,19700.0,education,202,1,1
5714,41,B,bachelor,75300.0,10.4,14.0,7250.0,9900.0,debt consolidation,101,1,0
5715,45,A,bachelor,68500.0,9.4,19.4,9250.0,20500.0,debt consolidation,203,1,1
5716,36,B,high school,16200.0,0.7,9.8,1940.0,21300.0,home improvement,101,1,0
5717,30,A,bachelor,20900.0,20.1,3.3,1400.0,26400.0,home improvement,204,1,1
5718,32,A,bachelor,44700.0,2.5,6.8,3630.0,22800.0,debt consolidation,201,1,1
5719,40,A,phd,104000.0,15.1,8.6,4560.0,11400.0,debt consolidation,201,1,1
5720,37,B,master,48600.0,3.9,11.9,3480.0,13600.0,car,101,0,1
5721,52,A,high school,20100.0,11.9,29.3,4420.0,24000.0,education,201,1,0
5722,25,A,bachelor,39800.0,10.7,0.5,2560.0,21500.0,debt consolidation,203,1,0
5723,32,A,bachelor,64500.0,7.3,8.5,530.0,14000.0,home improvement,202,1,1
5724,35,B,master,31200.0,1.4,7.6,2430.0,7800.0,debt consolidation,102,0,1
5725,60,A,bachelor,101400.0,9.1,27.8,9400.0,20100.0,home improvement,203,1,1
5726,57,A,bachelor,62100.0,8.5,28.4,3020.0,6200.0,home improvement,203,1,1
5727,50,B,master,66900.0,9.0,25.7,14360.0,57600.0,debt consolidation,103,0,1
5728,41,B,master,21900.0,6.0,17.0,3470.0,35000.0,home improvement,101,0,1
5729,50,A,bachelor,62500.0,7.4,26.1,440.0,13200.0,debt consolidation,203,1,1
5730,64,A,high school,75900.0,10.3,33.8,4920.0,11500.0,car,202,1,1
5731,40,B,master,33900.0,8.3,15.4,5280.0,10400.0,debt consolidation,101,1,1
5732,49,A,bachelor,36500.0,2.3,23.6,12780.0,20800.0,debt consolidation,202,1,1
5733,23,A,bachelor,41500.0,7.1,0.0,920.0,18800.0,education,202,1,0
5734,36,A,phd,55300.0,8.0,12.1,7440.0,11000.0,business,203,1,1
5735,37,A,phd,177600.0,1.6,13.7,14830.0,27600.0,education,203,0,1
5736,50,A,high school,56400.0,4.8,12.1,8430.0,9300.0,home improvement,203,1,1
5737,38,A,bachelor,23700.0,12.7,13.7,10430.0,7100.0,education,201,1,1
5738,36,A,master,30300.0,7.6,12.6,4170.0,19100.0,debt consolidation,204,1,1
5739,29,A,bachelor,30300.0,11.4,4.5,1360.0,15900.0,car,203,0,1
5740,29,B,master,54600.0,5.6,3.4,4290.0,11100.0,education,102,1,1
5741,35,A,bachelor,43500.0,5.2,7.8,12090.0,18900.0,business,204,0,1
5742,36,B,bachelor,25200.0,1.6,0.0,11120.0,37300.0,debt consolidation,102,1,0
5743,33,A,high school,53500.0,3.0,10.9,2630.0,6100.0,business,202,1,1
5744,37,B,high school,34600.0,1.3,7.9,3430.0,39600.0,car,101,0,0
5745,47,A,high school,39000.0,6.4,25.9,9480.0,15900.0,debt consolidation,203,1,1
5746,34,B,bachelor,20800.0,10.3,4.3,2710.0,20200.0,education,103,1,1
5747,44,B,bachelor,38700.0,2.0,9.8,3460.0,11000.0,home improvement,102,1,0
5748,55,A,bachelor,63700.0,1.3,31.1,2840.0,16000.0,home improvement,201,1,1
5749,40,A,bachelor,72900.0,3.8,14.2,3740.0,12300.0,business,202,1,1
5750,39,B,bachelor,22800.0,3.9,12.5,1010.0,12200.0,car,101,0,1
5751,43,A,high school,31500.0,4.3,6.3,7150.0,16600.0,debt consolidation,202,0,1
5752,43,B,high school,32300.0,5.5,19.8,76520.0,21400.0,car,103,0,0
5753,31,B,high school,39500.0,12.6,0.0,13620.0,46400.0,business,103,1,1
5754,35,A,high school,46500.0,6.6,7.1,2170.0,20900.0,debt consolidation,203,0,0
5755,45,A,bachelor,61900.0,17.4,23.1,6810.0,24600.0,home improvement,201,1,1
5756,58,A,master,75200.0,6.3,33.7,460.0,20900.0,education,204,1,1
5757,46,A,high school,46600.0,13.4,13.1,1100.0,8900.0,debt consolidation,203,1,1
5758,48,A,bachelor,20400.0,5.4,21.4,12020.0,25400.0,car,202,0,0
5759,30,A,high school,58700.0,3.6,7.7,890.0,29500.0,car,203,1,1
5760,40,A,high school,14900.0,6.3,14.2,3730.0,13800.0,business,202,1,0
5761,21,A,bachelor,89400.0,15.7,0.0,13120.0,17100.0,car,202,0,1
5762,63,A,master,43400.0,4.4,32.7,17050.0,13400.0,education,204,1,1
5763,21,A,bachelor,116100.0,5.2,0.0,3530.0,6100.0,business,204,1,1
5764,40,A,bachelor,49200.0,5.3,11.9,1530.0,22000.0,home improvement,201,1,1
5765,49,A,master,33400.0,8.3,25.5,3510.0,9800.0,debt consolidation,201,1,1
5766,38,A,high school,25700.0,8.7,13.4,1380.0,10600.0,car,203,1,1
5767,56,A,high school,74800.0,2.1,27.1,5810.0,10100.0,education,203,1,1
5768,44,A,master,50700.0,1.7,19.7,2270.0,21400.0,business,203,1,1
5769,26,B,high school,46000.0,21.1,2.7,2040.0,16500.0,education,102,1,1
5770,31,B,master,36400.0,1.7,2.2,2100.0,10300.0,education,101,1,0
5771,50,A,bachelor,54200.0,4.0,24.0,10690.0,5000.0,car,201,1,1
5772,42,B,phd,51000.0,9.4,19.8,8680.0,19200.0,education,102,1,1
5773,50,A,high school,13700.0,5.7,24.7,9910.0,11600.0,debt consolidation,202,1,0
5774,36,A,bachelor,24300.0,1.2,8.8,9490.0,13300.0,debt consolidation,203,0,0
5775,43,A,bachelor,82700.0,3.8,13.0,2800.0,9500.0,education,204,1,1
5776,21,A,bachelor,38000.0,19.2,0.0,7660.0,18200.0,education,202,1,1
5777,31,A,master,75100.0,2.0,4.9,7490.0,19300.0,car,204,1,1
5778,56,B,master,27000.0,6.3,26.8,2210.0,8100.0,car,103,1,1
5779,33,A,bachelor,44300.0,12.9,1.6,15040.0,7200.0,debt consolidation,202,1,1
5780,37,A,bachelor,28400.0,8.4,13.5,15900.0,14300.0,education,201,1,1
5781,50,B,bachelor,44600.0,10.2,9.3,5060.0,11400.0,business,102,1,1
5782,50,A,bachelor,30300.0,20.9,23.6,2930.0,12000.0,debt consolidation,203,1,1
5783,43,B,bachelor,31300.0,10.5,12.2,5960.0,17200.0,car,101,0,1
5784,43,B,high school,26100.0,6.0,17.0,2340.0,22600.0,business,102,0,1
5785,48,A,high school,45200.0,10.5,21.1,890.0,15700.0,business,203,1,0
5786,40,A,high school,28400.0,5.1,6.2,9910.0,10400.0,car,201,0,1
5787,45,A,bachelor,30800.0,10.2,20.8,2490.0,17500.0,car,204,1,1
5788,36,B,high school,24800.0,4.7,5.7,8590.0,8500.0,education,102,1,1
5789,51,A,bachelor,26600.0,2.2,29.6,48730.0,31100.0,car,202,0,0
5790,28,A,bachelor,23600.0,10.6,1.1,14600.0,20900.0,education,202,1,1
5791,40,B,phd,43200.0,4.2,16.0,5060.0,9700.0,debt consolidation,102,1,1
5792,24,A,bachelor,33800.0,1.8,2.0,830.0,21700.0,car,204,0,1
5793,30,A,high school,59600.0,1.0,3.4,3870.0,11100.0,education,201,1,1
5794,21,B,high school,18600.0,7.0,0.0,13670.0,38400.0,education,102,1,0
5795,42,B,high school,14400.0,2.5,18.8,1590.0,7600.0,car,101,0,1
5796,54,B,bachelor,30000.0,9.0,22.3,20960.0,26300.0,debt consolidation,102,1,1
5797,41,A,phd,33000.0,8.4,12.0,2080.0,29200.0,debt consolidation,202,0,1
5798,21,A,master,84800.0,17.6,0.0,1820.0,20700.0,education,204,1,1
5799,65,A,bachelor,91800.0,7.5,37.0,10810.0,12900.0,car,204,1,1
5800,57,A,master,41500.0,3.1,28.5,8150.0,11300.0,home improvement,202,1,1
5801,30,A,high school,57500.0,11.1,0.0,9560.0,29500.0,business,204,1,1
5802,60,A,high school,53000.0,0.7,27.9,1980.0,16500.0,business,201,1,1
5803,41,A,high school,87700.0,7.7,19.0,8370.0,7500.0,business,204,1,1
5804,58,B,high school,50700.0,4.0,35.3,2000.0,29400.0,debt consolidation,102,1,1
5805,39,A,bachelor,58600.0,17.7,12.6,27640.0,15700.0,education,204,1,1
5806,44,A,bachelor,50600.0,5.3,16.8,15020.0,6900.0,car,203,0,0
5807,45,A,bachelor,54400.0,14.5,19.1,2030.0,9800.0,debt consolidation,204,1,1
5808,53,B,master,27900.0,5.4,26.0,4060.0,20900.0,car,103,1,1
5809,36,B,high school,33400.0,2.3,11.2,8610.0,40900.0,car,101,0,1
5810,46,A,high school,51800.0,10.3,19.5,1080.0,27400.0,debt consolidation,203,1,1
5811,52,A,bachelor,86800.0,9.5,24.5,12430.0,25800.0,debt consolidation,202,1,1
5812,21,A,master,55600.0,17.1,0.0,1600.0,10800.0,education,203,1,1
5813,21,A,bachelor,36700.0,13.4,0.0,2820.0,27500.0,business,204,1,1
5814,38,A,master,89400.0,12.7,14.9,4260.0,11200.0,business,203,1,1
5815,33,B,master,31100.0,4.5,10.8,5850.0,29100.0,debt consolidation,101,1,1
5816,38,A,bachelor,99900.0,15.3,12.6,10890.0,21800.0,business,204,1,1
5817,31,A,bachelor,127600.0,8.9,1.6,1090.0,7000.0,car,201,1,1
5818,33,B,bachelor,56000.0,4.0,9.5,5570.0,15300.0,car,102,1,1
5819,37,A,high school,54000.0,5.0,15.8,4170.0,20400.0,car,203,1,1
5820,21,B,high school,17300.0,7.1,0.0,2220.0,10000.0,business,102,1,0
5821,40,A,bachelor,112300.0,4.5,16.2,8490.0,9200.0,home improvement,202,1,1
5822,64,B,phd,41500.0,8.7,39.2,7110.0,44500.0,education,101,1,1
5823,32,A,master,47900.0,9.3,6.9,8620.0,10400.0,debt consolidation,201,1,1
5824,31,A,high school,26900.0,35.5,5.8,2940.0,13700.0,car,203,1,0
5825,21,B,bachelor,54000.0,5.5,0.0,3140.0,4500.0,debt consolidation,102,0,1
5826,51,B,bachelor,33600.0,3.3,28.0,2330.0,7800.0,business,103,0,1
5827,51,A,bachelor,37500.0,0.8,26.3,7120.0,12600.0,car,203,1,1
5828,43,A,master,63500.0,26.0,18.1,24180.0,20400.0,home improvement,203,1,1
5829,38,B,bachelor,86900.0,5.1,8.9,4270.0,20700.0,home improvement,102,1,1
5830,44,B,high school,31800.0,7.2,18.0,3610.0,17100.0,home improvement,101,0,1
5831,51,B,high school,18600.0,19.5,19.3,10010.0,7500.0,business,101,1,1
5832,45,A,master,39100.0,13.7,18.5,9570.0,8800.0,car,202,1,0
5833,52,A,master,44000.0,1.9,26.6,1010.0,9900.0,home improvement,203,1,1
5834,48,A,high school,23800.0,1.1,23.4,15530.0,8300.0,home improvement,201,1,1
5835,46,B,high school,27900.0,3.6,21.1,510.0,13900.0,car,102,1,1
5836,42,A,bachelor,50700.0,15.5,15.7,4920.0,10300.0,car,203,1,1
5837,31,B,bachelor,34300.0,5.6,0.6,5530.0,13600.0,home improvement,101,1,0
5838,21,B,master,41500.0,7.0,0.0,2360.0,12600.0,business,102,1,1
5839,31,A,bachelor,46100.0,11.3,6.2,5860.0,12500.0,debt consolidation,204,0,1
5840,51,A,bachelor,36700.0,2.3,22.9,1610.0,15200.0,debt consolidation,202,1,1
5841,54,A,bachelor,27000.0,6.0,18.3,3800.0,28100.0,education,201,1,0
5842,50,A,bachelor,59100.0,0.8,25.1,6040.0,7600.0,home improvement,202,1,1
5843,61,A,high school,24500.0,4.7,23.7,15760.0,24800.0,debt consolidation,201,1,1
5844,38,A,bachelor,71200.0,8.1,4.7,6600.0,25800.0,car,202,0,0
5845,35,A,high school,41500.0,8.1,13.1,1530.0,16100.0,home improvement,204,1,1
5846,34,A,master,30600.0,7.3,12.2,1880.0,12600.0,debt consolidation,202,1,1
5847,55,A,bachelor,81600.0,6.2,31.7,7580.0,19000.0,business,202,1,1
5848,36,A,bachelor,72000.0,9.5,9.1,5210.0,8600.0,business,202,1,1
5849,33,B,bachelor,26600.0,2.5,7.3,3020.0,7600.0,car,103,0,1
5850,50,A,high school,59600.0,17.8,26.7,2400.0,8000.0,car,204,1,1
5851,43,A,master,55800.0,7.6,18.9,3330.0,17400.0,car,203,1,0
5852,28,A,high school,57500.0,1.7,1.2,8670.0,8300.0,car,202,1,1
5853,39,B,high school,33900.0,12.5,16.5,3560.0,14100.0,car,102,1,1
5854,37,B,phd,73700.0,8.6,3.6,8270.0,22400.0,education,101,1,1
5855,31,A,bachelor,24900.0,16.4,7.6,4930.0,5700.0,car,204,0,1
5856,31,A,bachelor,27600.0,2.3,3.6,7690.0,9500.0,car,204,1,1
5857,42,A,bachelor,46500.0,17.7,20.8,2460.0,16200.0,car,202,1,1
5858,49,B,phd,51100.0,8.2,22.1,7590.0,6300.0,debt consolidation,102,1,1
5859,48,B,bachelor,96600.0,7.2,17.4,1620.0,14900.0,business,102,1,1
5860,31,B,bachelor,49700.0,7.9,6.0,8840.0,17100.0,home improvement,102,1,1
5861,41,A,bachelor,47600.0,26.6,16.3,3020.0,20000.0,debt consolidation,204,1,1
5862,49,B,bachelor,30800.0,3.5,18.9,5850.0,15300.0,car,101,1,1
5863,29,A,bachelor,106900.0,7.5,5.7,13010.0,31200.0,debt consolidation,203,1,1
5864,21,A,master,44000.0,3.9,0.0,3990.0,10400.0,debt consolidation,203,1,1
5865,35,B,bachelor,48800.0,9.3,10.1,43040.0,8300.0,education,102,0,0
5866,59,A,high school,90400.0,5.0,33.0,9080.0,34000.0,car,203,1,1
5867,48,B,bachelor,19800.0,3.9,17.0,7130.0,14900.0,business,102,0,0
5868,49,B,bachelor,25800.0,1.3,20.9,4060.0,15200.0,car,103,0,1
5869,42,A,bachelor,48400.0,16.2,16.5,690.0,17100.0,car,202,1,1
5870,56,A,high school,44900.0,1.3,33.1,13500.0,22000.0,car,203,1,1
5871,39,A,high school,21500.0,6.3,6.7,3830.0,34200.0,debt consolidation,202,1,0
5872,49,A,bachelor,29000.0,7.7,25.5,1640.0,13900.0,debt consolidation,204,1,1
5873,42,A,bachelor,27000.0,5.3,15.3,3470.0,19300.0,business,202,0,1
5874,37,A,bachelor,112000.0,2.0,6.2,1520.0,7900.0,debt consolidation,204,1,1
5875,41,A,bachelor,49700.0,4.7,16.5,7880.0,20700.0,education,202,1,1
5876,31,B,master,51500.0,13.4,6.6,12950.0,11000.0,car,102,1,1
5877,33,A,bachelor,53600.0,1.0,3.2,4420.0,8000.0,home improvement,204,1,1
5878,36,B,bachelor,33800.0,7.7,0.0,5060.0,7000.0,debt consolidation,102,1,1
5879,44,A,bachelor,21600.0,2.0,17.1,3400.0,11000.0,debt consolidation,203,1,1
5880,21,A,high school,38000.0,11.6,0.0,6920.0,23000.0,business,202,1,1
5881,24,A,high school,35600.0,3.7,0.0,9330.0,16300.0,business,204,1,1
5882,55,A,high school,37500.0,9.0,32.4,3790.0,11100.0,debt consolidation,204,1,1
5883,54,B,high school,19700.0,22.6,27.8,18090.0,10500.0,debt consolidation,101,1,1
5884,32,A,high school,48200.0,13.6,0.0,6840.0,22700.0,business,201,1,1
5885,36,A,bachelor,89100.0,1.7,6.6,14080.0,8900.0,car,203,1,1
5886,23,A,high school,38000.0,8.7,0.0,2660.0,6100.0,business,202,1,1
5887,49,A,high school,70600.0,13.9,15.3,3880.0,46000.0,debt consolidation,203,1,1
5888,40,B,master,44600.0,6.7,16.6,2840.0,26300.0,car,103,1,1
5889,51,A,high school,56800.0,9.7,15.4,6990.0,13200.0,home improvement,202,1,1
5890,21,A,bachelor,56000.0,18.0,0.0,14140.0,32300.0,business,201,1,1
5891,32,A,high school,30900.0,6.4,10.3,2580.0,17600.0,business,204,1,1
5892,23,B,master,46500.0,4.3,0.0,550.0,24000.0,business,103,1,1
5893,33,B,high school,28900.0,4.6,4.3,9840.0,7900.0,car,102,0,0
5894,49,B,bachelor,60100.0,4.9,23.8,1290.0,9700.0,car,101,1,1
5895,21,A,high school,46700.0,0.7,0.0,1930.0,14700.0,car,201,0,1
5896,26,B,bachelor,25300.0,6.0,2.9,2850.0,6800.0,car,102,1,0
5897,25,A,bachelor,57800.0,12.1,1.7,3790.0,12700.0,business,203,1,0
5898,30,A,bachelor,38400.0,2.1,2.8,5700.0,16700.0,debt consolidation,203,1,0
5899,43,A,high school,83700.0,7.0,6.0,26530.0,8400.0,education,201,1,1
5900,37,A,bachelor,36900.0,22.7,5.1,1810.0,8900.0,car,204,1,1
5901,21,B,bachelor,49900.0,3.2,0.0,3330.0,8400.0,education,101,1,1
5902,48,A,master,72400.0,8.6,20.7,27670.0,32000.0,debt consolidation,203,1,1
5903,43,A,master,51800.0,7.2,16.1,11020.0,19200.0,business,203,1,0
5904,54,B,master,52700.0,13.0,23.9,3800.0,15100.0,car,102,1,1
5905,46,A,bachelor,44000.0,3.3,20.3,7770.0,6000.0,debt consolidation,203,0,1
5906,43,A,master,47500.0,10.0,16.1,8510.0,14500.0,debt consolidation,201,1,1
5907,57,B,master,74200.0,7.8,25.7,5290.0,10800.0,car,101,0,1
5908,52,A,master,20300.0,9.0,30.5,8040.0,11300.0,debt consolidation,202,1,1
5909,47,A,bachelor,30700.0,20.4,16.2,32050.0,18500.0,home improvement,202,0,1
5910,38,A,high school,40000.0,4.9,14.9,1970.0,10500.0,debt consolidation,204,1,1
5911,58,A,phd,93300.0,2.1,35.0,2350.0,36500.0,education,203,1,1
5912,61,A,high school,60600.0,8.1,37.2,1630.0,8600.0,debt consolidation,202,1,1
5913,35,A,bachelor,33300.0,5.7,10.3,27440.0,16500.0,car,201,0,1
5914,30,A,high school,62600.0,5.6,0.0,16210.0,18300.0,home improvement,202,1,1
5915,21,A,bachelor,40100.0,5.2,0.0,14730.0,8700.0,debt consolidation,201,0,1
5916,60,A,high school,34700.0,2.5,31.7,2470.0,14300.0,education,204,1,1
5917,36,A,master,57200.0,10.0,12.9,2950.0,58200.0,debt consolidation,202,1,1
5918,37,A,high school,72700.0,6.9,14.3,8540.0,18900.0,home improvement,202,1,1
5919,25,B,bachelor,28500.0,4.9,3.3,8800.0,18000.0,education,103,0,0
5920,52,A,master,54500.0,5.2,24.9,2810.0,14500.0,education,202,0,1
5921,41,A,phd,25400.0,10.1,17.8,940.0,9100.0,debt consolidation,203,1,0
5922,33,B,high school,38300.0,19.3,4.6,39130.0,23500.0,home improvement,103,0,1
5923,31,A,high school,21800.0,1.8,5.2,2580.0,16400.0,car,201,1,1
5924,37,B,high school,47600.0,5.1,10.6,4390.0,7100.0,debt consolidation,101,1,1
5925,27,A,high school,25600.0,6.3,3.6,8510.0,25100.0,home improvement,201,0,1
5926,37,A,master,51400.0,5.6,10.7,4890.0,10300.0,debt consolidation,204,1,1
5927,37,B,high school,25900.0,4.1,9.4,10770.0,25500.0,business,102,1,1
5928,47,B,master,21200.0,5.4,22.2,7820.0,11100.0,car,102,1,1
5929,46,A,bachelor,64200.0,13.9,20.8,4850.0,25000.0,debt consolidation,203,1,1
5930,41,A,bachelor,52900.0,5.0,19.1,8370.0,24200.0,business,204,1,1
5931,45,A,master,34000.0,12.1,20.9,8060.0,17300.0,car,202,1,1
5932,53,A,high school,64700.0,3.6,19.7,3450.0,9100.0,business,201,1,1
5933,50,B,bachelor,35800.0,5.4,19.0,6580.0,26100.0,car,101,0,1
5934,57,A,master,25900.0,2.7,31.6,9310.0,11600.0,debt consolidation,203,1,1
5935,28,B,bachelor,28900.0,11.7,5.1,14180.0,28500.0,home improvement,102,0,1
5936,35,A,high school,43900.0,5.0,2.2,17930.0,11700.0,business,203,1,1
5937,21,A,bachelor,59500.0,2.3,0.0,3770.0,14400.0,debt consolidation,202,1,1
5938,50,B,high school,44800.0,9.2,16.6,12670.0,21400.0,business,102,1,1
5939,21,A,bachelor,70000.0,18.7,0.0,930.0,5700.0,car,204,1,1
5940,23,A,high school,30600.0,1.8,0.0,1920.0,11900.0,debt consolidation,204,1,1
5941,51,A,bachelor,31100.0,3.1,17.3,20300.0,25700.0,debt consolidation,204,1,1
5942,49,A,bachelor,40000.0,9.2,22.6,8400.0,11700.0,debt consolidation,202,1,1
5943,36,B,bachelor,78100.0,6.2,14.8,4690.0,22600.0,debt consolidation,102,1,1
5944,55,A,high school,59600.0,12.1,25.5,13230.0,16000.0,business,201,1,1
5945,41,B,high school,17800.0,11.0,12.3,6860.0,9700.0,business,102,0,1
5946,48,A,bachelor,25800.0,6.5,25.3,1040.0,11600.0,home improvement,204,1,1
5947,36,A,bachelor,36700.0,3.7,9.8,6080.0,26200.0,home improvement,203,1,1
5948,50,A,high school,30500.0,2.9,3.3,2770.0,23200.0,debt consolidation,201,1,1
5949,36,B,phd,74200.0,7.0,5.9,10040.0,13600.0,car,101,1,1
5950,32,B,master,34700.0,11.7,7.4,13460.0,20400.0,education,102,1,1
5951,31,A,high school,22600.0,3.7,7.3,1330.0,6700.0,home improvement,202,0,1
5952,34,A,master,39300.0,4.2,0.0,1120.0,14400.0,home improvement,202,1,1
5953,53,A,high school,45800.0,6.4,29.1,16990.0,9700.0,home improvement,204,1,0
5954,62,A,master,47500.0,8.8,37.1,6640.0,9100.0,home improvement,201,1,1
5955,38,A,high school,47800.0,1.0,0.0,12720.0,17100.0,debt consolidation,204,1,1
5956,42,A,high school,30100.0,3.5,12.1,4010.0,8500.0,car,202,1,0
5957,48,A,high school,35800.0,5.5,24.6,11830.0,11900.0,business,202,0,0
5958,33,A,master,38400.0,12.5,10.1,3050.0,10200.0,home improvement,203,1,1
5959,45,B,bachelor,23300.0,6.2,15.8,8790.0,15200.0,debt consolidation,101,0,0
5960,72,A,bachelor,30000.0,0.2,45.0,2370.0,19000.0,debt consolidation,204,1,1
5961,43,A,master,92600.0,4.8,21.0,3100.0,19600.0,home improvement,201,1,1
5962,24,B,high school,27800.0,10.0,0.0,4260.0,27800.0,business,103,1,0
5963,34,A,bachelor,66500.0,8.6,11.4,16550.0,26700.0,debt consolidation,203,1,0
5964,51,A,high school,63600.0,4.1,28.1,1950.0,27500.0,education,203,1,1
5965,27,A,high school,25500.0,5.5,0.0,5470.0,18700.0,car,201,0,0
5966,41,A,master,40700.0,10.8,14.0,11880.0,12000.0,business,204,1,0
5967,27,A,high school,39300.0,7.9,0.0,115370.0,19800.0,car,204,0,0
5968,61,B,high school,13500.0,5.3,36.3,830.0,47400.0,car,103,1,1
5969,33,A,bachelor,89800.0,3.7,6.5,6920.0,5500.0,debt consolidation,204,1,1
5970,36,A,high school,21700.0,17.6,5.5,2470.0,16900.0,debt consolidation,202,1,1
5971,48,A,master,46100.0,6.5,23.3,1380.0,9100.0,car,201,1,1
5972,55,B,master,46600.0,5.1,25.4,10590.0,25500.0,home improvement,102,1,1
5973,40,A,high school,39900.0,6.1,2.4,22460.0,8100.0,car,202,1,1
5974,36,A,bachelor,130600.0,7.0,13.7,5550.0,22000.0,car,202,1,1
5975,42,A,high school,22900.0,2.8,16.6,3730.0,7300.0,home improvement,201,1,1
5976,49,B,high school,20000.0,9.0,25.7,3480.0,12200.0,education,103,1,1
5977,51,A,bachelor,72700.0,11.4,18.6,3350.0,9200.0,business,201,1,1
5978,42,A,master,42400.0,5.8,14.7,6220.0,15800.0,car,204,1,1
5979,27,A,high school,45600.0,7.3,0.0,9220.0,22200.0,home improvement,203,1,1
5980,41,A,bachelor,53500.0,1.0,16.2,4320.0,15000.0,car,203,1,1
5981,47,A,high school,40100.0,9.5,23.2,1850.0,15400.0,car,204,1,1
5982,38,B,high school,14700.0,9.3,11.9,4660.0,9900.0,debt consolidation,103,0,0
5983,45,A,high school,42500.0,4.7,15.4,2270.0,20800.0,home improvement,203,1,1
5984,38,A,bachelor,30800.0,10.2,0.7,13790.0,14100.0,home improvement,201,0,1
5985,35,A,bachelor,62200.0,1.5,5.2,5120.0,12800.0,car,204,1,1
5986,25,A,master,43900.0,2.4,0.0,2900.0,11300.0,debt consolidation,203,1,1
5987,35,B,high school,18500.0,13.3,9.6,530.0,19200.0,car,102,1,0
5988,34,B,high school,32700.0,26.5,6.6,28460.0,32100.0,car,101,0,1
5989,33,A,bachelor,32400.0,6.9,11.8,10160.0,25400.0,education,201,1,1
5990,43,A,high school,41000.0,3.3,18.8,1730.0,16300.0,debt consolidation,201,1,0
5991,40,A,high school,87900.0,1.7,13.2,2170.0,27800.0,debt consolidation,202,1,0
5992,31,B,bachelor,17400.0,2.3,6.6,1140.0,12600.0,business,101,0,1
5993,35,A,bachelor,96100.0,6.2,4.1,5270.0,19300.0,education,204,1,1
5994,30,B,bachelor,75900.0,5.9,7.0,4870.0,36000.0,business,103,0,0
5995,47,A,bachelor,40100.0,17.6,17.0,19260.0,14900.0,education,204,1,1
5996,44,A,high school,17200.0,4.6,17.0,12170.0,11300.0,debt consolidation,203,0,1
5997,39,A,bachelor,81900.0,11.8,9.8,6780.0,15700.0,home improvement,201,1,1
5998,37,B,high school,17800.0,6.7,14.1,1640.0,20400.0,home improvement,101,1,1
5999,41,B,high school,71500.0,8.7,5.7,8330.0,26700.0,car,101,1,0
6000,35,A,high school,27500.0,4.4,11.8,10640.0,13000.0,education,201,0,1
