review_id,product,text,rating,sentiment
1,headphones,I was skeptical but the sound turned out lovely. Five stars for the fantastic sound. Price seems fair.,3,1
2,headphones,Not comfortable at all — the fit is dreadful. Nothing about the bass is impressive; it is disappointing.,2,0
3,vacuum,"Manual is in three languages. Honestly poor noise, avoid.",1,0
4,running shoes,"Would buy again, reliable weight for the price. Colour matches the photos. Arch support is excellent and works as advertised. My favourite part is the crisp cushioning.",4,1
5,novel,"Bought it as a gift. Really fantastic dialogue, I love it.",3,1
6,vacuum,The weight is comfortable.,5,1
7,coffee maker,"The carafe is poor. Packaging was fine. Carafe is disappointing and stopped working after a week. One star, the carafe is simply terrible.",3,0
8,vacuum,Sadly the suction feels noisy. Nothing about the filter is fantastic; it is useless. The attachments is dreadful.,1,0
9,laptop,Five stars for the solid trackpad.,5,1
10,vacuum,Nothing about the attachments is great; it is terrible. Packaging was fine.,1,0
11,laptop,"Returned it, sluggish performance and bad customer service. Sadly the performance feels cheap. I expected more but the performance is awful.",2,0
12,coffee maker,I was skeptical but the cleaning turned out fantastic. Manual is in three languages.,5,1
13,laptop,"Honestly awful performance, avoid. One star, the battery life is simply disappointing. Not excellent at all — the performance is flimsy. Price seems fair.",2,0
14,coffee maker,"Manual is in three languages. Really solid cleaning, I love it.",3,1
15,vacuum,Sadly the noise feels frustrating. The attachments is noisy. Colour matches the photos.,1,0
16,coffee maker,Nothing about the cleaning is lovely; it is noisy. The carafe is uncomfortable. Bought it as a gift. The carafe is disappointing.,1,0
17,headphones,Not outstanding at all — the bass is broken.,2,0
18,laptop,"Not impressive at all — the performance is flimsy. Honestly disappointing trackpad, avoid. Colour matches the photos. The screen is useless.",2,0
19,running shoes,Weight is frustrating and stopped working after a week.,2,0
20,coffee maker,"Returned it, noisy temperature and bad customer service. Honestly noisy cleaning, avoid. Sadly the brewing time feels useless. Colour matches the photos.",1,0
21,coffee maker,The brewing time is useless. Used it daily for a month. Not great at all — the design is sluggish.,2,0
22,coffee maker,Colour matches the photos. Temperature is superb and works as advertised. Five stars for the great coffee.,4,1
23,vacuum,My favourite part is the wonderful suction.,5,1
24,novel,"Not bad at all, the pacing is crisp. Really impressive ending, I love it. Characters is great and works as advertised.",4,1
25,running shoes,Colour matches the photos. The arch support is sluggish. Not superb at all — the grip is uncomfortable. The arch support is noisy.,2,0
26,novel,My favourite part is the crisp ending. Price seems fair.,4,1
27,vacuum,The weight is fantastic. I was skeptical but the battery turned out crisp. The suction is lovely.,5,1
28,novel,"Returned it, broken characters and bad customer service. The ending is dreadful. Pacing is awful and stopped working after a week.",2,0
29,novel,"My favourite part is the comfortable ending. Plot is reliable and works as advertised. Bought it as a gift. Really solid characters, I love it.",5,1
30,running shoes,"The sizing is reliable. Would buy again, brilliant sizing for the price. Five stars for the brilliant grip.",4,1
31,vacuum,Colour matches the photos. Not wonderful at all — the filter is mediocre. The noise is terrible.,1,0
32,coffee maker,"One star, the coffee is simply awful. Sadly the coffee feels mediocre.",2,0
33,laptop,"I was skeptical but the keyboard turned out excellent. Really excellent screen, I love it. Price seems fair. Really impressive performance, I love it.",5,1
34,novel,The characters is frustrating. Characters is uncomfortable and stopped working after a week. The ending is noisy.,1,0
35,running shoes,The arch support is solid. My favourite part is the crisp cushioning.,4,1
36,novel,"Really smooth plot, I love it. Would buy again, lovely pacing for the price. Absolutely lovely — the plot exceeded my expectations.",4,1
37,headphones,"Not bad at all, the sound is solid. I was skeptical but the noise cancelling turned out wonderful.",5,1
38,laptop,Performance is smooth and works as advertised.,3,1
39,headphones,Packaging was fine. My favourite part is the wonderful battery. The comfort is outstanding.,4,1
40,laptop,Nothing about the screen is impressive; it is uncomfortable. Not outstanding at all — the screen is uncomfortable.,3,0
41,novel,"Arrived on time. Honestly sluggish plot, avoid. Sadly the writing feels frustrating. Nothing about the plot is solid; it is sluggish.",3,0
42,vacuum,"Not bad at all, the noise is smooth. My favourite part is the smooth weight. Absolutely wonderful — the noise exceeded my expectations.",5,1
43,headphones,Five stars for the brilliant sound.,5,1
44,coffee maker,"Would buy again, smooth cleaning for the price.",4,1
45,vacuum,I expected more but the battery is flimsy. Weight is flimsy and stopped working after a week.,1,0
46,coffee maker,"Would buy again, comfortable design for the price.",5,1
47,laptop,I expected more but the performance is noisy.,1,0
48,running shoes,"The durability is great. Really reliable arch support, I love it. My favourite part is the smooth arch support.",4,1
49,coffee maker,"Colour matches the photos. Really excellent design, I love it. Absolutely wonderful — the carafe exceeded my expectations.",3,1
50,headphones,"Five stars for the outstanding noise cancelling. Shipping was fast. Would buy again, reliable battery for the price.",5,1
51,vacuum,"I was skeptical but the battery turned out wonderful. Not bad at all, the battery is impressive. Used it daily for a month.",3,1
52,headphones,"Honestly broken comfort, avoid. Sadly the bass feels sluggish. Arrived on time.",1,0
53,headphones,Battery is smooth and works as advertised.,4,1
54,headphones,My favourite part is the great fit. My favourite part is the fantastic battery. Five stars for the excellent battery.,5,1
55,vacuum,"Returned it, useless noise and bad customer service. One star, the battery is simply sluggish.",2,0
56,headphones,"One star, the battery is simply uncomfortable.",1,0
57,laptop,Sadly the keyboard feels awful. Colour matches the photos. Trackpad is useless and stopped working after a week.,2,0
58,coffee maker,"Not bad at all, the design is great. Absolutely fantastic — the temperature exceeded my expectations. Five stars for the fantastic design.",3,1
59,laptop,"Honestly flimsy battery life, avoid.",3,0
60,novel,"Sadly the writing feels mediocre. Honestly mediocre characters, avoid. Bought it as a gift. Not impressive at all — the writing is mediocre.",2,0
61,headphones,"Nothing about the fit is excellent; it is uncomfortable. The fit is mediocre. Colour matches the photos. Returned it, mediocre noise cancelling and bad customer service.",2,0
62,novel,Bought it as a gift. I was skeptical but the pacing turned out excellent.,5,1
63,laptop,Absolutely reliable — the fan noise exceeded my expectations.,4,1
64,vacuum,"Packaging was fine. Really comfortable battery, I love it.",5,1
65,running shoes,The sizing is reliable. I was skeptical but the grip turned out fantastic.,5,1
66,coffee maker,"Not bad at all, the cleaning is reliable.",4,1
67,coffee maker,"Honestly useless design, avoid. Not solid at all — the design is disappointing. Carafe is useless and stopped working after a week.",1,0
68,novel,"Bought it as a gift. Honestly dreadful writing, avoid.",5,1
69,headphones,"Returned it, poor comfort and bad customer service. Nothing about the battery is solid; it is awful. Comfort is uncomfortable and stopped working after a week.",1,0
70,laptop,"The keyboard is noisy. Shipping was fast. One star, the fan noise is simply disappointing. Not lovely at all — the battery life is poor.",3,0
71,headphones,"Five stars for the crisp bass. Would buy again, comfortable comfort for the price. Arrived on time. Not bad at all, the bass is solid.",5,1
72,vacuum,Absolutely crisp — the noise exceeded my expectations. Battery is great and works as advertised. I was skeptical but the suction turned out excellent.,4,1
73,coffee maker,"Used it daily for a month. Honestly terrible cleaning, avoid.",2,0
74,coffee maker,I expected more but the design is dreadful. Shipping was fast.,3,0
75,novel,"I was skeptical but the writing turned out crisp. Not bad at all, the dialogue is smooth. Used it daily for a month.",5,1
76,vacuum,"Honestly mediocre attachments, avoid.",1,0
77,headphones,The sound is awful.,1,0
78,vacuum,Colour matches the photos. I expected more but the weight is dreadful. I expected more but the filter is uncomfortable.,2,0
79,headphones,"Used it daily for a month. Honestly mediocre comfort, avoid. The noise cancelling is disappointing.",2,0
80,novel,"Not bad at all, the plot is reliable. Would buy again, outstanding characters for the price. Shipping was fast. Characters is crisp and works as advertised.",4,1
81,vacuum,"Would buy again, smooth attachments for the price. Five stars for the brilliant noise.",4,1
82,headphones,Nothing about the sound is comfortable; it is mediocre. Price seems fair. Not solid at all — the fit is flimsy.,1,0
83,coffee maker,"The brewing time is uncomfortable. One star, the temperature is simply dreadful.",2,0
84,running shoes,Sadly the durability feels disappointing. Used it daily for a month.,1,0
85,novel,"Price seems fair. Honestly useless characters, avoid.",1,0
86,coffee maker,"Really great cleaning, I love it. Arrived on time. Brewing time is lovely and works as advertised. I was skeptical but the carafe turned out brilliant.",5,1
87,headphones,"I expected more but the battery is mediocre. Arrived on time. One star, the sound is simply poor.",2,0
88,novel,"I was skeptical but the pacing turned out comfortable. Price seems fair. My favourite part is the crisp plot. Would buy again, fantastic writing for the price.",5,1
89,coffee maker,"Would buy again, outstanding carafe for the price. Temperature is wonderful and works as advertised.",4,1
90,headphones,Used it daily for a month. The fit is impressive. Sound is lovely and works as advertised.,5,1
91,running shoes,Sadly the grip feels noisy.,1,0
92,novel,"Would buy again, outstanding dialogue for the price. Manual is in three languages. I was skeptical but the plot turned out crisp.",5,1
93,headphones,"Fit is reliable and works as advertised. Not bad at all, the fit is comfortable. Packaging was fine.",5,1
94,headphones,My favourite part is the outstanding fit. Used it daily for a month. My favourite part is the solid sound. The bass is crisp.,5,1
95,headphones,The fit is awful. Packaging was fine.,1,0
96,laptop,"Returned it, mediocre fan noise and bad customer service. One star, the fan noise is simply dreadful. Honestly terrible fan noise, avoid.",3,0
97,coffee maker,My favourite part is the outstanding brewing time.,4,1
98,coffee maker,"Honestly flimsy cleaning, avoid. Honestly sluggish temperature, avoid. Used it daily for a month.",1,0
99,coffee maker,"Not comfortable at all — the coffee is frustrating. The carafe is frustrating. One star, the coffee is simply cheap. Manual is in three languages.",1,0
100,laptop,Battery life is uncomfortable and stopped working after a week. Manual is in three languages.,2,0
101,headphones,"Returned it, dreadful fit and bad customer service. Manual is in three languages.",2,0
102,laptop,Performance is cheap and stopped working after a week. I expected more but the fan noise is noisy.,3,0
103,coffee maker,"Five stars for the comfortable coffee. Would buy again, fantastic carafe for the price. Not bad at all, the temperature is comfortable.",5,1
104,headphones,I expected more but the battery is noisy.,1,0
105,headphones,"Would buy again, excellent battery for the price. Not bad at all, the battery is reliable. I was skeptical but the fit turned out crisp.",2,0
106,coffee maker,Sadly the design feels uncomfortable. I expected more but the carafe is cheap. Used it daily for a month.,1,0
107,novel,Not wonderful at all — the characters is poor. Packaging was fine. Writing is sluggish and stopped working after a week.,3,0
108,running shoes,"Five stars for the comfortable cushioning. Really smooth grip, I love it.",5,1
109,novel,"Absolutely outstanding — the pacing exceeded my expectations. Would buy again, impressive dialogue for the price. Really solid writing, I love it.",2,1
110,vacuum,"One star, the attachments is simply frustrating. Shipping was fast. Weight is useless and stopped working after a week.",2,0
111,laptop,"Sadly the performance feels disappointing. Colour matches the photos. One star, the battery life is simply noisy. Trackpad is useless and stopped working after a week.",2,0
112,novel,Packaging was fine. I was skeptical but the characters turned out superb. I was skeptical but the ending turned out excellent. Five stars for the excellent writing.,5,1
113,novel,Manual is in three languages. The pacing is noisy. Sadly the plot feels broken.,1,0
114,headphones,Packaging was fine. Not fantastic at all — the noise cancelling is dreadful. Nothing about the comfort is wonderful; it is terrible.,4,0
115,vacuum,"Really fantastic weight, I love it. Used it daily for a month. Not bad at all, the attachments is outstanding. Would buy again, impressive filter for the price.",5,1
116,vacuum,"Not bad at all, the weight is lovely. Manual is in three languages. I was skeptical but the suction turned out fantastic. My favourite part is the superb battery.",5,1
117,vacuum,Arrived on time. Sadly the attachments feels frustrating.,2,0
118,headphones,Five stars for the impressive comfort.,4,1
119,novel,I expected more but the dialogue is disappointing. I expected more but the writing is noisy. Bought it as a gift. Sadly the dialogue feels frustrating.,2,0
120,vacuum,I expected more but the noise is disappointing. The filter is poor. Nothing about the attachments is lovely; it is useless.,4,0
121,novel,"I expected more but the dialogue is broken. Honestly uncomfortable writing, avoid. Bought it as a gift. One star, the plot is simply terrible.",2,0
122,laptop,Keyboard is disappointing and stopped working after a week.,2,0
123,vacuum,Five stars for the crisp weight. Packaging was fine.,4,1
124,running shoes,"Five stars for the fantastic grip. Arch support is comfortable and works as advertised. Price seems fair. Would buy again, crisp sizing for the price.",5,1
125,coffee maker,"Would buy again, reliable carafe for the price. Coffee is crisp and works as advertised. Absolutely outstanding — the carafe exceeded my expectations. Manual is in three languages.",5,1
126,running shoes,"Really lovely cushioning, I love it. Packaging was fine. Not bad at all, the arch support is crisp.",4,1
127,running shoes,"I expected more but the arch support is terrible. Nothing about the weight is impressive; it is flimsy. Returned it, terrible grip and bad customer service.",2,0
128,coffee maker,I expected more but the design is dreadful. Sadly the design feels frustrating.,2,0
129,vacuum,My favourite part is the outstanding attachments.,5,1
130,novel,"Sadly the dialogue feels broken. Bought it as a gift. Returned it, frustrating dialogue and bad customer service.",1,0
131,running shoes,I expected more but the cushioning is mediocre. Price seems fair. Nothing about the arch support is comfortable; it is dreadful. Not comfortable at all — the sizing is disappointing.,2,0
132,headphones,Price seems fair. My favourite part is the great battery. Five stars for the wonderful bass. Five stars for the brilliant battery.,5,1
133,novel,My favourite part is the outstanding ending. Price seems fair. Characters is outstanding and works as advertised.,5,1
134,coffee maker,"Not bad at all, the design is reliable. Arrived on time.",4,1
135,headphones,The fit is broken. Sadly the bass feels sluggish. Arrived on time.,2,0
136,coffee maker,"Would buy again, lovely temperature for the price. The brewing time is comfortable. The design is solid.",4,1
137,novel,The dialogue is comfortable. Absolutely superb — the plot exceeded my expectations.,3,1
138,novel,"Would buy again, fantastic pacing for the price. Colour matches the photos.",5,1
139,headphones,"Honestly broken sound, avoid.",2,0
140,vacuum,Not fantastic at all — the noise is awful. Nothing about the filter is reliable; it is useless.,1,0
141,coffee maker,Not brilliant at all — the brewing time is disappointing. Packaging was fine. I expected more but the coffee is flimsy.,2,0
142,coffee maker,Nothing about the brewing time is outstanding; it is uncomfortable. Sadly the coffee feels sluggish. Brewing time is sluggish and stopped working after a week.,1,0
143,headphones,"The fit is crisp. Would buy again, outstanding comfort for the price. Used it daily for a month.",5,1
144,headphones,"Really comfortable sound, I love it. Absolutely crisp — the fit exceeded my expectations. Comfort is superb and works as advertised. Arrived on time.",3,1
145,vacuum,"Really smooth noise, I love it. Absolutely smooth — the noise exceeded my expectations. Price seems fair.",4,1
146,laptop,"Would buy again, outstanding performance for the price.",5,1
147,headphones,"My favourite part is the reliable noise cancelling. Really great comfort, I love it.",1,0
148,coffee maker,Cleaning is solid and works as advertised. Design is impressive and works as advertised.,4,1
149,vacuum,"Shipping was fast. Returned it, sluggish filter and bad customer service.",1,0
150,running shoes,Sadly the weight feels poor. Nothing about the grip is lovely; it is terrible.,1,0
151,laptop,"Screen is fantastic and works as advertised. Arrived on time. Would buy again, fantastic trackpad for the price. I was skeptical but the battery life turned out fantastic.",4,1
152,vacuum,"Price seems fair. Honestly sluggish noise, avoid. One star, the noise is simply uncomfortable.",3,0
153,running shoes,Sadly the durability feels poor. Nothing about the grip is reliable; it is poor. I expected more but the cushioning is cheap. Bought it as a gift.,2,0
154,headphones,"Not bad at all, the comfort is fantastic. I was skeptical but the comfort turned out comfortable. My favourite part is the lovely noise cancelling.",5,1
155,running shoes,Nothing about the arch support is crisp; it is useless.,1,0
156,vacuum,"Not great at all — the suction is uncomfortable. One star, the filter is simply disappointing. Used it daily for a month.",1,0
157,laptop,I was skeptical but the screen turned out lovely.,5,1
158,running shoes,"Would buy again, wonderful sizing for the price. The weight is reliable. Five stars for the reliable arch support.",3,1
159,coffee maker,Not lovely at all — the brewing time is frustrating. Nothing about the design is smooth; it is uncomfortable.,1,0
160,novel,Plot is uncomfortable and stopped working after a week. The pacing is uncomfortable.,2,0
161,running shoes,"Returned it, mediocre durability and bad customer service. Manual is in three languages. Not lovely at all — the sizing is awful.",2,0
162,headphones,"Would buy again, crisp battery for the price.",4,1
163,novel,"Really reliable characters, I love it. Arrived on time. The pacing is crisp.",3,1
164,running shoes,"Colour matches the photos. Returned it, disappointing cushioning and bad customer service. One star, the sizing is simply dreadful.",1,0
165,running shoes,"Arch support is outstanding and works as advertised. Five stars for the wonderful weight. Packaging was fine. Would buy again, outstanding weight for the price.",5,1
166,vacuum,The filter is noisy. I expected more but the battery is useless.,2,0
167,headphones,"Not bad at all, the fit is great.",4,1
168,coffee maker,Temperature is superb and works as advertised. Five stars for the superb coffee.,3,1
169,vacuum,"Used it daily for a month. Honestly dreadful weight, avoid. I expected more but the suction is poor. Battery is awful and stopped working after a week.",1,0
170,coffee maker,"Bought it as a gift. Would buy again, reliable carafe for the price.",4,1
171,running shoes,"Not outstanding at all — the cushioning is awful. Manual is in three languages. One star, the durability is simply cheap. I expected more but the cushioning is terrible.",2,0
172,vacuum,"Not smooth at all — the weight is useless. Returned it, disappointing noise and bad customer service.",3,0
173,novel,"I expected more but the ending is uncomfortable. Sadly the dialogue feels uncomfortable. Returned it, useless pacing and bad customer service.",1,0
174,laptop,"Honestly frustrating screen, avoid. Manual is in three languages.",1,0
175,laptop,Shipping was fast. The battery life is wonderful. Screen is excellent and works as advertised. Keyboard is smooth and works as advertised.,4,1
176,novel,Shipping was fast. Not brilliant at all — the writing is poor.,1,0
177,laptop,"One star, the trackpad is simply broken.",3,0
178,novel,"Honestly flimsy pacing, avoid. Returned it, sluggish plot and bad customer service.",1,0
179,running shoes,Arch support is smooth and works as advertised.,4,1
180,novel,Sadly the dialogue feels cheap.,2,0
181,headphones,The battery is crisp. Packaging was fine. Absolutely solid — the fit exceeded my expectations.,4,1
182,vacuum,"Not bad at all, the weight is excellent. Really superb battery, I love it. Really solid battery, I love it. Used it daily for a month.",5,1
183,coffee maker,My favourite part is the smooth carafe. Manual is in three languages.,5,1
184,coffee maker,"Not excellent at all — the brewing time is flimsy. Not superb at all — the carafe is uncomfortable. One star, the temperature is simply flimsy.",2,0
185,headphones,"Colour matches the photos. Not bad at all, the sound is impressive. Bass is lovely and works as advertised.",4,1
186,headphones,"Returned it, uncomfortable comfort and bad customer service. Packaging was fine.",2,0
187,novel,"Used it daily for a month. Really solid writing, I love it.",5,1
188,novel,Five stars for the superb writing. Absolutely comfortable — the plot exceeded my expectations.,5,1
189,running shoes,"Really comfortable sizing, I love it. Absolutely outstanding — the cushioning exceeded my expectations. Used it daily for a month. Really impressive sizing, I love it.",5,1
190,headphones,Packaging was fine. My favourite part is the superb bass.,3,1
191,novel,"Bought it as a gift. Would buy again, comfortable ending for the price.",4,1
192,running shoes,"Returned it, cheap arch support and bad customer service. I expected more but the weight is poor.",2,0
193,coffee maker,"Used it daily for a month. Honestly frustrating temperature, avoid. Nothing about the carafe is fantastic; it is dreadful.",2,0
194,novel,"Used it daily for a month. Returned it, noisy ending and bad customer service. One star, the dialogue is simply flimsy. The writing is dreadful.",3,0
195,running shoes,My favourite part is the solid arch support. Five stars for the impressive durability. Used it daily for a month. Absolutely fantastic — the cushioning exceeded my expectations.,4,1
196,vacuum,My favourite part is the smooth noise. I was skeptical but the attachments turned out impressive. Shipping was fast.,4,1
197,laptop,"Not bad at all, the keyboard is lovely. I was skeptical but the battery life turned out outstanding. Five stars for the solid trackpad. Price seems fair.",5,1
198,vacuum,"One star, the battery is simply broken. The filter is useless. Battery is uncomfortable and stopped working after a week.",2,0
199,running shoes,Weight is solid and works as advertised. Arrived on time. Absolutely crisp — the weight exceeded my expectations.,2,0
200,novel,"Returned it, mediocre writing and bad customer service. Writing is poor and stopped working after a week.",3,0
201,running shoes,"I was skeptical but the sizing turned out brilliant. Sizing is wonderful and works as advertised. Really superb cushioning, I love it.",4,1
202,laptop,Sadly the screen feels mediocre. Manual is in three languages.,4,1
203,coffee maker,My favourite part is the smooth temperature.,5,1
204,vacuum,"Weight is smooth and works as advertised. Absolutely reliable — the weight exceeded my expectations. Really brilliant filter, I love it. Shipping was fast.",4,1
205,novel,Absolutely outstanding — the pacing exceeded my expectations. The pacing is reliable.,4,1
206,running shoes,Manual is in three languages. Sadly the arch support feels noisy.,3,0
207,vacuum,"Used it daily for a month. The noise is broken. The filter is uncomfortable. One star, the suction is simply mediocre.",3,0
208,vacuum,Bought it as a gift. Attachments is dreadful and stopped working after a week.,2,0
209,coffee maker,"The temperature is wonderful. Not bad at all, the carafe is superb. Brewing time is superb and works as advertised. Shipping was fast.",4,1
210,running shoes,"Grip is lovely and works as advertised. Would buy again, lovely cushioning for the price.",5,1
211,headphones,"Shipping was fast. Would buy again, superb noise cancelling for the price.",4,1
212,headphones,"Really solid comfort, I love it. My favourite part is the lovely noise cancelling. Not bad at all, the bass is wonderful.",4,1
213,coffee maker,Coffee is terrible and stopped working after a week. Shipping was fast.,3,0
214,laptop,"Honestly mediocre fan noise, avoid. Price seems fair.",2,0
215,headphones,"Nothing about the comfort is comfortable; it is poor. Returned it, poor sound and bad customer service. One star, the battery is simply awful.",2,0
216,coffee maker,"Five stars for the solid cleaning. Would buy again, great brewing time for the price. Shipping was fast.",2,0
217,vacuum,"Would buy again, outstanding noise for the price. Battery is fantastic and works as advertised. Price seems fair.",4,1
218,running shoes,"Five stars for the crisp grip. Not bad at all, the cushioning is brilliant. Packaging was fine. Would buy again, comfortable durability for the price.",4,1
219,coffee maker,"Would buy again, excellent coffee for the price.",5,1
220,headphones,Bass is lovely and works as advertised. Five stars for the brilliant fit. Five stars for the superb battery.,4,1
221,vacuum,"The suction is broken. Sadly the filter feels uncomfortable. Honestly disappointing weight, avoid.",3,0
222,headphones,"Would buy again, lovely sound for the price. Packaging was fine. Would buy again, outstanding fit for the price.",4,1
223,laptop,"Nothing about the trackpad is lovely; it is awful. Price seems fair. One star, the fan noise is simply disappointing. Honestly useless battery life, avoid.",1,0
224,vacuum,My favourite part is the comfortable filter. Price seems fair. My favourite part is the impressive noise. My favourite part is the wonderful battery.,5,1
225,vacuum,"Would buy again, reliable noise for the price. Would buy again, solid attachments for the price. Shipping was fast.",5,1
226,headphones,I expected more but the sound is useless. Sadly the sound feels awful. Used it daily for a month.,2,0
227,coffee maker,"Would buy again, wonderful temperature for the price. Used it daily for a month. The coffee is lovely.",4,1
228,laptop,Colour matches the photos. Fan noise is brilliant and works as advertised.,1,0
229,headphones,Not reliable at all — the fit is flimsy.,2,0
230,running shoes,Price seems fair. Five stars for the crisp durability. Absolutely outstanding — the sizing exceeded my expectations.,5,1
231,headphones,"Not bad at all, the bass is crisp. The battery is impressive. Price seems fair. I was skeptical but the sound turned out superb.",5,1
232,laptop,Sadly the fan noise feels poor. Sadly the keyboard feels uncomfortable. Manual is in three languages. I expected more but the battery life is noisy.,1,0
233,novel,Arrived on time. Dialogue is flimsy and stopped working after a week. Nothing about the pacing is superb; it is dreadful.,2,0
234,novel,"Ending is cheap and stopped working after a week. Returned it, terrible ending and bad customer service. Nothing about the characters is smooth; it is cheap.",1,0
235,running shoes,"Shipping was fast. One star, the durability is simply dreadful. I expected more but the weight is dreadful. The arch support is uncomfortable.",3,0
236,headphones,Battery is poor and stopped working after a week. Not smooth at all — the noise cancelling is cheap. Sadly the fit feels sluggish.,2,0
237,coffee maker,Shipping was fast. Five stars for the outstanding design. My favourite part is the superb carafe. My favourite part is the outstanding coffee.,4,1
238,laptop,"Not bad at all, the fan noise is fantastic. My favourite part is the lovely screen.",3,1
239,laptop,Packaging was fine. Nothing about the fan noise is crisp; it is awful.,2,0
240,coffee maker,"One star, the temperature is simply awful. One star, the coffee is simply useless. Manual is in three languages. Temperature is uncomfortable and stopped working after a week.",1,0
241,laptop,The keyboard is comfortable. My favourite part is the impressive screen. I was skeptical but the screen turned out brilliant.,3,1
242,vacuum,"Not great at all — the weight is useless. Price seems fair. One star, the battery is simply noisy.",2,0
243,headphones,"One star, the sound is simply noisy. Used it daily for a month.",1,0
244,vacuum,"Not bad at all, the battery is great. Weight is superb and works as advertised.",4,1
245,laptop,"Would buy again, excellent fan noise for the price. Fan noise is outstanding and works as advertised.",5,1
246,coffee maker,"I expected more but the design is frustrating. Returned it, noisy coffee and bad customer service. Sadly the carafe feels flimsy.",3,0
247,headphones,"Really reliable sound, I love it. My favourite part is the solid bass. The fit is brilliant.",4,1
248,novel,"Colour matches the photos. One star, the writing is simply broken. Returned it, poor ending and bad customer service.",2,0
249,coffee maker,I was skeptical but the brewing time turned out brilliant. My favourite part is the fantastic temperature. I was skeptical but the temperature turned out brilliant.,4,1
250,running shoes,"Arrived on time. I was skeptical but the grip turned out smooth. I was skeptical but the cushioning turned out smooth. Really smooth weight, I love it.",5,1
251,coffee maker,"The carafe is terrible. Manual is in three languages. Returned it, poor coffee and bad customer service. Honestly mediocre temperature, avoid.",2,0
252,novel,"I was skeptical but the writing turned out superb. Would buy again, solid ending for the price.",5,1
253,headphones,"I was skeptical but the battery turned out wonderful. Fit is reliable and works as advertised. Arrived on time. Really crisp comfort, I love it.",5,1
254,novel,Pacing is awful and stopped working after a week.,1,0
255,laptop,Arrived on time. Sadly the trackpad feels disappointing.,1,0
256,headphones,"Comfort is useless and stopped working after a week. Used it daily for a month. Nothing about the noise cancelling is fantastic; it is useless. Returned it, dreadful battery and bad customer service.",1,0
257,coffee maker,"Really outstanding brewing time, I love it. The cleaning is lovely. Used it daily for a month.",1,0
258,headphones,The battery is reliable. The noise cancelling is solid.,4,1
259,coffee maker,The coffee is flimsy.,2,0
260,novel,Used it daily for a month. I expected more but the plot is frustrating. Ending is broken and stopped working after a week.,2,0
261,coffee maker,Sadly the coffee feels dreadful.,4,0
262,coffee maker,Nothing about the cleaning is comfortable; it is awful. Price seems fair. Not great at all — the brewing time is frustrating.,2,0
263,laptop,"Honestly disappointing fan noise, avoid. Screen is flimsy and stopped working after a week. Honestly uncomfortable keyboard, avoid. Used it daily for a month.",2,0
264,running shoes,"One star, the arch support is simply useless. Not superb at all — the weight is dreadful. Honestly poor weight, avoid. Arrived on time.",2,0
265,vacuum,"Would buy again, lovely suction for the price. Attachments is lovely and works as advertised. The noise is crisp.",4,1
266,coffee maker,"Cleaning is reliable and works as advertised. Not bad at all, the carafe is smooth. Price seems fair.",5,1
267,novel,The pacing is terrible.,1,0
268,headphones,"Really crisp battery, I love it. My favourite part is the solid fit.",5,1
269,running shoes,The durability is solid. My favourite part is the great durability. Sizing is comfortable and works as advertised.,4,1
270,novel,"Not bad at all, the ending is wonderful. Manual is in three languages. Not bad at all, the plot is excellent.",5,1
271,novel,"The pacing is dreadful. Honestly noisy dialogue, avoid. The dialogue is dreadful.",1,0
272,laptop,"Would buy again, impressive performance for the price. Would buy again, great keyboard for the price. Trackpad is wonderful and works as advertised.",1,0
273,running shoes,My favourite part is the lovely weight. Absolutely great — the durability exceeded my expectations. Arrived on time.,4,1
274,coffee maker,Price seems fair. Carafe is superb and works as advertised.,5,1
275,vacuum,"Arrived on time. The suction is sluggish. One star, the filter is simply sluggish. Honestly cheap noise, avoid.",2,0
276,laptop,"Really great battery life, I love it. I was skeptical but the battery life turned out reliable. Bought it as a gift. Would buy again, brilliant screen for the price.",4,1
277,coffee maker,Temperature is terrible and stopped working after a week. Design is dreadful and stopped working after a week.,4,0
278,novel,Bought it as a gift. Absolutely reliable — the ending exceeded my expectations.,4,1
279,coffee maker,"Sadly the cleaning feels awful. One star, the carafe is simply flimsy.",2,0
280,vacuum,"Weight is terrible and stopped working after a week. Manual is in three languages. One star, the suction is simply flimsy.",2,0
281,laptop,"Used it daily for a month. Returned it, sluggish fan noise and bad customer service.",2,0
282,running shoes,Manual is in three languages. Nothing about the grip is lovely; it is dreadful. I expected more but the cushioning is noisy.,3,0
283,running shoes,Durability is broken and stopped working after a week. The durability is sluggish. I expected more but the sizing is sluggish.,3,0
284,laptop,"Arrived on time. Sadly the performance feels terrible. Nothing about the trackpad is great; it is broken. Honestly poor screen, avoid.",4,0
285,headphones,"Honestly cheap sound, avoid. Shipping was fast.",1,0
286,headphones,"Honestly poor battery, avoid.",2,0
287,headphones,Nothing about the sound is reliable; it is flimsy. Sadly the fit feels poor. I expected more but the noise cancelling is useless.,4,1
288,running shoes,"Returned it, disappointing sizing and bad customer service. Shipping was fast. Nothing about the grip is crisp; it is useless.",3,0
289,running shoes,"Really excellent arch support, I love it. Colour matches the photos. Would buy again, impressive grip for the price.",4,1
290,headphones,"Honestly dreadful comfort, avoid. Nothing about the sound is smooth; it is sluggish. Not solid at all — the fit is awful.",2,0
291,running shoes,"Returned it, mediocre arch support and bad customer service. Colour matches the photos. Returned it, poor arch support and bad customer service.",2,0
292,running shoes,Nothing about the durability is excellent; it is terrible. I expected more but the sizing is dreadful. Arrived on time.,2,0
293,coffee maker,"Honestly disappointing design, avoid. Shipping was fast.",1,0
294,novel,Nothing about the characters is great; it is flimsy.,2,0
295,laptop,"Returned it, cheap fan noise and bad customer service. The fan noise is terrible. Price seems fair.",1,0
296,vacuum,Manual is in three languages. Weight is disappointing and stopped working after a week. Nothing about the noise is comfortable; it is mediocre.,1,0
297,laptop,Nothing about the battery life is solid; it is uncomfortable. Used it daily for a month. I expected more but the screen is poor.,1,0
298,running shoes,"I expected more but the arch support is uncomfortable. Bought it as a gift. I expected more but the grip is frustrating. Returned it, awful cushioning and bad customer service.",2,0
299,running shoes,Colour matches the photos. Absolutely reliable — the cushioning exceeded my expectations. My favourite part is the comfortable grip.,3,1
300,headphones,"I expected more but the sound is terrible. One star, the noise cancelling is simply poor. Used it daily for a month.",3,0
301,coffee maker,The design is lovely.,5,1
302,novel,Sadly the characters feels poor. Colour matches the photos.,2,0
303,running shoes,"Nothing about the sizing is impressive; it is sluggish. The arch support is useless. Returned it, broken grip and bad customer service.",3,0
304,vacuum,"One star, the filter is simply broken.",2,0
305,running shoes,Absolutely excellent — the durability exceeded my expectations. Bought it as a gift. Absolutely lovely — the sizing exceeded my expectations.,3,1
306,laptop,"Shipping was fast. Honestly broken screen, avoid. The trackpad is cheap. One star, the performance is simply mediocre.",2,0
307,novel,I was skeptical but the characters turned out solid. Bought it as a gift. The dialogue is excellent.,4,1
308,laptop,"I was skeptical but the screen turned out reliable. Not bad at all, the trackpad is crisp. My favourite part is the superb fan noise.",5,1
309,headphones,"Arrived on time. One star, the fit is simply mediocre. Nothing about the battery is outstanding; it is awful. Nothing about the comfort is brilliant; it is sluggish.",2,0
310,novel,Bought it as a gift. Pacing is wonderful and works as advertised.,5,1
311,vacuum,Five stars for the wonderful suction. I was skeptical but the attachments turned out great. I was skeptical but the noise turned out impressive.,4,1
312,headphones,"Used it daily for a month. Not bad at all, the noise cancelling is wonderful. Absolutely crisp — the comfort exceeded my expectations. Battery is impressive and works as advertised.",5,1
313,headphones,"Packaging was fine. Absolutely great — the sound exceeded my expectations. My favourite part is the crisp sound. Not bad at all, the noise cancelling is crisp.",5,1
314,coffee maker,Cleaning is awful and stopped working after a week. Used it daily for a month.,5,1
315,headphones,Five stars for the lovely noise cancelling.,4,1
316,laptop,"Manual is in three languages. Fan noise is cheap and stopped working after a week. One star, the battery life is simply noisy.",2,0
317,vacuum,"Returned it, awful filter and bad customer service. Arrived on time. Returned it, uncomfortable suction and bad customer service.",1,0
318,vacuum,The attachments is uncomfortable. I expected more but the weight is flimsy. Sadly the filter feels sluggish.,2,0
319,headphones,I was skeptical but the noise cancelling turned out outstanding. Arrived on time. Bass is wonderful and works as advertised.,5,1
320,headphones,Packaging was fine. My favourite part is the lovely battery.,4,1
321,vacuum,"Colour matches the photos. One star, the battery is simply useless. Returned it, flimsy noise and bad customer service.",3,0
322,laptop,Trackpad is terrible and stopped working after a week.,1,0
323,laptop,My favourite part is the excellent performance. Manual is in three languages. My favourite part is the lovely fan noise.,5,1
324,novel,"Not bad at all, the ending is lovely. Arrived on time. Would buy again, lovely ending for the price.",5,1
325,running shoes,Absolutely fantastic — the sizing exceeded my expectations.,4,1
326,running shoes,"Not bad at all, the grip is outstanding. Used it daily for a month. Really fantastic durability, I love it.",5,1
327,novel,"Packaging was fine. Would buy again, brilliant plot for the price. Not bad at all, the characters is brilliant.",5,1
328,laptop,I was skeptical but the keyboard turned out solid. Fan noise is brilliant and works as advertised. Fan noise is solid and works as advertised.,4,1
329,laptop,Keyboard is wonderful and works as advertised. Used it daily for a month.,5,1
330,laptop,"Colour matches the photos. Nothing about the trackpad is comfortable; it is uncomfortable. Returned it, disappointing screen and bad customer service.",2,0
331,vacuum,The noise is reliable. Absolutely smooth — the filter exceeded my expectations.,4,1
332,novel,The writing is outstanding. Five stars for the great pacing.,3,1
333,coffee maker,"Not bad at all, the brewing time is crisp. Really solid brewing time, I love it. My favourite part is the comfortable brewing time.",4,1
334,coffee maker,I expected more but the coffee is disappointing. Not great at all — the temperature is frustrating. Not superb at all — the carafe is useless. Colour matches the photos.,2,0
335,headphones,Manual is in three languages. Battery is wonderful and works as advertised.,5,1
336,laptop,"Price seems fair. Would buy again, smooth trackpad for the price. Absolutely impressive — the battery life exceeded my expectations. I was skeptical but the trackpad turned out excellent.",3,1
337,novel,I was skeptical but the characters turned out comfortable.,5,1
338,laptop,"Really great keyboard, I love it. Would buy again, fantastic performance for the price.",3,1
339,vacuum,Not reliable at all — the attachments is dreadful. Price seems fair.,1,0
340,coffee maker,Used it daily for a month. Coffee is cheap and stopped working after a week.,1,0
341,laptop,"Really superb keyboard, I love it. Battery life is reliable and works as advertised. Not bad at all, the battery life is lovely.",5,1
342,running shoes,"One star, the durability is simply useless. Used it daily for a month. The arch support is awful.",2,0
343,coffee maker,"Not crisp at all — the carafe is useless. Returned it, broken brewing time and bad customer service. One star, the brewing time is simply useless. Bought it as a gift.",3,0
344,novel,The dialogue is solid. My favourite part is the wonderful ending.,5,1
345,headphones,"One star, the fit is simply broken. Arrived on time. The sound is sluggish. Sadly the noise cancelling feels broken.",3,0
346,laptop,"Would buy again, fantastic keyboard for the price. Really crisp battery life, I love it. Really superb screen, I love it. Arrived on time.",4,1
347,coffee maker,"Not bad at all, the temperature is excellent. Packaging was fine.",4,1
348,coffee maker,Price seems fair. Nothing about the coffee is superb; it is frustrating.,1,0
349,coffee maker,"One star, the carafe is simply noisy. Sadly the temperature feels noisy. Arrived on time. The carafe is mediocre.",1,0
350,headphones,Manual is in three languages. Absolutely crisp — the comfort exceeded my expectations.,5,1
351,vacuum,"Would buy again, impressive attachments for the price. Bought it as a gift. The weight is superb.",4,1
352,running shoes,"Used it daily for a month. One star, the grip is simply terrible.",1,0
353,headphones,"Arrived on time. The bass is mediocre. Honestly mediocre sound, avoid. Returned it, flimsy bass and bad customer service.",2,0
354,novel,"Honestly useless ending, avoid. Nothing about the ending is solid; it is flimsy. Manual is in three languages.",2,0
355,running shoes,"Honestly cheap sizing, avoid. Shipping was fast.",1,0
356,vacuum,I was skeptical but the weight turned out smooth. Bought it as a gift.,5,1
357,running shoes,"Not bad at all, the sizing is impressive. Arch support is great and works as advertised. Cushioning is crisp and works as advertised.",5,1
358,novel,"Bought it as a gift. Really great writing, I love it.",4,1
359,novel,"Honestly disappointing writing, avoid. Ending is frustrating and stopped working after a week. Price seems fair. Returned it, poor characters and bad customer service.",2,0
360,coffee maker,Nothing about the design is reliable; it is flimsy.,3,0
361,coffee maker,I was skeptical but the temperature turned out brilliant.,5,1
362,running shoes,Shipping was fast. Absolutely crisp — the cushioning exceeded my expectations. Arch support is superb and works as advertised.,4,1
363,vacuum,"Honestly cheap noise, avoid.",2,0
364,novel,Arrived on time. Nothing about the pacing is solid; it is sluggish. Sadly the ending feels broken. Sadly the characters feels noisy.,1,0
365,headphones,"Would buy again, lovely noise cancelling for the price. Would buy again, brilliant battery for the price. I was skeptical but the fit turned out comfortable.",4,1
366,running shoes,Arch support is broken and stopped working after a week. Price seems fair.,2,0
367,novel,Not outstanding at all — the ending is noisy.,2,0
368,laptop,"I expected more but the screen is flimsy. Bought it as a gift. Honestly uncomfortable trackpad, avoid. I expected more but the trackpad is flimsy.",1,0
369,novel,Used it daily for a month. I expected more but the dialogue is terrible. Sadly the plot feels dreadful.,2,0
370,novel,"The dialogue is awful. Nothing about the characters is impressive; it is cheap. Packaging was fine. Honestly poor pacing, avoid.",1,0
371,laptop,Colour matches the photos. The battery life is brilliant.,5,1
372,headphones,I expected more but the noise cancelling is awful. I expected more but the sound is broken. Used it daily for a month.,2,0
373,laptop,"Returned it, disappointing trackpad and bad customer service. The keyboard is mediocre. Colour matches the photos. Not solid at all — the keyboard is awful.",1,0
374,vacuum,The battery is fantastic.,3,1
375,running shoes,I expected more but the arch support is frustrating. Not great at all — the cushioning is disappointing. Packaging was fine.,2,0
376,coffee maker,"Colour matches the photos. One star, the coffee is simply flimsy.",2,0
377,coffee maker,Brewing time is reliable and works as advertised. I was skeptical but the design turned out great. Shipping was fast. Brewing time is impressive and works as advertised.,4,1
378,novel,"Manual is in three languages. Really crisp characters, I love it. My favourite part is the superb characters.",5,1
379,running shoes,"Would buy again, outstanding cushioning for the price. Arrived on time. I was skeptical but the grip turned out reliable.",4,1
380,coffee maker,"Five stars for the fantastic temperature. Would buy again, lovely brewing time for the price.",5,1
381,headphones,"Bought it as a gift. The bass is brilliant. Really impressive bass, I love it.",4,1
382,headphones,Absolutely brilliant — the fit exceeded my expectations. The battery is solid. Packaging was fine. The comfort is brilliant.,4,1
383,coffee maker,"Really comfortable cleaning, I love it. Really excellent coffee, I love it. Not bad at all, the design is comfortable.",4,1
384,coffee maker,"Price seems fair. Really fantastic temperature, I love it. Not bad at all, the coffee is comfortable. Really comfortable carafe, I love it.",4,1
385,novel,Not brilliant at all — the characters is poor. The characters is disappointing.,3,0
386,laptop,"I expected more but the screen is noisy. One star, the screen is simply sluggish. Used it daily for a month.",2,0
387,vacuum,"Really reliable suction, I love it. Used it daily for a month. Five stars for the impressive attachments.",4,1
388,novel,"Would buy again, comfortable writing for the price. Manual is in three languages.",5,1
389,novel,I expected more but the characters is dreadful. I expected more but the characters is flimsy. Packaging was fine.,5,1
390,laptop,"Returned it, frustrating performance and bad customer service. One star, the screen is simply disappointing.",2,0
391,running shoes,Shipping was fast. Absolutely wonderful — the cushioning exceeded my expectations.,3,1
392,novel,"Returned it, frustrating pacing and bad customer service.",2,0
393,coffee maker,"My favourite part is the smooth carafe. Would buy again, reliable coffee for the price.",5,1
394,running shoes,"Absolutely lovely — the grip exceeded my expectations. Would buy again, lovely durability for the price. Arrived on time.",5,1
395,vacuum,"Used it daily for a month. Returned it, dreadful weight and bad customer service. Honestly terrible noise, avoid. I expected more but the noise is noisy.",2,0
396,running shoes,The grip is disappointing. Not excellent at all — the cushioning is broken.,2,0
397,coffee maker,"Returned it, frustrating carafe and bad customer service. Price seems fair.",2,0
398,running shoes,"Not bad at all, the cushioning is reliable. Would buy again, outstanding sizing for the price.",5,1
399,headphones,Absolutely reliable — the fit exceeded my expectations. Manual is in three languages. My favourite part is the great comfort.,4,1
400,novel,"Packaging was fine. Returned it, frustrating dialogue and bad customer service. Returned it, cheap dialogue and bad customer service. Not crisp at all — the dialogue is frustrating.",2,0
401,vacuum,Absolutely solid — the noise exceeded my expectations. Arrived on time.,3,1
402,laptop,Keyboard is terrible and stopped working after a week. Shipping was fast.,2,0
403,running shoes,"Not outstanding at all — the grip is uncomfortable. One star, the grip is simply terrible. I expected more but the grip is mediocre.",2,0
404,headphones,Fit is uncomfortable and stopped working after a week. Not solid at all — the comfort is useless. Comfort is awful and stopped working after a week.,2,0
405,running shoes,"Nothing about the durability is comfortable; it is dreadful. Sadly the weight feels useless. Price seems fair. One star, the weight is simply disappointing.",2,0
406,coffee maker,My favourite part is the fantastic design. Manual is in three languages. I was skeptical but the cleaning turned out fantastic.,4,1
407,running shoes,"Not brilliant at all — the cushioning is mediocre. Durability is flimsy and stopped working after a week. Honestly uncomfortable durability, avoid.",1,0
408,vacuum,I expected more but the filter is mediocre. Sadly the weight feels poor. Manual is in three languages.,2,0
409,running shoes,Sadly the sizing feels useless. Shipping was fast.,3,0
410,vacuum,I expected more but the noise is poor.,2,0
411,running shoes,Weight is superb and works as advertised. Manual is in three languages. Weight is superb and works as advertised.,4,1
412,coffee maker,"Not bad at all, the carafe is solid. Price seems fair. Not bad at all, the temperature is brilliant.",5,1
413,headphones,Five stars for the solid fit. Five stars for the brilliant fit.,4,1
414,coffee maker,"I expected more but the coffee is frustrating. Shipping was fast. Returned it, flimsy brewing time and bad customer service.",1,0
415,vacuum,Weight is flimsy and stopped working after a week. Not comfortable at all — the noise is disappointing. Battery is uncomfortable and stopped working after a week.,1,0
416,running shoes,"Absolutely comfortable — the sizing exceeded my expectations. Not bad at all, the arch support is solid. My favourite part is the reliable grip.",4,1
417,laptop,Arrived on time. The battery life is uncomfortable.,1,0
418,coffee maker,I expected more but the design is poor. Price seems fair. Not fantastic at all — the design is uncomfortable.,1,0
419,vacuum,"Honestly mediocre noise, avoid. Price seems fair. Nothing about the filter is fantastic; it is cheap. Sadly the battery feels flimsy.",1,0
420,vacuum,My favourite part is the superb battery.,5,1
421,laptop,Nothing about the battery life is excellent; it is noisy. Bought it as a gift.,2,0
422,coffee maker,I expected more but the brewing time is useless. I expected more but the temperature is disappointing.,1,0
423,coffee maker,"Returned it, awful design and bad customer service. Price seems fair.",1,0
424,novel,"Arrived on time. Really fantastic plot, I love it. Not bad at all, the pacing is reliable. Ending is comfortable and works as advertised.",4,1
425,vacuum,"Colour matches the photos. Returned it, noisy suction and bad customer service.",4,1
426,vacuum,"One star, the noise is simply terrible. Not solid at all — the filter is flimsy. Honestly disappointing suction, avoid.",2,0
427,novel,Pacing is solid and works as advertised. The dialogue is fantastic. Price seems fair.,3,1
428,laptop,Price seems fair. The screen is smooth.,5,1
429,headphones,Nothing about the comfort is superb; it is broken. Colour matches the photos. I expected more but the battery is sluggish.,2,0
430,running shoes,My favourite part is the impressive cushioning. Price seems fair.,5,1
431,vacuum,"Returned it, uncomfortable weight and bad customer service. Manual is in three languages.",2,0
432,coffee maker,"Returned it, awful carafe and bad customer service. One star, the design is simply terrible.",2,0
433,novel,I expected more but the pacing is mediocre.,1,0
434,novel,Writing is awful and stopped working after a week.,3,0
435,vacuum,"Not bad at all, the suction is brilliant. Not bad at all, the weight is wonderful. Really crisp filter, I love it.",5,1
436,running shoes,Not great at all — the sizing is disappointing.,1,0
437,vacuum,"Nothing about the weight is wonderful; it is useless. Returned it, poor filter and bad customer service.",1,0
438,laptop,"One star, the trackpad is simply awful.",2,0
439,vacuum,Shipping was fast. Five stars for the brilliant battery. The attachments is comfortable.,4,1
440,headphones,Nothing about the comfort is comfortable; it is poor. Arrived on time.,2,0
441,headphones,"One star, the noise cancelling is simply mediocre. Shipping was fast. Sound is cheap and stopped working after a week. Returned it, mediocre bass and bad customer service.",2,0
442,laptop,The screen is mediocre. Keyboard is flimsy and stopped working after a week. Not brilliant at all — the fan noise is disappointing. Colour matches the photos.,1,0
443,headphones,"Five stars for the lovely sound. Not bad at all, the comfort is crisp.",4,1
444,laptop,Nothing about the trackpad is brilliant; it is flimsy. Sadly the battery life feels uncomfortable. Shipping was fast. Nothing about the trackpad is lovely; it is disappointing.,1,0
445,headphones,Five stars for the excellent noise cancelling. Absolutely wonderful — the battery exceeded my expectations. Absolutely lovely — the comfort exceeded my expectations.,4,1
446,vacuum,"Sadly the weight feels dreadful. One star, the suction is simply useless. Colour matches the photos.",1,0
447,coffee maker,Colour matches the photos. Absolutely superb — the cleaning exceeded my expectations.,4,1
448,coffee maker,"Really excellent carafe, I love it. Price seems fair. Five stars for the impressive design.",4,1
449,laptop,Five stars for the comfortable performance. My favourite part is the fantastic fan noise.,4,1
450,running shoes,"Five stars for the outstanding sizing. Not bad at all, the sizing is excellent. Price seems fair.",3,1
451,vacuum,"One star, the attachments is simply noisy. Manual is in three languages.",2,0
452,running shoes,Nothing about the cushioning is great; it is broken. I expected more but the arch support is flimsy.,2,0
453,vacuum,"Nothing about the filter is reliable; it is uncomfortable. Returned it, disappointing battery and bad customer service. One star, the attachments is simply uncomfortable.",3,0
454,coffee maker,"Coffee is wonderful and works as advertised. Not bad at all, the cleaning is reliable. The cleaning is smooth.",4,1
455,laptop,"I was skeptical but the fan noise turned out outstanding. Not bad at all, the performance is fantastic. Would buy again, impressive fan noise for the price. Colour matches the photos.",2,0
456,running shoes,"Arrived on time. Returned it, mediocre arch support and bad customer service.",1,0
457,running shoes,Colour matches the photos. Absolutely fantastic — the grip exceeded my expectations. The durability is fantastic. I was skeptical but the weight turned out reliable.,5,1
458,coffee maker,"One star, the cleaning is simply sluggish. Sadly the carafe feels terrible. Colour matches the photos.",2,0
459,running shoes,The weight is reliable. Arrived on time.,3,1
460,headphones,Colour matches the photos. Sadly the comfort feels flimsy.,1,0
461,running shoes,"Colour matches the photos. Weight is fantastic and works as advertised. Not bad at all, the weight is wonderful. Absolutely lovely — the arch support exceeded my expectations.",3,1
462,novel,Colour matches the photos. Nothing about the pacing is crisp; it is disappointing. I expected more but the plot is mediocre.,3,0
463,laptop,"Not bad at all, the screen is reliable. Used it daily for a month.",4,1
464,running shoes,Bought it as a gift. Five stars for the brilliant grip.,5,1
465,headphones,"Price seems fair. Absolutely smooth — the noise cancelling exceeded my expectations. The comfort is lovely. Would buy again, comfortable battery for the price.",3,1
466,vacuum,Five stars for the reliable filter. Packaging was fine.,5,1
467,running shoes,My favourite part is the reliable weight. Five stars for the brilliant cushioning. Five stars for the superb durability.,5,1
468,headphones,"The sound is brilliant. Really lovely bass, I love it. Not bad at all, the fit is smooth.",4,1
469,novel,"Would buy again, comfortable pacing for the price. Would buy again, solid pacing for the price. Arrived on time. The pacing is superb.",4,1
470,coffee maker,"My favourite part is the superb temperature. Not bad at all, the brewing time is great. Arrived on time. Really comfortable temperature, I love it.",3,1
471,novel,"Honestly sluggish writing, avoid.",1,0
472,novel,Colour matches the photos. The pacing is superb.,4,1
473,running shoes,"Returned it, useless cushioning and bad customer service. Bought it as a gift. One star, the durability is simply uncomfortable. Durability is dreadful and stopped working after a week.",2,0
474,coffee maker,"Absolutely reliable — the brewing time exceeded my expectations. The coffee is fantastic. Really lovely carafe, I love it. Price seems fair.",3,1
475,novel,"Not bad at all, the ending is lovely. Plot is great and works as advertised. I was skeptical but the plot turned out reliable. Manual is in three languages.",5,1
476,laptop,My favourite part is the great trackpad.,5,1
477,headphones,Five stars for the crisp bass. My favourite part is the smooth comfort. Price seems fair.,4,1
478,coffee maker,"Honestly flimsy cleaning, avoid. Price seems fair.",3,0
479,vacuum,My favourite part is the smooth filter. Price seems fair.,4,1
480,laptop,"Absolutely wonderful — the trackpad exceeded my expectations. Five stars for the impressive battery life. Not bad at all, the screen is smooth.",4,1
481,headphones,"I expected more but the comfort is noisy. Honestly useless comfort, avoid. I expected more but the bass is frustrating.",1,0
482,coffee maker,"Packaging was fine. Really great coffee, I love it. Not bad at all, the carafe is outstanding.",5,1
483,vacuum,I expected more but the battery is sluggish. I expected more but the noise is dreadful. Manual is in three languages.,2,0
484,coffee maker,Manual is in three languages. Absolutely great — the temperature exceeded my expectations.,5,1
485,laptop,"Colour matches the photos. Not superb at all — the fan noise is uncomfortable. Sadly the fan noise feels noisy. One star, the keyboard is simply noisy.",3,0
486,laptop,"Battery life is impressive and works as advertised. Price seems fair. I was skeptical but the fan noise turned out lovely. Not bad at all, the trackpad is impressive.",4,1
487,novel,I expected more but the writing is dreadful. Not great at all — the plot is flimsy. Not solid at all — the ending is cheap. Used it daily for a month.,2,0
488,vacuum,"Not bad at all, the suction is wonderful. Five stars for the lovely noise. Price seems fair. Really lovely filter, I love it.",4,1
489,laptop,"The fan noise is brilliant. Would buy again, outstanding battery life for the price. Bought it as a gift.",4,1
490,novel,Absolutely outstanding — the writing exceeded my expectations. My favourite part is the brilliant ending. The characters is comfortable.,5,1
491,coffee maker,Temperature is terrible and stopped working after a week.,1,0
492,novel,I was skeptical but the dialogue turned out fantastic. Bought it as a gift. My favourite part is the crisp pacing.,4,1
493,laptop,"Shipping was fast. The screen is useless. The trackpad is dreadful. Returned it, dreadful performance and bad customer service.",2,0
494,laptop,"Really fantastic performance, I love it. Not bad at all, the battery life is comfortable. The fan noise is reliable.",5,1
495,coffee maker,I was skeptical but the coffee turned out lovely. Used it daily for a month.,5,1
496,running shoes,"Sadly the cushioning feels cheap. Returned it, cheap durability and bad customer service.",1,0
497,vacuum,"Bought it as a gift. The weight is poor. Honestly useless weight, avoid. Returned it, frustrating battery and bad customer service.",1,0
498,coffee maker,Bought it as a gift. Design is brilliant and works as advertised. Brewing time is solid and works as advertised.,4,1
499,coffee maker,"I expected more but the brewing time is uncomfortable. Honestly useless cleaning, avoid.",2,0
500,running shoes,Price seems fair. Not fantastic at all — the weight is mediocre. Sizing is disappointing and stopped working after a week.,3,0
501,vacuum,I expected more but the noise is cheap.,2,0
502,vacuum,I was skeptical but the suction turned out superb.,4,1
503,running shoes,"Bought it as a gift. Returned it, noisy sizing and bad customer service.",1,0
504,laptop,Absolutely reliable — the trackpad exceeded my expectations.,4,1
505,coffee maker,"Absolutely smooth — the brewing time exceeded my expectations. Used it daily for a month. The design is fantastic. Really great carafe, I love it.",5,1
506,coffee maker,"The cleaning is awful. Not solid at all — the temperature is poor. Returned it, mediocre temperature and bad customer service.",2,0
507,coffee maker,"Honestly mediocre carafe, avoid. Price seems fair. Not fantastic at all — the carafe is mediocre. Nothing about the carafe is excellent; it is flimsy.",1,0
508,novel,Five stars for the brilliant writing.,5,1
509,headphones,"The sound is comfortable. Really impressive comfort, I love it. Bass is superb and works as advertised. Used it daily for a month.",3,1
510,vacuum,Not smooth at all — the suction is useless. I expected more but the suction is poor. Bought it as a gift. Filter is dreadful and stopped working after a week.,2,0
511,headphones,"Battery is sluggish and stopped working after a week. Returned it, poor fit and bad customer service. One star, the comfort is simply flimsy.",2,0
512,vacuum,"Not superb at all — the battery is cheap. One star, the filter is simply cheap. Suction is awful and stopped working after a week.",2,0
513,laptop,My favourite part is the superb keyboard. Shipping was fast. Trackpad is impressive and works as advertised.,4,1
514,coffee maker,"Manual is in three languages. I was skeptical but the carafe turned out reliable. The cleaning is outstanding. Would buy again, outstanding brewing time for the price.",4,1
515,running shoes,"Weight is solid and works as advertised. Not bad at all, the cushioning is lovely.",5,1
516,running shoes,Five stars for the reliable grip. Manual is in three languages. The arch support is comfortable. Absolutely lovely — the durability exceeded my expectations.,4,1
517,laptop,"One star, the keyboard is simply terrible. Price seems fair. I expected more but the battery life is sluggish. Returned it, useless keyboard and bad customer service.",2,1
518,coffee maker,Packaging was fine. Nothing about the coffee is reliable; it is frustrating. Nothing about the carafe is great; it is noisy.,2,0
519,vacuum,"Nothing about the filter is crisp; it is frustrating. Shipping was fast. I expected more but the weight is terrible. One star, the weight is simply poor.",2,0
520,coffee maker,Bought it as a gift. Five stars for the great brewing time.,4,1
521,vacuum,Manual is in three languages. Sadly the filter feels sluggish. Nothing about the attachments is smooth; it is awful.,1,0
522,vacuum,"Price seems fair. Honestly useless suction, avoid. Nothing about the battery is comfortable; it is broken. Honestly disappointing noise, avoid.",3,0
523,laptop,"Nothing about the performance is superb; it is noisy. Shipping was fast. One star, the keyboard is simply cheap. I expected more but the performance is poor.",2,0
524,headphones,"Used it daily for a month. Nothing about the fit is smooth; it is sluggish. Returned it, useless comfort and bad customer service.",2,0
525,headphones,"Nothing about the battery is fantastic; it is sluggish. Used it daily for a month. The battery is poor. Honestly sluggish noise cancelling, avoid.",3,0
526,novel,I expected more but the writing is dreadful. Sadly the plot feels poor.,2,0
527,headphones,The comfort is solid. I was skeptical but the noise cancelling turned out impressive.,3,1
528,laptop,Price seems fair. The keyboard is flimsy. Battery life is uncomfortable and stopped working after a week.,3,1
529,vacuum,My favourite part is the impressive battery. I was skeptical but the weight turned out great. Manual is in three languages.,4,1
530,headphones,"Not bad at all, the sound is crisp. Manual is in three languages. I was skeptical but the fit turned out reliable.",4,1
531,headphones,"Bought it as a gift. Noise cancelling is outstanding and works as advertised. I was skeptical but the bass turned out superb. Would buy again, lovely battery for the price.",4,1
532,coffee maker,Nothing about the brewing time is impressive; it is useless.,2,0
533,headphones,My favourite part is the wonderful fit. Bought it as a gift. Absolutely outstanding — the fit exceeded my expectations. Absolutely outstanding — the bass exceeded my expectations.,4,1
534,coffee maker,My favourite part is the excellent temperature. Coffee is solid and works as advertised. Absolutely impressive — the carafe exceeded my expectations.,5,1
535,coffee maker,Not lovely at all — the brewing time is noisy. Sadly the cleaning feels cheap.,3,0
536,coffee maker,I was skeptical but the carafe turned out crisp. Price seems fair. My favourite part is the great design. The coffee is excellent.,4,1
537,vacuum,Not outstanding at all — the attachments is sluggish. Arrived on time. The weight is awful.,1,0
538,running shoes,"Price seems fair. Honestly useless cushioning, avoid.",2,0
539,novel,Not brilliant at all — the plot is noisy. Arrived on time. Ending is awful and stopped working after a week. Sadly the ending feels poor.,2,0
540,vacuum,The attachments is useless. I expected more but the filter is poor. Manual is in three languages. Battery is useless and stopped working after a week.,1,0
541,novel,My favourite part is the outstanding plot.,5,1
542,headphones,"Nothing about the fit is wonderful; it is useless. The fit is useless. Returned it, flimsy sound and bad customer service.",1,0
543,novel,Sadly the characters feels dreadful.,2,0
544,coffee maker,My favourite part is the reliable design. Price seems fair. The coffee is fantastic.,2,1
545,running shoes,"Sizing is great and works as advertised. Would buy again, wonderful cushioning for the price. I was skeptical but the weight turned out brilliant.",4,1
546,laptop,"Honestly awful trackpad, avoid.",3,0
547,laptop,I was skeptical but the trackpad turned out solid. Absolutely fantastic — the battery life exceeded my expectations. Shipping was fast.,4,1
548,headphones,"Manual is in three languages. One star, the sound is simply sluggish.",3,0
549,headphones,I was skeptical but the bass turned out fantastic. Absolutely comfortable — the sound exceeded my expectations.,4,1
550,vacuum,Sadly the filter feels frustrating. I expected more but the filter is frustrating. Not great at all — the weight is disappointing.,2,0
551,vacuum,"Not bad at all, the weight is brilliant. Price seems fair. Really outstanding attachments, I love it.",5,1
552,vacuum,"Nothing about the filter is brilliant; it is cheap. Returned it, dreadful battery and bad customer service. Arrived on time. Not impressive at all — the noise is poor.",1,0
553,vacuum,"Absolutely excellent — the filter exceeded my expectations. Really wonderful weight, I love it. Filter is outstanding and works as advertised.",5,1
554,coffee maker,Nothing about the brewing time is smooth; it is disappointing. Colour matches the photos. Sadly the coffee feels frustrating. Brewing time is awful and stopped working after a week.,2,0
555,headphones,Not solid at all — the battery is useless.,2,0
556,vacuum,Nothing about the weight is outstanding; it is frustrating. Colour matches the photos.,1,0
557,headphones,"Five stars for the wonderful bass. Would buy again, impressive fit for the price. Not bad at all, the noise cancelling is outstanding.",4,1
558,coffee maker,Sadly the temperature feels poor. Not fantastic at all — the coffee is cheap. Manual is in three languages. Not crisp at all — the coffee is broken.,1,0
559,headphones,Nothing about the noise cancelling is impressive; it is frustrating. Price seems fair. The sound is awful. The comfort is poor.,2,0
560,headphones,"Honestly cheap noise cancelling, avoid. Colour matches the photos.",2,0
561,novel,Used it daily for a month. Nothing about the pacing is brilliant; it is poor.,1,0
562,coffee maker,"I expected more but the temperature is noisy. Returned it, cheap coffee and bad customer service. Packaging was fine.",2,0
563,coffee maker,"Returned it, flimsy design and bad customer service. Nothing about the brewing time is smooth; it is poor.",2,0
564,running shoes,The grip is crisp. Arrived on time.,4,1
565,novel,Sadly the characters feels frustrating.,2,0
566,vacuum,Filter is sluggish and stopped working after a week. I expected more but the suction is dreadful. Suction is frustrating and stopped working after a week.,2,0
567,vacuum,"I was skeptical but the suction turned out comfortable. Not bad at all, the battery is crisp. Not bad at all, the attachments is fantastic.",5,1
568,running shoes,"Cushioning is flimsy and stopped working after a week. Returned it, flimsy grip and bad customer service. The weight is cheap.",1,0
569,vacuum,"Five stars for the fantastic attachments. Not bad at all, the filter is great. Price seems fair.",4,1
570,coffee maker,Bought it as a gift. Nothing about the design is superb; it is dreadful. Sadly the coffee feels useless. Not reliable at all — the cleaning is terrible.,1,0
571,running shoes,My favourite part is the fantastic durability. Five stars for the great cushioning. Arch support is reliable and works as advertised.,4,1
572,vacuum,"Manual is in three languages. I expected more but the suction is dreadful. Returned it, flimsy suction and bad customer service.",3,0
573,coffee maker,Coffee is uncomfortable and stopped working after a week. Price seems fair. The design is terrible.,1,0
574,novel,"Not bad at all, the dialogue is impressive. I was skeptical but the pacing turned out impressive. The characters is excellent.",4,1
575,running shoes,The sizing is broken. Cushioning is awful and stopped working after a week.,2,0
576,headphones,"The sound is terrible. Packaging was fine. Noise cancelling is mediocre and stopped working after a week. Returned it, sluggish sound and bad customer service.",2,0
577,coffee maker,"Returned it, broken temperature and bad customer service. Bought it as a gift. Brewing time is disappointing and stopped working after a week.",3,0
578,coffee maker,"I was skeptical but the design turned out wonderful. Used it daily for a month. I was skeptical but the coffee turned out lovely. Really superb carafe, I love it.",4,1
579,running shoes,Absolutely smooth — the grip exceeded my expectations.,4,1
580,vacuum,I was skeptical but the battery turned out reliable. Absolutely superb — the weight exceeded my expectations. The attachments is crisp.,4,1
581,coffee maker,I was skeptical but the carafe turned out brilliant. Brewing time is impressive and works as advertised.,3,1
582,headphones,"I was skeptical but the sound turned out excellent. Really lovely comfort, I love it. Bought it as a gift.",4,1
583,novel,"Bought it as a gift. Returned it, frustrating plot and bad customer service.",2,0
584,novel,"Sadly the plot feels mediocre. Honestly frustrating pacing, avoid.",1,0
585,vacuum,"One star, the battery is simply mediocre. I expected more but the suction is poor. Packaging was fine.",3,0
586,headphones,"Honestly poor noise cancelling, avoid. Sadly the noise cancelling feels mediocre. The sound is flimsy.",2,0
587,vacuum,My favourite part is the solid weight. Used it daily for a month.,3,1
588,headphones,"The comfort is brilliant. The sound is brilliant. Really smooth battery, I love it.",5,1
589,laptop,Nothing about the fan noise is impressive; it is dreadful.,2,0
590,headphones,The battery is excellent. Bought it as a gift.,2,0
591,headphones,Sadly the sound feels mediocre. I expected more but the bass is mediocre.,2,0
592,running shoes,"Packaging was fine. Absolutely smooth — the grip exceeded my expectations. I was skeptical but the durability turned out brilliant. Really smooth arch support, I love it.",4,1
593,coffee maker,"Honestly sluggish coffee, avoid. Arrived on time. Returned it, disappointing temperature and bad customer service.",2,0
594,laptop,My favourite part is the great keyboard.,1,0
595,coffee maker,"Honestly noisy temperature, avoid. Not fantastic at all — the brewing time is flimsy.",1,0
596,coffee maker,Brewing time is outstanding and works as advertised. Carafe is impressive and works as advertised.,4,1
597,laptop,Sadly the fan noise feels cheap. The fan noise is terrible. Shipping was fast.,2,0
598,headphones,"Would buy again, great battery for the price.",5,1
599,coffee maker,Cleaning is dreadful and stopped working after a week. I expected more but the design is dreadful. Sadly the brewing time feels terrible.,3,0
600,laptop,Trackpad is broken and stopped working after a week. I expected more but the screen is frustrating. I expected more but the battery life is cheap. Bought it as a gift.,1,0
601,novel,Sadly the ending feels sluggish. Nothing about the dialogue is great; it is broken. I expected more but the writing is broken.,2,0
602,laptop,"Used it daily for a month. Really reliable trackpad, I love it. Not bad at all, the trackpad is brilliant. My favourite part is the crisp screen.",5,1
603,headphones,"Really solid fit, I love it. Fit is crisp and works as advertised. Really fantastic fit, I love it. Shipping was fast.",5,1
604,laptop,"Battery life is comfortable and works as advertised. Not bad at all, the keyboard is impressive. Would buy again, superb trackpad for the price.",4,1
605,vacuum,"Used it daily for a month. Returned it, broken attachments and bad customer service.",2,0
606,running shoes,Nothing about the weight is impressive; it is mediocre. Nothing about the arch support is comfortable; it is cheap. Price seems fair.,1,0
607,coffee maker,My favourite part is the excellent brewing time. Used it daily for a month. Coffee is reliable and works as advertised.,4,1
608,laptop,"I was skeptical but the performance turned out great. Really crisp performance, I love it.",5,1
609,laptop,"Arrived on time. I was skeptical but the performance turned out superb. Really crisp trackpad, I love it.",4,1
610,headphones,"Not solid at all — the fit is poor. One star, the battery is simply frustrating. Not solid at all — the noise cancelling is dreadful.",2,0
611,laptop,"Really reliable performance, I love it. Colour matches the photos. My favourite part is the comfortable screen.",3,1
612,novel,Sadly the characters feels poor. The plot is dreadful.,2,0
613,coffee maker,"Shipping was fast. Not crisp at all — the temperature is useless. I expected more but the cleaning is sluggish. Honestly flimsy carafe, avoid.",1,0
614,laptop,"I was skeptical but the keyboard turned out superb. Not bad at all, the trackpad is lovely. I was skeptical but the keyboard turned out fantastic. Colour matches the photos.",5,1
615,headphones,"Shipping was fast. Sadly the noise cancelling feels awful. Honestly broken comfort, avoid.",1,0
616,novel,"Really solid dialogue, I love it. Would buy again, crisp pacing for the price. Ending is lovely and works as advertised.",2,1
617,coffee maker,"Honestly uncomfortable carafe, avoid. Arrived on time. Honestly terrible carafe, avoid.",2,0
618,running shoes,I was skeptical but the durability turned out impressive. Absolutely solid — the durability exceeded my expectations.,4,1
619,vacuum,"Arrived on time. One star, the suction is simply uncomfortable.",1,0
620,coffee maker,"Price seems fair. Returned it, mediocre design and bad customer service.",1,0
621,laptop,"Absolutely crisp — the screen exceeded my expectations. Packaging was fine. The trackpad is solid. Really impressive screen, I love it.",3,1
622,running shoes,"My favourite part is the lovely cushioning. Five stars for the great sizing. Really outstanding grip, I love it.",5,1
623,running shoes,"My favourite part is the wonderful cushioning. Really great weight, I love it.",5,1
624,novel,"Characters is comfortable and works as advertised. Used it daily for a month. Really wonderful characters, I love it.",5,1
625,novel,My favourite part is the crisp dialogue.,4,1
626,novel,"Arrived on time. Honestly broken writing, avoid. Nothing about the characters is impressive; it is cheap. Honestly disappointing characters, avoid.",1,0
627,running shoes,"Not bad at all, the sizing is lovely. Not bad at all, the arch support is comfortable. Colour matches the photos.",4,1
628,laptop,"The keyboard is noisy. Returned it, poor battery life and bad customer service.",3,0
629,running shoes,"I was skeptical but the arch support turned out brilliant. Price seems fair. Would buy again, smooth grip for the price.",5,1
630,coffee maker,Five stars for the smooth design. My favourite part is the outstanding temperature. My favourite part is the brilliant cleaning.,4,1
631,novel,Arrived on time. The characters is sluggish. The characters is uncomfortable.,3,0
632,vacuum,Sadly the weight feels broken. Packaging was fine.,2,0
633,vacuum,Five stars for the reliable weight. Manual is in three languages. The suction is outstanding. Five stars for the crisp noise.,5,1
634,vacuum,"Would buy again, brilliant battery for the price. Bought it as a gift. Absolutely solid — the weight exceeded my expectations. My favourite part is the reliable battery.",4,1
635,running shoes,"Returned it, uncomfortable arch support and bad customer service. Honestly noisy sizing, avoid.",1,0
636,laptop,Shipping was fast. Five stars for the impressive performance.,5,1
637,laptop,"Bought it as a gift. Really wonderful trackpad, I love it. Five stars for the brilliant fan noise. The performance is brilliant.",4,1
638,vacuum,"Not bad at all, the attachments is fantastic. Price seems fair. Would buy again, impressive weight for the price.",5,1
639,laptop,"Nothing about the screen is reliable; it is flimsy. Returned it, broken keyboard and bad customer service. Used it daily for a month. The performance is terrible.",2,0
640,headphones,Not impressive at all — the comfort is uncomfortable. The noise cancelling is frustrating.,2,0
641,headphones,Absolutely great — the noise cancelling exceeded my expectations.,4,1
642,vacuum,Packaging was fine. The battery is flimsy. The noise is flimsy.,2,0
643,laptop,"Used it daily for a month. Returned it, mediocre trackpad and bad customer service. Not excellent at all — the performance is flimsy. Trackpad is cheap and stopped working after a week.",4,1
644,headphones,Colour matches the photos. Not lovely at all — the fit is disappointing.,3,0
645,vacuum,The filter is smooth. My favourite part is the brilliant weight. My favourite part is the lovely filter.,5,1
646,novel,"Shipping was fast. One star, the dialogue is simply uncomfortable.",1,0
647,headphones,"Honestly awful battery, avoid.",2,0
648,laptop,"I was skeptical but the trackpad turned out fantastic. Colour matches the photos. I was skeptical but the screen turned out outstanding. Not bad at all, the trackpad is solid.",5,1
649,coffee maker,Design is useless and stopped working after a week. The coffee is mediocre. I expected more but the coffee is terrible.,2,0
650,headphones,Not solid at all — the comfort is terrible. Battery is noisy and stopped working after a week. Packaging was fine. Not wonderful at all — the comfort is frustrating.,2,0
651,vacuum,Battery is cheap and stopped working after a week. Noise is uncomfortable and stopped working after a week. Arrived on time. The noise is useless.,2,0
652,coffee maker,"The temperature is sluggish. One star, the carafe is simply broken. Returned it, dreadful design and bad customer service. Manual is in three languages.",2,0
653,coffee maker,Bought it as a gift. I expected more but the coffee is dreadful.,1,0
654,laptop,"One star, the trackpad is simply cheap. One star, the trackpad is simply dreadful.",2,0
655,coffee maker,"Returned it, mediocre cleaning and bad customer service. Design is poor and stopped working after a week. Nothing about the design is solid; it is sluggish.",1,0
656,laptop,"My favourite part is the excellent performance. Arrived on time. My favourite part is the solid fan noise. Would buy again, comfortable keyboard for the price.",5,1
657,coffee maker,Sadly the carafe feels mediocre. I expected more but the temperature is awful. Colour matches the photos.,2,0
658,laptop,"Five stars for the comfortable fan noise. Not bad at all, the keyboard is superb. Really great keyboard, I love it. Price seems fair.",5,1
659,headphones,My favourite part is the excellent battery. Comfort is fantastic and works as advertised.,5,1
660,coffee maker,"Honestly broken cleaning, avoid. Coffee is broken and stopped working after a week.",1,0
661,laptop,"Bought it as a gift. One star, the battery life is simply frustrating. The battery life is useless.",2,0
662,laptop,"Colour matches the photos. I expected more but the battery life is dreadful. Honestly useless trackpad, avoid. Honestly sluggish fan noise, avoid.",3,0
663,laptop,Fan noise is flimsy and stopped working after a week. Battery life is awful and stopped working after a week.,2,0
664,headphones,"Absolutely smooth — the battery exceeded my expectations. I was skeptical but the comfort turned out outstanding. Colour matches the photos. Really solid bass, I love it.",4,1
665,running shoes,"Returned it, disappointing weight and bad customer service.",2,0
666,headphones,"The battery is dreadful. I expected more but the sound is awful. Bought it as a gift. One star, the battery is simply terrible.",4,0
667,laptop,My favourite part is the fantastic keyboard.,1,0
668,vacuum,"Five stars for the reliable noise. Really smooth suction, I love it. Would buy again, reliable battery for the price.",4,1
669,coffee maker,"Packaging was fine. Really impressive carafe, I love it. Absolutely wonderful — the temperature exceeded my expectations.",4,1
670,headphones,I expected more but the comfort is noisy. The comfort is broken.,2,0
671,laptop,Trackpad is frustrating and stopped working after a week. Packaging was fine. I expected more but the performance is uncomfortable. Not impressive at all — the trackpad is uncomfortable.,3,0
672,headphones,Absolutely brilliant — the noise cancelling exceeded my expectations.,4,1
673,laptop,"Returned it, useless trackpad and bad customer service. Not solid at all — the screen is cheap. Fan noise is awful and stopped working after a week.",1,0
674,headphones,Five stars for the outstanding comfort. Price seems fair.,3,1
675,coffee maker,"Would buy again, reliable brewing time for the price. Bought it as a gift. The cleaning is smooth.",5,1
676,laptop,"Arrived on time. One star, the battery life is simply useless.",2,0
677,vacuum,Colour matches the photos. My favourite part is the smooth weight.,4,1
678,vacuum,"Arrived on time. Would buy again, reliable battery for the price.",5,1
679,laptop,"Really impressive trackpad, I love it. Absolutely crisp — the battery life exceeded my expectations.",5,1
680,laptop,"Returned it, disappointing trackpad and bad customer service. Nothing about the keyboard is excellent; it is uncomfortable. Arrived on time.",2,0
681,laptop,"Colour matches the photos. Not bad at all, the keyboard is comfortable.",5,1
682,laptop,"Not bad at all, the battery life is smooth. Trackpad is wonderful and works as advertised. The keyboard is superb. Used it daily for a month.",5,1
683,novel,Characters is useless and stopped working after a week. Bought it as a gift. I expected more but the characters is poor.,2,0
684,headphones,"Used it daily for a month. Really reliable noise cancelling, I love it.",5,1
685,laptop,Absolutely smooth — the fan noise exceeded my expectations. My favourite part is the smooth screen. I was skeptical but the battery life turned out comfortable. Colour matches the photos.,4,1
686,laptop,"The battery life is noisy. Honestly broken battery life, avoid. Bought it as a gift. Not solid at all — the fan noise is awful.",3,0
687,novel,"Manual is in three languages. Really comfortable pacing, I love it.",4,1
688,laptop,Trackpad is wonderful and works as advertised.,4,1
689,vacuum,"Really lovely suction, I love it. Really excellent filter, I love it.",4,1
690,laptop,Arrived on time. The performance is wonderful. Keyboard is impressive and works as advertised. Absolutely crisp — the fan noise exceeded my expectations.,5,1
691,laptop,Absolutely smooth — the fan noise exceeded my expectations.,5,1
692,running shoes,"Arch support is terrible and stopped working after a week. Nothing about the sizing is reliable; it is dreadful. Colour matches the photos. Returned it, poor weight and bad customer service.",2,0
693,vacuum,Weight is disappointing and stopped working after a week. Sadly the noise feels frustrating.,1,0
694,vacuum,"Colour matches the photos. Five stars for the reliable attachments. Not bad at all, the battery is outstanding.",5,1
695,headphones,"Nothing about the bass is comfortable; it is dreadful. One star, the sound is simply terrible. Shipping was fast.",1,0
696,novel,"Not bad at all, the ending is wonderful.",4,1
697,running shoes,"Not bad at all, the sizing is outstanding. The cushioning is crisp.",4,1
698,running shoes,"Price seems fair. One star, the weight is simply disappointing.",2,0
699,running shoes,Bought it as a gift. The sizing is crisp.,5,1
700,headphones,Nothing about the noise cancelling is smooth; it is terrible. I expected more but the battery is cheap. Used it daily for a month.,2,0
701,coffee maker,"One star, the temperature is simply frustrating. Manual is in three languages.",3,0
702,coffee maker,"Brewing time is superb and works as advertised. Arrived on time. Would buy again, wonderful design for the price.",5,1
703,vacuum,I expected more but the noise is terrible. Sadly the suction feels useless. Shipping was fast.,1,0
704,headphones,"One star, the battery is simply awful. Sadly the noise cancelling feels flimsy. Shipping was fast.",2,0
705,headphones,"Price seems fair. Bass is great and works as advertised. Not bad at all, the bass is wonderful.",4,1
706,novel,"My favourite part is the great writing. Not bad at all, the plot is great. I was skeptical but the ending turned out impressive.",4,1
707,running shoes,I was skeptical but the arch support turned out fantastic. Packaging was fine. The cushioning is excellent.,5,1
708,coffee maker,"Coffee is fantastic and works as advertised. Not bad at all, the design is impressive.",5,1
709,headphones,"Would buy again, outstanding comfort for the price. Shipping was fast.",5,1
710,laptop,"One star, the screen is simply sluggish. Used it daily for a month. Not superb at all — the performance is broken.",1,0
711,coffee maker,"Really reliable temperature, I love it. Absolutely brilliant — the design exceeded my expectations. Really solid temperature, I love it.",5,1
712,laptop,"Really wonderful performance, I love it. Price seems fair.",3,0
713,laptop,Fan noise is dreadful and stopped working after a week. Performance is frustrating and stopped working after a week. Used it daily for a month. The screen is useless.,1,0
714,laptop,Nothing about the fan noise is fantastic; it is terrible.,2,0
715,coffee maker,Sadly the carafe feels cheap. I expected more but the design is cheap. Arrived on time.,2,0
716,running shoes,"Shipping was fast. Returned it, noisy arch support and bad customer service. Honestly sluggish weight, avoid. The grip is useless.",3,0
717,headphones,Absolutely brilliant — the sound exceeded my expectations. Colour matches the photos.,4,1
718,headphones,"My favourite part is the excellent battery. Would buy again, crisp fit for the price. Really great comfort, I love it.",4,1
719,laptop,Shipping was fast. Nothing about the performance is lovely; it is awful.,1,0
720,vacuum,"Used it daily for a month. One star, the noise is simply useless. Honestly frustrating weight, avoid.",4,1
721,laptop,"My favourite part is the comfortable trackpad. Arrived on time. Would buy again, excellent battery life for the price.",5,1
722,laptop,Five stars for the comfortable fan noise.,4,1
723,vacuum,Suction is mediocre and stopped working after a week. Bought it as a gift.,3,0
724,novel,Not superb at all — the plot is dreadful. I expected more but the characters is flimsy.,2,0
725,vacuum,The attachments is wonderful. Absolutely solid — the weight exceeded my expectations.,5,1
726,laptop,Bought it as a gift. Absolutely fantastic — the performance exceeded my expectations.,4,1
727,coffee maker,Arrived on time. My favourite part is the great carafe.,5,1
728,laptop,"Would buy again, excellent battery life for the price.",5,1
729,running shoes,Nothing about the cushioning is lovely; it is terrible. I expected more but the weight is terrible. I expected more but the durability is awful. Price seems fair.,2,0
730,novel,Pacing is crisp and works as advertised. Packaging was fine.,3,1
731,vacuum,Manual is in three languages. I expected more but the noise is disappointing. Sadly the noise feels mediocre.,1,0
732,headphones,"Five stars for the smooth bass. Would buy again, solid fit for the price. Bass is superb and works as advertised.",4,1
733,headphones,"Honestly flimsy sound, avoid. Arrived on time. The noise cancelling is awful.",2,0
734,headphones,"Would buy again, great fit for the price. My favourite part is the comfortable comfort. The fit is smooth. Packaging was fine.",4,1
735,running shoes,Weight is flimsy and stopped working after a week. Arch support is dreadful and stopped working after a week. Nothing about the durability is smooth; it is flimsy.,1,0
736,headphones,The battery is impressive. The bass is wonderful. Price seems fair. Comfort is lovely and works as advertised.,5,1
737,running shoes,"Really impressive sizing, I love it. Arrived on time.",4,1
738,coffee maker,Nothing about the brewing time is impressive; it is poor.,1,0
739,coffee maker,Not crisp at all — the carafe is useless.,2,0
740,running shoes,"One star, the arch support is simply sluggish. Honestly dreadful arch support, avoid. One star, the arch support is simply flimsy. Price seems fair.",2,0
741,headphones,"One star, the bass is simply disappointing. Colour matches the photos.",2,0
742,laptop,Not impressive at all — the trackpad is terrible. I expected more but the performance is poor. Sadly the fan noise feels broken. Manual is in three languages.,3,0
743,headphones,"The fit is useless. Returned it, disappointing noise cancelling and bad customer service. I expected more but the fit is noisy. Shipping was fast.",2,0
744,coffee maker,"The cleaning is mediocre. Packaging was fine. Returned it, disappointing coffee and bad customer service.",1,0
745,coffee maker,The cleaning is great. Five stars for the brilliant cleaning.,4,1
746,running shoes,"Really excellent weight, I love it.",3,1
747,coffee maker,Carafe is useless and stopped working after a week. Manual is in three languages. Temperature is noisy and stopped working after a week.,1,0
748,vacuum,Not outstanding at all — the weight is awful.,2,0
749,coffee maker,"Nothing about the design is outstanding; it is uncomfortable. Returned it, frustrating design and bad customer service. Not brilliant at all — the carafe is frustrating.",1,0
750,coffee maker,"Not bad at all, the design is solid. Shipping was fast. Would buy again, comfortable carafe for the price. My favourite part is the smooth temperature.",4,1
751,vacuum,My favourite part is the lovely weight. Arrived on time.,4,1
752,laptop,Absolutely outstanding — the keyboard exceeded my expectations. The screen is lovely.,5,1
753,vacuum,I expected more but the suction is uncomfortable.,1,0
754,vacuum,Price seems fair. The filter is fantastic.,4,1
755,vacuum,"My favourite part is the impressive battery. Really brilliant noise, I love it. I was skeptical but the attachments turned out great. Bought it as a gift.",4,1
756,laptop,"One star, the fan noise is simply noisy. Manual is in three languages.",3,0
757,running shoes,Sadly the weight feels flimsy.,1,0
758,headphones,"Five stars for the brilliant bass. Would buy again, solid fit for the price. Absolutely lovely — the comfort exceeded my expectations.",4,1
759,vacuum,"Really crisp suction, I love it. Not bad at all, the noise is lovely. Used it daily for a month. Five stars for the solid weight.",1,0
760,coffee maker,My favourite part is the excellent coffee. Bought it as a gift. Absolutely impressive — the design exceeded my expectations.,3,1
761,laptop,"Packaging was fine. Returned it, broken keyboard and bad customer service. Honestly awful trackpad, avoid. Keyboard is poor and stopped working after a week.",2,0
762,coffee maker,"One star, the temperature is simply cheap. Returned it, dreadful coffee and bad customer service. Bought it as a gift. The temperature is disappointing.",1,0
763,coffee maker,I expected more but the coffee is awful. Packaging was fine.,2,0
764,running shoes,Durability is awful and stopped working after a week. Grip is useless and stopped working after a week.,1,0
765,running shoes,Price seems fair. Sadly the weight feels useless.,2,0
766,novel,"The pacing is outstanding. Would buy again, fantastic pacing for the price. Really crisp plot, I love it.",5,1
767,headphones,Not smooth at all — the bass is disappointing. Sadly the battery feels broken.,2,0
768,headphones,Absolutely outstanding — the fit exceeded my expectations. Five stars for the fantastic comfort.,5,1
769,running shoes,I was skeptical but the durability turned out outstanding. I was skeptical but the arch support turned out superb.,3,1
770,coffee maker,Design is fantastic and works as advertised. Price seems fair. I was skeptical but the cleaning turned out excellent.,3,1
771,novel,"Would buy again, crisp pacing for the price.",5,1
772,headphones,"Not bad at all, the battery is outstanding. Noise cancelling is brilliant and works as advertised.",4,1
773,coffee maker,Coffee is useless and stopped working after a week.,3,0
774,novel,Sadly the writing feels terrible. Used it daily for a month.,1,0
775,laptop,Absolutely impressive — the battery life exceeded my expectations. Bought it as a gift. Fan noise is comfortable and works as advertised. The battery life is smooth.,4,1
776,vacuum,"I expected more but the filter is useless. One star, the attachments is simply dreadful.",3,0
777,running shoes,"Price seems fair. Absolutely crisp — the arch support exceeded my expectations. Five stars for the reliable durability. Really comfortable durability, I love it.",3,1
778,laptop,Used it daily for a month. My favourite part is the solid trackpad.,5,1
779,novel,"Colour matches the photos. Really wonderful writing, I love it. Five stars for the smooth pacing.",4,1
780,vacuum,Five stars for the outstanding filter.,4,1
781,headphones,Not reliable at all — the comfort is terrible. Bass is sluggish and stopped working after a week. Not comfortable at all — the sound is poor.,2,0
782,coffee maker,Used it daily for a month. Five stars for the crisp coffee. The coffee is wonderful. I was skeptical but the carafe turned out reliable.,5,1
783,vacuum,"Not bad at all, the suction is solid. Would buy again, impressive weight for the price.",4,1
784,novel,Absolutely lovely — the writing exceeded my expectations.,4,1
785,headphones,"One star, the comfort is simply broken. Price seems fair.",2,0
786,novel,The ending is wonderful. Arrived on time. Absolutely smooth — the writing exceeded my expectations.,4,1
787,vacuum,"One star, the filter is simply mediocre. Suction is awful and stopped working after a week.",1,0
788,coffee maker,"Would buy again, comfortable coffee for the price.",4,1
789,laptop,The screen is brilliant. I was skeptical but the keyboard turned out crisp. Colour matches the photos.,4,1
790,vacuum,"Attachments is lovely and works as advertised. Price seems fair. I was skeptical but the filter turned out great. Not bad at all, the weight is smooth.",5,1
791,coffee maker,My favourite part is the fantastic temperature. Carafe is wonderful and works as advertised.,4,1
792,headphones,Noise cancelling is cheap and stopped working after a week.,2,0
793,headphones,"One star, the noise cancelling is simply broken.",1,0
794,headphones,Fit is disappointing and stopped working after a week.,2,0
795,laptop,"Really fantastic fan noise, I love it. Absolutely comfortable — the screen exceeded my expectations. Price seems fair.",4,1
796,vacuum,Arrived on time. Not great at all — the filter is broken. Nothing about the battery is fantastic; it is disappointing.,1,0
797,vacuum,Attachments is broken and stopped working after a week. Packaging was fine. I expected more but the noise is sluggish.,1,0
798,headphones,Sadly the fit feels dreadful. Packaging was fine. Not impressive at all — the bass is awful.,1,0
799,novel,Absolutely smooth — the pacing exceeded my expectations.,3,1
800,novel,"Colour matches the photos. Would buy again, fantastic dialogue for the price. Absolutely wonderful — the characters exceeded my expectations.",5,1
801,laptop,Five stars for the comfortable keyboard.,4,1
802,laptop,"Colour matches the photos. Returned it, terrible performance and bad customer service.",3,0
803,running shoes,Sizing is impressive and works as advertised.,4,1
804,coffee maker,I was skeptical but the temperature turned out brilliant. I was skeptical but the cleaning turned out fantastic. My favourite part is the reliable design.,5,1
805,coffee maker,"Nothing about the cleaning is solid; it is sluggish. Price seems fair. Honestly sluggish brewing time, avoid. Sadly the temperature feels mediocre.",3,0
806,headphones,Battery is comfortable and works as advertised. Bought it as a gift.,4,1
807,vacuum,I was skeptical but the battery turned out impressive. Bought it as a gift.,4,1
808,laptop,"Shipping was fast. One star, the keyboard is simply frustrating. Honestly mediocre screen, avoid.",2,0
809,coffee maker,Shipping was fast. I was skeptical but the design turned out great.,3,1
810,coffee maker,"Five stars for the great cleaning. Would buy again, impressive cleaning for the price. The design is great.",3,1
811,vacuum,"Honestly terrible weight, avoid. Arrived on time.",2,0
812,coffee maker,"Manual is in three languages. One star, the design is simply noisy. Not great at all — the brewing time is useless.",1,0
813,vacuum,Colour matches the photos. Not excellent at all — the battery is mediocre. Sadly the battery feels terrible.,3,0
814,vacuum,Used it daily for a month. Five stars for the smooth attachments. I was skeptical but the noise turned out fantastic.,4,1
815,headphones,"The sound is solid. Would buy again, outstanding sound for the price. Colour matches the photos.",5,1
816,coffee maker,"Arrived on time. Would buy again, superb design for the price.",4,1
817,headphones,Bass is terrible and stopped working after a week. Price seems fair. I expected more but the bass is poor. Not lovely at all — the sound is uncomfortable.,1,0
818,headphones,Not brilliant at all — the battery is flimsy. Manual is in three languages. Comfort is uncomfortable and stopped working after a week.,3,0
819,headphones,My favourite part is the lovely bass. Packaging was fine. I was skeptical but the comfort turned out solid.,4,1
820,running shoes,I was skeptical but the sizing turned out excellent. Shipping was fast. Cushioning is crisp and works as advertised.,4,1
821,laptop,Not brilliant at all — the battery life is dreadful. Shipping was fast. Nothing about the performance is wonderful; it is broken.,1,0
822,running shoes,"Bought it as a gift. Would buy again, great weight for the price.",4,1
823,novel,Not comfortable at all — the ending is frustrating.,1,0
824,coffee maker,"Not bad at all, the design is excellent. Not bad at all, the cleaning is wonderful. Really wonderful brewing time, I love it.",4,1
825,laptop,"Price seems fair. Returned it, dreadful performance and bad customer service.",2,0
826,laptop,"One star, the keyboard is simply noisy. Battery life is uncomfortable and stopped working after a week.",2,0
827,laptop,"Not bad at all, the performance is impressive. Really smooth trackpad, I love it. Price seems fair. The fan noise is solid.",3,1
828,laptop,"Really crisp fan noise, I love it. Shipping was fast. The trackpad is smooth. My favourite part is the brilliant screen.",5,1
829,novel,The writing is terrible. Characters is useless and stopped working after a week.,2,0
830,laptop,"One star, the performance is simply useless. Price seems fair. Nothing about the keyboard is wonderful; it is uncomfortable.",3,0
831,laptop,The trackpad is cheap. Manual is in three languages. Fan noise is cheap and stopped working after a week. Fan noise is dreadful and stopped working after a week.,2,0
832,vacuum,"Returned it, mediocre attachments and bad customer service. I expected more but the attachments is frustrating. Honestly disappointing attachments, avoid.",2,0
833,coffee maker,"Brewing time is terrible and stopped working after a week. Arrived on time. Returned it, disappointing design and bad customer service. Temperature is uncomfortable and stopped working after a week.",2,0
834,headphones,Absolutely impressive — the bass exceeded my expectations.,4,1
835,coffee maker,"Really solid coffee, I love it. The temperature is lovely. Would buy again, comfortable cleaning for the price.",5,1
836,headphones,The noise cancelling is dreadful. Nothing about the comfort is impressive; it is uncomfortable. I expected more but the fit is flimsy.,2,0
837,coffee maker,"I expected more but the temperature is terrible. One star, the coffee is simply dreadful.",3,0
838,coffee maker,"Really solid carafe, I love it. The carafe is crisp. Design is superb and works as advertised.",5,1
839,laptop,Not excellent at all — the battery life is terrible. Arrived on time.,1,0
840,laptop,"My favourite part is the lovely battery life. Not bad at all, the performance is brilliant.",4,1
841,headphones,Sadly the fit feels cheap. Sound is cheap and stopped working after a week. I expected more but the bass is frustrating.,1,0
842,vacuum,"Packaging was fine. Not bad at all, the filter is great.",4,1
843,novel,Five stars for the brilliant characters.,4,1
844,vacuum,Not great at all — the battery is poor. Sadly the weight feels uncomfortable. Not fantastic at all — the weight is broken.,1,0
845,laptop,"Shipping was fast. Returned it, uncomfortable performance and bad customer service.",2,0
846,running shoes,"Bought it as a gift. My favourite part is the superb cushioning. Would buy again, comfortable cushioning for the price.",5,1
847,vacuum,My favourite part is the comfortable battery.,5,1
848,running shoes,"Would buy again, crisp sizing for the price. Arrived on time.",5,1
849,novel,Sadly the characters feels frustrating. Nothing about the pacing is impressive; it is poor.,1,0
850,coffee maker,My favourite part is the smooth temperature.,5,1
851,coffee maker,"I expected more but the temperature is cheap. Colour matches the photos. Returned it, cheap brewing time and bad customer service.",2,0
852,novel,Sadly the pacing feels disappointing. Not brilliant at all — the plot is disappointing. Nothing about the writing is excellent; it is terrible.,2,0
853,coffee maker,The design is sluggish. Price seems fair.,3,0
854,coffee maker,"Price seems fair. Not bad at all, the brewing time is reliable.",5,1
855,running shoes,"Returned it, disappointing arch support and bad customer service. Bought it as a gift. Honestly awful durability, avoid.",2,0
856,laptop,I expected more but the performance is broken. Colour matches the photos.,1,0
857,headphones,"Honestly mediocre comfort, avoid. Used it daily for a month.",2,0
858,headphones,"Battery is flimsy and stopped working after a week. Honestly disappointing noise cancelling, avoid. Nothing about the bass is wonderful; it is noisy. Shipping was fast.",1,0
859,running shoes,Manual is in three languages. The grip is broken.,2,0
860,running shoes,My favourite part is the wonderful durability.,5,1
861,coffee maker,Nothing about the carafe is fantastic; it is frustrating. Sadly the carafe feels flimsy. Sadly the temperature feels disappointing.,2,0
862,running shoes,"Honestly frustrating weight, avoid. Not excellent at all — the arch support is mediocre. Honestly mediocre durability, avoid.",1,0
863,laptop,Five stars for the comfortable performance. Arrived on time.,3,1
864,vacuum,"Manual is in three languages. Not solid at all — the suction is frustrating. Returned it, uncomfortable noise and bad customer service. Sadly the battery feels cheap.",1,0
865,vacuum,"Not bad at all, the weight is excellent. Used it daily for a month. Not bad at all, the attachments is smooth.",4,1
866,coffee maker,The cleaning is brilliant. My favourite part is the impressive temperature. I was skeptical but the brewing time turned out outstanding.,5,1
867,laptop,"One star, the keyboard is simply frustrating. Nothing about the battery life is lovely; it is noisy. Honestly broken screen, avoid. Price seems fair.",2,0
868,running shoes,"Returned it, sluggish durability and bad customer service. One star, the grip is simply uncomfortable. Grip is mediocre and stopped working after a week.",2,0
869,headphones,"Shipping was fast. My favourite part is the crisp bass. Absolutely great — the battery exceeded my expectations. Would buy again, comfortable noise cancelling for the price.",5,1
870,novel,Packaging was fine. The dialogue is disappointing.,2,0
871,laptop,"Really comfortable performance, I love it. The battery life is reliable. Five stars for the great screen. Price seems fair.",3,1
872,novel,Shipping was fast. The plot is poor.,2,0
873,running shoes,The weight is brilliant. I was skeptical but the durability turned out superb.,4,1
874,laptop,"Absolutely solid — the fan noise exceeded my expectations. Really great trackpad, I love it.",5,1
875,headphones,"Honestly useless sound, avoid. Battery is flimsy and stopped working after a week. Used it daily for a month.",1,0
876,novel,Shipping was fast. Five stars for the comfortable characters.,5,1
877,headphones,"Honestly broken comfort, avoid. Nothing about the bass is lovely; it is dreadful. Nothing about the comfort is great; it is disappointing.",3,0
878,novel,"Would buy again, wonderful ending for the price. Not bad at all, the writing is fantastic.",5,1
879,novel,"My favourite part is the outstanding ending. Not bad at all, the dialogue is smooth.",4,1
880,novel,"Honestly frustrating plot, avoid. Price seems fair.",2,0
881,novel,"Nothing about the plot is superb; it is sluggish. Returned it, terrible plot and bad customer service. One star, the dialogue is simply cheap.",1,0
882,coffee maker,"Returned it, mediocre temperature and bad customer service. Shipping was fast. Temperature is uncomfortable and stopped working after a week.",2,0
883,laptop,"My favourite part is the solid screen. Really brilliant trackpad, I love it. I was skeptical but the fan noise turned out lovely.",4,1
884,coffee maker,Bought it as a gift. Cleaning is poor and stopped working after a week.,3,0
885,running shoes,Colour matches the photos. Sadly the weight feels poor.,1,0
886,vacuum,"Filter is sluggish and stopped working after a week. Nothing about the attachments is impressive; it is disappointing. Honestly uncomfortable battery, avoid.",2,0
887,laptop,Nothing about the fan noise is outstanding; it is noisy. I expected more but the battery life is broken. Manual is in three languages. I expected more but the trackpad is noisy.,3,0
888,coffee maker,"Price seems fair. Returned it, disappointing temperature and bad customer service.",2,0
889,coffee maker,"One star, the temperature is simply noisy. Arrived on time. I expected more but the carafe is mediocre.",2,0
890,coffee maker,Temperature is uncomfortable and stopped working after a week.,2,0
891,vacuum,"Not bad at all, the attachments is brilliant. Bought it as a gift. The filter is solid.",5,1
892,headphones,"Would buy again, great noise cancelling for the price.",4,1
893,novel,Sadly the pacing feels awful. Not outstanding at all — the dialogue is disappointing. Arrived on time.,1,0
894,vacuum,"Nothing about the weight is wonderful; it is awful. The weight is useless. Arrived on time. Honestly useless attachments, avoid.",2,0
895,running shoes,"Sizing is poor and stopped working after a week. Shipping was fast. Not impressive at all — the sizing is mediocre. Returned it, sluggish sizing and bad customer service.",2,0
896,headphones,"Would buy again, crisp fit for the price. My favourite part is the outstanding battery. Not bad at all, the sound is wonderful.",5,1
897,headphones,"Really impressive battery, I love it.",5,1
898,headphones,"Not reliable at all — the bass is poor. One star, the fit is simply sluggish. Honestly mediocre fit, avoid.",1,0
899,novel,"Arrived on time. One star, the writing is simply broken. Returned it, uncomfortable ending and bad customer service. Honestly frustrating ending, avoid.",2,0
900,laptop,Absolutely outstanding — the screen exceeded my expectations.,5,1
901,vacuum,My favourite part is the wonderful filter. Shipping was fast.,4,1
902,running shoes,I was skeptical but the durability turned out impressive. My favourite part is the smooth cushioning.,5,1
903,headphones,Not solid at all — the fit is terrible.,2,0
904,vacuum,"Really impressive suction, I love it. Not bad at all, the battery is comfortable. My favourite part is the comfortable noise.",5,1
905,novel,Characters is sluggish and stopped working after a week. Not impressive at all — the pacing is broken. Dialogue is noisy and stopped working after a week.,2,0
906,running shoes,"Returned it, awful sizing and bad customer service. Used it daily for a month. The cushioning is broken.",1,0
907,running shoes,"Would buy again, solid weight for the price. Five stars for the comfortable cushioning.",4,1
908,novel,My favourite part is the outstanding pacing.,4,1
909,coffee maker,"Bought it as a gift. Honestly mediocre carafe, avoid.",2,0
910,headphones,"Honestly awful noise cancelling, avoid. Nothing about the comfort is reliable; it is useless.",1,0
911,novel,My favourite part is the crisp dialogue. I was skeptical but the pacing turned out smooth. Ending is excellent and works as advertised.,4,1
912,headphones,Not smooth at all — the bass is disappointing. The battery is sluggish. Not wonderful at all — the sound is poor.,2,0
913,headphones,"The battery is reliable. Not bad at all, the battery is impressive. Used it daily for a month.",4,1
914,laptop,Bought it as a gift. I expected more but the fan noise is awful.,3,0
915,running shoes,"Not bad at all, the weight is smooth. Not bad at all, the cushioning is lovely. My favourite part is the great cushioning.",4,1
916,novel,"Five stars for the brilliant characters. Would buy again, lovely ending for the price. Five stars for the brilliant characters.",3,1
917,vacuum,Filter is smooth and works as advertised.,4,1
918,headphones,"Bass is solid and works as advertised. Five stars for the reliable battery. Used it daily for a month. Really smooth noise cancelling, I love it.",4,1
919,coffee maker,"Would buy again, impressive brewing time for the price. Really superb design, I love it. Colour matches the photos.",4,1
920,novel,"Not smooth at all — the dialogue is poor. Arrived on time. Returned it, mediocre dialogue and bad customer service. Not crisp at all — the plot is cheap.",2,0
921,vacuum,The noise is dreadful.,1,0
922,vacuum,"Bought it as a gift. Suction is great and works as advertised. Really impressive battery, I love it.",5,1
923,vacuum,Sadly the attachments feels awful. I expected more but the battery is dreadful.,2,0
924,headphones,"Manual is in three languages. Not bad at all, the fit is superb. My favourite part is the lovely sound. Not bad at all, the noise cancelling is solid.",4,1
925,coffee maker,"Price seems fair. Really brilliant cleaning, I love it. Five stars for the reliable carafe.",4,1
926,coffee maker,Absolutely outstanding — the carafe exceeded my expectations.,3,1
927,coffee maker,My favourite part is the comfortable carafe. Price seems fair.,4,1
928,laptop,"Really solid battery life, I love it.",4,1
929,vacuum,"Not bad at all, the battery is fantastic. Five stars for the lovely weight. Manual is in three languages.",4,1
930,coffee maker,I expected more but the brewing time is cheap.,2,0
931,vacuum,The attachments is outstanding. Used it daily for a month. The weight is fantastic.,5,1
932,novel,Five stars for the reliable characters. Used it daily for a month. My favourite part is the reliable characters.,3,1
933,running shoes,Shipping was fast. The cushioning is uncomfortable. The grip is dreadful. Not wonderful at all — the cushioning is uncomfortable.,1,0
934,coffee maker,Absolutely impressive — the temperature exceeded my expectations. Carafe is fantastic and works as advertised. I was skeptical but the temperature turned out outstanding.,2,0
935,headphones,"Not bad at all, the sound is great. Would buy again, fantastic comfort for the price.",5,1
936,laptop,I expected more but the keyboard is flimsy. Screen is sluggish and stopped working after a week.,2,0
937,headphones,"Packaging was fine. Honestly sluggish comfort, avoid.",2,0
938,laptop,Screen is noisy and stopped working after a week.,1,0
939,novel,The plot is awful. Manual is in three languages.,2,0
940,running shoes,Price seems fair. Arch support is excellent and works as advertised.,5,1
941,coffee maker,"Returned it, disappointing coffee and bad customer service. Honestly dreadful brewing time, avoid.",3,0
942,coffee maker,"Not bad at all, the temperature is impressive. Colour matches the photos.",1,0
943,running shoes,I expected more but the grip is frustrating.,2,0
944,coffee maker,Packaging was fine. Absolutely reliable — the carafe exceeded my expectations.,3,1
945,coffee maker,"Nothing about the coffee is superb; it is broken. Honestly terrible cleaning, avoid. Packaging was fine. One star, the design is simply broken.",2,0
946,running shoes,Sadly the cushioning feels flimsy. Used it daily for a month.,3,0
947,novel,"Dialogue is outstanding and works as advertised. I was skeptical but the plot turned out excellent. Would buy again, outstanding dialogue for the price. Used it daily for a month.",4,1
948,headphones,Sadly the sound feels poor.,3,0
949,novel,Nothing about the writing is excellent; it is dreadful. Packaging was fine.,1,0
950,vacuum,"One star, the attachments is simply noisy. Nothing about the filter is comfortable; it is broken. Price seems fair.",2,0
951,coffee maker,Sadly the temperature feels useless. I expected more but the temperature is cheap. Shipping was fast.,2,0
952,running shoes,"I expected more but the grip is terrible. Manual is in three languages. The sizing is sluggish. Honestly noisy sizing, avoid.",2,0
953,novel,Shipping was fast. Sadly the ending feels useless. The characters is noisy.,3,0
954,headphones,"Not bad at all, the bass is wonderful. Comfort is impressive and works as advertised.",4,1
955,coffee maker,I was skeptical but the brewing time turned out solid. Five stars for the crisp cleaning.,5,1
956,headphones,"Used it daily for a month. Not impressive at all — the comfort is sluggish. Returned it, cheap sound and bad customer service.",2,0
957,coffee maker,"One star, the design is simply disappointing. Not brilliant at all — the temperature is dreadful. Bought it as a gift.",2,0
958,novel,"One star, the ending is simply noisy. Colour matches the photos. The writing is dreadful.",2,0
959,coffee maker,"Returned it, broken carafe and bad customer service.",2,0
960,coffee maker,"Nothing about the brewing time is wonderful; it is broken. Honestly broken brewing time, avoid. Packaging was fine.",2,0
961,coffee maker,"Returned it, flimsy cleaning and bad customer service. One star, the brewing time is simply terrible. Packaging was fine.",2,0
962,vacuum,"Honestly frustrating battery, avoid. The weight is noisy.",2,0
963,headphones,"Shipping was fast. Not bad at all, the battery is smooth.",4,1
964,novel,Nothing about the pacing is impressive; it is terrible.,1,0
965,running shoes,I expected more but the durability is uncomfortable.,3,0
966,vacuum,Not wonderful at all — the suction is broken. The battery is dreadful. Nothing about the noise is smooth; it is frustrating.,2,0
967,headphones,"Shipping was fast. Not bad at all, the sound is brilliant. Five stars for the crisp noise cancelling.",4,1
968,vacuum,Filter is awful and stopped working after a week. Used it daily for a month.,3,0
969,coffee maker,"Used it daily for a month. One star, the temperature is simply poor.",2,0
970,headphones,"Bought it as a gift. Would buy again, great fit for the price. Really impressive bass, I love it. Would buy again, fantastic sound for the price.",5,1
971,coffee maker,Not wonderful at all — the cleaning is noisy.,2,0
972,coffee maker,"Colour matches the photos. Not bad at all, the design is reliable.",4,1
973,laptop,Five stars for the outstanding performance. Absolutely great — the trackpad exceeded my expectations. The trackpad is reliable.,4,1
974,coffee maker,"Really superb cleaning, I love it. Absolutely brilliant — the cleaning exceeded my expectations.",4,1
975,laptop,"Five stars for the brilliant keyboard. Used it daily for a month. Would buy again, brilliant screen for the price.",3,1
976,laptop,"Arrived on time. The screen is fantastic. Would buy again, solid screen for the price. I was skeptical but the fan noise turned out crisp.",5,1
977,vacuum,"Absolutely reliable — the filter exceeded my expectations. Would buy again, lovely weight for the price.",3,1
978,laptop,Not comfortable at all — the fan noise is dreadful. Colour matches the photos.,1,0
979,laptop,I was skeptical but the screen turned out reliable. Price seems fair. Keyboard is smooth and works as advertised.,3,1
980,novel,Manual is in three languages. The pacing is terrible.,1,0
981,headphones,Shipping was fast. I was skeptical but the noise cancelling turned out solid.,4,1
982,headphones,"Not bad at all, the bass is brilliant. The fit is great. Comfort is outstanding and works as advertised.",3,1
983,headphones,"Not bad at all, the noise cancelling is smooth. Shipping was fast. My favourite part is the great noise cancelling.",5,1
984,laptop,Bought it as a gift. Sadly the fan noise feels noisy.,2,0
985,novel,"Honestly noisy ending, avoid. Shipping was fast.",1,0
986,novel,Packaging was fine. The dialogue is crisp.,5,1
987,running shoes,"Honestly uncomfortable sizing, avoid. I expected more but the sizing is noisy. I expected more but the cushioning is dreadful. Manual is in three languages.",2,0
988,laptop,"I expected more but the performance is flimsy. Manual is in three languages. I expected more but the performance is useless. Returned it, terrible screen and bad customer service.",2,0
989,vacuum,"Would buy again, fantastic weight for the price.",4,1
990,laptop,Five stars for the comfortable performance. Trackpad is outstanding and works as advertised. Absolutely impressive — the screen exceeded my expectations.,4,1
991,coffee maker,"I expected more but the temperature is broken. One star, the cleaning is simply frustrating. Not reliable at all — the brewing time is sluggish.",1,0
992,vacuum,Weight is dreadful and stopped working after a week. Noise is dreadful and stopped working after a week.,2,0
993,novel,"Returned it, disappointing writing and bad customer service. Bought it as a gift.",3,0
994,laptop,I expected more but the fan noise is broken. Manual is in three languages. Screen is awful and stopped working after a week. Not smooth at all — the trackpad is cheap.,2,0
995,headphones,Absolutely brilliant — the noise cancelling exceeded my expectations.,5,1
996,headphones,Not comfortable at all — the fit is sluggish. Sadly the comfort feels noisy.,2,0
997,headphones,My favourite part is the lovely noise cancelling.,4,1
998,laptop,Absolutely wonderful — the performance exceeded my expectations.,4,1
999,laptop,The keyboard is uncomfortable. Packaging was fine.,2,0
1000,headphones,Shipping was fast. The noise cancelling is cheap. I expected more but the bass is cheap.,2,0
1001,novel,"Price seems fair. Really reliable pacing, I love it. I was skeptical but the ending turned out superb. Absolutely crisp — the plot exceeded my expectations.",4,1
1002,laptop,Absolutely comfortable — the battery life exceeded my expectations.,4,1
1003,coffee maker,"Really great brewing time, I love it. Packaging was fine.",4,1
1004,coffee maker,"Would buy again, solid brewing time for the price. Colour matches the photos. I was skeptical but the cleaning turned out lovely.",5,1
1005,laptop,Five stars for the solid keyboard.,2,0
1006,headphones,"Not smooth at all — the fit is frustrating. Honestly frustrating sound, avoid. Packaging was fine.",2,0
1007,coffee maker,"Not bad at all, the temperature is impressive. Not bad at all, the coffee is comfortable. Colour matches the photos.",5,1
1008,headphones,Five stars for the impressive sound. Used it daily for a month.,5,1
1009,running shoes,I expected more but the weight is sluggish. Not impressive at all — the sizing is dreadful. Not wonderful at all — the weight is dreadful.,2,0
1010,running shoes,The grip is outstanding. I was skeptical but the sizing turned out comfortable. My favourite part is the great weight.,4,1
1011,vacuum,"Weight is awful and stopped working after a week. Honestly frustrating battery, avoid. Attachments is poor and stopped working after a week. Arrived on time.",2,0
1012,laptop,"Returned it, terrible performance and bad customer service. The keyboard is frustrating.",3,0
1013,coffee maker,I expected more but the brewing time is mediocre. The carafe is dreadful.,3,0
1014,coffee maker,Used it daily for a month. My favourite part is the reliable temperature.,5,1
1015,novel,"Returned it, cheap ending and bad customer service.",1,0
1016,headphones,"Manual is in three languages. Returned it, awful sound and bad customer service. Returned it, frustrating battery and bad customer service.",1,0
1017,novel,I was skeptical but the characters turned out great. Absolutely excellent — the pacing exceeded my expectations. Five stars for the superb dialogue.,5,1
1018,vacuum,"Colour matches the photos. Not bad at all, the noise is superb.",5,1
1019,running shoes,"I expected more but the arch support is disappointing. Returned it, flimsy sizing and bad customer service. Honestly sluggish weight, avoid.",1,0
1020,novel,I was skeptical but the plot turned out brilliant. Shipping was fast.,5,1
1021,headphones,"Five stars for the comfortable bass. Absolutely lovely — the comfort exceeded my expectations. Would buy again, solid fit for the price.",4,1
1022,vacuum,"Arrived on time. Returned it, flimsy attachments and bad customer service.",3,0
1023,coffee maker,The design is broken. Arrived on time.,2,0
1024,coffee maker,"Honestly flimsy temperature, avoid. Sadly the design feels noisy. Price seems fair.",3,0
1025,vacuum,"Would buy again, fantastic filter for the price. I was skeptical but the weight turned out crisp.",3,0
1026,running shoes,I expected more but the grip is dreadful.,2,0
1027,laptop,"Honestly useless battery life, avoid.",2,0
1028,running shoes,"Would buy again, smooth cushioning for the price. Shipping was fast.",4,1
1029,vacuum,"My favourite part is the solid filter. Would buy again, superb weight for the price.",5,1
1030,coffee maker,Absolutely lovely — the cleaning exceeded my expectations.,3,1
1031,novel,The writing is superb. The plot is solid. Used it daily for a month. Five stars for the superb pacing.,5,1
1032,headphones,Price seems fair. Absolutely outstanding — the sound exceeded my expectations. Sound is lovely and works as advertised. Five stars for the wonderful noise cancelling.,5,1
1033,headphones,"Not bad at all, the sound is great. Not bad at all, the noise cancelling is superb. Not bad at all, the bass is brilliant. Shipping was fast.",5,1
1034,vacuum,"Returned it, sluggish attachments and bad customer service.",1,0
1035,headphones,"Would buy again, crisp noise cancelling for the price.",5,1
1036,headphones,"Price seems fair. One star, the comfort is simply awful.",2,0
1037,laptop,Manual is in three languages. Nothing about the keyboard is solid; it is noisy.,2,0
1038,vacuum,"Suction is useless and stopped working after a week. Nothing about the suction is superb; it is cheap. Returned it, mediocre battery and bad customer service. Arrived on time.",2,0
1039,coffee maker,"Would buy again, fantastic carafe for the price.",4,1
1040,headphones,Not fantastic at all — the fit is disappointing. Nothing about the fit is comfortable; it is disappointing. The noise cancelling is uncomfortable.,2,0
1041,vacuum,"Filter is great and works as advertised. Really great suction, I love it. Attachments is outstanding and works as advertised.",5,1
1042,vacuum,"Not fantastic at all — the attachments is poor. Honestly cheap battery, avoid.",1,0
1043,running shoes,"Colour matches the photos. Would buy again, solid grip for the price. The cushioning is impressive. Weight is reliable and works as advertised.",5,1
1044,novel,Absolutely great — the dialogue exceeded my expectations. Writing is lovely and works as advertised.,5,1
1045,vacuum,"The noise is great. Not bad at all, the attachments is lovely. Would buy again, excellent attachments for the price.",4,1
1046,headphones,"One star, the fit is simply terrible. Nothing about the bass is brilliant; it is flimsy. Arrived on time. I expected more but the bass is broken.",2,0
1047,coffee maker,The cleaning is flimsy. Shipping was fast.,1,0
1048,vacuum,Manual is in three languages. The noise is awful.,2,0
1049,headphones,Bought it as a gift. Not wonderful at all — the noise cancelling is flimsy.,1,0
1050,coffee maker,"Honestly awful carafe, avoid.",2,0
1051,laptop,"One star, the battery life is simply cheap. Returned it, terrible trackpad and bad customer service.",3,0
1052,novel,The plot is comfortable. Arrived on time. Five stars for the great pacing.,4,1
1053,novel,"Really excellent pacing, I love it. Not bad at all, the plot is reliable. My favourite part is the reliable pacing.",5,1
1054,running shoes,Arch support is poor and stopped working after a week. I expected more but the sizing is noisy.,2,0
1055,coffee maker,"Shipping was fast. One star, the cleaning is simply cheap. Honestly frustrating design, avoid.",1,0
1056,running shoes,"Shipping was fast. Really brilliant durability, I love it.",4,1
1057,vacuum,Absolutely wonderful — the battery exceeded my expectations.,5,1
1058,coffee maker,"Would buy again, smooth temperature for the price. Colour matches the photos. Five stars for the solid temperature. Design is solid and works as advertised.",3,1
1059,novel,"Not bad at all, the pacing is outstanding. Ending is superb and works as advertised.",4,1
1060,vacuum,Absolutely fantastic — the attachments exceeded my expectations. Battery is superb and works as advertised. I was skeptical but the suction turned out solid.,4,1
1061,running shoes,"One star, the sizing is simply sluggish. I expected more but the sizing is uncomfortable.",4,0
1062,running shoes,"Would buy again, brilliant durability for the price. Absolutely lovely — the durability exceeded my expectations. Packaging was fine. Really smooth weight, I love it.",5,1
1063,headphones,"One star, the sound is simply frustrating. One star, the bass is simply broken.",2,0
1064,running shoes,The arch support is uncomfortable. Arrived on time.,2,0
1065,coffee maker,Used it daily for a month. Sadly the design feels flimsy.,1,0
1066,novel,Dialogue is lovely and works as advertised. Absolutely smooth — the characters exceeded my expectations. The pacing is comfortable.,5,1
1067,headphones,"Not bad at all, the bass is brilliant. Absolutely wonderful — the battery exceeded my expectations. Would buy again, outstanding noise cancelling for the price.",5,1
1068,laptop,Fan noise is comfortable and works as advertised. Absolutely crisp — the keyboard exceeded my expectations. Arrived on time.,4,1
1069,headphones,Sadly the noise cancelling feels useless. Sadly the comfort feels cheap.,2,0
1070,running shoes,Five stars for the reliable grip.,1,0
1071,running shoes,"Really excellent arch support, I love it. Not bad at all, the sizing is comfortable. Five stars for the solid weight.",4,1
1072,vacuum,"Sadly the noise feels awful. Returned it, noisy attachments and bad customer service.",2,0
1073,headphones,Absolutely outstanding — the comfort exceeded my expectations.,4,1
1074,novel,"Really impressive characters, I love it. Shipping was fast.",4,1
1075,novel,"One star, the plot is simply awful. Honestly poor writing, avoid. Not brilliant at all — the dialogue is mediocre.",2,0
1076,novel,Writing is reliable and works as advertised. Five stars for the excellent ending.,4,1
1077,running shoes,"I was skeptical but the cushioning turned out excellent. I was skeptical but the durability turned out excellent. Really superb sizing, I love it.",5,1
1078,laptop,"Returned it, flimsy screen and bad customer service. Screen is terrible and stopped working after a week.",4,0
1079,laptop,"Arrived on time. Five stars for the outstanding screen. Would buy again, reliable fan noise for the price.",4,1
1080,headphones,Sadly the sound feels noisy. Nothing about the noise cancelling is wonderful; it is useless. The bass is useless.,3,0
1081,running shoes,"Returned it, dreadful sizing and bad customer service.",2,0
1082,running shoes,"Would buy again, lovely cushioning for the price.",4,1
1083,headphones,"Would buy again, great noise cancelling for the price. Price seems fair. The fit is smooth. Absolutely solid — the sound exceeded my expectations.",5,1
1084,vacuum,The attachments is uncomfortable.,1,0
1085,running shoes,"Packaging was fine. Not bad at all, the cushioning is reliable. The cushioning is comfortable.",4,1
1086,coffee maker,"Really brilliant coffee, I love it.",4,1
1087,headphones,"Not bad at all, the sound is outstanding. Manual is in three languages.",4,1
1088,novel,"Packaging was fine. Not wonderful at all — the writing is frustrating. Writing is awful and stopped working after a week. Returned it, dreadful dialogue and bad customer service.",2,0
1089,coffee maker,"Colour matches the photos. Design is impressive and works as advertised. Really impressive carafe, I love it. The brewing time is superb.",4,1
1090,laptop,Screen is uncomfortable and stopped working after a week.,3,0
1091,novel,My favourite part is the crisp plot.,4,1
1092,vacuum,I expected more but the filter is frustrating.,2,0
1093,laptop,"Not bad at all, the battery life is excellent. Keyboard is impressive and works as advertised.",4,1
1094,laptop,"Really wonderful keyboard, I love it. Five stars for the excellent battery life.",4,1
1095,laptop,Shipping was fast. I was skeptical but the trackpad turned out wonderful. Five stars for the fantastic fan noise. Absolutely lovely — the keyboard exceeded my expectations.,4,1
1096,laptop,Fan noise is brilliant and works as advertised. Price seems fair. Battery life is smooth and works as advertised. Five stars for the solid fan noise.,5,1
1097,coffee maker,Sadly the cleaning feels terrible. Not comfortable at all — the brewing time is dreadful. Colour matches the photos.,1,0
1098,novel,"Would buy again, comfortable dialogue for the price. Bought it as a gift.",5,1
1099,vacuum,"Would buy again, reliable attachments for the price. Really smooth attachments, I love it. Five stars for the impressive battery. Manual is in three languages.",3,1
1100,headphones,"Would buy again, brilliant fit for the price. My favourite part is the wonderful battery.",4,1
1101,running shoes,My favourite part is the great durability. Five stars for the reliable cushioning.,5,1
1102,running shoes,"Returned it, cheap arch support and bad customer service. Manual is in three languages.",3,0
1103,headphones,Sound is reliable and works as advertised. Colour matches the photos. The fit is lovely.,5,1
1104,headphones,Nothing about the sound is wonderful; it is awful. The sound is flimsy.,1,0
1105,laptop,"One star, the battery life is simply uncomfortable. Honestly broken fan noise, avoid. Screen is frustrating and stopped working after a week. Used it daily for a month.",1,0
1106,vacuum,"Sadly the filter feels noisy. One star, the noise is simply awful. One star, the noise is simply flimsy.",2,0
1107,novel,"Writing is excellent and works as advertised. Really lovely ending, I love it. Colour matches the photos. My favourite part is the superb writing.",2,0
1108,headphones,"The comfort is flimsy. Honestly useless comfort, avoid. Arrived on time. Noise cancelling is dreadful and stopped working after a week.",2,0
1109,novel,I was skeptical but the characters turned out comfortable.,4,1
1110,headphones,"Really outstanding sound, I love it. Would buy again, brilliant battery for the price. Colour matches the photos.",4,1
1111,headphones,Sadly the fit feels useless. Noise cancelling is terrible and stopped working after a week.,2,0
1112,coffee maker,I was skeptical but the coffee turned out outstanding. Price seems fair. My favourite part is the lovely cleaning.,5,1
1113,laptop,I expected more but the trackpad is useless. I expected more but the battery life is mediocre. Sadly the trackpad feels cheap. Packaging was fine.,1,0
1114,running shoes,"One star, the sizing is simply awful. Sadly the arch support feels poor.",1,0
1115,coffee maker,Absolutely crisp — the temperature exceeded my expectations. Five stars for the fantastic design. The design is superb.,5,1
1116,laptop,"The fan noise is excellent. Really smooth screen, I love it. Packaging was fine. I was skeptical but the screen turned out fantastic.",5,1
1117,laptop,"Nothing about the keyboard is lovely; it is cheap. I expected more but the screen is broken. One star, the trackpad is simply awful.",2,0
1118,vacuum,I was skeptical but the attachments turned out outstanding.,4,1
1119,vacuum,"My favourite part is the excellent noise. Really impressive suction, I love it. Colour matches the photos.",5,1
1120,novel,"One star, the pacing is simply disappointing. Honestly flimsy ending, avoid.",2,0
1121,headphones,Shipping was fast. Not great at all — the fit is uncomfortable.,2,0
1122,laptop,"Returned it, broken fan noise and bad customer service. Not superb at all — the trackpad is sluggish.",1,0
1123,vacuum,Price seems fair. The filter is dreadful. Suction is useless and stopped working after a week.,1,0
1124,coffee maker,"One star, the cleaning is simply sluggish. I expected more but the coffee is poor.",2,0
1125,laptop,Performance is uncomfortable and stopped working after a week. Colour matches the photos.,1,0
1126,laptop,"Returned it, awful performance and bad customer service.",3,0
1127,vacuum,"Noise is comfortable and works as advertised. Not bad at all, the battery is crisp. Manual is in three languages.",4,1
1128,coffee maker,Absolutely excellent — the cleaning exceeded my expectations. Arrived on time. Temperature is excellent and works as advertised.,4,1
1129,novel,"Honestly awful writing, avoid. Manual is in three languages. I expected more but the plot is terrible. Honestly flimsy dialogue, avoid.",1,0
1130,novel,"One star, the pacing is simply disappointing. Packaging was fine.",1,0
1131,headphones,"Not bad at all, the battery is excellent. Shipping was fast.",5,1
1132,coffee maker,The cleaning is crisp.,4,1
1133,novel,Sadly the plot feels poor. I expected more but the plot is poor. Sadly the ending feels awful. Shipping was fast.,1,0
1134,headphones,Not comfortable at all — the noise cancelling is terrible. Sadly the battery feels mediocre. Price seems fair. Not superb at all — the fit is cheap.,1,0
1135,vacuum,Manual is in three languages. Nothing about the battery is outstanding; it is cheap. Noise is sluggish and stopped working after a week. The noise is uncomfortable.,3,0
1136,vacuum,Bought it as a gift. Absolutely wonderful — the noise exceeded my expectations.,4,1
1137,novel,"The pacing is sluggish. Honestly broken ending, avoid.",4,0
1138,novel,"One star, the plot is simply noisy. Arrived on time. Honestly sluggish dialogue, avoid. Nothing about the pacing is wonderful; it is broken.",2,0
1139,novel,"Not bad at all, the pacing is great. My favourite part is the superb ending. Not bad at all, the dialogue is great.",5,1
1140,novel,Plot is brilliant and works as advertised. I was skeptical but the characters turned out fantastic. Ending is superb and works as advertised.,5,1
1141,running shoes,"Really comfortable grip, I love it. Would buy again, comfortable grip for the price.",4,1
1142,laptop,Five stars for the excellent keyboard. Used it daily for a month.,4,1
1143,coffee maker,"Bought it as a gift. Honestly uncomfortable cleaning, avoid. Returned it, noisy coffee and bad customer service. I expected more but the carafe is flimsy.",2,0
1144,running shoes,Not wonderful at all — the durability is uncomfortable.,2,0
1145,vacuum,"Attachments is noisy and stopped working after a week. Shipping was fast. One star, the attachments is simply broken. Returned it, uncomfortable weight and bad customer service.",1,0
1146,novel,The characters is fantastic.,5,1
1147,running shoes,"Manual is in three languages. The arch support is flimsy. Nothing about the grip is lovely; it is mediocre. Returned it, broken grip and bad customer service.",1,0
1148,coffee maker,The carafe is excellent.,5,1
1149,novel,Dialogue is solid and works as advertised. My favourite part is the reliable characters.,3,1
1150,running shoes,"Honestly noisy arch support, avoid. Arrived on time. Not excellent at all — the sizing is noisy. Nothing about the durability is brilliant; it is sluggish.",2,0
1151,coffee maker,Nothing about the design is comfortable; it is cheap. Packaging was fine.,2,0
1152,coffee maker,"Really great carafe, I love it.",5,1
1153,coffee maker,Five stars for the smooth coffee.,4,1
1154,novel,Absolutely fantastic — the pacing exceeded my expectations. Manual is in three languages. Pacing is fantastic and works as advertised.,4,1
1155,headphones,"Honestly sluggish bass, avoid. Not solid at all — the comfort is frustrating. Price seems fair.",2,0
1156,vacuum,"I expected more but the suction is broken. Not lovely at all — the battery is dreadful. Returned it, uncomfortable attachments and bad customer service.",1,0
1157,laptop,Sadly the fan noise feels useless. Nothing about the performance is smooth; it is poor.,2,0
1158,running shoes,My favourite part is the crisp sizing.,4,1
1159,headphones,Sadly the sound feels sluggish. I expected more but the bass is dreadful. Colour matches the photos. Not reliable at all — the battery is flimsy.,2,0
1160,headphones,"Packaging was fine. The noise cancelling is solid. Not bad at all, the sound is outstanding. I was skeptical but the comfort turned out brilliant.",4,1
1161,novel,The dialogue is noisy.,1,0
1162,laptop,"Used it daily for a month. Honestly flimsy screen, avoid. Sadly the fan noise feels disappointing. The fan noise is broken.",2,0
1163,vacuum,Sadly the noise feels noisy. Sadly the attachments feels terrible. Shipping was fast.,2,0
1164,vacuum,"Really solid battery, I love it. My favourite part is the excellent weight.",4,1
1165,novel,Used it daily for a month. Not reliable at all — the plot is useless.,1,0
1166,coffee maker,"Returned it, uncomfortable design and bad customer service. Colour matches the photos. Returned it, useless temperature and bad customer service.",2,0
1167,novel,My favourite part is the smooth characters. Bought it as a gift.,4,1
1168,coffee maker,Colour matches the photos. Cleaning is great and works as advertised. Temperature is reliable and works as advertised.,4,1
1169,vacuum,"Price seems fair. Would buy again, superb filter for the price. Would buy again, superb weight for the price. Really solid battery, I love it.",4,1
1170,vacuum,"Would buy again, great battery for the price. I was skeptical but the weight turned out superb.",5,1
1171,novel,Shipping was fast. Nothing about the dialogue is excellent; it is disappointing. Ending is dreadful and stopped working after a week.,1,0
1172,running shoes,Packaging was fine. Five stars for the outstanding arch support.,4,1
1173,running shoes,"Would buy again, wonderful weight for the price. Price seems fair.",2,0
1174,coffee maker,Colour matches the photos. I expected more but the coffee is dreadful.,2,0
1175,laptop,Battery life is broken and stopped working after a week. Used it daily for a month.,1,0
1176,headphones,Sadly the battery feels disappointing.,1,0
1177,novel,Shipping was fast. The ending is lovely.,3,1
1178,laptop,"Not bad at all, the screen is impressive. Not bad at all, the performance is excellent. Packaging was fine.",4,1
1179,running shoes,The cushioning is awful. Sadly the arch support feels poor. Price seems fair. Not impressive at all — the weight is terrible.,1,0
1180,running shoes,The arch support is great. The cushioning is reliable.,3,1
1181,laptop,Keyboard is cheap and stopped working after a week.,2,0
1182,running shoes,The sizing is great.,5,1
1183,headphones,Arrived on time. Nothing about the bass is brilliant; it is sluggish. The noise cancelling is uncomfortable. Nothing about the noise cancelling is impressive; it is mediocre.,3,0
1184,running shoes,"Honestly poor weight, avoid. The arch support is broken. Used it daily for a month. Honestly dreadful durability, avoid.",1,0
1185,laptop,"Performance is solid and works as advertised. Really great trackpad, I love it. Shipping was fast.",5,1
1186,vacuum,Used it daily for a month. Not outstanding at all — the battery is terrible. Filter is dreadful and stopped working after a week.,1,0
1187,novel,"Really great dialogue, I love it.",3,1
1188,laptop,"Honestly mediocre performance, avoid. Manual is in three languages. Honestly dreadful battery life, avoid.",2,0
1189,coffee maker,"Sadly the design feels terrible. Colour matches the photos. Honestly terrible cleaning, avoid.",2,0
1190,vacuum,"Really lovely filter, I love it. Not bad at all, the weight is lovely.",4,1
1191,coffee maker,"The cleaning is reliable. Really impressive temperature, I love it. The temperature is superb.",4,1
1192,novel,"Really wonderful writing, I love it. Really comfortable plot, I love it. Bought it as a gift.",4,1
1193,coffee maker,Carafe is uncomfortable and stopped working after a week.,2,0
1194,vacuum,"Colour matches the photos. One star, the noise is simply awful. Honestly poor attachments, avoid. Not impressive at all — the battery is frustrating.",1,0
1195,coffee maker,Manual is in three languages. I expected more but the temperature is dreadful.,1,0
1196,headphones,"Manual is in three languages. Absolutely smooth — the battery exceeded my expectations. I was skeptical but the battery turned out reliable. Would buy again, great battery for the price.",4,1
1197,headphones,Absolutely reliable — the bass exceeded my expectations. Shipping was fast. Absolutely crisp — the bass exceeded my expectations.,4,1
1198,vacuum,"Honestly noisy filter, avoid. Bought it as a gift. Not comfortable at all — the noise is disappointing.",2,0
1199,headphones,Manual is in three languages. Not comfortable at all — the bass is frustrating. Nothing about the noise cancelling is crisp; it is frustrating.,1,0
1200,coffee maker,I expected more but the cleaning is useless. Not smooth at all — the temperature is flimsy. Nothing about the temperature is superb; it is disappointing.,2,0
1201,coffee maker,"Used it daily for a month. Returned it, frustrating cleaning and bad customer service.",1,0
1202,headphones,Sadly the noise cancelling feels frustrating. Shipping was fast.,1,0
1203,coffee maker,Arrived on time. Sadly the design feels mediocre. Nothing about the coffee is comfortable; it is uncomfortable.,2,0
1204,running shoes,"Really wonderful cushioning, I love it. The weight is outstanding. Manual is in three languages.",3,1
1205,coffee maker,Colour matches the photos. Five stars for the outstanding carafe. Carafe is lovely and works as advertised.,5,1
1206,vacuum,"Colour matches the photos. One star, the filter is simply broken. The noise is terrible. Not smooth at all — the battery is frustrating.",2,0
1207,vacuum,Bought it as a gift. Five stars for the lovely suction.,4,1
1208,coffee maker,I expected more but the coffee is uncomfortable. Bought it as a gift. The design is awful. The brewing time is awful.,3,0
1209,vacuum,"Honestly dreadful suction, avoid. Manual is in three languages. Battery is cheap and stopped working after a week.",1,0
1210,vacuum,My favourite part is the brilliant battery. My favourite part is the great attachments.,4,1
1211,vacuum,I expected more but the noise is disappointing. Used it daily for a month.,1,0
1212,headphones,Noise cancelling is frustrating and stopped working after a week. Nothing about the noise cancelling is excellent; it is dreadful.,2,0
1213,headphones,Packaging was fine. I was skeptical but the comfort turned out outstanding.,5,1
1214,coffee maker,"My favourite part is the solid brewing time. Really lovely design, I love it.",3,1
1215,headphones,"Not bad at all, the fit is comfortable. Manual is in three languages. Not bad at all, the bass is solid. The fit is excellent.",3,1
1216,running shoes,"Honestly terrible sizing, avoid.",3,0
1217,laptop,Sadly the keyboard feels broken. Manual is in three languages.,1,0
1218,vacuum,The suction is solid. Absolutely fantastic — the battery exceeded my expectations.,4,1
1219,vacuum,Attachments is solid and works as advertised.,5,1
1220,coffee maker,Nothing about the coffee is brilliant; it is dreadful.,2,0
1221,novel,Nothing about the writing is smooth; it is sluggish. The writing is uncomfortable. The writing is noisy.,2,0
1222,vacuum,"One star, the noise is simply poor. One star, the battery is simply disappointing.",2,0
1223,novel,I was skeptical but the ending turned out superb. Five stars for the wonderful characters.,4,1
1224,novel,Writing is smooth and works as advertised. The plot is fantastic. I was skeptical but the writing turned out brilliant.,4,1
1225,coffee maker,Five stars for the comfortable brewing time. Used it daily for a month.,4,1
1226,coffee maker,"Honestly uncomfortable coffee, avoid. Temperature is noisy and stopped working after a week. Packaging was fine.",1,0
1227,headphones,Not excellent at all — the bass is mediocre.,2,0
1228,vacuum,"Price seems fair. Would buy again, excellent weight for the price. My favourite part is the brilliant filter. My favourite part is the reliable attachments.",4,1
1229,laptop,"One star, the keyboard is simply mediocre. The performance is mediocre.",2,0
1230,novel,Arrived on time. Absolutely comfortable — the ending exceeded my expectations. I was skeptical but the ending turned out smooth.,5,1
1231,headphones,Sadly the fit feels broken.,2,0
1232,coffee maker,"Used it daily for a month. Returned it, flimsy design and bad customer service.",5,1
1233,novel,"Price seems fair. Not bad at all, the dialogue is wonderful. I was skeptical but the plot turned out lovely.",4,1
1234,vacuum,"Shipping was fast. Not bad at all, the suction is wonderful.",4,1
1235,coffee maker,Manual is in three languages. Sadly the cleaning feels cheap.,1,0
1236,coffee maker,Five stars for the brilliant temperature. Coffee is brilliant and works as advertised.,3,1
1237,novel,Packaging was fine. The pacing is reliable.,4,1
1238,laptop,"The battery life is excellent. Not bad at all, the keyboard is comfortable. Colour matches the photos. My favourite part is the impressive keyboard.",4,1
1239,running shoes,Durability is frustrating and stopped working after a week. I expected more but the cushioning is flimsy.,2,0
1240,headphones,"Not smooth at all — the fit is useless. One star, the battery is simply disappointing.",2,0
1241,vacuum,"Bought it as a gift. I was skeptical but the noise turned out lovely. Not bad at all, the weight is comfortable. Five stars for the brilliant filter.",4,1
1242,vacuum,Sadly the weight feels dreadful.,2,0
1243,laptop,Arrived on time. Five stars for the comfortable screen.,5,1
1244,laptop,Bought it as a gift. Trackpad is comfortable and works as advertised. The trackpad is fantastic.,5,1
1245,laptop,Sadly the trackpad feels disappointing. Nothing about the performance is outstanding; it is dreadful.,5,1
1246,novel,Nothing about the plot is crisp; it is flimsy. Nothing about the dialogue is great; it is broken.,1,0
1247,vacuum,"Price seems fair. Honestly mediocre weight, avoid.",1,0
1248,headphones,Price seems fair. I expected more but the sound is disappointing.,1,0
1249,headphones,"Not bad at all, the sound is excellent. Not bad at all, the sound is excellent. Shipping was fast. I was skeptical but the battery turned out brilliant.",4,1
1250,laptop,"I expected more but the performance is poor. Performance is mediocre and stopped working after a week. One star, the trackpad is simply noisy. Packaging was fine.",2,0
1251,headphones,"Not solid at all — the fit is noisy. Shipping was fast. Honestly dreadful noise cancelling, avoid. Sound is frustrating and stopped working after a week.",1,0
1252,running shoes,"The durability is great. Would buy again, brilliant cushioning for the price. I was skeptical but the sizing turned out excellent.",5,1
1253,novel,Writing is frustrating and stopped working after a week. Ending is sluggish and stopped working after a week. Packaging was fine. Ending is uncomfortable and stopped working after a week.,4,1
1254,running shoes,"Absolutely smooth — the arch support exceeded my expectations. Not bad at all, the cushioning is superb. Used it daily for a month.",4,1
1255,headphones,Used it daily for a month. The bass is wonderful. I was skeptical but the noise cancelling turned out smooth.,5,1
1256,running shoes,"Honestly broken sizing, avoid. I expected more but the cushioning is frustrating.",1,0
1257,novel,"Returned it, dreadful pacing and bad customer service. Sadly the plot feels useless. Used it daily for a month. I expected more but the pacing is frustrating.",2,0
1258,novel,"Nothing about the ending is comfortable; it is noisy. Returned it, disappointing ending and bad customer service.",3,0
1259,novel,My favourite part is the excellent characters.,5,1
1260,laptop,"Not bad at all, the keyboard is reliable. Manual is in three languages.",4,1
1261,headphones,My favourite part is the great noise cancelling. Bought it as a gift. Five stars for the solid battery.,5,1
1262,laptop,Nothing about the keyboard is impressive; it is mediocre. Nothing about the fan noise is smooth; it is flimsy. Price seems fair.,2,0
1263,coffee maker,"The coffee is brilliant. Not bad at all, the temperature is superb. Cleaning is fantastic and works as advertised. Bought it as a gift.",4,1
1264,vacuum,"Not brilliant at all — the weight is broken. Returned it, poor attachments and bad customer service. Bought it as a gift.",1,0
1265,vacuum,"Not bad at all, the attachments is reliable.",5,1
1266,laptop,Nothing about the keyboard is wonderful; it is noisy. Price seems fair. Battery life is flimsy and stopped working after a week.,3,0
1267,headphones,"Used it daily for a month. Really outstanding comfort, I love it.",4,1
1268,headphones,Five stars for the wonderful fit. Colour matches the photos. Absolutely lovely — the comfort exceeded my expectations. Comfort is wonderful and works as advertised.,3,1
1269,vacuum,"Would buy again, great attachments for the price. Packaging was fine.",4,1
1270,headphones,"I was skeptical but the bass turned out outstanding. Would buy again, wonderful sound for the price.",4,1
1271,headphones,"The bass is brilliant. Would buy again, outstanding comfort for the price.",5,1
1272,running shoes,Sizing is noisy and stopped working after a week. Arrived on time.,2,0
1273,coffee maker,"The carafe is smooth. Not bad at all, the coffee is solid. Bought it as a gift.",4,1
1274,vacuum,Not reliable at all — the suction is frustrating. Nothing about the battery is comfortable; it is poor.,2,0
1275,novel,Dialogue is awful and stopped working after a week. Price seems fair.,2,0
1276,novel,"Would buy again, brilliant pacing for the price. Used it daily for a month. Not bad at all, the characters is reliable.",4,1
1277,headphones,Shipping was fast. The comfort is dreadful.,2,0
1278,running shoes,"Sadly the arch support feels poor. Arrived on time. One star, the weight is simply awful.",1,0
1279,headphones,"Price seems fair. Returned it, mediocre sound and bad customer service. One star, the comfort is simply mediocre.",2,0
1280,novel,"Really reliable writing, I love it. Colour matches the photos. I was skeptical but the pacing turned out comfortable. Five stars for the brilliant characters.",5,1
1281,laptop,The trackpad is useless. Shipping was fast.,1,0
1282,novel,"Not bad at all, the plot is great. I was skeptical but the writing turned out superb. Five stars for the reliable writing.",5,1
1283,novel,"Nothing about the writing is fantastic; it is disappointing. Nothing about the writing is reliable; it is mediocre. Colour matches the photos. One star, the characters is simply dreadful.",2,0
1284,vacuum,"Absolutely fantastic — the battery exceeded my expectations. Not bad at all, the suction is fantastic. My favourite part is the brilliant noise.",4,1
1285,running shoes,"Bought it as a gift. Honestly dreadful sizing, avoid. Nothing about the weight is reliable; it is sluggish.",1,0
1286,novel,Nothing about the dialogue is impressive; it is noisy. Price seems fair. Not brilliant at all — the plot is disappointing.,2,0
1287,vacuum,"Five stars for the great noise. Not bad at all, the filter is wonderful.",4,1
1288,laptop,"Nothing about the performance is outstanding; it is dreadful. One star, the trackpad is simply awful.",3,0
1289,running shoes,"Packaging was fine. Honestly frustrating durability, avoid. Honestly broken sizing, avoid. Honestly mediocre grip, avoid.",2,0
1290,vacuum,Five stars for the brilliant noise.,5,1
1291,novel,"Really lovely plot, I love it.",5,1
1292,vacuum,"Not bad at all, the weight is smooth. The suction is excellent.",5,1
1293,vacuum,"Would buy again, great attachments for the price. I was skeptical but the attachments turned out lovely.",4,1
1294,vacuum,I was skeptical but the suction turned out smooth. Packaging was fine.,5,1
1295,vacuum,I was skeptical but the suction turned out great. The noise is great. Shipping was fast.,3,1
1296,laptop,"Absolutely lovely — the fan noise exceeded my expectations. Not bad at all, the battery life is smooth. Arrived on time.",4,1
1297,headphones,My favourite part is the lovely bass. Manual is in three languages.,4,1
1298,laptop,"My favourite part is the smooth battery life. Would buy again, brilliant fan noise for the price. Shipping was fast.",4,1
1299,headphones,"Not smooth at all — the comfort is disappointing. Honestly useless sound, avoid. Sadly the sound feels terrible.",2,0
1300,running shoes,Five stars for the impressive weight. Bought it as a gift.,4,1
1301,headphones,"Five stars for the fantastic fit. Packaging was fine. The comfort is impressive. Really superb bass, I love it.",5,1
1302,running shoes,"Used it daily for a month. The cushioning is brilliant. Would buy again, crisp durability for the price. My favourite part is the smooth cushioning.",4,1
1303,running shoes,"Would buy again, impressive weight for the price. Sizing is smooth and works as advertised. Price seems fair. The cushioning is superb.",5,1
1304,coffee maker,"The brewing time is fantastic. My favourite part is the fantastic brewing time. Really brilliant temperature, I love it.",4,1
1305,headphones,"Colour matches the photos. Not lovely at all — the bass is sluggish. One star, the bass is simply broken. The fit is flimsy.",2,0
1306,coffee maker,My favourite part is the crisp brewing time. My favourite part is the solid carafe.,3,1
1307,novel,"Honestly disappointing ending, avoid. Bought it as a gift. Not solid at all — the writing is flimsy. One star, the writing is simply frustrating.",2,0
1308,novel,"Returned it, flimsy writing and bad customer service.",1,0
1309,coffee maker,"I was skeptical but the cleaning turned out lovely. Not bad at all, the coffee is smooth. Shipping was fast. Absolutely excellent — the brewing time exceeded my expectations.",5,1
1310,novel,"Shipping was fast. Honestly awful characters, avoid.",2,0
1311,novel,"Absolutely comfortable — the pacing exceeded my expectations. Would buy again, solid plot for the price.",4,1
1312,laptop,Performance is superb and works as advertised. I was skeptical but the trackpad turned out fantastic. Fan noise is solid and works as advertised.,4,1
1313,laptop,My favourite part is the superb trackpad. The screen is outstanding.,5,1
1314,headphones,Fit is disappointing and stopped working after a week. Colour matches the photos. I expected more but the comfort is broken. Sadly the sound feels broken.,1,0
1315,vacuum,"Honestly awful attachments, avoid.",1,0
1316,coffee maker,"Would buy again, comfortable brewing time for the price. The cleaning is reliable.",4,1
1317,headphones,"Really brilliant battery, I love it. Noise cancelling is impressive and works as advertised. Manual is in three languages.",5,1
1318,running shoes,The weight is comfortable. Colour matches the photos.,5,1
1319,vacuum,"Manual is in three languages. Would buy again, wonderful attachments for the price. Not bad at all, the weight is crisp. I was skeptical but the noise turned out lovely.",4,1
1320,laptop,"Arrived on time. I was skeptical but the screen turned out brilliant. Five stars for the comfortable trackpad. Really superb performance, I love it.",4,1
1321,running shoes,Nothing about the durability is comfortable; it is disappointing. Not comfortable at all — the sizing is flimsy. Bought it as a gift. Sadly the cushioning feels flimsy.,3,0
1322,headphones,My favourite part is the reliable fit.,5,1
1323,vacuum,"Five stars for the comfortable attachments. Would buy again, brilliant noise for the price. I was skeptical but the attachments turned out solid. Manual is in three languages.",4,1
1324,novel,Price seems fair. Writing is superb and works as advertised.,5,1
1325,headphones,Packaging was fine. My favourite part is the brilliant bass.,4,1
1326,novel,"Not impressive at all — the writing is terrible. One star, the ending is simply broken. Arrived on time. Sadly the characters feels sluggish.",2,0
1327,vacuum,Nothing about the suction is solid; it is broken.,1,0
1328,laptop,"Arrived on time. One star, the performance is simply terrible. Returned it, noisy trackpad and bad customer service. Nothing about the battery life is excellent; it is terrible.",1,0
1329,vacuum,"Really brilliant battery, I love it. Packaging was fine. I was skeptical but the attachments turned out comfortable.",4,1
1330,running shoes,"Shipping was fast. Honestly flimsy durability, avoid. One star, the grip is simply terrible.",1,0
1331,coffee maker,Bought it as a gift. The design is awful. Nothing about the carafe is impressive; it is disappointing. I expected more but the carafe is broken.,1,0
1332,laptop,"Honestly awful keyboard, avoid. I expected more but the performance is noisy. Not impressive at all — the performance is flimsy.",1,0
1333,running shoes,"Cushioning is superb and works as advertised. Really smooth arch support, I love it. Durability is lovely and works as advertised.",4,1
1334,running shoes,"Absolutely reliable — the durability exceeded my expectations. Would buy again, smooth weight for the price.",5,1
1335,coffee maker,The temperature is impressive.,4,1
1336,running shoes,Bought it as a gift. The grip is terrible.,1,0
1337,headphones,Bass is solid and works as advertised. The noise cancelling is solid. My favourite part is the wonderful noise cancelling.,5,1
1338,running shoes,Bought it as a gift. Nothing about the durability is impressive; it is mediocre.,3,0
1339,headphones,Not lovely at all — the battery is cheap. Not smooth at all — the comfort is broken. Nothing about the battery is great; it is broken. Shipping was fast.,3,0
1340,novel,Five stars for the excellent dialogue. Manual is in three languages. Pacing is lovely and works as advertised.,5,1
1341,headphones,"Really solid sound, I love it.",4,1
1342,novel,I expected more but the ending is sluggish.,1,0
1343,vacuum,"Returned it, noisy suction and bad customer service. One star, the battery is simply frustrating. Filter is awful and stopped working after a week.",2,0
1344,laptop,Not smooth at all — the keyboard is mediocre. Not lovely at all — the battery life is cheap. Shipping was fast.,2,0
1345,vacuum,The filter is broken.,3,0
1346,laptop,Bought it as a gift. Nothing about the fan noise is outstanding; it is terrible. Nothing about the performance is superb; it is dreadful.,2,0
1347,headphones,Colour matches the photos. Bass is dreadful and stopped working after a week.,2,0
1348,running shoes,"Five stars for the comfortable durability. Really superb weight, I love it.",4,1
1349,coffee maker,Carafe is smooth and works as advertised.,5,1
1350,novel,"Not bad at all, the pacing is superb. Not bad at all, the characters is crisp. Price seems fair.",5,1
1351,coffee maker,"One star, the brewing time is simply terrible. Not crisp at all — the design is mediocre.",2,0
1352,laptop,I expected more but the performance is frustrating.,2,0
1353,coffee maker,"Not bad at all, the carafe is wonderful. I was skeptical but the brewing time turned out lovely.",5,1
1354,coffee maker,"Really solid carafe, I love it. Not bad at all, the cleaning is smooth.",5,1
1355,coffee maker,"Packaging was fine. One star, the temperature is simply poor. Sadly the design feels noisy. Sadly the design feels cheap.",1,0
1356,running shoes,Five stars for the excellent cushioning.,5,1
1357,laptop,"Not bad at all, the screen is brilliant. Not bad at all, the trackpad is great. Arrived on time. The battery life is wonderful.",3,1
1358,novel,"One star, the writing is simply cheap. The writing is disappointing. Manual is in three languages.",2,0
1359,coffee maker,"Returned it, dreadful design and bad customer service.",2,0
1360,vacuum,"Really smooth battery, I love it. My favourite part is the solid suction.",5,1
1361,vacuum,Packaging was fine. I was skeptical but the filter turned out impressive.,5,1
1362,novel,The dialogue is frustrating. Shipping was fast.,2,0
1363,novel,"Nothing about the dialogue is wonderful; it is awful. Returned it, terrible writing and bad customer service. Sadly the plot feels broken.",2,0
1364,headphones,"Not bad at all, the comfort is great. Absolutely comfortable — the bass exceeded my expectations.",3,1
1365,coffee maker,"Would buy again, comfortable coffee for the price. I was skeptical but the cleaning turned out lovely. Five stars for the comfortable temperature.",4,1
1366,novel,"Absolutely superb — the characters exceeded my expectations. Would buy again, comfortable dialogue for the price. Bought it as a gift.",5,1
1367,novel,"Really superb characters, I love it. Absolutely fantastic — the dialogue exceeded my expectations. Arrived on time.",4,1
1368,vacuum,"Really smooth battery, I love it. Not bad at all, the attachments is reliable.",5,1
1369,running shoes,"My favourite part is the wonderful cushioning. Would buy again, excellent arch support for the price. Price seems fair. Absolutely superb — the arch support exceeded my expectations.",5,1
1370,vacuum,"Would buy again, solid attachments for the price.",5,1
1371,novel,"Returned it, awful plot and bad customer service. One star, the characters is simply uncomfortable. Honestly mediocre plot, avoid.",2,0
1372,headphones,"Honestly cheap fit, avoid. The battery is frustrating.",1,0
1373,vacuum,I expected more but the battery is frustrating. Price seems fair.,2,0
1374,headphones,"Honestly mediocre sound, avoid.",1,0
1375,coffee maker,"Really lovely carafe, I love it. I was skeptical but the design turned out wonderful.",4,1
1376,running shoes,"Sadly the arch support feels dreadful. Returned it, uncomfortable durability and bad customer service.",2,0
1377,laptop,Colour matches the photos. Sadly the keyboard feels noisy.,2,0
1378,laptop,The trackpad is smooth. The fan noise is great. Five stars for the crisp screen.,5,1
1379,coffee maker,"Shipping was fast. Honestly dreadful cleaning, avoid. Returned it, cheap design and bad customer service. Honestly noisy brewing time, avoid.",2,0
1380,headphones,Manual is in three languages. Sadly the noise cancelling feels noisy.,5,1
1381,coffee maker,"Really lovely design, I love it.",5,1
1382,laptop,"Returned it, poor trackpad and bad customer service. Not smooth at all — the keyboard is mediocre. Bought it as a gift.",2,0
1383,headphones,"Returned it, frustrating bass and bad customer service. Price seems fair. Nothing about the comfort is outstanding; it is flimsy.",3,0
1384,running shoes,Price seems fair. The sizing is superb.,4,1
1385,coffee maker,Coffee is awful and stopped working after a week. Carafe is frustrating and stopped working after a week. I expected more but the cleaning is useless.,2,0
1386,novel,"One star, the writing is simply uncomfortable. Arrived on time. One star, the characters is simply mediocre. Pacing is terrible and stopped working after a week.",1,0
1387,novel,"My favourite part is the brilliant characters. Not bad at all, the dialogue is smooth. Would buy again, impressive plot for the price. Colour matches the photos.",5,1
1388,running shoes,"My favourite part is the impressive sizing. Would buy again, great arch support for the price. Really solid durability, I love it.",4,1
1389,headphones,"Five stars for the excellent bass. The sound is wonderful. Would buy again, smooth sound for the price. Packaging was fine.",5,1
1390,vacuum,The attachments is comfortable. I was skeptical but the attachments turned out crisp.,3,1
1391,running shoes,I was skeptical but the cushioning turned out great. Arrived on time. Grip is brilliant and works as advertised.,5,1
1392,headphones,Sadly the bass feels frustrating. Price seems fair. Not wonderful at all — the sound is noisy. Sound is flimsy and stopped working after a week.,3,0
1393,coffee maker,"Five stars for the superb coffee. I was skeptical but the cleaning turned out wonderful. Really reliable design, I love it.",5,1
1394,running shoes,"Returned it, cheap cushioning and bad customer service. The grip is sluggish. Arrived on time.",4,0
1395,novel,"Price seems fair. Not bad at all, the plot is smooth.",5,1
1396,running shoes,Cushioning is outstanding and works as advertised.,4,1
1397,novel,"Would buy again, brilliant pacing for the price. Really superb pacing, I love it. Would buy again, outstanding dialogue for the price. Price seems fair.",5,1
1398,headphones,Nothing about the sound is wonderful; it is flimsy.,2,0
1399,running shoes,Absolutely solid — the weight exceeded my expectations. I was skeptical but the durability turned out fantastic. Arrived on time.,4,1
1400,novel,"Manual is in three languages. Not bad at all, the characters is excellent. Not bad at all, the writing is smooth.",4,1
1401,running shoes,"Bought it as a gift. Sadly the arch support feels sluggish. Honestly mediocre cushioning, avoid.",2,0
1402,coffee maker,"The coffee is noisy. Not superb at all — the cleaning is flimsy. One star, the temperature is simply sluggish.",1,0
1403,laptop,Price seems fair. Trackpad is noisy and stopped working after a week. Nothing about the trackpad is great; it is uncomfortable.,4,1
1404,laptop,"Honestly sluggish screen, avoid. Shipping was fast. I expected more but the screen is broken.",2,0
1405,coffee maker,Five stars for the superb design. Bought it as a gift.,3,1
1406,vacuum,Attachments is disappointing and stopped working after a week.,1,0
1407,vacuum,"Would buy again, fantastic weight for the price.",4,1
1408,running shoes,Arch support is crisp and works as advertised.,4,1
1409,headphones,"Would buy again, crisp comfort for the price. Shipping was fast. I was skeptical but the noise cancelling turned out smooth. Would buy again, impressive battery for the price.",4,1
1410,headphones,I expected more but the sound is useless. The fit is terrible.,3,0
1411,coffee maker,Used it daily for a month. Sadly the design feels awful.,1,0
1412,laptop,"Would buy again, reliable keyboard for the price. Not bad at all, the keyboard is brilliant. Not bad at all, the performance is reliable.",5,1
1413,running shoes,"Really outstanding weight, I love it. Five stars for the great durability. I was skeptical but the arch support turned out reliable.",5,1
1414,laptop,Battery life is crisp and works as advertised. Battery life is excellent and works as advertised. Absolutely superb — the screen exceeded my expectations.,5,1
1415,vacuum,Five stars for the lovely attachments. Five stars for the wonderful attachments. I was skeptical but the attachments turned out fantastic.,5,1
1416,headphones,Five stars for the outstanding noise cancelling. Colour matches the photos.,4,1
1417,vacuum,The weight is dreadful. I expected more but the suction is terrible. Bought it as a gift. I expected more but the weight is uncomfortable.,3,0
1418,laptop,I was skeptical but the battery life turned out brilliant.,5,1
1419,novel,"Writing is fantastic and works as advertised. Absolutely great — the characters exceeded my expectations. Really brilliant plot, I love it.",4,1
1420,novel,The dialogue is frustrating. Not outstanding at all — the plot is cheap. Nothing about the ending is wonderful; it is broken.,2,0
1421,novel,"Would buy again, fantastic characters for the price.",5,1
1422,novel,I was skeptical but the pacing turned out outstanding. Plot is superb and works as advertised. Shipping was fast.,4,1
1423,coffee maker,Cleaning is reliable and works as advertised. Absolutely impressive — the carafe exceeded my expectations. Absolutely impressive — the carafe exceeded my expectations.,4,1
1424,novel,Sadly the writing feels useless. Nothing about the dialogue is crisp; it is awful. Colour matches the photos.,1,0
1425,laptop,I was skeptical but the performance turned out excellent. I was skeptical but the keyboard turned out smooth. Five stars for the solid trackpad.,4,1
1426,coffee maker,The design is fantastic. Shipping was fast. The temperature is great.,5,1
1427,laptop,The fan noise is noisy. Nothing about the fan noise is wonderful; it is awful.,1,0
1428,vacuum,"Price seems fair. Honestly awful battery, avoid. Attachments is broken and stopped working after a week. Nothing about the weight is brilliant; it is broken.",3,0
1429,vacuum,"Not crisp at all — the noise is useless. Honestly cheap noise, avoid.",2,0
1430,laptop,"Would buy again, reliable performance for the price. My favourite part is the brilliant performance. Really solid performance, I love it.",3,1
1431,headphones,Not excellent at all — the bass is broken.,2,0
1432,coffee maker,"Returned it, noisy coffee and bad customer service.",2,0
1433,vacuum,"One star, the weight is simply useless. Honestly frustrating noise, avoid.",3,0
1434,novel,Not wonderful at all — the plot is mediocre.,3,0
1435,laptop,Arrived on time. The fan noise is impressive.,4,1
1436,novel,Ending is mediocre and stopped working after a week. The dialogue is dreadful.,1,0
1437,coffee maker,Arrived on time. I expected more but the coffee is cheap.,2,0
1438,laptop,"Not bad at all, the performance is brilliant. Performance is fantastic and works as advertised. I was skeptical but the battery life turned out superb.",4,1
1439,coffee maker,"The temperature is awful. Nothing about the design is solid; it is broken. Returned it, uncomfortable cleaning and bad customer service.",1,0
1440,running shoes,Not impressive at all — the arch support is flimsy. Shipping was fast. Nothing about the grip is crisp; it is dreadful. I expected more but the durability is awful.,2,0
1441,coffee maker,"Cleaning is lovely and works as advertised. Arrived on time. Not bad at all, the coffee is wonderful.",4,1
1442,coffee maker,Temperature is reliable and works as advertised. Five stars for the solid brewing time. Price seems fair.,5,1
1443,vacuum,The suction is frustrating. Bought it as a gift. I expected more but the noise is uncomfortable.,1,0
1444,headphones,"Sound is brilliant and works as advertised. Not bad at all, the fit is impressive. Really reliable noise cancelling, I love it.",5,1
1445,coffee maker,Sadly the brewing time feels broken. Manual is in three languages. Nothing about the design is great; it is sluggish. I expected more but the cleaning is awful.,2,0
1446,running shoes,"Not bad at all, the weight is superb. Used it daily for a month. The sizing is solid. I was skeptical but the arch support turned out outstanding.",5,1
1447,coffee maker,"Really superb design, I love it.",4,1
1448,laptop,Five stars for the reliable battery life. Packaging was fine.,4,1
1449,headphones,Used it daily for a month. Sadly the noise cancelling feels awful.,2,0
1450,running shoes,Colour matches the photos. I was skeptical but the weight turned out outstanding.,4,1
1451,headphones,"Bought it as a gift. Not bad at all, the fit is crisp. My favourite part is the fantastic sound.",4,1
1452,coffee maker,"Honestly cheap brewing time, avoid.",1,0
1453,coffee maker,"Returned it, cheap carafe and bad customer service. One star, the coffee is simply flimsy. Nothing about the coffee is comfortable; it is mediocre.",2,0
1454,coffee maker,"Honestly terrible coffee, avoid. Nothing about the temperature is wonderful; it is disappointing. One star, the cleaning is simply noisy. Colour matches the photos.",2,0
1455,vacuum,"Not bad at all, the battery is brilliant. Colour matches the photos. Battery is excellent and works as advertised.",4,1
1456,novel,Plot is crisp and works as advertised. Packaging was fine. My favourite part is the reliable plot. I was skeptical but the dialogue turned out smooth.,5,1
1457,running shoes,"Not bad at all, the sizing is comfortable. Really smooth durability, I love it. My favourite part is the brilliant cushioning.",5,1
1458,vacuum,Five stars for the crisp suction. The battery is reliable.,5,1
1459,vacuum,"Really lovely attachments, I love it. Colour matches the photos. Not bad at all, the battery is fantastic. The battery is impressive.",3,1
1460,vacuum,"I was skeptical but the filter turned out reliable. Not bad at all, the filter is fantastic.",4,1
1461,running shoes,"Honestly mediocre grip, avoid. Returned it, flimsy cushioning and bad customer service. Honestly noisy weight, avoid. Arrived on time.",1,0
1462,headphones,"Honestly noisy battery, avoid. Not outstanding at all — the comfort is frustrating. One star, the noise cancelling is simply sluggish.",2,0
1463,coffee maker,Manual is in three languages. Brewing time is solid and works as advertised.,5,1
1464,vacuum,"Really solid noise, I love it. Manual is in three languages.",3,1
1465,vacuum,"Returned it, flimsy attachments and bad customer service. Nothing about the weight is impressive; it is terrible. Honestly sluggish suction, avoid.",2,0
1466,vacuum,"Packaging was fine. Would buy again, smooth attachments for the price.",4,1
1467,running shoes,Price seems fair. Nothing about the grip is smooth; it is poor.,3,0
1468,running shoes,I expected more but the arch support is dreadful. Nothing about the arch support is reliable; it is noisy. Arch support is broken and stopped working after a week.,3,0
1469,laptop,"Used it daily for a month. One star, the battery life is simply awful. I expected more but the screen is poor. Honestly dreadful screen, avoid.",1,0
1470,vacuum,Arrived on time. Nothing about the filter is brilliant; it is useless. I expected more but the attachments is disappointing. Sadly the weight feels noisy.,3,0
1471,vacuum,"Returned it, terrible noise and bad customer service. The attachments is mediocre. Manual is in three languages. Sadly the attachments feels frustrating.",2,0
1472,laptop,"Honestly broken battery life, avoid.",2,0
1473,vacuum,Shipping was fast. Suction is cheap and stopped working after a week.,2,0
1474,vacuum,"Really comfortable suction, I love it. The battery is crisp. Price seems fair.",5,1
1475,laptop,"Not bad at all, the keyboard is lovely. The fan noise is crisp. Bought it as a gift. Absolutely superb — the keyboard exceeded my expectations.",5,1
1476,headphones,"Honestly disappointing bass, avoid.",2,0
1477,headphones,"Sadly the comfort feels uncomfortable. Returned it, sluggish battery and bad customer service. I expected more but the noise cancelling is cheap. Used it daily for a month.",2,0
1478,laptop,"Shipping was fast. Honestly sluggish fan noise, avoid.",2,0
1479,novel,"Shipping was fast. I expected more but the pacing is frustrating. Honestly terrible ending, avoid. I expected more but the writing is flimsy.",1,0
1480,novel,I was skeptical but the plot turned out superb. Absolutely crisp — the dialogue exceeded my expectations. Five stars for the outstanding characters. Price seems fair.,5,1
1481,running shoes,"I expected more but the arch support is disappointing. Returned it, broken arch support and bad customer service. Nothing about the grip is crisp; it is poor. Used it daily for a month.",2,0
1482,headphones,Battery is broken and stopped working after a week. Not lovely at all — the fit is awful. Nothing about the bass is impressive; it is noisy.,1,0
1483,novel,"Colour matches the photos. Honestly cheap ending, avoid. Honestly terrible ending, avoid.",1,0
1484,novel,"Price seems fair. Returned it, dreadful characters and bad customer service.",1,0
1485,vacuum,"Not bad at all, the weight is wonderful. I was skeptical but the noise turned out brilliant. Arrived on time. I was skeptical but the weight turned out solid.",4,1
1486,novel,Not comfortable at all — the plot is cheap.,1,0
1487,headphones,"Arrived on time. Would buy again, impressive bass for the price. Really brilliant comfort, I love it.",4,1
1488,headphones,"I was skeptical but the sound turned out reliable. Really fantastic comfort, I love it.",5,1
1489,coffee maker,"Really superb design, I love it. Five stars for the superb coffee. The cleaning is crisp.",5,1
1490,coffee maker,"Honestly uncomfortable cleaning, avoid. Sadly the carafe feels dreadful.",2,0
1491,vacuum,The weight is useless. Colour matches the photos. Suction is flimsy and stopped working after a week.,1,0
1492,vacuum,"Would buy again, fantastic battery for the price. Shipping was fast. Five stars for the brilliant battery. Really excellent noise, I love it.",5,1
1493,novel,I expected more but the pacing is poor. I expected more but the characters is disappointing. Characters is sluggish and stopped working after a week.,2,0
1494,laptop,Bought it as a gift. The screen is broken. Not brilliant at all — the trackpad is frustrating.,1,0
1495,novel,Nothing about the writing is great; it is awful.,2,0
1496,coffee maker,"Honestly poor cleaning, avoid. The carafe is disappointing. Honestly disappointing coffee, avoid.",2,0
1497,coffee maker,"My favourite part is the excellent design. Really fantastic design, I love it.",3,1
1498,headphones,"My favourite part is the comfortable comfort. Really impressive comfort, I love it. Really brilliant bass, I love it.",5,1
1499,running shoes,Price seems fair. I expected more but the weight is flimsy. Nothing about the sizing is lovely; it is cheap.,1,0
1500,laptop,"Returned it, disappointing battery life and bad customer service. Arrived on time. Sadly the performance feels awful. The performance is cheap.",3,0
1501,novel,"Packaging was fine. The plot is solid. Would buy again, reliable ending for the price. Absolutely brilliant — the writing exceeded my expectations.",5,1
1502,novel,"Would buy again, impressive writing for the price. The dialogue is reliable.",5,1
1503,novel,Manual is in three languages. Five stars for the crisp dialogue. Dialogue is wonderful and works as advertised.,3,1
1504,headphones,Five stars for the brilliant battery. Arrived on time.,4,1
1505,novel,Bought it as a gift. Absolutely reliable — the ending exceeded my expectations. Plot is reliable and works as advertised.,5,1
1506,headphones,Arrived on time. My favourite part is the crisp noise cancelling. Absolutely smooth — the bass exceeded my expectations.,5,1
1507,headphones,Fit is useless and stopped working after a week. Sadly the sound feels dreadful. Arrived on time.,2,0
1508,headphones,Not smooth at all — the fit is sluggish. I expected more but the comfort is terrible. Noise cancelling is useless and stopped working after a week. Packaging was fine.,2,0
1509,vacuum,The noise is terrible. Sadly the noise feels frustrating. Battery is useless and stopped working after a week.,2,0
1510,headphones,The sound is outstanding.,5,1
1511,coffee maker,"Shipping was fast. One star, the design is simply poor.",2,0
1512,vacuum,"Really lovely weight, I love it. Would buy again, smooth weight for the price. Shipping was fast.",5,1
1513,coffee maker,"One star, the cleaning is simply sluggish.",1,0
1514,running shoes,I was skeptical but the arch support turned out brilliant.,5,1
1515,vacuum,"Used it daily for a month. Attachments is mediocre and stopped working after a week. Returned it, uncomfortable battery and bad customer service.",1,0
1516,vacuum,The suction is great.,4,1
1517,vacuum,The weight is outstanding.,5,1
1518,laptop,"Would buy again, lovely keyboard for the price. Arrived on time.",4,1
1519,headphones,"Not lovely at all — the comfort is uncomfortable. Manual is in three languages. One star, the battery is simply useless.",1,0
1520,novel,"Would buy again, great plot for the price. Price seems fair.",5,1
1521,novel,The dialogue is poor. Price seems fair.,2,0
1522,headphones,Nothing about the noise cancelling is smooth; it is dreadful. Packaging was fine. The comfort is cheap.,1,0
1523,novel,Manual is in three languages. Sadly the plot feels sluggish.,2,0
1524,running shoes,"Nothing about the grip is outstanding; it is disappointing. Price seems fair. Returned it, terrible durability and bad customer service. Not crisp at all — the weight is broken.",5,1
1525,coffee maker,Sadly the coffee feels noisy.,3,0
1526,running shoes,"Sadly the cushioning feels flimsy. Cushioning is mediocre and stopped working after a week. One star, the grip is simply uncomfortable.",2,0
1527,laptop,The screen is great. Five stars for the outstanding performance.,5,1
1528,coffee maker,Not excellent at all — the coffee is dreadful. Nothing about the design is reliable; it is flimsy. Packaging was fine.,1,0
1529,laptop,"Would buy again, impressive fan noise for the price.",5,1
1530,headphones,Not fantastic at all — the fit is uncomfortable.,1,0
1531,running shoes,"Absolutely impressive — the durability exceeded my expectations. Cushioning is smooth and works as advertised. Used it daily for a month. Really fantastic grip, I love it.",4,1
1532,novel,"Honestly dreadful plot, avoid.",1,0
1533,headphones,I expected more but the battery is poor.,2,0
1534,coffee maker,"Honestly broken brewing time, avoid. Returned it, poor temperature and bad customer service. Carafe is uncomfortable and stopped working after a week. Colour matches the photos.",1,0
1535,vacuum,Price seems fair. Nothing about the battery is excellent; it is useless.,1,0
1536,novel,"Sadly the plot feels mediocre. Characters is dreadful and stopped working after a week. Returned it, sluggish plot and bad customer service. Arrived on time.",3,0
1537,laptop,Trackpad is excellent and works as advertised. Five stars for the solid trackpad. I was skeptical but the battery life turned out great. Packaging was fine.,4,1
1538,running shoes,Price seems fair. The sizing is noisy.,2,0
1539,coffee maker,The cleaning is excellent.,4,1
1540,headphones,"Not bad at all, the fit is solid. Used it daily for a month.",5,1
1541,novel,"Really smooth pacing, I love it. Used it daily for a month.",5,1
1542,headphones,"Returned it, cheap fit and bad customer service.",2,0
1543,running shoes,Not great at all — the cushioning is terrible. Bought it as a gift. Weight is cheap and stopped working after a week.,4,1
1544,headphones,"One star, the noise cancelling is simply poor. Not fantastic at all — the comfort is cheap. Not wonderful at all — the sound is dreadful. Packaging was fine.",2,0
1545,novel,"Nothing about the dialogue is outstanding; it is sluggish. Not comfortable at all — the dialogue is flimsy. One star, the dialogue is simply cheap. Bought it as a gift.",3,0
1546,laptop,"Colour matches the photos. Trackpad is great and works as advertised. The performance is comfortable. Not bad at all, the fan noise is great.",5,1
1547,laptop,Five stars for the outstanding keyboard. Used it daily for a month. Five stars for the fantastic battery life.,3,1
1548,laptop,"Would buy again, impressive fan noise for the price. Price seems fair. Five stars for the smooth performance. Performance is smooth and works as advertised.",4,1
1549,laptop,"Colour matches the photos. Trackpad is smooth and works as advertised. Not bad at all, the screen is fantastic. I was skeptical but the fan noise turned out outstanding.",1,0
1550,vacuum,Not solid at all — the noise is flimsy. Noise is cheap and stopped working after a week.,2,0
1551,coffee maker,Brewing time is smooth and works as advertised. Shipping was fast.,4,1
1552,vacuum,"Sadly the attachments feels dreadful. Not outstanding at all — the weight is uncomfortable. Honestly sluggish noise, avoid.",2,0
1553,laptop,"Really superb keyboard, I love it. Would buy again, crisp trackpad for the price. Really crisp screen, I love it.",4,1
1554,vacuum,My favourite part is the reliable attachments. Price seems fair.,4,1
1555,vacuum,Price seems fair. I expected more but the battery is disappointing.,3,0
1556,laptop,"Really outstanding battery life, I love it. My favourite part is the wonderful performance. Would buy again, brilliant trackpad for the price. Manual is in three languages.",5,1
1557,coffee maker,"Colour matches the photos. Nothing about the design is lovely; it is poor. I expected more but the design is terrible. Returned it, disappointing cleaning and bad customer service.",2,0
1558,vacuum,"Would buy again, fantastic noise for the price. My favourite part is the great battery.",5,1
1559,vacuum,Suction is sluggish and stopped working after a week.,4,1
1560,laptop,Not lovely at all — the performance is frustrating.,1,0
1561,vacuum,Shipping was fast. The filter is poor. Sadly the weight feels flimsy.,1,0
1562,running shoes,I was skeptical but the arch support turned out reliable. Arrived on time.,4,1
1563,coffee maker,"Coffee is solid and works as advertised. Not bad at all, the coffee is outstanding.",4,1
1564,coffee maker,I expected more but the coffee is uncomfortable.,1,0
1565,headphones,Fit is wonderful and works as advertised. Absolutely excellent — the fit exceeded my expectations.,5,1
1566,headphones,Sound is dreadful and stopped working after a week. Sadly the fit feels disappointing. Shipping was fast.,2,0
1567,laptop,"Not fantastic at all — the performance is useless. Honestly uncomfortable keyboard, avoid. Price seems fair. I expected more but the trackpad is dreadful.",1,0
1568,coffee maker,Bought it as a gift. Absolutely solid — the coffee exceeded my expectations.,4,1
1569,headphones,I expected more but the fit is disappointing. Sound is sluggish and stopped working after a week. Sound is dreadful and stopped working after a week.,2,0
1570,vacuum,"Five stars for the great weight. Not bad at all, the attachments is outstanding. Packaging was fine. Really reliable noise, I love it.",5,1
1571,laptop,"Returned it, sluggish trackpad and bad customer service. Nothing about the keyboard is reliable; it is awful.",5,1
1572,vacuum,Absolutely superb — the battery exceeded my expectations. Arrived on time. Absolutely comfortable — the noise exceeded my expectations.,5,1
1573,vacuum,"Really excellent weight, I love it. Weight is brilliant and works as advertised. Would buy again, outstanding filter for the price.",5,1
1574,laptop,"Really reliable keyboard, I love it. Packaging was fine.",5,1
1575,headphones,The noise cancelling is great. Arrived on time. Five stars for the lovely noise cancelling.,4,1
1576,coffee maker,"The coffee is crisp. Not bad at all, the carafe is impressive. The temperature is solid.",4,1
1577,novel,"Returned it, awful characters and bad customer service. Packaging was fine. I expected more but the plot is frustrating.",1,0
1578,novel,Characters is reliable and works as advertised. Arrived on time.,5,1
1579,running shoes,Not wonderful at all — the sizing is uncomfortable.,2,0
1580,novel,"Absolutely fantastic — the characters exceeded my expectations. Not bad at all, the characters is brilliant. Used it daily for a month.",4,1
1581,running shoes,"One star, the grip is simply cheap. Packaging was fine.",1,0
1582,novel,"Returned it, awful characters and bad customer service. Not reliable at all — the characters is awful. Used it daily for a month.",1,0
1583,laptop,"The keyboard is terrible. Honestly sluggish keyboard, avoid. Not reliable at all — the keyboard is sluggish.",2,0
1584,running shoes,"Shipping was fast. Returned it, cheap grip and bad customer service. Sadly the weight feels frustrating.",3,0
1585,coffee maker,I was skeptical but the temperature turned out brilliant. Used it daily for a month.,5,1
1586,novel,"Manual is in three languages. Returned it, noisy ending and bad customer service.",2,0
1587,running shoes,"Used it daily for a month. Really solid grip, I love it.",5,1
1588,novel,My favourite part is the crisp pacing. Five stars for the superb plot. Bought it as a gift. Absolutely fantastic — the dialogue exceeded my expectations.,3,1
1589,laptop,My favourite part is the crisp keyboard.,4,1
1590,vacuum,"Honestly cheap filter, avoid. Colour matches the photos. Honestly flimsy suction, avoid. I expected more but the battery is useless.",2,0
1591,novel,My favourite part is the impressive ending. Absolutely great — the characters exceeded my expectations. Bought it as a gift.,5,1
1592,laptop,"Absolutely reliable — the trackpad exceeded my expectations. Colour matches the photos. Really great fan noise, I love it. Really fantastic keyboard, I love it.",4,1
1593,coffee maker,"Sadly the cleaning feels cheap. Returned it, poor carafe and bad customer service. Manual is in three languages.",1,0
1594,laptop,"Honestly frustrating keyboard, avoid. Battery life is terrible and stopped working after a week. Shipping was fast.",2,0
1595,laptop,"Honestly poor trackpad, avoid. Returned it, broken fan noise and bad customer service.",1,0
1596,vacuum,"Would buy again, wonderful filter for the price. Suction is crisp and works as advertised.",5,1
1597,vacuum,"Packaging was fine. Really fantastic noise, I love it.",3,1
1598,laptop,Performance is outstanding and works as advertised.,4,1
1599,novel,Not reliable at all — the dialogue is awful. The writing is terrible.,3,1
1600,headphones,I was skeptical but the comfort turned out comfortable.,4,1
1601,running shoes,"Not reliable at all — the cushioning is useless. Used it daily for a month. Honestly uncomfortable grip, avoid.",2,0
1602,running shoes,I was skeptical but the cushioning turned out reliable.,4,1
1603,laptop,Manual is in three languages. Performance is useless and stopped working after a week. The trackpad is broken.,2,0
1604,running shoes,"Five stars for the crisp weight. Really brilliant sizing, I love it. My favourite part is the excellent grip.",3,1
1605,headphones,Absolutely brilliant — the sound exceeded my expectations. Packaging was fine. My favourite part is the reliable fit.,5,1
1606,novel,"One star, the writing is simply cheap. Manual is in three languages. Nothing about the pacing is superb; it is useless.",3,0
1607,laptop,"Colour matches the photos. Not bad at all, the fan noise is superb.",3,1
1608,headphones,"Honestly disappointing comfort, avoid. Honestly sluggish battery, avoid. Returned it, uncomfortable bass and bad customer service.",2,0
1609,running shoes,"I expected more but the weight is broken. Sizing is noisy and stopped working after a week. Returned it, disappointing cushioning and bad customer service.",2,0
1610,laptop,"I expected more but the screen is uncomfortable. Returned it, dreadful battery life and bad customer service. Arrived on time. Not solid at all — the fan noise is disappointing.",2,0
1611,laptop,"Would buy again, smooth keyboard for the price. Would buy again, lovely trackpad for the price. Bought it as a gift.",4,1
1612,novel,Nothing about the plot is comfortable; it is useless.,4,1
1613,headphones,Absolutely crisp — the fit exceeded my expectations.,5,1
1614,headphones,"Honestly cheap battery, avoid.",1,0
1615,coffee maker,"Not bad at all, the carafe is crisp.",4,1
1616,novel,The characters is sluggish. Sadly the characters feels noisy.,1,0
1617,running shoes,"Not bad at all, the grip is reliable. The durability is wonderful. Arrived on time.",4,1
1618,running shoes,Sadly the cushioning feels uncomfortable. Colour matches the photos.,1,0
1619,headphones,I was skeptical but the bass turned out excellent. Colour matches the photos.,4,1
1620,running shoes,The durability is poor. Packaging was fine. The grip is broken.,1,0
1621,novel,"Absolutely superb — the ending exceeded my expectations. Really superb writing, I love it. I was skeptical but the writing turned out great.",4,1
1622,novel,"Returned it, flimsy plot and bad customer service. I expected more but the writing is broken. One star, the writing is simply cheap.",2,0
1623,running shoes,Arrived on time. Not brilliant at all — the grip is frustrating.,2,0
1624,laptop,Nothing about the battery life is outstanding; it is frustrating. Nothing about the fan noise is impressive; it is poor. I expected more but the performance is dreadful.,3,0
1625,laptop,Nothing about the screen is excellent; it is dreadful. The fan noise is frustrating.,2,0
1626,vacuum,"Honestly uncomfortable filter, avoid. Manual is in three languages. The weight is flimsy. Not fantastic at all — the weight is cheap.",2,0
1627,vacuum,Nothing about the suction is great; it is disappointing.,1,0
1628,novel,"Really lovely characters, I love it. Bought it as a gift.",4,1
1629,headphones,My favourite part is the outstanding sound. Price seems fair. I was skeptical but the comfort turned out smooth.,5,1
1630,novel,Absolutely great — the writing exceeded my expectations. Arrived on time. The writing is brilliant.,5,1
1631,laptop,I was skeptical but the trackpad turned out impressive. Colour matches the photos. Five stars for the excellent battery life.,4,1
1632,running shoes,I was skeptical but the sizing turned out great. The weight is excellent. Five stars for the fantastic sizing. Packaging was fine.,5,1
1633,coffee maker,I expected more but the temperature is awful. The design is dreadful. Sadly the brewing time feels flimsy.,2,0
1634,novel,"Would buy again, wonderful ending for the price. Manual is in three languages. Five stars for the solid dialogue. Absolutely superb — the pacing exceeded my expectations.",4,1
1635,headphones,"Nothing about the comfort is solid; it is dreadful. Sound is frustrating and stopped working after a week. Returned it, awful noise cancelling and bad customer service.",2,0
1636,laptop,"Shipping was fast. Really superb screen, I love it.",4,1
1637,novel,"Arrived on time. Not reliable at all — the pacing is sluggish. Returned it, broken plot and bad customer service. Sadly the writing feels noisy.",2,0
1638,vacuum,The suction is awful. Arrived on time. I expected more but the noise is disappointing.,2,0
1639,laptop,"Colour matches the photos. Returned it, cheap fan noise and bad customer service. Not excellent at all — the trackpad is noisy.",2,0
1640,headphones,I was skeptical but the sound turned out superb. Used it daily for a month.,4,1
1641,laptop,"Returned it, sluggish screen and bad customer service. Shipping was fast.",2,0
1642,headphones,The sound is sluggish. Manual is in three languages. The comfort is dreadful.,1,0
1643,vacuum,"Really smooth noise, I love it.",5,1
1644,novel,"Dialogue is fantastic and works as advertised. Not bad at all, the pacing is superb. Absolutely wonderful — the dialogue exceeded my expectations. Price seems fair.",5,1
1645,novel,"Used it daily for a month. Really excellent characters, I love it. The ending is outstanding.",5,1
1646,coffee maker,The cleaning is wonderful. Arrived on time.,4,1
1647,coffee maker,Nothing about the temperature is reliable; it is frustrating.,2,0
1648,running shoes,"I was skeptical but the arch support turned out crisp. Shipping was fast. Really smooth cushioning, I love it. Really excellent sizing, I love it.",4,1
1649,novel,The writing is terrible. I expected more but the pacing is noisy. Bought it as a gift.,1,0
1650,coffee maker,"Not great at all — the brewing time is uncomfortable. Honestly terrible design, avoid. Bought it as a gift. Sadly the brewing time feels dreadful.",1,0
1651,coffee maker,The carafe is frustrating.,1,0
1652,laptop,"Nothing about the fan noise is lovely; it is dreadful. Honestly cheap battery life, avoid. Sadly the screen feels sluggish. Bought it as a gift.",1,0
1653,running shoes,Bought it as a gift. Nothing about the arch support is reliable; it is frustrating.,1,0
1654,headphones,"Sadly the noise cancelling feels cheap. Bought it as a gift. Returned it, terrible noise cancelling and bad customer service.",2,0
1655,running shoes,"Not bad at all, the cushioning is brilliant. Five stars for the reliable sizing. My favourite part is the impressive weight. Used it daily for a month.",4,1
1656,novel,The dialogue is sluggish.,1,0
1657,running shoes,"Manual is in three languages. Really reliable arch support, I love it.",4,1
1658,headphones,Sadly the bass feels flimsy. Nothing about the noise cancelling is fantastic; it is terrible. Nothing about the sound is great; it is sluggish.,1,0
1659,headphones,"Bought it as a gift. Five stars for the great bass. Really smooth noise cancelling, I love it.",3,1
1660,laptop,"Shipping was fast. My favourite part is the wonderful fan noise. Really smooth keyboard, I love it. Really impressive keyboard, I love it.",4,1
1661,laptop,Battery life is outstanding and works as advertised. Price seems fair. The screen is wonderful.,4,1
1662,coffee maker,"Bought it as a gift. Returned it, awful temperature and bad customer service.",1,0
1663,coffee maker,Five stars for the superb carafe.,5,1
1664,running shoes,"Really great durability, I love it. Sizing is lovely and works as advertised. The cushioning is crisp.",5,1
1665,laptop,"Would buy again, wonderful performance for the price. The keyboard is excellent.",5,1
1666,novel,Nothing about the writing is outstanding; it is useless. Packaging was fine.,1,0
1667,headphones,"Not bad at all, the bass is comfortable. Arrived on time.",3,1
1668,headphones,Absolutely comfortable — the noise cancelling exceeded my expectations. Arrived on time.,3,1
1669,running shoes,"Packaging was fine. Returned it, dreadful cushioning and bad customer service. Sadly the grip feels uncomfortable.",3,0
1670,running shoes,Not solid at all — the cushioning is flimsy. I expected more but the durability is terrible. Bought it as a gift. I expected more but the sizing is sluggish.,3,0
1671,running shoes,"Would buy again, brilliant grip for the price. Arrived on time. Five stars for the solid weight.",5,1
1672,running shoes,Durability is awful and stopped working after a week. I expected more but the weight is useless. Shipping was fast. Nothing about the weight is fantastic; it is useless.,2,0
1673,headphones,"Nothing about the bass is impressive; it is cheap. One star, the comfort is simply useless. Packaging was fine.",2,0
1674,vacuum,I expected more but the battery is poor. Used it daily for a month.,2,0
1675,coffee maker,The cleaning is brilliant. Manual is in three languages. Five stars for the excellent brewing time.,5,1
1676,headphones,"Price seems fair. One star, the sound is simply cheap.",2,0
1677,laptop,"Not excellent at all — the battery life is cheap. Nothing about the keyboard is wonderful; it is poor. Honestly flimsy keyboard, avoid.",2,0
1678,novel,"One star, the plot is simply frustrating. The dialogue is terrible. Nothing about the pacing is lovely; it is dreadful.",3,0
1679,coffee maker,"I expected more but the carafe is frustrating. One star, the coffee is simply sluggish. Returned it, uncomfortable coffee and bad customer service.",2,0
1680,coffee maker,"Colour matches the photos. Returned it, dreadful cleaning and bad customer service. Returned it, sluggish design and bad customer service.",2,0
1681,laptop,Screen is noisy and stopped working after a week.,2,0
1682,novel,The characters is smooth. My favourite part is the fantastic pacing.,4,1
1683,headphones,"Honestly noisy bass, avoid. Bought it as a gift. I expected more but the noise cancelling is terrible. Sadly the fit feels flimsy.",2,0
1684,vacuum,Bought it as a gift. The suction is brilliant. Five stars for the crisp weight.,5,1
1685,coffee maker,"Returned it, dreadful brewing time and bad customer service. I expected more but the carafe is sluggish.",1,0
1686,headphones,"Comfort is broken and stopped working after a week. One star, the bass is simply useless. Honestly frustrating battery, avoid.",2,0
1687,laptop,"Absolutely smooth — the keyboard exceeded my expectations. Would buy again, solid performance for the price.",5,1
1688,laptop,Bought it as a gift. The performance is useless.,3,0
1689,headphones,Five stars for the smooth fit.,4,1
1690,novel,I was skeptical but the plot turned out impressive. Used it daily for a month.,4,1
1691,running shoes,"Durability is broken and stopped working after a week. Honestly frustrating durability, avoid. Sadly the cushioning feels terrible.",1,0
1692,headphones,"Used it daily for a month. One star, the sound is simply frustrating. One star, the bass is simply broken. Nothing about the sound is impressive; it is useless.",1,0
1693,laptop,"Not bad at all, the trackpad is crisp.",4,1
1694,laptop,"Absolutely excellent — the performance exceeded my expectations. Not bad at all, the fan noise is great. Used it daily for a month.",4,1
1695,laptop,"Returned it, cheap keyboard and bad customer service. Honestly frustrating fan noise, avoid. Not impressive at all — the trackpad is disappointing. Price seems fair.",1,0
1696,novel,Absolutely impressive — the pacing exceeded my expectations.,5,1
1697,novel,Nothing about the dialogue is crisp; it is flimsy. Packaging was fine.,2,0
1698,headphones,I expected more but the comfort is terrible. The bass is uncomfortable.,2,0
1699,headphones,"Honestly uncomfortable bass, avoid.",1,0
1700,vacuum,"Honestly awful suction, avoid. Honestly sluggish battery, avoid. One star, the battery is simply frustrating. Colour matches the photos.",1,0
1701,headphones,"Absolutely brilliant — the battery exceeded my expectations. The bass is smooth. Really superb battery, I love it.",4,1
1702,headphones,Sadly the battery feels mediocre. I expected more but the fit is flimsy.,2,0
1703,running shoes,"Honestly dreadful weight, avoid. Nothing about the grip is brilliant; it is sluggish. Returned it, mediocre durability and bad customer service.",2,0
1704,headphones,The noise cancelling is solid.,5,1
1705,vacuum,Arrived on time. Five stars for the great filter.,3,1
1706,novel,Absolutely outstanding — the characters exceeded my expectations.,4,1
1707,headphones,Price seems fair. Comfort is solid and works as advertised. My favourite part is the outstanding noise cancelling.,4,1
1708,vacuum,"Used it daily for a month. Not brilliant at all — the attachments is useless. One star, the noise is simply cheap.",2,0
1709,vacuum,"Would buy again, outstanding weight for the price. Manual is in three languages.",4,1
1710,vacuum,"One star, the filter is simply poor. Not reliable at all — the weight is flimsy. Manual is in three languages.",3,0
1711,running shoes,I expected more but the grip is noisy. The sizing is cheap.,2,0
1712,running shoes,"Would buy again, lovely grip for the price. Really lovely durability, I love it. Absolutely lovely — the weight exceeded my expectations. Used it daily for a month.",4,1
1713,laptop,"I expected more but the trackpad is sluggish. Used it daily for a month. Returned it, useless screen and bad customer service.",5,1
1714,vacuum,Nothing about the suction is solid; it is poor.,1,0
1715,headphones,"Arrived on time. Not fantastic at all — the sound is awful. Not wonderful at all — the comfort is dreadful. Returned it, useless noise cancelling and bad customer service.",2,0
1716,running shoes,"Returned it, sluggish durability and bad customer service. I expected more but the durability is mediocre. Colour matches the photos. The grip is uncomfortable.",2,0
1717,coffee maker,"Packaging was fine. Five stars for the smooth temperature. Would buy again, outstanding carafe for the price.",5,1
1718,vacuum,Colour matches the photos. I expected more but the attachments is uncomfortable. Weight is sluggish and stopped working after a week.,3,0
1719,vacuum,The suction is crisp. Battery is fantastic and works as advertised. Used it daily for a month.,5,1
1720,headphones,Packaging was fine. Sadly the noise cancelling feels cheap.,3,0
1721,novel,"Really lovely pacing, I love it. Ending is solid and works as advertised. Really outstanding writing, I love it.",4,1
1722,headphones,Shipping was fast. The bass is fantastic. My favourite part is the crisp comfort. Battery is lovely and works as advertised.,5,1
1723,novel,Nothing about the plot is impressive; it is cheap. Nothing about the writing is crisp; it is disappointing. Used it daily for a month.,2,0
1724,coffee maker,"My favourite part is the impressive brewing time. Really fantastic carafe, I love it. Bought it as a gift. My favourite part is the comfortable temperature.",4,1
1725,coffee maker,Used it daily for a month. Cleaning is crisp and works as advertised.,5,1
1726,vacuum,The weight is flimsy. Nothing about the attachments is solid; it is disappointing. Bought it as a gift. Not impressive at all — the noise is disappointing.,1,0
1727,coffee maker,"I was skeptical but the coffee turned out smooth. Would buy again, great carafe for the price.",4,1
1728,headphones,Packaging was fine. Absolutely lovely — the sound exceeded my expectations. Absolutely solid — the sound exceeded my expectations.,4,1
1729,laptop,"One star, the fan noise is simply dreadful. Returned it, useless battery life and bad customer service. One star, the keyboard is simply broken. Used it daily for a month.",1,0
1730,headphones,Packaging was fine. I expected more but the noise cancelling is poor.,3,0
1731,vacuum,Absolutely superb — the filter exceeded my expectations.,5,1
1732,running shoes,The grip is solid. The weight is crisp. I was skeptical but the sizing turned out impressive.,4,1
1733,coffee maker,Packaging was fine. Brewing time is awful and stopped working after a week.,1,0
1734,headphones,"Sound is fantastic and works as advertised. Really excellent sound, I love it. The fit is smooth.",4,1
1735,running shoes,"Five stars for the outstanding cushioning. Not bad at all, the sizing is great. Absolutely brilliant — the grip exceeded my expectations.",4,1
1736,running shoes,"Price seems fair. Returned it, flimsy arch support and bad customer service. One star, the grip is simply uncomfortable.",3,0
1737,coffee maker,Nothing about the temperature is comfortable; it is mediocre. Price seems fair.,2,0
1738,running shoes,Durability is lovely and works as advertised. Durability is solid and works as advertised. Manual is in three languages.,4,1
1739,laptop,"Honestly noisy keyboard, avoid. Fan noise is cheap and stopped working after a week. Arrived on time.",1,0
1740,running shoes,"Sadly the arch support feels useless. I expected more but the durability is broken. Returned it, frustrating sizing and bad customer service.",1,0
1741,running shoes,Grip is terrible and stopped working after a week. Bought it as a gift. Nothing about the sizing is smooth; it is dreadful.,1,0
1742,headphones,Absolutely wonderful — the comfort exceeded my expectations.,3,1
1743,vacuum,Five stars for the crisp weight. Shipping was fast. The suction is fantastic.,5,1
1744,novel,"Not fantastic at all — the pacing is useless. One star, the plot is simply terrible. Price seems fair.",1,0
1745,laptop,"Would buy again, impressive trackpad for the price. Manual is in three languages.",5,1
1746,novel,The characters is fantastic. Price seems fair. My favourite part is the reliable writing. The characters is solid.,4,1
1747,laptop,Not smooth at all — the screen is disappointing.,1,0
1748,headphones,"I was skeptical but the noise cancelling turned out lovely. Arrived on time. Really wonderful sound, I love it. Not bad at all, the fit is outstanding.",4,1
1749,running shoes,"I was skeptical but the arch support turned out smooth. Would buy again, reliable grip for the price. Absolutely superb — the sizing exceeded my expectations. Manual is in three languages.",5,1
1750,laptop,My favourite part is the outstanding keyboard.,4,1
1751,headphones,"One star, the fit is simply poor. One star, the fit is simply sluggish.",1,0
1752,laptop,Packaging was fine. I expected more but the fan noise is terrible. Sadly the keyboard feels useless.,2,0
1753,vacuum,"Packaging was fine. Returned it, noisy suction and bad customer service.",2,0
1754,running shoes,I expected more but the arch support is flimsy. Price seems fair.,3,0
1755,vacuum,The suction is uncomfortable. Sadly the filter feels disappointing. Sadly the noise feels mediocre.,1,0
1756,vacuum,"I was skeptical but the attachments turned out fantastic. Would buy again, crisp suction for the price. Absolutely smooth — the noise exceeded my expectations.",3,1
1757,headphones,"Five stars for the great comfort. Really outstanding comfort, I love it. Manual is in three languages.",5,1
1758,novel,"The characters is awful. Honestly uncomfortable pacing, avoid. Writing is disappointing and stopped working after a week. Used it daily for a month.",2,0
1759,vacuum,Shipping was fast. The weight is mediocre.,2,0
1760,coffee maker,Sadly the cleaning feels frustrating. Not wonderful at all — the carafe is flimsy.,2,0
1761,vacuum,Nothing about the weight is comfortable; it is frustrating. Nothing about the battery is excellent; it is broken. Packaging was fine.,2,0
1762,novel,"Honestly frustrating pacing, avoid. Sadly the dialogue feels flimsy. Shipping was fast. The dialogue is awful.",3,0
1763,vacuum,I expected more but the battery is cheap. Sadly the suction feels terrible.,4,1
1764,headphones,The sound is flimsy.,1,0
1765,coffee maker,Sadly the brewing time feels frustrating. Sadly the brewing time feels uncomfortable.,1,0
1766,coffee maker,Five stars for the great cleaning.,4,1
1767,laptop,Shipping was fast. I was skeptical but the performance turned out crisp.,5,1
1768,headphones,Comfort is sluggish and stopped working after a week. Noise cancelling is poor and stopped working after a week. Packaging was fine.,2,0
1769,running shoes,"One star, the durability is simply broken.",2,0
1770,vacuum,The weight is awful. Price seems fair. Not excellent at all — the noise is awful.,1,0
1771,coffee maker,"Returned it, disappointing coffee and bad customer service. Colour matches the photos. I expected more but the carafe is mediocre.",2,0
1772,headphones,"Honestly flimsy bass, avoid. I expected more but the noise cancelling is disappointing. Arrived on time. I expected more but the bass is sluggish.",1,0
1773,coffee maker,My favourite part is the outstanding coffee.,3,1
1774,vacuum,Sadly the filter feels poor. Battery is uncomfortable and stopped working after a week. The suction is sluggish. Manual is in three languages.,2,0
1775,vacuum,Sadly the attachments feels sluggish. Arrived on time.,3,0
1776,vacuum,Absolutely wonderful — the suction exceeded my expectations. Weight is smooth and works as advertised.,5,1
1777,running shoes,Arrived on time. Grip is broken and stopped working after a week. Nothing about the cushioning is fantastic; it is dreadful.,1,0
1778,laptop,Price seems fair. Performance is terrible and stopped working after a week.,1,0
1779,novel,Used it daily for a month. The characters is frustrating.,1,0
1780,running shoes,Sadly the sizing feels uncomfortable. Nothing about the arch support is brilliant; it is terrible. The weight is uncomfortable. Shipping was fast.,2,0
1781,novel,"My favourite part is the fantastic dialogue. Would buy again, great dialogue for the price.",4,1
1782,laptop,"Not bad at all, the fan noise is lovely.",5,1
1783,headphones,Bass is outstanding and works as advertised. My favourite part is the impressive noise cancelling.,4,1
1784,laptop,"Honestly terrible keyboard, avoid. Used it daily for a month. I expected more but the performance is sluggish. Performance is broken and stopped working after a week.",1,0
1785,novel,Five stars for the reliable plot. Colour matches the photos. Writing is excellent and works as advertised. I was skeptical but the ending turned out fantastic.,4,1
1786,vacuum,I expected more but the noise is broken. Not superb at all — the battery is noisy.,1,0
1787,novel,Not excellent at all — the writing is useless. Price seems fair.,2,0
1788,vacuum,My favourite part is the impressive filter.,5,1
1789,headphones,"The bass is sluggish. Honestly terrible battery, avoid.",1,0
1790,laptop,Sadly the performance feels terrible. I expected more but the battery life is sluggish. Price seems fair.,2,0
1791,headphones,Comfort is useless and stopped working after a week.,2,0
1792,novel,"Honestly terrible dialogue, avoid. Returned it, sluggish pacing and bad customer service.",1,0
1793,headphones,Nothing about the bass is impressive; it is broken. Arrived on time.,2,0
1794,headphones,The comfort is brilliant. The battery is smooth. The battery is impressive. Shipping was fast.,4,1
1795,coffee maker,"Colour matches the photos. Returned it, awful cleaning and bad customer service. Honestly cheap design, avoid. Returned it, cheap coffee and bad customer service.",3,0
1796,laptop,"Nothing about the fan noise is solid; it is awful. Returned it, useless screen and bad customer service.",3,0
1797,vacuum,"Would buy again, crisp suction for the price.",4,1
1798,headphones,Colour matches the photos. Absolutely excellent — the fit exceeded my expectations.,4,1
1799,running shoes,"One star, the durability is simply disappointing. Sadly the cushioning feels dreadful. Honestly flimsy weight, avoid.",3,0
1800,laptop,I was skeptical but the keyboard turned out fantastic.,5,1
1801,novel,Arrived on time. Five stars for the comfortable ending. Absolutely wonderful — the writing exceeded my expectations.,5,1
1802,vacuum,Not crisp at all — the weight is cheap. Used it daily for a month. The attachments is disappointing. Battery is awful and stopped working after a week.,2,0
1803,vacuum,I expected more but the noise is poor.,1,0
1804,coffee maker,I was skeptical but the cleaning turned out wonderful. Bought it as a gift. Brewing time is reliable and works as advertised.,3,1
1805,vacuum,"Would buy again, outstanding noise for the price. Would buy again, great noise for the price.",4,1
1806,running shoes,The cushioning is great.,3,1
1807,running shoes,"Would buy again, reliable weight for the price.",4,1
1808,vacuum,Noise is awful and stopped working after a week. I expected more but the weight is poor.,2,0
1809,vacuum,"Not bad at all, the noise is reliable. Absolutely smooth — the battery exceeded my expectations.",5,1
1810,headphones,Arrived on time. Battery is uncomfortable and stopped working after a week.,3,0
1811,coffee maker,"The brewing time is lovely. Really lovely carafe, I love it. My favourite part is the great brewing time.",4,1
1812,headphones,"Not reliable at all — the fit is cheap. Packaging was fine. I expected more but the noise cancelling is frustrating. Returned it, flimsy fit and bad customer service.",1,0
1813,headphones,Absolutely brilliant — the sound exceeded my expectations. I was skeptical but the battery turned out fantastic.,4,1
1814,coffee maker,Manual is in three languages. Absolutely crisp — the brewing time exceeded my expectations. Brewing time is reliable and works as advertised. Cleaning is comfortable and works as advertised.,5,1
1815,running shoes,"Not bad at all, the sizing is great. I was skeptical but the arch support turned out impressive.",3,1
1816,coffee maker,"Really wonderful cleaning, I love it. Bought it as a gift. Not bad at all, the cleaning is smooth.",5,1
1817,headphones,"Nothing about the comfort is solid; it is useless. Honestly frustrating battery, avoid. Packaging was fine. One star, the sound is simply broken.",2,0
1818,running shoes,The sizing is frustrating. Sadly the durability feels flimsy. Nothing about the arch support is impressive; it is sluggish. Arrived on time.,1,0
1819,vacuum,"Not bad at all, the suction is excellent. The suction is fantastic.",4,1
1820,vacuum,"Colour matches the photos. Not bad at all, the suction is comfortable. Five stars for the wonderful attachments. Absolutely crisp — the attachments exceeded my expectations.",4,1
1821,vacuum,"Five stars for the superb suction. Really lovely weight, I love it.",4,1
1822,vacuum,"Not outstanding at all — the attachments is uncomfortable. One star, the filter is simply frustrating. Manual is in three languages.",2,0
1823,laptop,"Shipping was fast. Returned it, disappointing screen and bad customer service.",2,0
1824,coffee maker,Not smooth at all — the coffee is dreadful. Nothing about the carafe is impressive; it is dreadful. Used it daily for a month. The brewing time is awful.,1,0
1825,running shoes,"Manual is in three languages. Not bad at all, the cushioning is brilliant.",3,1
1826,headphones,"Honestly poor fit, avoid. I expected more but the battery is poor.",1,0
1827,vacuum,"Price seems fair. Weight is noisy and stopped working after a week. One star, the battery is simply flimsy.",1,0
1828,coffee maker,Nothing about the cleaning is outstanding; it is sluggish. Not brilliant at all — the brewing time is mediocre. Bought it as a gift. Not solid at all — the temperature is uncomfortable.,1,0
1829,running shoes,"Nothing about the grip is superb; it is flimsy. I expected more but the grip is uncomfortable. Packaging was fine. One star, the sizing is simply dreadful.",1,0
1830,headphones,"My favourite part is the crisp sound. Price seems fair. Would buy again, smooth battery for the price. Really lovely fit, I love it.",4,1
1831,novel,The characters is sluggish.,3,0
1832,running shoes,Nothing about the cushioning is fantastic; it is noisy.,3,0
1833,laptop,Absolutely lovely — the performance exceeded my expectations.,5,1
1834,headphones,"Fit is flimsy and stopped working after a week. Returned it, broken comfort and bad customer service. Arrived on time.",1,0
1835,coffee maker,"Bought it as a gift. Honestly frustrating brewing time, avoid. Cleaning is flimsy and stopped working after a week.",2,0
1836,running shoes,"Would buy again, outstanding sizing for the price. Arch support is reliable and works as advertised.",3,1
1837,laptop,Absolutely wonderful — the fan noise exceeded my expectations. Manual is in three languages.,5,1
1838,running shoes,"Price seems fair. Cushioning is wonderful and works as advertised. The weight is smooth. Would buy again, smooth cushioning for the price.",5,1
1839,novel,Bought it as a gift. Not reliable at all — the dialogue is uncomfortable.,1,0
1840,vacuum,Five stars for the smooth weight. Packaging was fine.,4,1
1841,running shoes,I expected more but the weight is awful. Sadly the weight feels awful. Colour matches the photos. Sizing is awful and stopped working after a week.,2,0
1842,laptop,Nothing about the trackpad is smooth; it is frustrating. The keyboard is cheap. Packaging was fine. Screen is cheap and stopped working after a week.,1,0
1843,novel,"One star, the ending is simply broken. Shipping was fast. Honestly uncomfortable dialogue, avoid. Not crisp at all — the pacing is frustrating.",5,1
1844,coffee maker,Nothing about the coffee is solid; it is poor. Sadly the carafe feels disappointing.,2,0
1845,laptop,I expected more but the battery life is mediocre.,2,0
1846,laptop,Absolutely fantastic — the battery life exceeded my expectations. Colour matches the photos.,5,1
1847,laptop,Fan noise is brilliant and works as advertised. Colour matches the photos.,5,1
1848,laptop,Manual is in three languages. I expected more but the screen is cheap.,2,0
1849,novel,"Honestly mediocre dialogue, avoid. Returned it, sluggish pacing and bad customer service.",2,0
1850,coffee maker,Not fantastic at all — the design is dreadful. The temperature is cheap. Not superb at all — the carafe is uncomfortable.,3,0
1851,running shoes,My favourite part is the solid arch support. My favourite part is the superb durability. Arrived on time.,4,1
1852,coffee maker,"Honestly cheap temperature, avoid. Nothing about the carafe is smooth; it is cheap.",2,0
1853,laptop,"Not bad at all, the performance is outstanding. Five stars for the superb performance.",3,1
1854,running shoes,"One star, the arch support is simply terrible. Used it daily for a month. Arch support is flimsy and stopped working after a week.",1,0
1855,vacuum,Absolutely fantastic — the filter exceeded my expectations. Absolutely crisp — the weight exceeded my expectations.,5,1
1856,headphones,Price seems fair. The noise cancelling is uncomfortable. Sadly the noise cancelling feels cheap. Sadly the sound feels poor.,1,0
1857,running shoes,"Price seems fair. I was skeptical but the durability turned out excellent. The sizing is fantastic. Would buy again, lovely grip for the price.",3,1
1858,novel,"Five stars for the superb ending. Would buy again, fantastic writing for the price.",4,1
1859,headphones,The noise cancelling is outstanding. The comfort is crisp. The battery is outstanding.,4,1
1860,headphones,"Sadly the noise cancelling feels poor. Returned it, frustrating noise cancelling and bad customer service.",2,0
1861,running shoes,Absolutely crisp — the sizing exceeded my expectations. Price seems fair. The arch support is reliable.,4,1
1862,running shoes,"Not bad at all, the grip is fantastic. Grip is outstanding and works as advertised. Price seems fair.",5,1
1863,novel,"Sadly the ending feels disappointing. Used it daily for a month. I expected more but the plot is cheap. Returned it, dreadful writing and bad customer service.",2,0
1864,laptop,Not superb at all — the battery life is sluggish. Price seems fair.,2,0
1865,coffee maker,"Returned it, uncomfortable cleaning and bad customer service. I expected more but the temperature is flimsy.",2,0
1866,novel,Shipping was fast. Five stars for the excellent writing.,5,1
1867,running shoes,"Returned it, noisy sizing and bad customer service. Nothing about the weight is impressive; it is noisy. I expected more but the arch support is poor.",3,0
1868,vacuum,Used it daily for a month. The attachments is fantastic.,4,1
1869,running shoes,"Honestly broken sizing, avoid.",3,0
1870,running shoes,Nothing about the sizing is reliable; it is mediocre. Used it daily for a month. Nothing about the sizing is smooth; it is noisy. Nothing about the sizing is outstanding; it is flimsy.,1,0
1871,novel,"Manual is in three languages. One star, the pacing is simply useless.",3,0
1872,coffee maker,"Nothing about the brewing time is outstanding; it is terrible. Honestly poor temperature, avoid. Temperature is terrible and stopped working after a week. Used it daily for a month.",2,0
1873,running shoes,Used it daily for a month. Grip is mediocre and stopped working after a week.,2,0
1874,novel,Colour matches the photos. Sadly the writing feels terrible.,2,0
1875,running shoes,Sadly the arch support feels useless. Not smooth at all — the weight is broken.,1,0
1876,coffee maker,Not impressive at all — the brewing time is sluggish. I expected more but the coffee is poor. Carafe is broken and stopped working after a week.,1,0
1877,novel,"Honestly useless writing, avoid.",2,0
1878,novel,"One star, the characters is simply disappointing. Nothing about the writing is superb; it is flimsy. Nothing about the characters is wonderful; it is sluggish.",1,0
1879,headphones,"The sound is brilliant. Would buy again, excellent fit for the price. Not bad at all, the noise cancelling is reliable.",3,1
1880,novel,"I expected more but the characters is sluggish. Returned it, noisy characters and bad customer service. Arrived on time.",2,0
1881,laptop,"Price seems fair. Really lovely keyboard, I love it. Really smooth performance, I love it.",5,1
1882,coffee maker,"One star, the temperature is simply disappointing. Colour matches the photos.",2,0
1883,novel,I was skeptical but the ending turned out great. Colour matches the photos.,4,1
1884,running shoes,Five stars for the excellent grip. Five stars for the excellent weight.,5,1
1885,vacuum,Attachments is broken and stopped working after a week.,2,0
1886,vacuum,"Would buy again, fantastic attachments for the price. My favourite part is the outstanding weight.",4,1
1887,vacuum,Filter is reliable and works as advertised. Manual is in three languages. The attachments is superb.,5,1
1888,coffee maker,"I was skeptical but the design turned out lovely. Not bad at all, the coffee is brilliant. Really solid coffee, I love it. Arrived on time.",5,1
1889,coffee maker,I expected more but the carafe is broken.,2,0
1890,running shoes,My favourite part is the brilliant arch support. Packaging was fine. Five stars for the lovely grip.,3,1
1891,headphones,Price seems fair. Fit is crisp and works as advertised.,1,0
1892,vacuum,"Nothing about the filter is superb; it is uncomfortable. One star, the filter is simply frustrating.",2,0
1893,vacuum,My favourite part is the outstanding weight. Arrived on time. Five stars for the brilliant battery. Weight is impressive and works as advertised.,5,1
1894,coffee maker,"Really wonderful brewing time, I love it. The temperature is superb. Price seems fair. My favourite part is the excellent design.",4,1
1895,running shoes,My favourite part is the smooth grip. My favourite part is the outstanding durability. Manual is in three languages.,4,1
1896,running shoes,Colour matches the photos. Nothing about the grip is impressive; it is dreadful.,2,0
1897,coffee maker,"Returned it, disappointing carafe and bad customer service. Brewing time is disappointing and stopped working after a week.",2,0
1898,vacuum,Five stars for the crisp weight.,4,1
1899,novel,"Not reliable at all — the writing is mediocre. I expected more but the plot is cheap. Bought it as a gift. Returned it, uncomfortable characters and bad customer service.",2,0
1900,running shoes,Sizing is smooth and works as advertised. Packaging was fine.,3,1
1901,vacuum,Shipping was fast. I was skeptical but the suction turned out brilliant. My favourite part is the wonderful weight.,4,1
1902,novel,Plot is superb and works as advertised. The characters is outstanding.,4,1
1903,laptop,I was skeptical but the performance turned out great. Shipping was fast. Absolutely crisp — the keyboard exceeded my expectations.,5,1
1904,novel,The dialogue is solid.,4,1
1905,headphones,"Returned it, awful sound and bad customer service. Packaging was fine.",4,0
1906,laptop,"Shipping was fast. Would buy again, superb screen for the price. Keyboard is comfortable and works as advertised.",4,1
1907,running shoes,"Shipping was fast. I expected more but the weight is poor. One star, the cushioning is simply poor. Nothing about the sizing is lovely; it is disappointing.",2,0
1908,coffee maker,"One star, the carafe is simply disappointing. Sadly the coffee feels frustrating. Price seems fair.",2,0
1909,vacuum,Sadly the attachments feels uncomfortable. The weight is poor.,2,0
1910,coffee maker,"I was skeptical but the carafe turned out great. Not bad at all, the design is lovely. My favourite part is the comfortable cleaning.",3,1
1911,headphones,"Nothing about the sound is impressive; it is flimsy. Returned it, cheap fit and bad customer service. Used it daily for a month.",1,0
1912,coffee maker,Arrived on time. Nothing about the design is solid; it is mediocre.,2,0
1913,laptop,"I expected more but the keyboard is frustrating. Honestly mediocre screen, avoid.",2,0
1914,vacuum,"One star, the weight is simply cheap. Packaging was fine.",3,0
1915,vacuum,I was skeptical but the suction turned out impressive. Absolutely superb — the suction exceeded my expectations. Absolutely fantastic — the suction exceeded my expectations.,5,1
1916,coffee maker,"Would buy again, lovely brewing time for the price. Price seems fair.",4,1
1917,vacuum,"Packaging was fine. Really superb battery, I love it. I was skeptical but the noise turned out fantastic. The noise is lovely.",4,1
1918,coffee maker,Sadly the temperature feels terrible.,1,0
1919,novel,Not impressive at all — the dialogue is sluggish.,2,0
1920,laptop,"Honestly useless fan noise, avoid. Honestly frustrating trackpad, avoid. Returned it, dreadful battery life and bad customer service.",2,0
1921,headphones,I expected more but the comfort is noisy. Manual is in three languages. Not outstanding at all — the bass is disappointing.,2,0
1922,novel,Ending is solid and works as advertised. My favourite part is the brilliant plot.,5,1
1923,vacuum,"Really fantastic noise, I love it. Manual is in three languages. My favourite part is the impressive attachments.",5,1
1924,novel,"Really comfortable pacing, I love it. Five stars for the smooth pacing.",4,1
1925,coffee maker,"I was skeptical but the coffee turned out smooth. Bought it as a gift. Carafe is excellent and works as advertised. Would buy again, excellent carafe for the price.",5,1
1926,coffee maker,Brewing time is broken and stopped working after a week. Cleaning is mediocre and stopped working after a week.,3,0
1927,vacuum,"Really wonderful weight, I love it. Bought it as a gift. My favourite part is the crisp battery.",4,1
1928,headphones,My favourite part is the superb sound. My favourite part is the solid bass. Used it daily for a month. My favourite part is the impressive sound.,5,1
1929,running shoes,Used it daily for a month. Sadly the sizing feels poor. The durability is noisy.,2,0
1930,novel,I expected more but the dialogue is cheap. Packaging was fine. Sadly the writing feels awful.,2,0
1931,laptop,Nothing about the performance is smooth; it is poor. Not lovely at all — the battery life is broken.,3,0
1932,vacuum,Absolutely brilliant — the filter exceeded my expectations. Used it daily for a month.,5,1
1933,headphones,"Not wonderful at all — the sound is cheap. Honestly awful fit, avoid. Bought it as a gift. One star, the fit is simply flimsy.",3,0
1934,laptop,Manual is in three languages. I was skeptical but the screen turned out outstanding.,3,1
1935,vacuum,"Not bad at all, the attachments is lovely. Really great attachments, I love it.",2,0
1936,vacuum,"Shipping was fast. Would buy again, comfortable filter for the price. Battery is outstanding and works as advertised.",5,1
1937,coffee maker,"Nothing about the brewing time is smooth; it is awful. Honestly awful design, avoid. Used it daily for a month. Honestly uncomfortable temperature, avoid.",1,0
1938,vacuum,"Used it daily for a month. Honestly cheap noise, avoid.",1,0
1939,novel,"One star, the plot is simply broken. Manual is in three languages. Not solid at all — the characters is poor. I expected more but the plot is sluggish.",2,0
1940,coffee maker,Manual is in three languages. Not crisp at all — the temperature is awful.,2,0
1941,headphones,"Manual is in three languages. Really smooth bass, I love it. The bass is outstanding.",5,1
1942,running shoes,Absolutely excellent — the cushioning exceeded my expectations. Colour matches the photos. Five stars for the great grip.,5,1
1943,laptop,Used it daily for a month. Keyboard is smooth and works as advertised. Absolutely impressive — the fan noise exceeded my expectations.,4,1
1944,vacuum,"Not bad at all, the battery is reliable. Used it daily for a month. Attachments is outstanding and works as advertised.",5,1
1945,novel,Colour matches the photos. Five stars for the smooth characters. Five stars for the fantastic characters.,4,1
1946,novel,"Manual is in three languages. I expected more but the pacing is mediocre. Nothing about the dialogue is superb; it is uncomfortable. One star, the plot is simply uncomfortable.",3,0
1947,laptop,I was skeptical but the keyboard turned out smooth. Used it daily for a month. Fan noise is lovely and works as advertised.,4,1
1948,headphones,"Sound is impressive and works as advertised. Not bad at all, the noise cancelling is great. Colour matches the photos.",5,1
1949,laptop,"Honestly useless performance, avoid. One star, the screen is simply sluggish.",1,0
1950,novel,Sadly the ending feels disappointing. Plot is frustrating and stopped working after a week.,1,0
1951,laptop,I expected more but the fan noise is dreadful. Shipping was fast.,2,0
1952,novel,"Returned it, disappointing characters and bad customer service. I expected more but the characters is cheap. Packaging was fine. Not solid at all — the ending is poor.",1,0
1953,novel,"One star, the ending is simply flimsy. I expected more but the dialogue is flimsy. One star, the writing is simply noisy.",2,0
1954,vacuum,The suction is broken. I expected more but the noise is dreadful. Nothing about the attachments is reliable; it is mediocre.,1,0
1955,coffee maker,"Absolutely solid — the carafe exceeded my expectations. Would buy again, smooth coffee for the price. Arrived on time. Would buy again, great design for the price.",4,1
1956,headphones,Five stars for the superb noise cancelling. Price seems fair. Bass is crisp and works as advertised. Bass is outstanding and works as advertised.,3,1
1957,headphones,The sound is wonderful. My favourite part is the excellent fit. Packaging was fine. Five stars for the lovely battery.,5,1
1958,running shoes,Manual is in three languages. My favourite part is the reliable arch support. Absolutely comfortable — the grip exceeded my expectations. Absolutely outstanding — the cushioning exceeded my expectations.,4,1
1959,laptop,"I was skeptical but the keyboard turned out reliable. I was skeptical but the battery life turned out wonderful. Not bad at all, the fan noise is comfortable.",4,1
1960,novel,Sadly the writing feels noisy. Manual is in three languages. The characters is sluggish. Nothing about the pacing is great; it is terrible.,2,0
1961,novel,"Not brilliant at all — the characters is cheap. Characters is terrible and stopped working after a week. One star, the pacing is simply disappointing.",3,0
1962,vacuum,"Shipping was fast. One star, the noise is simply awful.",2,0
1963,coffee maker,"Nothing about the design is smooth; it is disappointing. Returned it, frustrating design and bad customer service. Bought it as a gift.",2,0
1964,headphones,Comfort is superb and works as advertised.,5,1
1965,laptop,The performance is broken. Bought it as a gift.,3,0
1966,running shoes,The durability is cheap. Bought it as a gift. Nothing about the durability is fantastic; it is disappointing. Sadly the cushioning feels terrible.,1,0
1967,vacuum,Nothing about the battery is impressive; it is poor.,1,0
1968,laptop,"Packaging was fine. Would buy again, wonderful screen for the price. Keyboard is brilliant and works as advertised.",4,1
1969,vacuum,"Price seems fair. Not wonderful at all — the battery is useless. Returned it, terrible attachments and bad customer service.",1,0
1970,running shoes,Not lovely at all — the cushioning is uncomfortable. Sadly the sizing feels poor.,2,0
1971,laptop,"Honestly mediocre keyboard, avoid. The fan noise is flimsy. Nothing about the battery life is reliable; it is cheap. Manual is in three languages.",1,0
1972,running shoes,"Bought it as a gift. Honestly noisy weight, avoid. Honestly terrible arch support, avoid. Sadly the arch support feels poor.",3,0
1973,laptop,Five stars for the outstanding performance. Manual is in three languages.,4,1
1974,laptop,"One star, the performance is simply broken. Sadly the trackpad feels cheap. Bought it as a gift. Screen is sluggish and stopped working after a week.",3,0
1975,headphones,My favourite part is the solid noise cancelling. Bought it as a gift.,5,1
1976,vacuum,Not fantastic at all — the suction is mediocre. Bought it as a gift.,1,0
1977,novel,"Would buy again, outstanding plot for the price. I was skeptical but the ending turned out excellent.",5,1
1978,running shoes,Not solid at all — the cushioning is uncomfortable. Packaging was fine.,2,0
1979,vacuum,Price seems fair. Absolutely smooth — the weight exceeded my expectations. I was skeptical but the noise turned out solid.,2,0
1980,vacuum,"Absolutely brilliant — the suction exceeded my expectations. Would buy again, solid filter for the price. Five stars for the smooth suction.",5,1
1981,novel,Writing is disappointing and stopped working after a week.,2,0
1982,coffee maker,Used it daily for a month. The temperature is noisy.,3,0
1983,vacuum,"Absolutely lovely — the attachments exceeded my expectations. Price seems fair. Would buy again, superb filter for the price.",4,1
1984,novel,"Not bad at all, the dialogue is fantastic. Would buy again, outstanding ending for the price. Really comfortable plot, I love it. Bought it as a gift.",4,1
1985,running shoes,"Nothing about the sizing is great; it is uncomfortable. Shipping was fast. One star, the grip is simply terrible.",3,0
1986,novel,My favourite part is the lovely writing. Arrived on time. The pacing is comfortable.,4,1
1987,coffee maker,"Honestly awful brewing time, avoid. One star, the brewing time is simply awful. The cleaning is awful.",2,0
1988,vacuum,"Shipping was fast. Would buy again, impressive filter for the price. Not bad at all, the noise is comfortable. Absolutely great — the battery exceeded my expectations.",4,1
1989,running shoes,"Honestly mediocre grip, avoid. Colour matches the photos.",3,0
1990,headphones,Bought it as a gift. Noise cancelling is reliable and works as advertised. My favourite part is the excellent noise cancelling.,4,1
1991,vacuum,Used it daily for a month. I was skeptical but the noise turned out comfortable.,5,1
1992,novel,"I expected more but the plot is uncomfortable. One star, the pacing is simply mediocre. Bought it as a gift.",2,0
1993,vacuum,"Would buy again, comfortable noise for the price.",4,1
1994,running shoes,"Bought it as a gift. Honestly frustrating weight, avoid. Nothing about the durability is fantastic; it is useless.",2,0
1995,vacuum,Five stars for the great filter. My favourite part is the brilliant suction.,4,1
1996,vacuum,Absolutely impressive — the attachments exceeded my expectations.,4,1
1997,coffee maker,"My favourite part is the superb coffee. Really reliable temperature, I love it.",3,1
1998,running shoes,"Returned it, awful weight and bad customer service. Shipping was fast.",1,0
1999,novel,The plot is disappointing. Writing is disappointing and stopped working after a week. Shipping was fast.,2,0
2000,coffee maker,"Not bad at all, the cleaning is wonderful. Manual is in three languages. The coffee is smooth. Really fantastic temperature, I love it.",5,1
2001,laptop,Used it daily for a month. Not fantastic at all — the performance is dreadful.,2,0
2002,running shoes,Arch support is flimsy and stopped working after a week.,3,0
2003,running shoes,"Used it daily for a month. Five stars for the smooth cushioning. Not bad at all, the cushioning is smooth.",4,1
2004,coffee maker,My favourite part is the crisp coffee. Five stars for the outstanding design. Five stars for the superb coffee.,4,1
2005,running shoes,"Five stars for the superb sizing. Not bad at all, the sizing is fantastic.",5,1
2006,running shoes,"Sadly the grip feels awful. One star, the arch support is simply awful. I expected more but the arch support is disappointing. Colour matches the photos.",2,0
2007,vacuum,"The noise is useless. The filter is awful. Returned it, mediocre attachments and bad customer service. Colour matches the photos.",2,0
2008,coffee maker,"Honestly disappointing cleaning, avoid. Brewing time is useless and stopped working after a week. Returned it, cheap coffee and bad customer service.",1,0
2009,coffee maker,"Nothing about the design is crisp; it is terrible. Returned it, disappointing design and bad customer service. Packaging was fine. Coffee is terrible and stopped working after a week.",3,0
2010,running shoes,Absolutely reliable — the grip exceeded my expectations.,4,1
2011,coffee maker,"I was skeptical but the carafe turned out comfortable. Not bad at all, the carafe is great. Price seems fair. My favourite part is the smooth carafe.",4,1
2012,novel,"Honestly cheap pacing, avoid.",3,0
2013,headphones,"I expected more but the comfort is disappointing. Returned it, broken comfort and bad customer service. One star, the sound is simply useless.",2,0
2014,vacuum,My favourite part is the excellent suction. Battery is excellent and works as advertised. Bought it as a gift.,4,1
2015,vacuum,I expected more but the weight is sluggish. I expected more but the weight is broken. Manual is in three languages.,1,0
2016,running shoes,"Nothing about the sizing is superb; it is useless. Returned it, terrible cushioning and bad customer service. Honestly dreadful arch support, avoid.",1,0
2017,novel,I was skeptical but the ending turned out brilliant. Five stars for the solid writing. Manual is in three languages.,4,1
2018,vacuum,"Not bad at all, the attachments is impressive.",5,1
2019,coffee maker,Sadly the temperature feels dreadful. Manual is in three languages.,1,0
2020,laptop,Packaging was fine. Five stars for the lovely trackpad.,4,1
2021,laptop,Not impressive at all — the keyboard is awful. Sadly the fan noise feels frustrating. Sadly the trackpad feels dreadful.,3,0
2022,headphones,"Price seems fair. Really outstanding fit, I love it. The comfort is fantastic. My favourite part is the impressive comfort.",5,1
2023,running shoes,"Honestly mediocre durability, avoid. Manual is in three languages.",1,0
2024,running shoes,"Returned it, mediocre weight and bad customer service. Sadly the weight feels awful. One star, the arch support is simply uncomfortable.",3,0
2025,coffee maker,Five stars for the wonderful cleaning. Used it daily for a month. Absolutely great — the temperature exceeded my expectations.,4,1
2026,laptop,The trackpad is frustrating. Shipping was fast.,3,0
2027,vacuum,I expected more but the filter is broken. Noise is uncomfortable and stopped working after a week. Used it daily for a month.,3,0
2028,laptop,Arrived on time. Not wonderful at all — the trackpad is uncomfortable. Sadly the fan noise feels poor.,3,0
2029,headphones,Noise cancelling is reliable and works as advertised.,3,1
2030,vacuum,I was skeptical but the battery turned out brilliant. Arrived on time.,4,1
2031,headphones,"Returned it, cheap fit and bad customer service. Bought it as a gift. I expected more but the fit is awful.",3,0
2032,laptop,Manual is in three languages. Screen is fantastic and works as advertised.,4,1
2033,laptop,"One star, the battery life is simply frustrating. Not solid at all — the keyboard is useless. One star, the trackpad is simply sluggish.",2,0
2034,laptop,"Really lovely screen, I love it. Not bad at all, the performance is great.",5,1
2035,coffee maker,"Used it daily for a month. Returned it, flimsy temperature and bad customer service.",1,0
2036,vacuum,Nothing about the weight is crisp; it is broken. Battery is poor and stopped working after a week. Not smooth at all — the filter is cheap.,1,0
2037,coffee maker,I was skeptical but the temperature turned out superb. Five stars for the superb cleaning.,4,1
2038,headphones,"The fit is lovely. Really lovely fit, I love it. Would buy again, reliable comfort for the price.",4,1
2039,laptop,The battery life is sluggish. Not lovely at all — the trackpad is uncomfortable.,3,0
2040,headphones,"Returned it, dreadful comfort and bad customer service. Price seems fair. Returned it, terrible fit and bad customer service.",1,0
2041,laptop,"My favourite part is the great performance. Really excellent trackpad, I love it. Packaging was fine. Not bad at all, the battery life is comfortable.",4,1
2042,laptop,"Not bad at all, the performance is crisp. Used it daily for a month.",4,1
2043,novel,Sadly the writing feels broken. Manual is in three languages.,2,0
2044,novel,"Would buy again, great plot for the price.",4,1
2045,running shoes,Absolutely outstanding — the grip exceeded my expectations. Grip is wonderful and works as advertised. Cushioning is fantastic and works as advertised. Manual is in three languages.,4,1
2046,vacuum,Sadly the attachments feels uncomfortable.,1,0
2047,novel,"Would buy again, comfortable writing for the price. Five stars for the crisp plot. Really reliable writing, I love it. Price seems fair.",4,1
2048,coffee maker,"Honestly broken temperature, avoid. Sadly the cleaning feels uncomfortable. Not wonderful at all — the carafe is uncomfortable.",2,0
2049,running shoes,Not excellent at all — the weight is terrible.,3,0
2050,laptop,"My favourite part is the superb keyboard. Would buy again, great screen for the price. Not bad at all, the keyboard is crisp.",3,1
2051,running shoes,"Manual is in three languages. Really outstanding arch support, I love it.",5,1
2052,novel,I expected more but the characters is cheap. Colour matches the photos.,1,0
2053,vacuum,"One star, the weight is simply dreadful. Nothing about the battery is impressive; it is flimsy. Not fantastic at all — the battery is awful.",5,1
2054,headphones,"Not bad at all, the fit is great. Bought it as a gift. Really comfortable noise cancelling, I love it. My favourite part is the smooth noise cancelling.",3,1
2055,coffee maker,Sadly the coffee feels awful. Sadly the coffee feels frustrating.,2,0
2056,coffee maker,Manual is in three languages. My favourite part is the lovely temperature. Coffee is fantastic and works as advertised.,5,1
2057,headphones,Not impressive at all — the battery is disappointing.,5,1
2058,novel,"Honestly frustrating pacing, avoid. Returned it, awful dialogue and bad customer service.",2,0
2059,running shoes,"Packaging was fine. Would buy again, brilliant sizing for the price. Five stars for the solid sizing. My favourite part is the excellent weight.",2,0
2060,novel,Price seems fair. The plot is impressive. I was skeptical but the writing turned out reliable.,4,1
2061,vacuum,"Would buy again, impressive filter for the price. Really fantastic attachments, I love it. Five stars for the smooth filter. Manual is in three languages.",5,1
2062,novel,The plot is great. Shipping was fast.,4,1
2063,vacuum,"The battery is frustrating. One star, the weight is simply frustrating. Shipping was fast.",1,0
2064,novel,Price seems fair. Writing is uncomfortable and stopped working after a week. Nothing about the dialogue is brilliant; it is dreadful. Nothing about the characters is reliable; it is sluggish.,2,0
2065,laptop,Bought it as a gift. Five stars for the superb fan noise. My favourite part is the reliable battery life. I was skeptical but the fan noise turned out fantastic.,4,1
2066,novel,Used it daily for a month. The dialogue is useless.,2,0
2067,laptop,I expected more but the performance is awful. The trackpad is uncomfortable. I expected more but the performance is useless.,2,0
2068,vacuum,Sadly the noise feels broken. Not comfortable at all — the suction is sluggish.,3,0
2069,vacuum,I expected more but the filter is frustrating. Sadly the attachments feels useless.,3,0
2070,coffee maker,"Would buy again, smooth coffee for the price.",5,1
2071,running shoes,"Really great weight, I love it. Really outstanding durability, I love it.",4,1
2072,novel,Pacing is brilliant and works as advertised. Packaging was fine. Characters is outstanding and works as advertised.,1,0
2073,laptop,The performance is great. Manual is in three languages. Keyboard is crisp and works as advertised.,5,1
2074,novel,"Not bad at all, the ending is crisp. Absolutely reliable — the writing exceeded my expectations. I was skeptical but the writing turned out brilliant.",4,1
2075,vacuum,Suction is poor and stopped working after a week.,2,0
2076,novel,"Five stars for the comfortable dialogue. I was skeptical but the writing turned out outstanding. Shipping was fast. Really great dialogue, I love it.",3,1
2077,headphones,"Really excellent noise cancelling, I love it.",5,1
2078,headphones,"Shipping was fast. My favourite part is the solid fit. Really outstanding sound, I love it.",5,1
2079,vacuum,The filter is superb. Absolutely brilliant — the weight exceeded my expectations.,5,1
2080,laptop,"Honestly flimsy performance, avoid. I expected more but the performance is poor. Not brilliant at all — the keyboard is dreadful.",2,0
2081,headphones,Packaging was fine. Nothing about the battery is fantastic; it is uncomfortable.,1,0
2082,laptop,The trackpad is impressive.,4,1
2083,coffee maker,"Design is poor and stopped working after a week. Returned it, broken temperature and bad customer service. Returned it, noisy design and bad customer service.",1,0
2084,laptop,"Absolutely outstanding — the keyboard exceeded my expectations. Used it daily for a month. Really outstanding keyboard, I love it. Five stars for the comfortable trackpad.",4,1
2085,novel,"My favourite part is the smooth ending. Not bad at all, the writing is wonderful. Price seems fair. Five stars for the smooth plot.",5,1
2086,coffee maker,"Absolutely smooth — the temperature exceeded my expectations. Really outstanding temperature, I love it. Five stars for the impressive cleaning.",5,1
2087,running shoes,"Returned it, disappointing grip and bad customer service. Arrived on time.",1,0
2088,coffee maker,"One star, the carafe is simply cheap. Temperature is uncomfortable and stopped working after a week. I expected more but the design is broken.",1,0
2089,running shoes,Arrived on time. Not crisp at all — the arch support is disappointing. The durability is frustrating.,3,0
2090,coffee maker,"Design is noisy and stopped working after a week. Bought it as a gift. One star, the design is simply poor.",2,0
2091,novel,"Five stars for the wonderful plot. Used it daily for a month. Not bad at all, the dialogue is lovely.",4,1
2092,novel,"Not bad at all, the pacing is crisp.",4,1
2093,headphones,"My favourite part is the fantastic noise cancelling. Would buy again, solid noise cancelling for the price. Price seems fair. My favourite part is the outstanding comfort.",4,1
2094,running shoes,Manual is in three languages. Five stars for the great sizing.,4,1
2095,running shoes,I expected more but the cushioning is dreadful.,2,0
2096,coffee maker,"Temperature is sluggish and stopped working after a week. Honestly noisy carafe, avoid. The brewing time is sluggish.",2,0
2097,running shoes,"Used it daily for a month. One star, the arch support is simply dreadful. Weight is mediocre and stopped working after a week. Nothing about the weight is lovely; it is dreadful.",1,0
2098,novel,"Sadly the ending feels awful. Honestly dreadful pacing, avoid.",2,0
2099,running shoes,Weight is comfortable and works as advertised. Used it daily for a month. Absolutely brilliant — the sizing exceeded my expectations.,4,1
2100,vacuum,Arrived on time. Suction is brilliant and works as advertised.,4,1
2101,novel,Five stars for the comfortable characters. The dialogue is lovely. My favourite part is the solid characters.,5,1
2102,novel,Not smooth at all — the writing is mediocre. Sadly the writing feels mediocre. Characters is flimsy and stopped working after a week. Packaging was fine.,2,0
2103,vacuum,"Honestly flimsy filter, avoid. Nothing about the noise is lovely; it is poor.",1,0
2104,vacuum,"Returned it, mediocre attachments and bad customer service. Nothing about the attachments is smooth; it is useless. Sadly the filter feels uncomfortable.",2,0
2105,running shoes,"Five stars for the crisp sizing. My favourite part is the superb sizing. Not bad at all, the grip is wonderful.",4,1
2106,headphones,Nothing about the comfort is great; it is noisy. Sadly the battery feels noisy.,2,0
2107,running shoes,"One star, the cushioning is simply poor. Price seems fair. Honestly uncomfortable grip, avoid.",1,0
2108,vacuum,Absolutely wonderful — the weight exceeded my expectations.,4,1
2109,coffee maker,The carafe is poor.,2,0
2110,headphones,Noise cancelling is noisy and stopped working after a week. Comfort is mediocre and stopped working after a week. Used it daily for a month. Bass is broken and stopped working after a week.,2,0
2111,headphones,"Not bad at all, the bass is impressive. Packaging was fine. Really superb bass, I love it. Would buy again, reliable comfort for the price.",4,1
2112,laptop,"The battery life is superb. Not bad at all, the fan noise is crisp.",5,1
2113,laptop,Absolutely wonderful — the fan noise exceeded my expectations.,4,1
2114,coffee maker,"Brewing time is great and works as advertised. I was skeptical but the cleaning turned out reliable. Not bad at all, the design is crisp.",4,1
2115,running shoes,"Not bad at all, the sizing is outstanding. Colour matches the photos. Not bad at all, the cushioning is great.",4,1
2116,running shoes,"Would buy again, brilliant sizing for the price. I was skeptical but the grip turned out crisp. Price seems fair. Not bad at all, the weight is wonderful.",5,1
2117,headphones,"Returned it, disappointing battery and bad customer service. Sadly the bass feels disappointing. Arrived on time. Fit is noisy and stopped working after a week.",1,0
2118,vacuum,Absolutely comfortable — the suction exceeded my expectations.,4,1
2119,coffee maker,"Really smooth brewing time, I love it. Manual is in three languages.",4,1
2120,novel,I was skeptical but the ending turned out outstanding. Absolutely impressive — the ending exceeded my expectations. Used it daily for a month.,4,1
2121,running shoes,Bought it as a gift. Arch support is mediocre and stopped working after a week.,2,0
2122,laptop,Absolutely superb — the performance exceeded my expectations. Five stars for the impressive fan noise. Used it daily for a month.,5,1
2123,coffee maker,Coffee is mediocre and stopped working after a week. Colour matches the photos.,2,0
2124,headphones,"Absolutely brilliant — the bass exceeded my expectations. Not bad at all, the noise cancelling is fantastic. Arrived on time.",4,1
2125,novel,"One star, the dialogue is simply flimsy.",2,0
2126,running shoes,"Would buy again, smooth weight for the price. Five stars for the solid weight. Absolutely crisp — the grip exceeded my expectations. Price seems fair.",5,1
2127,novel,I expected more but the plot is uncomfortable. Arrived on time. Not great at all — the characters is broken.,1,0
2128,vacuum,"Would buy again, fantastic filter for the price. Absolutely impressive — the filter exceeded my expectations. Shipping was fast. Really excellent battery, I love it.",3,1
2129,vacuum,The attachments is great. Manual is in three languages. My favourite part is the great filter. Absolutely brilliant — the battery exceeded my expectations.,4,1
2130,vacuum,"Colour matches the photos. Would buy again, superb filter for the price. Really great weight, I love it.",5,1
2131,headphones,Sadly the noise cancelling feels poor. The bass is frustrating. Manual is in three languages. Comfort is cheap and stopped working after a week.,2,0
2132,novel,Plot is cheap and stopped working after a week.,5,1
2133,running shoes,"Grip is sluggish and stopped working after a week. One star, the sizing is simply awful.",1,0
2134,running shoes,"Colour matches the photos. One star, the cushioning is simply awful. One star, the durability is simply disappointing.",2,0
2135,coffee maker,Absolutely reliable — the brewing time exceeded my expectations. Manual is in three languages.,4,1
2136,vacuum,"My favourite part is the fantastic filter. Really solid noise, I love it.",5,1
2137,running shoes,My favourite part is the impressive grip.,4,1
2138,coffee maker,"Returned it, frustrating carafe and bad customer service. Arrived on time. Returned it, disappointing carafe and bad customer service.",2,0
2139,novel,Absolutely comfortable — the characters exceeded my expectations.,3,1
2140,novel,The writing is flimsy. Manual is in three languages. Plot is sluggish and stopped working after a week.,2,0
2141,running shoes,Nothing about the grip is solid; it is flimsy. Price seems fair.,1,0
2142,headphones,Manual is in three languages. Not reliable at all — the battery is broken. I expected more but the noise cancelling is noisy.,1,0
2143,coffee maker,Carafe is brilliant and works as advertised.,3,1
2144,vacuum,"Would buy again, superb filter for the price. Arrived on time. I was skeptical but the battery turned out excellent.",4,1
2145,running shoes,"Not bad at all, the sizing is great. Really great sizing, I love it. Manual is in three languages. Would buy again, lovely grip for the price.",5,1
2146,laptop,"My favourite part is the excellent screen. Absolutely great — the fan noise exceeded my expectations. Really smooth trackpad, I love it.",5,1
2147,headphones,"One star, the fit is simply disappointing. Sound is terrible and stopped working after a week. Shipping was fast. I expected more but the noise cancelling is mediocre.",1,0
2148,vacuum,"Returned it, useless suction and bad customer service. I expected more but the attachments is disappointing. Returned it, dreadful filter and bad customer service.",2,0
2149,coffee maker,Brewing time is broken and stopped working after a week. Design is noisy and stopped working after a week. Not reliable at all — the cleaning is sluggish. Manual is in three languages.,1,0
2150,coffee maker,Packaging was fine. Carafe is superb and works as advertised.,5,1
2151,laptop,"Not superb at all — the performance is uncomfortable. The performance is awful. Returned it, terrible performance and bad customer service.",2,0
2152,novel,"I was skeptical but the characters turned out fantastic. Would buy again, crisp plot for the price. Price seems fair.",4,1
2153,vacuum,Used it daily for a month. Weight is great and works as advertised.,4,1
2154,vacuum,I expected more but the weight is useless.,3,0
2155,laptop,Shipping was fast. I expected more but the keyboard is flimsy. I expected more but the battery life is flimsy. Sadly the fan noise feels mediocre.,2,0
2156,coffee maker,My favourite part is the comfortable carafe. Arrived on time. Coffee is impressive and works as advertised.,4,1
2157,running shoes,"Arrived on time. Nothing about the durability is solid; it is noisy. Returned it, mediocre sizing and bad customer service.",2,0
2158,running shoes,"Manual is in three languages. Sadly the cushioning feels poor. One star, the grip is simply frustrating.",1,0
2159,vacuum,"Arrived on time. Not bad at all, the weight is excellent. Would buy again, brilliant filter for the price. I was skeptical but the noise turned out superb.",5,1
2160,laptop,"Really impressive keyboard, I love it. My favourite part is the comfortable screen. Manual is in three languages. Would buy again, solid performance for the price.",4,1
2161,headphones,"Not bad at all, the bass is fantastic. My favourite part is the lovely comfort.",3,1
2162,vacuum,"I expected more but the filter is flimsy. Bought it as a gift. Honestly uncomfortable attachments, avoid. Battery is dreadful and stopped working after a week.",1,0
2163,running shoes,Five stars for the outstanding grip. The weight is comfortable.,5,1
2164,coffee maker,"Price seems fair. Would buy again, wonderful coffee for the price.",3,1
2165,laptop,My favourite part is the impressive trackpad.,4,1
2166,coffee maker,The carafe is cheap. Price seems fair. I expected more but the cleaning is dreadful. Sadly the temperature feels awful.,1,0
2167,laptop,Not solid at all — the trackpad is cheap. Sadly the battery life feels cheap.,2,0
2168,laptop,"Shipping was fast. Would buy again, reliable screen for the price.",3,1
2169,running shoes,Sadly the durability feels useless.,2,0
2170,laptop,The fan noise is sluggish. Sadly the keyboard feels mediocre. Manual is in three languages.,2,0
2171,running shoes,"The weight is brilliant. Not bad at all, the arch support is excellent. Would buy again, crisp weight for the price.",4,1
2172,vacuum,"Packaging was fine. Would buy again, superb attachments for the price.",5,1
2173,running shoes,The arch support is superb. Five stars for the outstanding sizing.,4,1
2174,headphones,"Bought it as a gift. My favourite part is the reliable noise cancelling. Would buy again, outstanding battery for the price.",5,1
2175,headphones,"Not bad at all, the bass is brilliant. My favourite part is the outstanding bass. Packaging was fine.",4,1
2176,vacuum,Sadly the noise feels noisy. I expected more but the attachments is mediocre. Price seems fair. Nothing about the attachments is lovely; it is dreadful.,3,0
2177,laptop,Trackpad is broken and stopped working after a week. Arrived on time.,3,0
2178,novel,Arrived on time. Nothing about the writing is impressive; it is broken. Writing is flimsy and stopped working after a week.,2,0
2179,running shoes,"Honestly terrible grip, avoid. Arrived on time.",2,0
2180,coffee maker,The coffee is useless. The temperature is poor.,3,0
2181,novel,"Used it daily for a month. Honestly flimsy characters, avoid.",2,0
2182,laptop,"Would buy again, smooth keyboard for the price. Colour matches the photos. Five stars for the excellent trackpad.",5,1
2183,novel,"Returned it, sluggish characters and bad customer service. Bought it as a gift. I expected more but the writing is noisy.",2,0
2184,running shoes,"Honestly uncomfortable cushioning, avoid. Shipping was fast. The sizing is useless.",2,0
2185,novel,My favourite part is the reliable ending. Pacing is excellent and works as advertised. Used it daily for a month. Five stars for the solid ending.,5,1
2186,headphones,"Not bad at all, the fit is wonderful.",3,1
2187,novel,"Would buy again, smooth dialogue for the price. Bought it as a gift.",4,1
2188,novel,"Returned it, disappointing ending and bad customer service. Returned it, poor characters and bad customer service.",3,0
2189,novel,"Five stars for the outstanding pacing. Not bad at all, the pacing is crisp.",5,1
2190,vacuum,Nothing about the suction is brilliant; it is frustrating. The battery is flimsy.,1,0
2191,laptop,My favourite part is the brilliant performance. Arrived on time. My favourite part is the crisp battery life.,3,1
2192,laptop,"Would buy again, wonderful screen for the price.",5,1
2193,laptop,Nothing about the screen is lovely; it is flimsy. Colour matches the photos.,2,0
2194,laptop,The fan noise is terrible. Not wonderful at all — the screen is noisy.,1,0
2195,headphones,"Returned it, terrible comfort and bad customer service. Nothing about the sound is great; it is sluggish. Not great at all — the fit is frustrating. Shipping was fast.",2,0
2196,coffee maker,Nothing about the temperature is solid; it is useless. Shipping was fast. Nothing about the cleaning is brilliant; it is broken.,2,0
2197,laptop,The fan noise is frustrating.,2,0
2198,vacuum,"Five stars for the crisp attachments. Really outstanding noise, I love it.",4,1
2199,vacuum,"Honestly mediocre attachments, avoid. Returned it, uncomfortable filter and bad customer service. Nothing about the filter is fantastic; it is broken.",2,0
2200,novel,My favourite part is the comfortable dialogue. The pacing is smooth. Five stars for the lovely pacing. Shipping was fast.,5,1
2201,headphones,"Five stars for the superb battery. Really superb noise cancelling, I love it.",5,1
2202,laptop,I expected more but the battery life is awful. I expected more but the fan noise is disappointing. Arrived on time.,2,0
2203,headphones,"Not bad at all, the sound is comfortable. Manual is in three languages. Really smooth fit, I love it.",4,1
2204,coffee maker,The temperature is useless.,2,0
2205,headphones,"One star, the bass is simply noisy. Bought it as a gift. Nothing about the sound is brilliant; it is frustrating.",2,0
2206,laptop,Sadly the fan noise feels uncomfortable.,1,0
2207,novel,"Would buy again, brilliant ending for the price. Shipping was fast. The dialogue is great. I was skeptical but the dialogue turned out impressive.",4,1
2208,vacuum,I was skeptical but the attachments turned out fantastic. Manual is in three languages.,4,1
2209,coffee maker,Five stars for the lovely cleaning. Shipping was fast.,5,1
2210,running shoes,"Sadly the weight feels terrible. Nothing about the weight is brilliant; it is dreadful. Honestly poor grip, avoid.",1,0
2211,headphones,Not superb at all — the noise cancelling is useless. Bought it as a gift.,2,0
2212,running shoes,"Really smooth grip, I love it. Really reliable weight, I love it. Really smooth grip, I love it. Arrived on time.",4,1
2213,vacuum,"Manual is in three languages. Would buy again, fantastic battery for the price. The attachments is reliable. I was skeptical but the suction turned out wonderful.",4,1
2214,laptop,Absolutely outstanding — the battery life exceeded my expectations.,5,1
2215,running shoes,"One star, the arch support is simply frustrating. Colour matches the photos. Nothing about the arch support is reliable; it is flimsy. Honestly sluggish weight, avoid.",2,0
2216,coffee maker,"Five stars for the excellent carafe. Five stars for the solid temperature. Manual is in three languages. Would buy again, solid carafe for the price.",5,1
2217,novel,"Plot is terrible and stopped working after a week. Honestly broken writing, avoid.",1,0
2218,novel,"Honestly awful plot, avoid. Sadly the writing feels dreadful. One star, the pacing is simply awful. Manual is in three languages.",2,0
2219,headphones,"One star, the bass is simply dreadful. Shipping was fast.",2,0
2220,vacuum,"One star, the weight is simply frustrating. Battery is noisy and stopped working after a week. Returned it, disappointing weight and bad customer service.",2,0
2221,novel,"Ending is solid and works as advertised. Really brilliant writing, I love it. The writing is smooth.",5,1
2222,vacuum,"Not bad at all, the filter is lovely. Five stars for the impressive weight. Absolutely solid — the weight exceeded my expectations. Manual is in three languages.",4,1
2223,laptop,I expected more but the fan noise is noisy.,2,0
2224,novel,"One star, the writing is simply awful.",2,0
2225,headphones,Nothing about the bass is great; it is mediocre.,2,0
2226,laptop,"One star, the battery life is simply noisy. Nothing about the battery life is outstanding; it is flimsy. Bought it as a gift. The performance is awful.",3,0
2227,vacuum,My favourite part is the comfortable filter.,1,0
2228,novel,"One star, the ending is simply poor. Manual is in three languages. Plot is uncomfortable and stopped working after a week.",1,0
2229,laptop,The performance is solid.,5,1
2230,laptop,The performance is uncomfortable.,3,0
2231,laptop,Price seems fair. Battery life is smooth and works as advertised. I was skeptical but the trackpad turned out brilliant. My favourite part is the fantastic keyboard.,5,1
2232,headphones,"Really impressive comfort, I love it. Manual is in three languages. Five stars for the outstanding bass. I was skeptical but the comfort turned out outstanding.",5,1
2233,novel,"Honestly disappointing writing, avoid. Shipping was fast. Nothing about the plot is solid; it is flimsy.",1,0
2234,novel,Plot is cheap and stopped working after a week. Not reliable at all — the characters is uncomfortable. Colour matches the photos.,1,0
2235,headphones,Absolutely superb — the sound exceeded my expectations. Bought it as a gift. I was skeptical but the bass turned out wonderful. The sound is crisp.,3,1
2236,coffee maker,"Would buy again, great temperature for the price. Arrived on time. Absolutely superb — the coffee exceeded my expectations. I was skeptical but the coffee turned out great.",4,1
2237,running shoes,"Colour matches the photos. Absolutely brilliant — the grip exceeded my expectations. Not bad at all, the weight is superb. Five stars for the fantastic grip.",4,1
2238,novel,Absolutely superb — the ending exceeded my expectations.,5,1
2239,running shoes,Price seems fair. Grip is flimsy and stopped working after a week.,2,0
2240,running shoes,"Packaging was fine. Not bad at all, the arch support is wonderful. The durability is excellent.",2,0
2241,coffee maker,"Not smooth at all — the coffee is flimsy. Price seems fair. Honestly flimsy cleaning, avoid.",2,0
2242,coffee maker,"Returned it, terrible brewing time and bad customer service.",2,0
2243,headphones,Five stars for the crisp fit.,4,1
2244,vacuum,Attachments is excellent and works as advertised.,2,0
2245,laptop,"Really wonderful battery life, I love it. I was skeptical but the keyboard turned out lovely. Five stars for the reliable screen.",5,1
2246,vacuum,Packaging was fine. Nothing about the filter is excellent; it is mediocre. Not great at all — the filter is terrible.,2,0
2247,laptop,"Colour matches the photos. Sadly the keyboard feels useless. One star, the trackpad is simply cheap. One star, the keyboard is simply frustrating.",3,0
2248,running shoes,"The arch support is lovely. Five stars for the smooth arch support. Not bad at all, the cushioning is great. Shipping was fast.",4,1
2249,coffee maker,Arrived on time. Five stars for the crisp cleaning.,3,1
2250,coffee maker,The coffee is wonderful. Colour matches the photos.,3,1
2251,vacuum,"Honestly sluggish attachments, avoid. Battery is poor and stopped working after a week. Nothing about the noise is solid; it is terrible. Colour matches the photos.",2,0
2252,coffee maker,"Nothing about the design is reliable; it is poor. Price seems fair. I expected more but the carafe is frustrating. One star, the design is simply useless.",1,0
2253,novel,Sadly the characters feels poor. Manual is in three languages. Not great at all — the pacing is cheap. Not outstanding at all — the ending is noisy.,2,0
2254,vacuum,"Nothing about the weight is crisp; it is broken. Returned it, mediocre battery and bad customer service. Nothing about the filter is superb; it is frustrating. Used it daily for a month.",1,0
2255,novel,"Used it daily for a month. Returned it, poor writing and bad customer service. Nothing about the dialogue is comfortable; it is useless.",3,0
2256,laptop,"Really fantastic trackpad, I love it. Price seems fair.",3,1
2257,vacuum,My favourite part is the smooth noise. My favourite part is the comfortable noise. I was skeptical but the suction turned out impressive.,4,1
2258,running shoes,Absolutely impressive — the durability exceeded my expectations. Packaging was fine.,4,1
2259,headphones,Nothing about the noise cancelling is brilliant; it is terrible.,1,0
2260,vacuum,"I was skeptical but the suction turned out smooth. Filter is great and works as advertised. Arrived on time. Really fantastic noise, I love it.",5,1
2261,coffee maker,Not great at all — the design is cheap.,2,0
2262,laptop,I was skeptical but the fan noise turned out crisp.,3,1
2263,novel,Dialogue is fantastic and works as advertised.,5,1
2264,novel,"One star, the pacing is simply frustrating. The writing is awful. Colour matches the photos. I expected more but the characters is cheap.",3,0
2265,vacuum,Sadly the filter feels mediocre. Noise is flimsy and stopped working after a week.,1,0
2266,running shoes,"Bought it as a gift. Sizing is flimsy and stopped working after a week. I expected more but the durability is frustrating. One star, the cushioning is simply broken.",3,1
2267,headphones,Not reliable at all — the comfort is mediocre.,3,0
2268,coffee maker,Sadly the carafe feels sluggish. Sadly the cleaning feels dreadful.,1,0
2269,coffee maker,"Manual is in three languages. Not bad at all, the brewing time is outstanding.",4,1
2270,coffee maker,"Honestly mediocre design, avoid. Colour matches the photos.",1,0
2271,coffee maker,My favourite part is the great coffee.,4,1
2272,coffee maker,Carafe is useless and stopped working after a week. Shipping was fast.,2,0
2273,laptop,"Manual is in three languages. One star, the keyboard is simply terrible.",2,0
2274,laptop,"Really fantastic screen, I love it.",5,1
2275,novel,"One star, the ending is simply sluggish.",2,0
2276,coffee maker,Five stars for the excellent carafe. The temperature is impressive. Brewing time is outstanding and works as advertised.,3,1
2277,running shoes,Nothing about the weight is fantastic; it is awful. Sadly the durability feels useless.,1,0
2278,headphones,I was skeptical but the noise cancelling turned out crisp. I was skeptical but the battery turned out crisp. Manual is in three languages.,5,1
2279,running shoes,"Cushioning is broken and stopped working after a week. Colour matches the photos. Weight is awful and stopped working after a week. Honestly uncomfortable cushioning, avoid.",2,0
2280,coffee maker,Cleaning is superb and works as advertised. My favourite part is the solid coffee.,5,1
2281,laptop,"Nothing about the keyboard is outstanding; it is broken. I expected more but the screen is cheap. Used it daily for a month. Honestly frustrating battery life, avoid.",2,0
2282,headphones,Bass is crisp and works as advertised.,4,1
2283,laptop,Shipping was fast. The screen is flimsy.,4,0
2284,coffee maker,Sadly the cleaning feels uncomfortable. Sadly the temperature feels awful.,1,0
2285,novel,The writing is smooth.,5,1
2286,headphones,Used it daily for a month. Sound is uncomfortable and stopped working after a week. Not fantastic at all — the bass is noisy.,1,0
2287,headphones,"Not bad at all, the noise cancelling is solid. The noise cancelling is superb.",4,1
2288,headphones,Bought it as a gift. Sadly the battery feels uncomfortable. Fit is cheap and stopped working after a week. I expected more but the noise cancelling is disappointing.,2,0
2289,vacuum,Five stars for the smooth weight.,5,1
2290,novel,"Would buy again, reliable dialogue for the price.",3,1
2291,headphones,I was skeptical but the bass turned out solid. Absolutely solid — the fit exceeded my expectations. Five stars for the reliable noise cancelling. Used it daily for a month.,3,1
2292,headphones,Five stars for the brilliant noise cancelling. I was skeptical but the comfort turned out outstanding.,5,1
2293,laptop,"Really superb trackpad, I love it. Fan noise is lovely and works as advertised.",5,1
2294,coffee maker,Bought it as a gift. Not smooth at all — the brewing time is cheap. Brewing time is noisy and stopped working after a week.,2,0
2295,running shoes,"Honestly noisy sizing, avoid. Grip is mediocre and stopped working after a week. One star, the arch support is simply disappointing.",4,1
2296,headphones,I was skeptical but the noise cancelling turned out impressive. Price seems fair.,5,1
2297,running shoes,"Sadly the arch support feels awful. Honestly poor sizing, avoid. Shipping was fast.",2,0
2298,headphones,"Sadly the bass feels noisy. One star, the sound is simply sluggish. Colour matches the photos. Returned it, frustrating comfort and bad customer service.",3,0
2299,laptop,Sadly the trackpad feels poor. Packaging was fine. Not brilliant at all — the performance is poor. Keyboard is awful and stopped working after a week.,1,0
2300,running shoes,"Would buy again, great weight for the price. Price seems fair. I was skeptical but the arch support turned out great.",3,1
2301,vacuum,The suction is reliable. The noise is brilliant.,4,1
2302,novel,I expected more but the ending is sluggish.,2,0
2303,coffee maker,"One star, the coffee is simply sluggish. Arrived on time. One star, the temperature is simply useless.",1,0
2304,running shoes,Packaging was fine. Nothing about the durability is reliable; it is useless.,1,0
2305,vacuum,"Really comfortable attachments, I love it. Used it daily for a month. Five stars for the fantastic filter. The suction is brilliant.",5,1
2306,coffee maker,My favourite part is the lovely design.,4,1
2307,coffee maker,Bought it as a gift. I expected more but the temperature is frustrating.,1,0
2308,coffee maker,Shipping was fast. Not brilliant at all — the temperature is poor.,1,0
2309,laptop,"Not bad at all, the performance is outstanding. Not bad at all, the performance is impressive. Would buy again, impressive battery life for the price.",4,1
2310,running shoes,Nothing about the sizing is solid; it is cheap. Colour matches the photos. The weight is terrible.,1,0
2311,novel,Shipping was fast. Dialogue is brilliant and works as advertised.,4,1
2312,headphones,"I was skeptical but the noise cancelling turned out lovely. Really comfortable comfort, I love it. Not bad at all, the battery is brilliant. Price seems fair.",5,1
2313,coffee maker,Five stars for the reliable design. Arrived on time. The temperature is impressive.,5,1
2314,novel,My favourite part is the great pacing. Dialogue is crisp and works as advertised.,5,1
2315,laptop,"Really crisp keyboard, I love it. The screen is wonderful. Packaging was fine.",5,1
2316,vacuum,"Really great weight, I love it.",4,1
2317,coffee maker,Nothing about the brewing time is excellent; it is broken.,1,0
2318,vacuum,"Returned it, cheap attachments and bad customer service.",1,0
2319,running shoes,"Not bad at all, the sizing is brilliant. I was skeptical but the durability turned out outstanding. Colour matches the photos.",3,1
2320,running shoes,Sadly the weight feels uncomfortable. Nothing about the cushioning is crisp; it is broken. Sadly the cushioning feels mediocre.,2,0
2321,headphones,Noise cancelling is reliable and works as advertised. Colour matches the photos. Comfort is impressive and works as advertised. Five stars for the superb comfort.,4,1
2322,headphones,The comfort is sluggish.,2,0
2323,vacuum,Nothing about the battery is smooth; it is poor. Used it daily for a month.,2,0
2324,headphones,Sadly the battery feels flimsy. Battery is mediocre and stopped working after a week. Price seems fair.,2,0
2325,vacuum,I was skeptical but the attachments turned out solid. Absolutely superb — the attachments exceeded my expectations. Shipping was fast.,4,1
2326,headphones,Shipping was fast. Five stars for the impressive bass.,5,1
2327,vacuum,Attachments is crisp and works as advertised.,4,1
2328,headphones,"I was skeptical but the noise cancelling turned out impressive. Not bad at all, the bass is excellent.",4,1
2329,headphones,"I expected more but the bass is mediocre. One star, the sound is simply cheap. Sadly the bass feels poor.",2,0
2330,laptop,Packaging was fine. I expected more but the trackpad is noisy. Sadly the screen feels uncomfortable.,3,0
2331,headphones,"Sadly the bass feels useless. Honestly sluggish noise cancelling, avoid. Nothing about the noise cancelling is great; it is uncomfortable.",2,0
2332,headphones,"Comfort is broken and stopped working after a week. Honestly frustrating battery, avoid. Noise cancelling is mediocre and stopped working after a week.",1,0
2333,vacuum,The attachments is superb.,4,1
2334,laptop,The keyboard is crisp.,5,1
2335,running shoes,"Really smooth grip, I love it. My favourite part is the comfortable durability.",4,1
2336,novel,"Arrived on time. Honestly frustrating dialogue, avoid.",1,0
2337,running shoes,Shipping was fast. Weight is flimsy and stopped working after a week. I expected more but the durability is frustrating.,3,0
2338,headphones,Used it daily for a month. Sadly the sound feels frustrating.,2,0
2339,coffee maker,"Really excellent temperature, I love it. Absolutely brilliant — the cleaning exceeded my expectations. Packaging was fine.",3,1
2340,coffee maker,The brewing time is wonderful. I was skeptical but the brewing time turned out lovely.,5,1
2341,laptop,"Returned it, disappointing screen and bad customer service. Screen is frustrating and stopped working after a week. Shipping was fast. Returned it, broken performance and bad customer service.",5,1
2342,running shoes,Sadly the durability feels mediocre. Nothing about the durability is smooth; it is mediocre.,2,0
2343,coffee maker,"Returned it, mediocre brewing time and bad customer service. Sadly the cleaning feels broken.",4,1
2344,coffee maker,"Honestly terrible design, avoid. Price seems fair.",2,0
2345,headphones,"Honestly flimsy comfort, avoid.",1,0
2346,headphones,Bought it as a gift. Five stars for the outstanding sound.,4,1
2347,coffee maker,Temperature is great and works as advertised. Absolutely crisp — the temperature exceeded my expectations.,5,1
2348,headphones,"Sadly the sound feels mediocre. The comfort is dreadful. Returned it, dreadful comfort and bad customer service. Price seems fair.",1,0
2349,coffee maker,"Really comfortable carafe, I love it. Really lovely temperature, I love it.",4,1
2350,laptop,"Not bad at all, the trackpad is wonderful. Colour matches the photos. The keyboard is wonderful. My favourite part is the outstanding screen.",4,1
2351,headphones,I expected more but the sound is frustrating. The comfort is mediocre.,3,0
2352,running shoes,"Honestly cheap arch support, avoid. Sadly the grip feels poor. One star, the arch support is simply poor.",2,0
2353,running shoes,I expected more but the durability is awful. Nothing about the grip is impressive; it is broken. I expected more but the sizing is uncomfortable.,2,0
2354,novel,"Honestly cheap ending, avoid. One star, the writing is simply frustrating. Packaging was fine. Dialogue is cheap and stopped working after a week.",1,0
2355,vacuum,Not solid at all — the filter is flimsy.,1,0
2356,novel,Manual is in three languages. Nothing about the ending is comfortable; it is disappointing.,2,0
2357,running shoes,Sizing is superb and works as advertised. I was skeptical but the grip turned out crisp.,5,1
2358,coffee maker,Absolutely wonderful — the carafe exceeded my expectations. My favourite part is the excellent design. Packaging was fine. The brewing time is superb.,4,1
2359,coffee maker,Price seems fair. The temperature is solid.,5,1
2360,laptop,"Arrived on time. Really smooth fan noise, I love it. The keyboard is crisp. Battery life is excellent and works as advertised.",5,1
2361,novel,"Returned it, broken characters and bad customer service. Arrived on time.",1,0
2362,coffee maker,"Five stars for the comfortable coffee. Price seems fair. Really crisp cleaning, I love it.",5,1
2363,novel,Absolutely brilliant — the plot exceeded my expectations. I was skeptical but the characters turned out excellent. I was skeptical but the pacing turned out solid. Colour matches the photos.,5,1
2364,running shoes,Manual is in three languages. I expected more but the durability is awful. I expected more but the grip is noisy. I expected more but the arch support is terrible.,3,0
2365,vacuum,Battery is uncomfortable and stopped working after a week.,2,0
2366,novel,"Really comfortable characters, I love it.",5,1
2367,novel,Not crisp at all — the pacing is uncomfortable. Manual is in three languages.,1,0
2368,vacuum,Absolutely excellent — the suction exceeded my expectations. Absolutely wonderful — the battery exceeded my expectations. Colour matches the photos.,4,1
2369,vacuum,"Sadly the suction feels uncomfortable. Price seems fair. Sadly the filter feels dreadful. Honestly awful noise, avoid.",2,0
2370,running shoes,"Honestly poor durability, avoid. Nothing about the arch support is wonderful; it is dreadful. Arrived on time.",2,0
2371,novel,Nothing about the ending is comfortable; it is mediocre. Nothing about the ending is wonderful; it is broken. Not superb at all — the characters is poor.,2,0
2372,vacuum,"Honestly frustrating filter, avoid. Nothing about the attachments is crisp; it is disappointing.",2,0
2373,vacuum,Attachments is outstanding and works as advertised.,5,1
2374,vacuum,"One star, the filter is simply mediocre. Honestly frustrating noise, avoid. Price seems fair. Sadly the suction feels noisy.",1,0
2375,coffee maker,Nothing about the temperature is brilliant; it is disappointing.,2,0
2376,running shoes,"Absolutely great — the durability exceeded my expectations. Not bad at all, the arch support is comfortable. Shipping was fast. Not bad at all, the arch support is lovely.",4,1
2377,laptop,"Price seems fair. Would buy again, smooth keyboard for the price. Not bad at all, the battery life is solid. I was skeptical but the keyboard turned out great.",3,1
2378,vacuum,"Would buy again, solid filter for the price.",3,1
2379,coffee maker,I expected more but the carafe is noisy. Nothing about the cleaning is crisp; it is awful. I expected more but the coffee is terrible.,2,0
2380,novel,"Not impressive at all — the ending is disappointing. Honestly poor dialogue, avoid. Plot is dreadful and stopped working after a week.",1,0
2381,coffee maker,"Not smooth at all — the carafe is sluggish. One star, the coffee is simply uncomfortable. One star, the brewing time is simply useless. Packaging was fine.",1,0
2382,headphones,"Packaging was fine. Honestly dreadful fit, avoid. One star, the comfort is simply awful. Nothing about the sound is excellent; it is mediocre.",3,0
2383,vacuum,Noise is wonderful and works as advertised. The battery is fantastic. The weight is comfortable.,3,1
2384,laptop,Arrived on time. Not fantastic at all — the screen is cheap. I expected more but the battery life is uncomfortable.,3,0
2385,headphones,"Really crisp comfort, I love it. Battery is superb and works as advertised. The fit is comfortable. Shipping was fast.",5,1
2386,vacuum,Not fantastic at all — the suction is frustrating. I expected more but the battery is useless. I expected more but the battery is sluggish. Bought it as a gift.,2,0
2387,running shoes,Not excellent at all — the cushioning is awful. Weight is sluggish and stopped working after a week. Shipping was fast.,2,0
2388,vacuum,The attachments is dreadful.,3,0
2389,novel,Absolutely reliable — the plot exceeded my expectations. Shipping was fast.,4,1
2390,coffee maker,Cleaning is dreadful and stopped working after a week.,3,0
2391,novel,"One star, the plot is simply broken.",1,0
2392,running shoes,Shipping was fast. Durability is solid and works as advertised.,5,1
2393,coffee maker,Manual is in three languages. Five stars for the reliable carafe.,4,1
2394,coffee maker,Five stars for the superb cleaning. Temperature is lovely and works as advertised. Used it daily for a month.,4,1
2395,headphones,"Would buy again, brilliant comfort for the price. Shipping was fast. Battery is great and works as advertised. I was skeptical but the comfort turned out wonderful.",2,0
2396,novel,Not outstanding at all — the writing is disappointing.,2,0
2397,laptop,I expected more but the keyboard is sluggish. Sadly the trackpad feels poor.,1,0
2398,running shoes,The durability is disappointing. Manual is in three languages.,3,0
2399,headphones,Manual is in three languages. Noise cancelling is lovely and works as advertised.,4,1
2400,coffee maker,Nothing about the brewing time is fantastic; it is poor.,1,0
